Check for Manual Version Changes	Set up job	﻿2026-08-10T15:42:34.9422363Z Current runner version: '2.336.0'
Check for Manual Version Changes	Set up job	2026-08-10T15:42:34.9446159Z ##[group]Runner Image Provisioner
Check for Manual Version Changes	Set up job	2026-08-10T15:42:34.9446916Z Hosted Compute Agent
Check for Manual Version Changes	Set up job	2026-08-10T15:42:34.9447445Z Version: 20260707.563
Check for Manual Version Changes	Set up job	2026-08-10T15:42:34.9448115Z Commit: 02667638d2b423fbc733a8e32a88b44996a3ba6e
Check for Manual Version Changes	Set up job	2026-08-10T15:42:34.9448694Z Build Date: 2026-07-07T19:33:50Z
Check for Manual Version Changes	Set up job	2026-08-10T15:42:34.9449282Z Worker ID: {6fe65e5c-e49d-4531-a5e5-68d3408cb0cb}
Check for Manual Version Changes	Set up job	2026-08-10T15:42:34.9449848Z Azure Region: westus
Check for Manual Version Changes	Set up job	2026-08-10T15:42:34.9450312Z ##[endgroup]
Check for Manual Version Changes	Set up job	2026-08-10T15:42:34.9451502Z ##[group]Operating System
Check for Manual Version Changes	Set up job	2026-08-10T15:42:34.9452003Z Ubuntu
Check for Manual Version Changes	Set up job	2026-08-10T15:42:34.9452458Z 24.04.4
Check for Manual Version Changes	Set up job	2026-08-10T15:42:34.9452886Z LTS
Check for Manual Version Changes	Set up job	2026-08-10T15:42:34.9453327Z ##[endgroup]
Check for Manual Version Changes	Set up job	2026-08-10T15:42:34.9453807Z ##[group]Runner Image
Check for Manual Version Changes	Set up job	2026-08-10T15:42:34.9454300Z Image: ubuntu-24.04
Check for Manual Version Changes	Set up job	2026-08-10T15:42:34.9454734Z Version: 20260720.247.2
Check for Manual Version Changes	Set up job	2026-08-10T15:42:34.9455664Z Included Software: https://github.com/actions/runner-images/blob/ubuntu24/20260720.247/images/ubuntu/Ubuntu2404-Readme.md
Check for Manual Version Changes	Set up job	2026-08-10T15:42:34.9457120Z Image Release: https://github.com/actions/runner-images/releases/tag/ubuntu24%2F20260720.247
Check for Manual Version Changes	Set up job	2026-08-10T15:42:34.9457989Z ##[endgroup]
Check for Manual Version Changes	Set up job	2026-08-10T15:42:34.9458915Z ##[group]GITHUB_TOKEN Permissions
Check for Manual Version Changes	Set up job	2026-08-10T15:42:34.9460671Z Contents: read
Check for Manual Version Changes	Set up job	2026-08-10T15:42:34.9461147Z Metadata: read
Check for Manual Version Changes	Set up job	2026-08-10T15:42:34.9461677Z ##[endgroup]
Check for Manual Version Changes	Set up job	2026-08-10T15:42:34.9463427Z Secret source: Actions
Check for Manual Version Changes	Set up job	2026-08-10T15:42:34.9464317Z Prepare workflow directory
Check for Manual Version Changes	Set up job	2026-08-10T15:42:34.9774565Z Prepare all required actions
Check for Manual Version Changes	Set up job	2026-08-10T15:42:34.9813145Z Getting action download info
Check for Manual Version Changes	Set up job	2026-08-10T15:42:35.3405426Z Download action repository 'actions/checkout@v6' (SHA:d23441a48e516b6c34aea4fa41551a30e30af803)
Check for Manual Version Changes	Set up job	2026-08-10T15:42:35.8448679Z Complete job name: Check for Manual Version Changes
Check for Manual Version Changes	Run actions/checkout@v6	﻿2026-08-10T15:42:35.9018551Z ##[group]Run actions/checkout@v6
Check for Manual Version Changes	Run actions/checkout@v6	2026-08-10T15:42:35.9019247Z with:
Check for Manual Version Changes	Run actions/checkout@v6	2026-08-10T15:42:35.9019573Z   fetch-depth: 0
Check for Manual Version Changes	Run actions/checkout@v6	2026-08-10T15:42:35.9019941Z   repository: link-foundation/start
Check for Manual Version Changes	Run actions/checkout@v6	2026-08-10T15:42:35.9023047Z   token: ***
Check for Manual Version Changes	Run actions/checkout@v6	2026-08-10T15:42:35.9023414Z   ssh-strict: true
Check for Manual Version Changes	Run actions/checkout@v6	2026-08-10T15:42:35.9023761Z   ssh-user: git
Check for Manual Version Changes	Run actions/checkout@v6	2026-08-10T15:42:35.9024104Z   persist-credentials: true
Check for Manual Version Changes	Run actions/checkout@v6	2026-08-10T15:42:35.9024482Z   clean: true
Check for Manual Version Changes	Run actions/checkout@v6	2026-08-10T15:42:35.9024826Z   sparse-checkout-cone-mode: true
Check for Manual Version Changes	Run actions/checkout@v6	2026-08-10T15:42:35.9025230Z   fetch-tags: false
Check for Manual Version Changes	Run actions/checkout@v6	2026-08-10T15:42:35.9025581Z   show-progress: true
Check for Manual Version Changes	Run actions/checkout@v6	2026-08-10T15:42:35.9025929Z   lfs: false
Check for Manual Version Changes	Run actions/checkout@v6	2026-08-10T15:42:35.9026247Z   submodules: false
Check for Manual Version Changes	Run actions/checkout@v6	2026-08-10T15:42:35.9026595Z   set-safe-directory: true
Check for Manual Version Changes	Run actions/checkout@v6	2026-08-10T15:42:35.9026982Z   allow-unsafe-pr-checkout: false
Check for Manual Version Changes	Run actions/checkout@v6	2026-08-10T15:42:35.9027521Z env:
Check for Manual Version Changes	Run actions/checkout@v6	2026-08-10T15:42:35.9027988Z   FORCE_JAVASCRIPT_ACTIONS_TO_NODE24: true
Check for Manual Version Changes	Run actions/checkout@v6	2026-08-10T15:42:35.9028431Z   GIT_CONFIG_COUNT: 1
Check for Manual Version Changes	Run actions/checkout@v6	2026-08-10T15:42:35.9028796Z   GIT_CONFIG_KEY_0: init.defaultBranch
Check for Manual Version Changes	Run actions/checkout@v6	2026-08-10T15:42:35.9029244Z   GIT_CONFIG_VALUE_0: main
Check for Manual Version Changes	Run actions/checkout@v6	2026-08-10T15:42:35.9029615Z ##[endgroup]
Check for Manual Version Changes	Run actions/checkout@v6	2026-08-10T15:42:35.9827224Z Syncing repository: link-foundation/start
Check for Manual Version Changes	Run actions/checkout@v6	2026-08-10T15:42:35.9829523Z ##[group]Getting Git version info
Check for Manual Version Changes	Run actions/checkout@v6	2026-08-10T15:42:35.9830378Z Working directory is '/home/runner/work/start/start'
Check for Manual Version Changes	Run actions/checkout@v6	2026-08-10T15:42:35.9831582Z [command]/usr/bin/git version
Check for Manual Version Changes	Run actions/checkout@v6	2026-08-10T15:42:35.9870028Z git version 2.54.0
Check for Manual Version Changes	Run actions/checkout@v6	2026-08-10T15:42:35.9920203Z ##[endgroup]
Check for Manual Version Changes	Run actions/checkout@v6	2026-08-10T15:42:35.9932563Z Temporarily overriding HOME='/home/runner/work/_temp/fac792c6-4602-4dc6-9e96-cb9da470c96c' before making global git config changes
Check for Manual Version Changes	Run actions/checkout@v6	2026-08-10T15:42:35.9934474Z Adding repository directory to the temporary git global config as a safe directory
Check for Manual Version Changes	Run actions/checkout@v6	2026-08-10T15:42:35.9937779Z [command]/usr/bin/git config --global --add safe.directory /home/runner/work/start/start
Check for Manual Version Changes	Run actions/checkout@v6	2026-08-10T15:42:35.9972803Z Deleting the contents of '/home/runner/work/start/start'
Check for Manual Version Changes	Run actions/checkout@v6	2026-08-10T15:42:35.9975741Z ##[group]Determining repository object format
Check for Manual Version Changes	Run actions/checkout@v6	2026-08-10T15:42:35.9977499Z ##[endgroup]
Check for Manual Version Changes	Run actions/checkout@v6	2026-08-10T15:42:35.9978540Z ##[group]Initializing the repository
Check for Manual Version Changes	Run actions/checkout@v6	2026-08-10T15:42:35.9981343Z [command]/usr/bin/git init /home/runner/work/start/start
Check for Manual Version Changes	Run actions/checkout@v6	2026-08-10T15:42:36.0055847Z Initialized empty Git repository in /home/runner/work/start/start/.git/
Check for Manual Version Changes	Run actions/checkout@v6	2026-08-10T15:42:36.0073023Z [command]/usr/bin/git remote add origin https://github.com/link-foundation/start
Check for Manual Version Changes	Run actions/checkout@v6	2026-08-10T15:42:36.0100798Z ##[endgroup]
Check for Manual Version Changes	Run actions/checkout@v6	2026-08-10T15:42:36.0102082Z ##[group]Disabling automatic garbage collection
Check for Manual Version Changes	Run actions/checkout@v6	2026-08-10T15:42:36.0105716Z [command]/usr/bin/git config --local gc.auto 0
Check for Manual Version Changes	Run actions/checkout@v6	2026-08-10T15:42:36.0133734Z ##[endgroup]
Check for Manual Version Changes	Run actions/checkout@v6	2026-08-10T15:42:36.0134895Z ##[group]Setting up auth
Check for Manual Version Changes	Run actions/checkout@v6	2026-08-10T15:42:36.0135621Z Removing SSH command configuration
Check for Manual Version Changes	Run actions/checkout@v6	2026-08-10T15:42:36.0139706Z [command]/usr/bin/git config --local --name-only --get-regexp core\.sshCommand
Check for Manual Version Changes	Run actions/checkout@v6	2026-08-10T15:42:36.0169507Z [command]/usr/bin/git submodule foreach --recursive sh -c "git config --local --name-only --get-regexp 'core\.sshCommand' && git config --local --unset-all 'core.sshCommand' || :"
Check for Manual Version Changes	Run actions/checkout@v6	2026-08-10T15:42:36.0480254Z Removing HTTP extra header
Check for Manual Version Changes	Run actions/checkout@v6	2026-08-10T15:42:36.0498358Z [command]/usr/bin/git config --local --name-only --get-regexp http\.https\:\/\/github\.com\/\.extraheader
Check for Manual Version Changes	Run actions/checkout@v6	2026-08-10T15:42:36.0515257Z [command]/usr/bin/git submodule foreach --recursive sh -c "git config --local --name-only --get-regexp 'http\.https\:\/\/github\.com\/\.extraheader' && git config --local --unset-all 'http.https://github.com/.extraheader' || :"
Check for Manual Version Changes	Run actions/checkout@v6	2026-08-10T15:42:36.0720044Z Removing includeIf entries pointing to credentials config files
Check for Manual Version Changes	Run actions/checkout@v6	2026-08-10T15:42:36.0722529Z [command]/usr/bin/git config --local --name-only --get-regexp ^includeIf\.gitdir:
Check for Manual Version Changes	Run actions/checkout@v6	2026-08-10T15:42:36.0763737Z [command]/usr/bin/git submodule foreach --recursive git config --local --show-origin --name-only --get-regexp remote.origin.url
Check for Manual Version Changes	Run actions/checkout@v6	2026-08-10T15:42:36.0968812Z [command]/usr/bin/git config --file /home/runner/work/_temp/git-credentials-7b907363-fe54-4063-8c29-7dcde4022fb1.config http.https://github.com/.extraheader AUTHORIZATION: basic ***
Check for Manual Version Changes	Run actions/checkout@v6	2026-08-10T15:42:36.1004099Z [command]/usr/bin/git config --local includeIf.gitdir:/home/runner/work/start/start/.git.path /home/runner/work/_temp/git-credentials-7b907363-fe54-4063-8c29-7dcde4022fb1.config
Check for Manual Version Changes	Run actions/checkout@v6	2026-08-10T15:42:36.1031961Z [command]/usr/bin/git config --local includeIf.gitdir:/home/runner/work/start/start/.git/worktrees/*.path /home/runner/work/_temp/git-credentials-7b907363-fe54-4063-8c29-7dcde4022fb1.config
Check for Manual Version Changes	Run actions/checkout@v6	2026-08-10T15:42:36.1061896Z [command]/usr/bin/git config --local includeIf.gitdir:/github/workspace/.git.path /github/runner_temp/git-credentials-7b907363-fe54-4063-8c29-7dcde4022fb1.config
Check for Manual Version Changes	Run actions/checkout@v6	2026-08-10T15:42:36.1097849Z [command]/usr/bin/git config --local includeIf.gitdir:/github/workspace/.git/worktrees/*.path /github/runner_temp/git-credentials-7b907363-fe54-4063-8c29-7dcde4022fb1.config
Check for Manual Version Changes	Run actions/checkout@v6	2026-08-10T15:42:36.1122654Z ##[endgroup]
Check for Manual Version Changes	Run actions/checkout@v6	2026-08-10T15:42:36.1123545Z ##[group]Fetching the repository
Check for Manual Version Changes	Run actions/checkout@v6	2026-08-10T15:42:36.1131182Z [command]/usr/bin/git -c protocol.version=2 fetch --no-tags --prune --no-recurse-submodules origin +refs/heads/*:refs/remotes/origin/* +refs/tags/*:refs/tags/* +c88600c0d8ff8d80941044138e858ae826ae3010:refs/remotes/pull/161/merge
Check for Manual Version Changes	Run actions/checkout@v6	2026-08-10T15:42:37.1740308Z From https://github.com/link-foundation/start
Check for Manual Version Changes	Run actions/checkout@v6	2026-08-10T15:42:37.1742158Z  * [new branch]      issue-1-06306849                         -> origin/issue-1-06306849
Check for Manual Version Changes	Run actions/checkout@v6	2026-08-10T15:42:37.1743820Z  * [new branch]      issue-101-f6ea3a87b1de                   -> origin/issue-101-f6ea3a87b1de
Check for Manual Version Changes	Run actions/checkout@v6	2026-08-10T15:42:37.1745122Z  * [new branch]      issue-103-d2eee141f4bc                   -> origin/issue-103-d2eee141f4bc
Check for Manual Version Changes	Run actions/checkout@v6	2026-08-10T15:42:37.1746513Z  * [new branch]      issue-105-0edd650b7149                   -> origin/issue-105-0edd650b7149
Check for Manual Version Changes	Run actions/checkout@v6	2026-08-10T15:42:37.1747854Z  * [new branch]      issue-108-c821d8a93f01                   -> origin/issue-108-c821d8a93f01
Check for Manual Version Changes	Run actions/checkout@v6	2026-08-10T15:42:37.1749498Z  * [new branch]      issue-11-1524425f0588                    -> origin/issue-11-1524425f0588
Check for Manual Version Changes	Run actions/checkout@v6	2026-08-10T15:42:37.1750985Z  * [new branch]      issue-110-c1b9267a2743                   -> origin/issue-110-c1b9267a2743
Check for Manual Version Changes	Run actions/checkout@v6	2026-08-10T15:42:37.1752538Z  * [new branch]      issue-112-46af7527c0d9                   -> origin/issue-112-46af7527c0d9
Check for Manual Version Changes	Run actions/checkout@v6	2026-08-10T15:42:37.1754339Z  * [new branch]      issue-114-8181f01863b9                   -> origin/issue-114-8181f01863b9
Check for Manual Version Changes	Run actions/checkout@v6	2026-08-10T15:42:37.1755765Z  * [new branch]      issue-116-01c61894edbd                   -> origin/issue-116-01c61894edbd
Check for Manual Version Changes	Run actions/checkout@v6	2026-08-10T15:42:37.1757557Z  * [new branch]      issue-118-4ed21210786f                   -> origin/issue-118-4ed21210786f
Check for Manual Version Changes	Run actions/checkout@v6	2026-08-10T15:42:37.1759402Z  * [new branch]      issue-120-22538e16da80                   -> origin/issue-120-22538e16da80
Check for Manual Version Changes	Run actions/checkout@v6	2026-08-10T15:42:37.1761103Z  * [new branch]      issue-122-9e4e6b1efac6                   -> origin/issue-122-9e4e6b1efac6
Check for Manual Version Changes	Run actions/checkout@v6	2026-08-10T15:42:37.1762875Z  * [new branch]      issue-124-0288905fdd33                   -> origin/issue-124-0288905fdd33
Check for Manual Version Changes	Run actions/checkout@v6	2026-08-10T15:42:37.1764766Z  * [new branch]      issue-126-c5c8579b3ab4                   -> origin/issue-126-c5c8579b3ab4
Check for Manual Version Changes	Run actions/checkout@v6	2026-08-10T15:42:37.1766689Z  * [new branch]      issue-128-9d904e7dd227                   -> origin/issue-128-9d904e7dd227
Check for Manual Version Changes	Run actions/checkout@v6	2026-08-10T15:42:37.1768762Z  * [new branch]      issue-13-52ae2ce06ee2                    -> origin/issue-13-52ae2ce06ee2
Check for Manual Version Changes	Run actions/checkout@v6	2026-08-10T15:42:37.1770700Z  * [new branch]      issue-130-cefa8a965461                   -> origin/issue-130-cefa8a965461
Check for Manual Version Changes	Run actions/checkout@v6	2026-08-10T15:42:37.1772680Z  * [new branch]      issue-132-81888ef731d7                   -> origin/issue-132-81888ef731d7
Check for Manual Version Changes	Run actions/checkout@v6	2026-08-10T15:42:37.1774555Z  * [new branch]      issue-134-1a26eb545a18                   -> origin/issue-134-1a26eb545a18
Check for Manual Version Changes	Run actions/checkout@v6	2026-08-10T15:42:37.1776424Z  * [new branch]      issue-136-cffa39dbc470                   -> origin/issue-136-cffa39dbc470
Check for Manual Version Changes	Run actions/checkout@v6	2026-08-10T15:42:37.1778557Z  * [new branch]      issue-138-3f4ef74d216e                   -> origin/issue-138-3f4ef74d216e
Check for Manual Version Changes	Run actions/checkout@v6	2026-08-10T15:42:37.1780626Z  * [new branch]      issue-140-55c0984f3705                   -> origin/issue-140-55c0984f3705
Check for Manual Version Changes	Run actions/checkout@v6	2026-08-10T15:42:37.1782955Z  * [new branch]      issue-142-e63b64dd46e6                   -> origin/issue-142-e63b64dd46e6
Check for Manual Version Changes	Run actions/checkout@v6	2026-08-10T15:42:37.1785036Z  * [new branch]      issue-144-d8d3fb7dfd56                   -> origin/issue-144-d8d3fb7dfd56
Check for Manual Version Changes	Run actions/checkout@v6	2026-08-10T15:42:37.1787129Z  * [new branch]      issue-146-5fd1b386b75b                   -> origin/issue-146-5fd1b386b75b
Check for Manual Version Changes	Run actions/checkout@v6	2026-08-10T15:42:37.1789278Z  * [new branch]      issue-148-799a293d3d5b                   -> origin/issue-148-799a293d3d5b
Check for Manual Version Changes	Run actions/checkout@v6	2026-08-10T15:42:37.1791492Z  * [new branch]      issue-15-ccfe6d130337                    -> origin/issue-15-ccfe6d130337
Check for Manual Version Changes	Run actions/checkout@v6	2026-08-10T15:42:37.1793621Z  * [new branch]      issue-15-d3d0f1c82afa                    -> origin/issue-15-d3d0f1c82afa
Check for Manual Version Changes	Run actions/checkout@v6	2026-08-10T15:42:37.1795691Z  * [new branch]      issue-150-140b61c8f491                   -> origin/issue-150-140b61c8f491
Check for Manual Version Changes	Run actions/checkout@v6	2026-08-10T15:42:37.1797739Z  * [new branch]      issue-151-50e985780da1                   -> origin/issue-151-50e985780da1
Check for Manual Version Changes	Run actions/checkout@v6	2026-08-10T15:42:37.1799844Z  * [new branch]      issue-154-73165f3b5cf7                   -> origin/issue-154-73165f3b5cf7
Check for Manual Version Changes	Run actions/checkout@v6	2026-08-10T15:42:37.1801864Z  * [new branch]      issue-156-a9778f176d79                   -> origin/issue-156-a9778f176d79
Check for Manual Version Changes	Run actions/checkout@v6	2026-08-10T15:42:37.1803895Z  * [new branch]      issue-158-ecf4c4dc2e55                   -> origin/issue-158-ecf4c4dc2e55
Check for Manual Version Changes	Run actions/checkout@v6	2026-08-10T15:42:37.1805900Z  * [new branch]      issue-160-9bad94da73d2                   -> origin/issue-160-9bad94da73d2
Check for Manual Version Changes	Run actions/checkout@v6	2026-08-10T15:42:37.1808033Z  * [new branch]      issue-18-acfe3ddbe902                    -> origin/issue-18-acfe3ddbe902
Check for Manual Version Changes	Run actions/checkout@v6	2026-08-10T15:42:37.1810077Z  * [new branch]      issue-19-83cfc521f662                    -> origin/issue-19-83cfc521f662
Check for Manual Version Changes	Run actions/checkout@v6	2026-08-10T15:42:37.1812094Z  * [new branch]      issue-22-08e44246441d                    -> origin/issue-22-08e44246441d
Check for Manual Version Changes	Run actions/checkout@v6	2026-08-10T15:42:37.1814101Z  * [new branch]      issue-22-2d1c04999e6d                    -> origin/issue-22-2d1c04999e6d
Check for Manual Version Changes	Run actions/checkout@v6	2026-08-10T15:42:37.1816084Z  * [new branch]      issue-25-6419574a6cfe                    -> origin/issue-25-6419574a6cfe
Check for Manual Version Changes	Run actions/checkout@v6	2026-08-10T15:42:37.1818166Z  * [new branch]      issue-25-8fe656da1123                    -> origin/issue-25-8fe656da1123
Check for Manual Version Changes	Run actions/checkout@v6	2026-08-10T15:42:37.1820350Z  * [new branch]      issue-28-9a07df20ebbb                    -> origin/issue-28-9a07df20ebbb
Check for Manual Version Changes	Run actions/checkout@v6	2026-08-10T15:42:37.1822315Z  * [new branch]      issue-3-908abf67e50f                     -> origin/issue-3-908abf67e50f
Check for Manual Version Changes	Run actions/checkout@v6	2026-08-10T15:42:37.1824229Z  * [new branch]      issue-30-3c74b37eedc9                    -> origin/issue-30-3c74b37eedc9
Check for Manual Version Changes	Run actions/checkout@v6	2026-08-10T15:42:37.1826119Z  * [new branch]      issue-31-e419d5f83f9d                    -> origin/issue-31-e419d5f83f9d
Check for Manual Version Changes	Run actions/checkout@v6	2026-08-10T15:42:37.1828119Z  * [new branch]      issue-34-fcfbf90ca3a5                    -> origin/issue-34-fcfbf90ca3a5
Check for Manual Version Changes	Run actions/checkout@v6	2026-08-10T15:42:37.1830068Z  * [new branch]      issue-36-4d2e05cadca2                    -> origin/issue-36-4d2e05cadca2
Check for Manual Version Changes	Run actions/checkout@v6	2026-08-10T15:42:37.1832035Z  * [new branch]      issue-38-8d65d5c6dcf1                    -> origin/issue-38-8d65d5c6dcf1
Check for Manual Version Changes	Run actions/checkout@v6	2026-08-10T15:42:37.1834035Z  * [new branch]      issue-40-500ee5a3c836                    -> origin/issue-40-500ee5a3c836
Check for Manual Version Changes	Run actions/checkout@v6	2026-08-10T15:42:37.1835975Z  * [new branch]      issue-42-231914cdf85a                    -> origin/issue-42-231914cdf85a
Check for Manual Version Changes	Run actions/checkout@v6	2026-08-10T15:42:37.1838017Z  * [new branch]      issue-44-05c1999867e1                    -> origin/issue-44-05c1999867e1
Check for Manual Version Changes	Run actions/checkout@v6	2026-08-10T15:42:37.1839952Z  * [new branch]      issue-46-db1336ec1bd4                    -> origin/issue-46-db1336ec1bd4
Check for Manual Version Changes	Run actions/checkout@v6	2026-08-10T15:42:37.1841863Z  * [new branch]      issue-49-49badfb087ae                    -> origin/issue-49-49badfb087ae
Check for Manual Version Changes	Run actions/checkout@v6	2026-08-10T15:42:37.1843787Z  * [new branch]      issue-5-e920ed9704b1                     -> origin/issue-5-e920ed9704b1
Check for Manual Version Changes	Run actions/checkout@v6	2026-08-10T15:42:37.1845732Z  * [new branch]      issue-51-ce9116974281                    -> origin/issue-51-ce9116974281
Check for Manual Version Changes	Run actions/checkout@v6	2026-08-10T15:42:37.1847654Z  * [new branch]      issue-53-3037eb51507e                    -> origin/issue-53-3037eb51507e
Check for Manual Version Changes	Run actions/checkout@v6	2026-08-10T15:42:37.1849791Z  * [new branch]      issue-55-62ca352b2854                    -> origin/issue-55-62ca352b2854
Check for Manual Version Changes	Run actions/checkout@v6	2026-08-10T15:42:37.1851666Z  * [new branch]      issue-57-319974e37702                    -> origin/issue-57-319974e37702
Check for Manual Version Changes	Run actions/checkout@v6	2026-08-10T15:42:37.1853711Z  * [new branch]      issue-57-9389c40a25d3                    -> origin/issue-57-9389c40a25d3
Check for Manual Version Changes	Run actions/checkout@v6	2026-08-10T15:42:37.1855610Z  * [new branch]      issue-60-23ad1508ca00                    -> origin/issue-60-23ad1508ca00
Check for Manual Version Changes	Run actions/checkout@v6	2026-08-10T15:42:37.1857492Z  * [new branch]      issue-62-0bf0e6dba402                    -> origin/issue-62-0bf0e6dba402
Check for Manual Version Changes	Run actions/checkout@v6	2026-08-10T15:42:37.1859463Z  * [new branch]      issue-64-531bd4a9716c                    -> origin/issue-64-531bd4a9716c
Check for Manual Version Changes	Run actions/checkout@v6	2026-08-10T15:42:37.1861368Z  * [new branch]      issue-66-b4bebb964b80                    -> origin/issue-66-b4bebb964b80
Check for Manual Version Changes	Run actions/checkout@v6	2026-08-10T15:42:37.1863263Z  * [new branch]      issue-67-c74bf55321d9                    -> origin/issue-67-c74bf55321d9
Check for Manual Version Changes	Run actions/checkout@v6	2026-08-10T15:42:37.1865181Z  * [new branch]      issue-7-6b049fda1d30                     -> origin/issue-7-6b049fda1d30
Check for Manual Version Changes	Run actions/checkout@v6	2026-08-10T15:42:37.1867082Z  * [new branch]      issue-70-210190e0ad55                    -> origin/issue-70-210190e0ad55
Check for Manual Version Changes	Run actions/checkout@v6	2026-08-10T15:42:37.1869074Z  * [new branch]      issue-70-490c526a882f                    -> origin/issue-70-490c526a882f
Check for Manual Version Changes	Run actions/checkout@v6	2026-08-10T15:42:37.1870937Z  * [new branch]      issue-73-163864f76573                    -> origin/issue-73-163864f76573
Check for Manual Version Changes	Run actions/checkout@v6	2026-08-10T15:42:37.1872807Z  * [new branch]      issue-73-47a3e673b0a8                    -> origin/issue-73-47a3e673b0a8
Check for Manual Version Changes	Run actions/checkout@v6	2026-08-10T15:42:37.1874686Z  * [new branch]      issue-73-c42828279fb5                    -> origin/issue-73-c42828279fb5
Check for Manual Version Changes	Run actions/checkout@v6	2026-08-10T15:42:37.1876565Z  * [new branch]      issue-77-acc01682cb56                    -> origin/issue-77-acc01682cb56
Check for Manual Version Changes	Run actions/checkout@v6	2026-08-10T15:42:37.1878529Z  * [new branch]      issue-79-1581a427bf82                    -> origin/issue-79-1581a427bf82
Check for Manual Version Changes	Run actions/checkout@v6	2026-08-10T15:42:37.1880413Z  * [new branch]      issue-79-48234c0f95fa                    -> origin/issue-79-48234c0f95fa
Check for Manual Version Changes	Run actions/checkout@v6	2026-08-10T15:42:37.1882299Z  * [new branch]      issue-79-5fc029ea058c                    -> origin/issue-79-5fc029ea058c
Check for Manual Version Changes	Run actions/checkout@v6	2026-08-10T15:42:37.1884168Z  * [new branch]      issue-79-740a4286522a                    -> origin/issue-79-740a4286522a
Check for Manual Version Changes	Run actions/checkout@v6	2026-08-10T15:42:37.1886166Z  * [new branch]      issue-84-2301d58a902f                    -> origin/issue-84-2301d58a902f
Check for Manual Version Changes	Run actions/checkout@v6	2026-08-10T15:42:37.1888155Z  * [new branch]      issue-84-8c8db1f16f9d                    -> origin/issue-84-8c8db1f16f9d
Check for Manual Version Changes	Run actions/checkout@v6	2026-08-10T15:42:37.1890054Z  * [new branch]      issue-84-ca99d5699c03                    -> origin/issue-84-ca99d5699c03
Check for Manual Version Changes	Run actions/checkout@v6	2026-08-10T15:42:37.1891939Z  * [new branch]      issue-84-e79fd3fe5cef                    -> origin/issue-84-e79fd3fe5cef
Check for Manual Version Changes	Run actions/checkout@v6	2026-08-10T15:42:37.1893804Z  * [new branch]      issue-89-58b19f5dac12                    -> origin/issue-89-58b19f5dac12
Check for Manual Version Changes	Run actions/checkout@v6	2026-08-10T15:42:37.1895677Z  * [new branch]      issue-9-9cb379f155fb                     -> origin/issue-9-9cb379f155fb
Check for Manual Version Changes	Run actions/checkout@v6	2026-08-10T15:42:37.1897520Z  * [new branch]      issue-91-5ff8719c4182                    -> origin/issue-91-5ff8719c4182
Check for Manual Version Changes	Run actions/checkout@v6	2026-08-10T15:42:37.1899445Z  * [new branch]      issue-91-8e243739c7af                    -> origin/issue-91-8e243739c7af
Check for Manual Version Changes	Run actions/checkout@v6	2026-08-10T15:42:37.1901411Z  * [new branch]      issue-93-2ef57910c60b                    -> origin/issue-93-2ef57910c60b
Check for Manual Version Changes	Run actions/checkout@v6	2026-08-10T15:42:37.1903288Z  * [new branch]      issue-96-829d21ddabc4                    -> origin/issue-96-829d21ddabc4
Check for Manual Version Changes	Run actions/checkout@v6	2026-08-10T15:42:37.1905152Z  * [new branch]      issue-96-efde41b8c023                    -> origin/issue-96-efde41b8c023
Check for Manual Version Changes	Run actions/checkout@v6	2026-08-10T15:42:37.1907008Z  * [new branch]      issue-99-bc78b28ed258                    -> origin/issue-99-bc78b28ed258
Check for Manual Version Changes	Run actions/checkout@v6	2026-08-10T15:42:37.1908898Z  * [new branch]      main                                     -> origin/main
Check for Manual Version Changes	Run actions/checkout@v6	2026-08-10T15:42:37.1910839Z  * [new tag]         js-v0.25.5                               -> js-v0.25.5
Check for Manual Version Changes	Run actions/checkout@v6	2026-08-10T15:42:37.1912683Z  * [new tag]         js-v0.26.0                               -> js-v0.26.0
Check for Manual Version Changes	Run actions/checkout@v6	2026-08-10T15:42:37.1914223Z  * [new tag]         js-v0.27.0                               -> js-v0.27.0
Check for Manual Version Changes	Run actions/checkout@v6	2026-08-10T15:42:37.1915555Z  * [new tag]         js-v0.27.1                               -> js-v0.27.1
Check for Manual Version Changes	Run actions/checkout@v6	2026-08-10T15:42:37.1917082Z  * [new tag]         js-v0.27.2                               -> js-v0.27.2
Check for Manual Version Changes	Run actions/checkout@v6	2026-08-10T15:42:37.1919041Z  * [new tag]         js-v0.28.0                               -> js-v0.28.0
Check for Manual Version Changes	Run actions/checkout@v6	2026-08-10T15:42:37.1920939Z  * [new tag]         js-v0.29.0                               -> js-v0.29.0
Check for Manual Version Changes	Run actions/checkout@v6	2026-08-10T15:42:37.1922374Z  * [new tag]         js-v0.29.1                               -> js-v0.29.1
Check for Manual Version Changes	Run actions/checkout@v6	2026-08-10T15:42:37.1923708Z  * [new tag]         js-v0.29.2                               -> js-v0.29.2
Check for Manual Version Changes	Run actions/checkout@v6	2026-08-10T15:42:37.1925023Z  * [new tag]         js-v0.30.0                               -> js-v0.30.0
Check for Manual Version Changes	Run actions/checkout@v6	2026-08-10T15:42:37.1926399Z  * [new tag]         js-v0.30.1                               -> js-v0.30.1
Check for Manual Version Changes	Run actions/checkout@v6	2026-08-10T15:42:37.1928401Z  * [new tag]         js-v0.30.2                               -> js-v0.30.2
Check for Manual Version Changes	Run actions/checkout@v6	2026-08-10T15:42:37.1929824Z  * [new tag]         js-v0.30.3                               -> js-v0.30.3
Check for Manual Version Changes	Run actions/checkout@v6	2026-08-10T15:42:37.1931127Z  * [new tag]         js-v0.30.4                               -> js-v0.30.4
Check for Manual Version Changes	Run actions/checkout@v6	2026-08-10T15:42:37.1932436Z  * [new tag]         js-v0.30.5                               -> js-v0.30.5
Check for Manual Version Changes	Run actions/checkout@v6	2026-08-10T15:42:37.1933741Z  * [new tag]         js-v0.31.0                               -> js-v0.31.0
Check for Manual Version Changes	Run actions/checkout@v6	2026-08-10T15:42:37.1935040Z  * [new tag]         js-v0.32.0                               -> js-v0.32.0
Check for Manual Version Changes	Run actions/checkout@v6	2026-08-10T15:42:37.1936831Z  * [new tag]         rust-v0.14.1                             -> rust-v0.14.1
Check for Manual Version Changes	Run actions/checkout@v6	2026-08-10T15:42:37.1938847Z  * [new tag]         rust-v0.14.2                             -> rust-v0.14.2
Check for Manual Version Changes	Run actions/checkout@v6	2026-08-10T15:42:37.1940856Z  * [new tag]         rust-v0.14.3                             -> rust-v0.14.3
Check for Manual Version Changes	Run actions/checkout@v6	2026-08-10T15:42:37.1942828Z  * [new tag]         rust-v0.15.0                             -> rust-v0.15.0
Check for Manual Version Changes	Run actions/checkout@v6	2026-08-10T15:42:37.1944812Z  * [new tag]         rust-v0.15.1                             -> rust-v0.15.1
Check for Manual Version Changes	Run actions/checkout@v6	2026-08-10T15:42:37.1946896Z  * [new tag]         rust-v0.16.0                             -> rust-v0.16.0
Check for Manual Version Changes	Run actions/checkout@v6	2026-08-10T15:42:37.1949337Z  * [new tag]         rust-v0.16.1                             -> rust-v0.16.1
Check for Manual Version Changes	Run actions/checkout@v6	2026-08-10T15:42:37.1951331Z  * [new tag]         rust-v0.16.2                             -> rust-v0.16.2
Check for Manual Version Changes	Run actions/checkout@v6	2026-08-10T15:42:37.1953269Z  * [new tag]         rust-v0.17.0                             -> rust-v0.17.0
Check for Manual Version Changes	Run actions/checkout@v6	2026-08-10T15:42:37.1955230Z  * [new tag]         rust-v0.17.1                             -> rust-v0.17.1
Check for Manual Version Changes	Run actions/checkout@v6	2026-08-10T15:42:37.1957145Z  * [new tag]         rust-v0.17.2                             -> rust-v0.17.2
Check for Manual Version Changes	Run actions/checkout@v6	2026-08-10T15:42:37.1959331Z  * [new tag]         rust-v0.17.3                             -> rust-v0.17.3
Check for Manual Version Changes	Run actions/checkout@v6	2026-08-10T15:42:37.1961371Z  * [new tag]         rust-v0.17.4                             -> rust-v0.17.4
Check for Manual Version Changes	Run actions/checkout@v6	2026-08-10T15:42:37.1963425Z  * [new tag]         rust-v0.17.5                             -> rust-v0.17.5
Check for Manual Version Changes	Run actions/checkout@v6	2026-08-10T15:42:37.1965511Z  * [new tag]         rust-v0.18.0                             -> rust-v0.18.0
Check for Manual Version Changes	Run actions/checkout@v6	2026-08-10T15:42:37.1967166Z  * [new tag]         rust-v0.19.0                             -> rust-v0.19.0
Check for Manual Version Changes	Run actions/checkout@v6	2026-08-10T15:42:37.1968910Z  * [new tag]         rust-v0.19.1                             -> rust-v0.19.1
Check for Manual Version Changes	Run actions/checkout@v6	2026-08-10T15:42:37.1970520Z  * [new tag]         v0.10.0                                  -> v0.10.0
Check for Manual Version Changes	Run actions/checkout@v6	2026-08-10T15:42:37.1971766Z  * [new tag]         v0.11.0                                  -> v0.11.0
Check for Manual Version Changes	Run actions/checkout@v6	2026-08-10T15:42:37.1973083Z  * [new tag]         v0.13.0                                  -> v0.13.0
Check for Manual Version Changes	Run actions/checkout@v6	2026-08-10T15:42:37.1974668Z  * [new tag]         v0.15.0                                  -> v0.15.0
Check for Manual Version Changes	Run actions/checkout@v6	2026-08-10T15:42:37.1976134Z  * [new tag]         v0.16.0                                  -> v0.16.0
Check for Manual Version Changes	Run actions/checkout@v6	2026-08-10T15:42:37.1977394Z  * [new tag]         v0.17.0                                  -> v0.17.0
Check for Manual Version Changes	Run actions/checkout@v6	2026-08-10T15:42:37.1979329Z  * [new tag]         v0.17.1                                  -> v0.17.1
Check for Manual Version Changes	Run actions/checkout@v6	2026-08-10T15:42:37.1981021Z  * [new tag]         v0.17.2                                  -> v0.17.2
Check for Manual Version Changes	Run actions/checkout@v6	2026-08-10T15:42:37.1982297Z  * [new tag]         v0.17.3                                  -> v0.17.3
Check for Manual Version Changes	Run actions/checkout@v6	2026-08-10T15:42:37.1983560Z  * [new tag]         v0.17.4                                  -> v0.17.4
Check for Manual Version Changes	Run actions/checkout@v6	2026-08-10T15:42:37.1984910Z  * [new tag]         v0.18.0                                  -> v0.18.0
Check for Manual Version Changes	Run actions/checkout@v6	2026-08-10T15:42:37.1986413Z  * [new tag]         v0.19.0                                  -> v0.19.0
Check for Manual Version Changes	Run actions/checkout@v6	2026-08-10T15:42:37.1987752Z  * [new tag]         v0.19.1                                  -> v0.19.1
Check for Manual Version Changes	Run actions/checkout@v6	2026-08-10T15:42:37.1989301Z  * [new tag]         v0.20.0                                  -> v0.20.0
Check for Manual Version Changes	Run actions/checkout@v6	2026-08-10T15:42:37.1990698Z  * [new tag]         v0.20.1                                  -> v0.20.1
Check for Manual Version Changes	Run actions/checkout@v6	2026-08-10T15:42:37.1991942Z  * [new tag]         v0.20.2                                  -> v0.20.2
Check for Manual Version Changes	Run actions/checkout@v6	2026-08-10T15:42:37.1993285Z  * [new tag]         v0.20.3                                  -> v0.20.3
Check for Manual Version Changes	Run actions/checkout@v6	2026-08-10T15:42:37.1994769Z  * [new tag]         v0.20.4                                  -> v0.20.4
Check for Manual Version Changes	Run actions/checkout@v6	2026-08-10T15:42:37.1996787Z  * [new tag]         v0.21.0                                  -> v0.21.0
Check for Manual Version Changes	Run actions/checkout@v6	2026-08-10T15:42:37.1998730Z  * [new tag]         v0.22.0                                  -> v0.22.0
Check for Manual Version Changes	Run actions/checkout@v6	2026-08-10T15:42:37.2000040Z  * [new tag]         v0.23.0                                  -> v0.23.0
Check for Manual Version Changes	Run actions/checkout@v6	2026-08-10T15:42:37.2001273Z  * [new tag]         v0.24.0                                  -> v0.24.0
Check for Manual Version Changes	Run actions/checkout@v6	2026-08-10T15:42:37.2002509Z  * [new tag]         v0.24.1                                  -> v0.24.1
Check for Manual Version Changes	Run actions/checkout@v6	2026-08-10T15:42:37.2003733Z  * [new tag]         v0.24.2                                  -> v0.24.2
Check for Manual Version Changes	Run actions/checkout@v6	2026-08-10T15:42:37.2004957Z  * [new tag]         v0.24.3                                  -> v0.24.3
Check for Manual Version Changes	Run actions/checkout@v6	2026-08-10T15:42:37.2006182Z  * [new tag]         v0.24.4                                  -> v0.24.4
Check for Manual Version Changes	Run actions/checkout@v6	2026-08-10T15:42:37.2007406Z  * [new tag]         v0.24.5                                  -> v0.24.5
Check for Manual Version Changes	Run actions/checkout@v6	2026-08-10T15:42:37.2008813Z  * [new tag]         v0.24.6                                  -> v0.24.6
Check for Manual Version Changes	Run actions/checkout@v6	2026-08-10T15:42:37.2010037Z  * [new tag]         v0.24.7                                  -> v0.24.7
Check for Manual Version Changes	Run actions/checkout@v6	2026-08-10T15:42:37.2011459Z  * [new tag]         v0.24.8                                  -> v0.24.8
Check for Manual Version Changes	Run actions/checkout@v6	2026-08-10T15:42:37.2012685Z  * [new tag]         v0.24.9                                  -> v0.24.9
Check for Manual Version Changes	Run actions/checkout@v6	2026-08-10T15:42:37.2014018Z  * [new tag]         v0.25.0                                  -> v0.25.0
Check for Manual Version Changes	Run actions/checkout@v6	2026-08-10T15:42:37.2015246Z  * [new tag]         v0.25.1                                  -> v0.25.1
Check for Manual Version Changes	Run actions/checkout@v6	2026-08-10T15:42:37.2016623Z  * [new tag]         v0.25.2                                  -> v0.25.2
Check for Manual Version Changes	Run actions/checkout@v6	2026-08-10T15:42:37.2017854Z  * [new tag]         v0.25.3                                  -> v0.25.3
Check for Manual Version Changes	Run actions/checkout@v6	2026-08-10T15:42:37.2019308Z  * [new tag]         v0.25.4                                  -> v0.25.4
Check for Manual Version Changes	Run actions/checkout@v6	2026-08-10T15:42:37.2020749Z  * [new tag]         v0.3.1                                   -> v0.3.1
Check for Manual Version Changes	Run actions/checkout@v6	2026-08-10T15:42:37.2021986Z  * [new tag]         v0.4.0                                   -> v0.4.0
Check for Manual Version Changes	Run actions/checkout@v6	2026-08-10T15:42:37.2023188Z  * [new tag]         v0.4.1                                   -> v0.4.1
Check for Manual Version Changes	Run actions/checkout@v6	2026-08-10T15:42:37.2024401Z  * [new tag]         v0.5.0                                   -> v0.5.0
Check for Manual Version Changes	Run actions/checkout@v6	2026-08-10T15:42:37.2025633Z  * [new tag]         v0.5.1                                   -> v0.5.1
Check for Manual Version Changes	Run actions/checkout@v6	2026-08-10T15:42:37.2026980Z  * [new tag]         v0.5.2                                   -> v0.5.2
Check for Manual Version Changes	Run actions/checkout@v6	2026-08-10T15:42:37.2028345Z  * [new tag]         v0.5.3                                   -> v0.5.3
Check for Manual Version Changes	Run actions/checkout@v6	2026-08-10T15:42:37.2029562Z  * [new tag]         v0.6.0                                   -> v0.6.0
Check for Manual Version Changes	Run actions/checkout@v6	2026-08-10T15:42:37.2030781Z  * [new tag]         v0.7.0                                   -> v0.7.0
Check for Manual Version Changes	Run actions/checkout@v6	2026-08-10T15:42:37.2031993Z  * [new tag]         v0.7.1                                   -> v0.7.1
Check for Manual Version Changes	Run actions/checkout@v6	2026-08-10T15:42:37.2033199Z  * [new tag]         v0.7.2                                   -> v0.7.2
Check for Manual Version Changes	Run actions/checkout@v6	2026-08-10T15:42:37.2034672Z  * [new tag]         v0.7.4                                   -> v0.7.4
Check for Manual Version Changes	Run actions/checkout@v6	2026-08-10T15:42:37.2036346Z  * [new tag]         v0.7.5                                   -> v0.7.5
Check for Manual Version Changes	Run actions/checkout@v6	2026-08-10T15:42:37.2037664Z  * [new tag]         v0.7.6                                   -> v0.7.6
Check for Manual Version Changes	Run actions/checkout@v6	2026-08-10T15:42:37.2039087Z  * [new tag]         v0.9.0                                   -> v0.9.0
Check for Manual Version Changes	Run actions/checkout@v6	2026-08-10T15:42:37.2040458Z  * [new ref]         c88600c0d8ff8d80941044138e858ae826ae3010 -> pull/161/merge
Check for Manual Version Changes	Run actions/checkout@v6	2026-08-10T15:42:37.2043733Z ##[endgroup]
Check for Manual Version Changes	Run actions/checkout@v6	2026-08-10T15:42:37.2044921Z ##[group]Determining the checkout info
Check for Manual Version Changes	Run actions/checkout@v6	2026-08-10T15:42:37.2046269Z ##[endgroup]
Check for Manual Version Changes	Run actions/checkout@v6	2026-08-10T15:42:37.2047061Z [command]/usr/bin/git sparse-checkout disable
Check for Manual Version Changes	Run actions/checkout@v6	2026-08-10T15:42:37.2049480Z [command]/usr/bin/git config --local --unset-all extensions.worktreeConfig
Check for Manual Version Changes	Run actions/checkout@v6	2026-08-10T15:42:37.2052186Z ##[group]Checking out the ref
Check for Manual Version Changes	Run actions/checkout@v6	2026-08-10T15:42:37.2053385Z [command]/usr/bin/git checkout --progress --force refs/remotes/pull/161/merge
Check for Manual Version Changes	Run actions/checkout@v6	2026-08-10T15:42:37.2660382Z Note: switching to 'refs/remotes/pull/161/merge'.
Check for Manual Version Changes	Run actions/checkout@v6	2026-08-10T15:42:37.2661815Z 
Check for Manual Version Changes	Run actions/checkout@v6	2026-08-10T15:42:37.2662502Z You are in 'detached HEAD' state. You can look around, make experimental
Check for Manual Version Changes	Run actions/checkout@v6	2026-08-10T15:42:37.2664142Z changes and commit them, and you can discard any commits you make in this
Check for Manual Version Changes	Run actions/checkout@v6	2026-08-10T15:42:37.2665671Z state without impacting any branches by switching back to a branch.
Check for Manual Version Changes	Run actions/checkout@v6	2026-08-10T15:42:37.2666564Z 
Check for Manual Version Changes	Run actions/checkout@v6	2026-08-10T15:42:37.2667160Z If you want to create a new branch to retain commits you create, you may
Check for Manual Version Changes	Run actions/checkout@v6	2026-08-10T15:42:37.2668831Z do so (now or later) by using -c with the switch command. Example:
Check for Manual Version Changes	Run actions/checkout@v6	2026-08-10T15:42:37.2669847Z 
Check for Manual Version Changes	Run actions/checkout@v6	2026-08-10T15:42:37.2670401Z   git switch -c <new-branch-name>
Check for Manual Version Changes	Run actions/checkout@v6	2026-08-10T15:42:37.2671208Z 
Check for Manual Version Changes	Run actions/checkout@v6	2026-08-10T15:42:37.2671581Z Or undo this operation with:
Check for Manual Version Changes	Run actions/checkout@v6	2026-08-10T15:42:37.2672098Z 
Check for Manual Version Changes	Run actions/checkout@v6	2026-08-10T15:42:37.2672405Z   git switch -
Check for Manual Version Changes	Run actions/checkout@v6	2026-08-10T15:42:37.2672804Z 
Check for Manual Version Changes	Run actions/checkout@v6	2026-08-10T15:42:37.2673469Z Turn off this advice by setting config variable advice.detachedHead to false
Check for Manual Version Changes	Run actions/checkout@v6	2026-08-10T15:42:37.2674593Z 
Check for Manual Version Changes	Run actions/checkout@v6	2026-08-10T15:42:37.2675664Z HEAD is now at c88600c Merge 3562e612036bcd5e3fa75dcb89d8b334d7a954ac into db1ad4d0b2119148b4ad6e870080f8178a2a8e93
Check for Manual Version Changes	Run actions/checkout@v6	2026-08-10T15:42:37.2679279Z ##[endgroup]
Check for Manual Version Changes	Run actions/checkout@v6	2026-08-10T15:42:37.2711822Z [command]/usr/bin/git log -1 --format=%H
Check for Manual Version Changes	Run actions/checkout@v6	2026-08-10T15:42:37.2737655Z c88600c0d8ff8d80941044138e858ae826ae3010
Check for Manual Version Changes	Check for version changes in package.json	﻿2026-08-10T15:42:37.3029157Z ##[group]Run # Skip check for automated release PRs
Check for Manual Version Changes	Check for version changes in package.json	2026-08-10T15:42:37.3030460Z ^[[36;1m# Skip check for automated release PRs^[[0m
Check for Manual Version Changes	Check for version changes in package.json	2026-08-10T15:42:37.3032197Z ^[[36;1mif [[ "issue-160-9bad94da73d2" == "changeset-release/"* ]] || [[ "issue-160-9bad94da73d2" == "changeset-js-"* ]]; then^[[0m
Check for Manual Version Changes	Check for version changes in package.json	2026-08-10T15:42:37.3034037Z ^[[36;1m  echo "Skipping version check for automated release PR"^[[0m
Check for Manual Version Changes	Check for version changes in package.json	2026-08-10T15:42:37.3035130Z ^[[36;1m  exit 0^[[0m
Check for Manual Version Changes	Check for version changes in package.json	2026-08-10T15:42:37.3035815Z ^[[36;1mfi^[[0m
Check for Manual Version Changes	Check for version changes in package.json	2026-08-10T15:42:37.3036456Z ^[[36;1m^[[0m
Check for Manual Version Changes	Check for version changes in package.json	2026-08-10T15:42:37.3037155Z ^[[36;1m# Get the diff for package.json^[[0m
Check for Manual Version Changes	Check for version changes in package.json	2026-08-10T15:42:37.3039019Z ^[[36;1mVERSION_DIFF=$(git diff origin/main...HEAD -- js/package.json | grep -E '^\+.*"version"' || true)^[[0m
Check for Manual Version Changes	Check for version changes in package.json	2026-08-10T15:42:37.3040513Z ^[[36;1m^[[0m
Check for Manual Version Changes	Check for version changes in package.json	2026-08-10T15:42:37.3041213Z ^[[36;1mif [ -n "$VERSION_DIFF" ]; then^[[0m
Check for Manual Version Changes	Check for version changes in package.json	2026-08-10T15:42:37.3042441Z ^[[36;1m  echo "::error::Manual version change detected in js/package.json"^[[0m
Check for Manual Version Changes	Check for version changes in package.json	2026-08-10T15:42:37.3043625Z ^[[36;1m  echo ""^[[0m
Check for Manual Version Changes	Check for version changes in package.json	2026-08-10T15:42:37.3044759Z ^[[36;1m  echo "Version changes in package.json are prohibited in pull requests."^[[0m
Check for Manual Version Changes	Check for version changes in package.json	2026-08-10T15:42:37.3046485Z ^[[36;1m  echo "Versions are managed automatically by the CI/CD pipeline using changesets."^[[0m
Check for Manual Version Changes	Check for version changes in package.json	2026-08-10T15:42:37.3047847Z ^[[36;1m  echo ""^[[0m
Check for Manual Version Changes	Check for version changes in package.json	2026-08-10T15:42:37.3048759Z ^[[36;1m  echo "To request a release:"^[[0m
Check for Manual Version Changes	Check for version changes in package.json	2026-08-10T15:42:37.3049855Z ^[[36;1m  echo "  1. Add a changeset file describing your changes"^[[0m
Check for Manual Version Changes	Check for version changes in package.json	2026-08-10T15:42:37.3051351Z ^[[36;1m  echo "  2. The release workflow will automatically bump the version when merged"^[[0m
Check for Manual Version Changes	Check for version changes in package.json	2026-08-10T15:42:37.3052657Z ^[[36;1m  echo ""^[[0m
Check for Manual Version Changes	Check for version changes in package.json	2026-08-10T15:42:37.3053383Z ^[[36;1m  echo "Detected change:"^[[0m
Check for Manual Version Changes	Check for version changes in package.json	2026-08-10T15:42:37.3054257Z ^[[36;1m  echo "$VERSION_DIFF"^[[0m
Check for Manual Version Changes	Check for version changes in package.json	2026-08-10T15:42:37.3055051Z ^[[36;1m  exit 1^[[0m
Check for Manual Version Changes	Check for version changes in package.json	2026-08-10T15:42:37.3055727Z ^[[36;1mfi^[[0m
Check for Manual Version Changes	Check for version changes in package.json	2026-08-10T15:42:37.3056370Z ^[[36;1m^[[0m
Check for Manual Version Changes	Check for version changes in package.json	2026-08-10T15:42:37.3057240Z ^[[36;1mecho "No manual version changes detected - check passed"^[[0m
Check for Manual Version Changes	Check for version changes in package.json	2026-08-10T15:42:37.3101644Z shell: /usr/bin/bash -e {0}
Check for Manual Version Changes	Check for version changes in package.json	2026-08-10T15:42:37.3102500Z env:
Check for Manual Version Changes	Check for version changes in package.json	2026-08-10T15:42:37.3103198Z   FORCE_JAVASCRIPT_ACTIONS_TO_NODE24: true
Check for Manual Version Changes	Check for version changes in package.json	2026-08-10T15:42:37.3104118Z   GIT_CONFIG_COUNT: 1
Check for Manual Version Changes	Check for version changes in package.json	2026-08-10T15:42:37.3104878Z   GIT_CONFIG_KEY_0: init.defaultBranch
Check for Manual Version Changes	Check for version changes in package.json	2026-08-10T15:42:37.3105760Z   GIT_CONFIG_VALUE_0: main
Check for Manual Version Changes	Check for version changes in package.json	2026-08-10T15:42:37.3106515Z ##[endgroup]
Check for Manual Version Changes	Check for version changes in package.json	2026-08-10T15:42:37.3215067Z No manual version changes detected - check passed
Check for Manual Version Changes	Post Run actions/checkout@v6	﻿2026-08-10T15:42:37.3411202Z Post job cleanup.
Check for Manual Version Changes	Post Run actions/checkout@v6	2026-08-10T15:42:37.4116349Z [command]/usr/bin/git version
Check for Manual Version Changes	Post Run actions/checkout@v6	2026-08-10T15:42:37.4150539Z git version 2.54.0
Check for Manual Version Changes	Post Run actions/checkout@v6	2026-08-10T15:42:37.4182240Z Temporarily overriding HOME='/home/runner/work/_temp/ff59a18c-7faf-482b-8b22-10db1c552a5a' before making global git config changes
Check for Manual Version Changes	Post Run actions/checkout@v6	2026-08-10T15:42:37.4185848Z Adding repository directory to the temporary git global config as a safe directory
Check for Manual Version Changes	Post Run actions/checkout@v6	2026-08-10T15:42:37.4188824Z [command]/usr/bin/git config --global --add safe.directory /home/runner/work/start/start
Check for Manual Version Changes	Post Run actions/checkout@v6	2026-08-10T15:42:37.4469048Z Removing SSH command configuration
Check for Manual Version Changes	Post Run actions/checkout@v6	2026-08-10T15:42:37.4485102Z [command]/usr/bin/git config --local --name-only --get-regexp core\.sshCommand
Check for Manual Version Changes	Post Run actions/checkout@v6	2026-08-10T15:42:37.4494049Z [command]/usr/bin/git submodule foreach --recursive sh -c "git config --local --name-only --get-regexp 'core\.sshCommand' && git config --local --unset-all 'core.sshCommand' || :"
Check for Manual Version Changes	Post Run actions/checkout@v6	2026-08-10T15:42:37.4723503Z Removing HTTP extra header
Check for Manual Version Changes	Post Run actions/checkout@v6	2026-08-10T15:42:37.4727789Z [command]/usr/bin/git config --local --name-only --get-regexp http\.https\:\/\/github\.com\/\.extraheader
Check for Manual Version Changes	Post Run actions/checkout@v6	2026-08-10T15:42:37.4791081Z [command]/usr/bin/git submodule foreach --recursive sh -c "git config --local --name-only --get-regexp 'http\.https\:\/\/github\.com\/\.extraheader' && git config --local --unset-all 'http.https://github.com/.extraheader' || :"
Check for Manual Version Changes	Post Run actions/checkout@v6	2026-08-10T15:42:37.5012743Z Removing includeIf entries pointing to credentials config files
Check for Manual Version Changes	Post Run actions/checkout@v6	2026-08-10T15:42:37.5017033Z [command]/usr/bin/git config --local --name-only --get-regexp ^includeIf\.gitdir:
Check for Manual Version Changes	Post Run actions/checkout@v6	2026-08-10T15:42:37.5048483Z includeif.gitdir:/home/runner/work/start/start/.git.path
Check for Manual Version Changes	Post Run actions/checkout@v6	2026-08-10T15:42:37.5049574Z includeif.gitdir:/home/runner/work/start/start/.git/worktrees/*.path
Check for Manual Version Changes	Post Run actions/checkout@v6	2026-08-10T15:42:37.5050338Z includeif.gitdir:/github/workspace/.git.path
Check for Manual Version Changes	Post Run actions/checkout@v6	2026-08-10T15:42:37.5051049Z includeif.gitdir:/github/workspace/.git/worktrees/*.path
Check for Manual Version Changes	Post Run actions/checkout@v6	2026-08-10T15:42:37.5054810Z [command]/usr/bin/git config --local --get-all includeif.gitdir:/home/runner/work/start/start/.git.path
Check for Manual Version Changes	Post Run actions/checkout@v6	2026-08-10T15:42:37.5110552Z /home/runner/work/_temp/git-credentials-7b907363-fe54-4063-8c29-7dcde4022fb1.config
Check for Manual Version Changes	Post Run actions/checkout@v6	2026-08-10T15:42:37.5120865Z [command]/usr/bin/git config --local --unset includeif.gitdir:/home/runner/work/start/start/.git.path /home/runner/work/_temp/git-credentials-7b907363-fe54-4063-8c29-7dcde4022fb1.config
Check for Manual Version Changes	Post Run actions/checkout@v6	2026-08-10T15:42:37.5655430Z [command]/usr/bin/git config --local --get-all includeif.gitdir:/home/runner/work/start/start/.git/worktrees/*.path
Check for Manual Version Changes	Post Run actions/checkout@v6	2026-08-10T15:42:37.5684003Z /home/runner/work/_temp/git-credentials-7b907363-fe54-4063-8c29-7dcde4022fb1.config
Check for Manual Version Changes	Post Run actions/checkout@v6	2026-08-10T15:42:37.5692599Z [command]/usr/bin/git config --local --unset includeif.gitdir:/home/runner/work/start/start/.git/worktrees/*.path /home/runner/work/_temp/git-credentials-7b907363-fe54-4063-8c29-7dcde4022fb1.config
Check for Manual Version Changes	Post Run actions/checkout@v6	2026-08-10T15:42:37.6042046Z [command]/usr/bin/git config --local --get-all includeif.gitdir:/github/workspace/.git.path
Check for Manual Version Changes	Post Run actions/checkout@v6	2026-08-10T15:42:37.6069678Z /github/runner_temp/git-credentials-7b907363-fe54-4063-8c29-7dcde4022fb1.config
Check for Manual Version Changes	Post Run actions/checkout@v6	2026-08-10T15:42:37.6076559Z [command]/usr/bin/git config --local --unset includeif.gitdir:/github/workspace/.git.path /github/runner_temp/git-credentials-7b907363-fe54-4063-8c29-7dcde4022fb1.config
Check for Manual Version Changes	Post Run actions/checkout@v6	2026-08-10T15:42:37.6340382Z [command]/usr/bin/git config --local --get-all includeif.gitdir:/github/workspace/.git/worktrees/*.path
Check for Manual Version Changes	Post Run actions/checkout@v6	2026-08-10T15:42:37.6366198Z /github/runner_temp/git-credentials-7b907363-fe54-4063-8c29-7dcde4022fb1.config
Check for Manual Version Changes	Post Run actions/checkout@v6	2026-08-10T15:42:37.6374758Z [command]/usr/bin/git config --local --unset includeif.gitdir:/github/workspace/.git/worktrees/*.path /github/runner_temp/git-credentials-7b907363-fe54-4063-8c29-7dcde4022fb1.config
Check for Manual Version Changes	Post Run actions/checkout@v6	2026-08-10T15:42:37.6441674Z [command]/usr/bin/git submodule foreach --recursive git config --local --show-origin --name-only --get-regexp remote.origin.url
Check for Manual Version Changes	Post Run actions/checkout@v6	2026-08-10T15:42:37.6644164Z Removing credentials config '/home/runner/work/_temp/git-credentials-7b907363-fe54-4063-8c29-7dcde4022fb1.config'
Check for Manual Version Changes	Complete job	﻿2026-08-10T15:42:37.6768285Z Cleaning up orphan processes
Syntax Pre-Check (.mjs)	Set up job	﻿2026-08-10T15:42:29.7189373Z Current runner version: '2.336.0'
Syntax Pre-Check (.mjs)	Set up job	2026-08-10T15:42:29.7214673Z ##[group]Runner Image Provisioner
Syntax Pre-Check (.mjs)	Set up job	2026-08-10T15:42:29.7215643Z Hosted Compute Agent
Syntax Pre-Check (.mjs)	Set up job	2026-08-10T15:42:29.7216380Z Version: 20260707.563
Syntax Pre-Check (.mjs)	Set up job	2026-08-10T15:42:29.7217128Z Commit: 02667638d2b423fbc733a8e32a88b44996a3ba6e
Syntax Pre-Check (.mjs)	Set up job	2026-08-10T15:42:29.7217935Z Build Date: 2026-07-07T19:33:50Z
Syntax Pre-Check (.mjs)	Set up job	2026-08-10T15:42:29.7218694Z Worker ID: {b24ae1f8-4787-4c96-94c9-043ca3428a62}
Syntax Pre-Check (.mjs)	Set up job	2026-08-10T15:42:29.7219493Z Azure Region: eastus
Syntax Pre-Check (.mjs)	Set up job	2026-08-10T15:42:29.7220121Z ##[endgroup]
Syntax Pre-Check (.mjs)	Set up job	2026-08-10T15:42:29.7221630Z ##[group]Operating System
Syntax Pre-Check (.mjs)	Set up job	2026-08-10T15:42:29.7222357Z Ubuntu
Syntax Pre-Check (.mjs)	Set up job	2026-08-10T15:42:29.7223038Z 24.04.4
Syntax Pre-Check (.mjs)	Set up job	2026-08-10T15:42:29.7223641Z LTS
Syntax Pre-Check (.mjs)	Set up job	2026-08-10T15:42:29.7224448Z ##[endgroup]
Syntax Pre-Check (.mjs)	Set up job	2026-08-10T15:42:29.7225088Z ##[group]Runner Image
Syntax Pre-Check (.mjs)	Set up job	2026-08-10T15:42:29.7225744Z Image: ubuntu-24.04
Syntax Pre-Check (.mjs)	Set up job	2026-08-10T15:42:29.7226425Z Version: 20260720.247.2
Syntax Pre-Check (.mjs)	Set up job	2026-08-10T15:42:29.7227508Z Included Software: https://github.com/actions/runner-images/blob/ubuntu24/20260720.247/images/ubuntu/Ubuntu2404-Readme.md
Syntax Pre-Check (.mjs)	Set up job	2026-08-10T15:42:29.7229319Z Image Release: https://github.com/actions/runner-images/releases/tag/ubuntu24%2F20260720.247
Syntax Pre-Check (.mjs)	Set up job	2026-08-10T15:42:29.7230334Z ##[endgroup]
Syntax Pre-Check (.mjs)	Set up job	2026-08-10T15:42:29.7231550Z ##[group]GITHUB_TOKEN Permissions
Syntax Pre-Check (.mjs)	Set up job	2026-08-10T15:42:29.7233668Z Contents: read
Syntax Pre-Check (.mjs)	Set up job	2026-08-10T15:42:29.7234640Z Metadata: read
Syntax Pre-Check (.mjs)	Set up job	2026-08-10T15:42:29.7235254Z ##[endgroup]
Syntax Pre-Check (.mjs)	Set up job	2026-08-10T15:42:29.7237306Z Secret source: Actions
Syntax Pre-Check (.mjs)	Set up job	2026-08-10T15:42:29.7238848Z Prepare workflow directory
Syntax Pre-Check (.mjs)	Set up job	2026-08-10T15:42:29.7626811Z Prepare all required actions
Syntax Pre-Check (.mjs)	Set up job	2026-08-10T15:42:29.7674303Z Getting action download info
Syntax Pre-Check (.mjs)	Set up job	2026-08-10T15:42:29.9773498Z Download action repository 'actions/checkout@v6' (SHA:d23441a48e516b6c34aea4fa41551a30e30af803)
Syntax Pre-Check (.mjs)	Set up job	2026-08-10T15:42:30.2480484Z Download action repository 'actions/setup-node@v6' (SHA:249970729cb0ef3589644e2896645e5dc5ba9c38)
Syntax Pre-Check (.mjs)	Set up job	2026-08-10T15:42:30.5048050Z Complete job name: Syntax Pre-Check (.mjs)
Syntax Pre-Check (.mjs)	Run actions/checkout@v6	﻿2026-08-10T15:42:30.5801524Z ##[group]Run actions/checkout@v6
Syntax Pre-Check (.mjs)	Run actions/checkout@v6	2026-08-10T15:42:30.5802430Z with:
Syntax Pre-Check (.mjs)	Run actions/checkout@v6	2026-08-10T15:42:30.5802873Z   fetch-depth: 0
Syntax Pre-Check (.mjs)	Run actions/checkout@v6	2026-08-10T15:42:30.5803377Z   repository: link-foundation/start
Syntax Pre-Check (.mjs)	Run actions/checkout@v6	2026-08-10T15:42:30.5807181Z   token: ***
Syntax Pre-Check (.mjs)	Run actions/checkout@v6	2026-08-10T15:42:30.5807633Z   ssh-strict: true
Syntax Pre-Check (.mjs)	Run actions/checkout@v6	2026-08-10T15:42:30.5808079Z   ssh-user: git
Syntax Pre-Check (.mjs)	Run actions/checkout@v6	2026-08-10T15:42:30.5808531Z   persist-credentials: true
Syntax Pre-Check (.mjs)	Run actions/checkout@v6	2026-08-10T15:42:30.5809022Z   clean: true
Syntax Pre-Check (.mjs)	Run actions/checkout@v6	2026-08-10T15:42:30.5809473Z   sparse-checkout-cone-mode: true
Syntax Pre-Check (.mjs)	Run actions/checkout@v6	2026-08-10T15:42:30.5809997Z   fetch-tags: false
Syntax Pre-Check (.mjs)	Run actions/checkout@v6	2026-08-10T15:42:30.5810446Z   show-progress: true
Syntax Pre-Check (.mjs)	Run actions/checkout@v6	2026-08-10T15:42:30.5810906Z   lfs: false
Syntax Pre-Check (.mjs)	Run actions/checkout@v6	2026-08-10T15:42:30.5811325Z   submodules: false
Syntax Pre-Check (.mjs)	Run actions/checkout@v6	2026-08-10T15:42:30.5811779Z   set-safe-directory: true
Syntax Pre-Check (.mjs)	Run actions/checkout@v6	2026-08-10T15:42:30.5812289Z   allow-unsafe-pr-checkout: false
Syntax Pre-Check (.mjs)	Run actions/checkout@v6	2026-08-10T15:42:30.5813074Z env:
Syntax Pre-Check (.mjs)	Run actions/checkout@v6	2026-08-10T15:42:30.5813543Z   FORCE_JAVASCRIPT_ACTIONS_TO_NODE24: true
Syntax Pre-Check (.mjs)	Run actions/checkout@v6	2026-08-10T15:42:30.5814287Z   GIT_CONFIG_COUNT: 1
Syntax Pre-Check (.mjs)	Run actions/checkout@v6	2026-08-10T15:42:30.5814786Z   GIT_CONFIG_KEY_0: init.defaultBranch
Syntax Pre-Check (.mjs)	Run actions/checkout@v6	2026-08-10T15:42:30.5815383Z   GIT_CONFIG_VALUE_0: main
Syntax Pre-Check (.mjs)	Run actions/checkout@v6	2026-08-10T15:42:30.5815856Z ##[endgroup]
Syntax Pre-Check (.mjs)	Run actions/checkout@v6	2026-08-10T15:42:30.6798687Z Syncing repository: link-foundation/start
Syntax Pre-Check (.mjs)	Run actions/checkout@v6	2026-08-10T15:42:30.6801242Z ##[group]Getting Git version info
Syntax Pre-Check (.mjs)	Run actions/checkout@v6	2026-08-10T15:42:30.6802326Z Working directory is '/home/runner/work/start/start'
Syntax Pre-Check (.mjs)	Run actions/checkout@v6	2026-08-10T15:42:30.6804313Z [command]/usr/bin/git version
Syntax Pre-Check (.mjs)	Run actions/checkout@v6	2026-08-10T15:42:30.6870299Z git version 2.54.0
Syntax Pre-Check (.mjs)	Run actions/checkout@v6	2026-08-10T15:42:30.6897340Z ##[endgroup]
Syntax Pre-Check (.mjs)	Run actions/checkout@v6	2026-08-10T15:42:30.6919689Z Temporarily overriding HOME='/home/runner/work/_temp/823de61a-6f48-4546-b044-1c9e88b63bb5' before making global git config changes
Syntax Pre-Check (.mjs)	Run actions/checkout@v6	2026-08-10T15:42:30.6922469Z Adding repository directory to the temporary git global config as a safe directory
Syntax Pre-Check (.mjs)	Run actions/checkout@v6	2026-08-10T15:42:30.6936948Z [command]/usr/bin/git config --global --add safe.directory /home/runner/work/start/start
Syntax Pre-Check (.mjs)	Run actions/checkout@v6	2026-08-10T15:42:30.7014782Z Deleting the contents of '/home/runner/work/start/start'
Syntax Pre-Check (.mjs)	Run actions/checkout@v6	2026-08-10T15:42:30.7016538Z ##[group]Determining repository object format
Syntax Pre-Check (.mjs)	Run actions/checkout@v6	2026-08-10T15:42:30.7017992Z ##[endgroup]
Syntax Pre-Check (.mjs)	Run actions/checkout@v6	2026-08-10T15:42:30.7019138Z ##[group]Initializing the repository
Syntax Pre-Check (.mjs)	Run actions/checkout@v6	2026-08-10T15:42:30.7020545Z [command]/usr/bin/git init /home/runner/work/start/start
Syntax Pre-Check (.mjs)	Run actions/checkout@v6	2026-08-10T15:42:30.7118864Z Initialized empty Git repository in /home/runner/work/start/start/.git/
Syntax Pre-Check (.mjs)	Run actions/checkout@v6	2026-08-10T15:42:30.7139545Z [command]/usr/bin/git remote add origin https://github.com/link-foundation/start
Syntax Pre-Check (.mjs)	Run actions/checkout@v6	2026-08-10T15:42:30.7181416Z ##[endgroup]
Syntax Pre-Check (.mjs)	Run actions/checkout@v6	2026-08-10T15:42:30.7182220Z ##[group]Disabling automatic garbage collection
Syntax Pre-Check (.mjs)	Run actions/checkout@v6	2026-08-10T15:42:30.7182904Z [command]/usr/bin/git config --local gc.auto 0
Syntax Pre-Check (.mjs)	Run actions/checkout@v6	2026-08-10T15:42:30.7216618Z ##[endgroup]
Syntax Pre-Check (.mjs)	Run actions/checkout@v6	2026-08-10T15:42:30.7217871Z ##[group]Setting up auth
Syntax Pre-Check (.mjs)	Run actions/checkout@v6	2026-08-10T15:42:30.7218819Z Removing SSH command configuration
Syntax Pre-Check (.mjs)	Run actions/checkout@v6	2026-08-10T15:42:30.7247067Z [command]/usr/bin/git config --local --name-only --get-regexp core\.sshCommand
Syntax Pre-Check (.mjs)	Run actions/checkout@v6	2026-08-10T15:42:30.7286512Z [command]/usr/bin/git submodule foreach --recursive sh -c "git config --local --name-only --get-regexp 'core\.sshCommand' && git config --local --unset-all 'core.sshCommand' || :"
Syntax Pre-Check (.mjs)	Run actions/checkout@v6	2026-08-10T15:42:30.7726894Z Removing HTTP extra header
Syntax Pre-Check (.mjs)	Run actions/checkout@v6	2026-08-10T15:42:30.7730000Z [command]/usr/bin/git config --local --name-only --get-regexp http\.https\:\/\/github\.com\/\.extraheader
Syntax Pre-Check (.mjs)	Run actions/checkout@v6	2026-08-10T15:42:30.7777151Z [command]/usr/bin/git submodule foreach --recursive sh -c "git config --local --name-only --get-regexp 'http\.https\:\/\/github\.com\/\.extraheader' && git config --local --unset-all 'http.https://github.com/.extraheader' || :"
Syntax Pre-Check (.mjs)	Run actions/checkout@v6	2026-08-10T15:42:30.8045066Z Removing includeIf entries pointing to credentials config files
Syntax Pre-Check (.mjs)	Run actions/checkout@v6	2026-08-10T15:42:30.8053821Z [command]/usr/bin/git config --local --name-only --get-regexp ^includeIf\.gitdir:
Syntax Pre-Check (.mjs)	Run actions/checkout@v6	2026-08-10T15:42:30.8094234Z [command]/usr/bin/git submodule foreach --recursive git config --local --show-origin --name-only --get-regexp remote.origin.url
Syntax Pre-Check (.mjs)	Run actions/checkout@v6	2026-08-10T15:42:30.8347568Z [command]/usr/bin/git config --file /home/runner/work/_temp/git-credentials-64787bf6-d22d-4d5e-b5b8-87dc41d7f67b.config http.https://github.com/.extraheader AUTHORIZATION: basic ***
Syntax Pre-Check (.mjs)	Run actions/checkout@v6	2026-08-10T15:42:30.8399206Z [command]/usr/bin/git config --local includeIf.gitdir:/home/runner/work/start/start/.git.path /home/runner/work/_temp/git-credentials-64787bf6-d22d-4d5e-b5b8-87dc41d7f67b.config
Syntax Pre-Check (.mjs)	Run actions/checkout@v6	2026-08-10T15:42:30.8439632Z [command]/usr/bin/git config --local includeIf.gitdir:/home/runner/work/start/start/.git/worktrees/*.path /home/runner/work/_temp/git-credentials-64787bf6-d22d-4d5e-b5b8-87dc41d7f67b.config
Syntax Pre-Check (.mjs)	Run actions/checkout@v6	2026-08-10T15:42:30.8481803Z [command]/usr/bin/git config --local includeIf.gitdir:/github/workspace/.git.path /github/runner_temp/git-credentials-64787bf6-d22d-4d5e-b5b8-87dc41d7f67b.config
Syntax Pre-Check (.mjs)	Run actions/checkout@v6	2026-08-10T15:42:30.8518499Z [command]/usr/bin/git config --local includeIf.gitdir:/github/workspace/.git/worktrees/*.path /github/runner_temp/git-credentials-64787bf6-d22d-4d5e-b5b8-87dc41d7f67b.config
Syntax Pre-Check (.mjs)	Run actions/checkout@v6	2026-08-10T15:42:30.8551330Z ##[endgroup]
Syntax Pre-Check (.mjs)	Run actions/checkout@v6	2026-08-10T15:42:30.8552893Z ##[group]Fetching the repository
Syntax Pre-Check (.mjs)	Run actions/checkout@v6	2026-08-10T15:42:30.8561904Z [command]/usr/bin/git -c protocol.version=2 fetch --no-tags --prune --no-recurse-submodules origin +refs/heads/*:refs/remotes/origin/* +refs/tags/*:refs/tags/* +c88600c0d8ff8d80941044138e858ae826ae3010:refs/remotes/pull/161/merge
Syntax Pre-Check (.mjs)	Run actions/checkout@v6	2026-08-10T15:42:31.6413642Z From https://github.com/link-foundation/start
Syntax Pre-Check (.mjs)	Run actions/checkout@v6	2026-08-10T15:42:31.6416033Z  * [new branch]      issue-1-06306849                         -> origin/issue-1-06306849
Syntax Pre-Check (.mjs)	Run actions/checkout@v6	2026-08-10T15:42:31.6418614Z  * [new branch]      issue-101-f6ea3a87b1de                   -> origin/issue-101-f6ea3a87b1de
Syntax Pre-Check (.mjs)	Run actions/checkout@v6	2026-08-10T15:42:31.6421463Z  * [new branch]      issue-103-d2eee141f4bc                   -> origin/issue-103-d2eee141f4bc
Syntax Pre-Check (.mjs)	Run actions/checkout@v6	2026-08-10T15:42:31.6424430Z  * [new branch]      issue-105-0edd650b7149                   -> origin/issue-105-0edd650b7149
Syntax Pre-Check (.mjs)	Run actions/checkout@v6	2026-08-10T15:42:31.6426873Z  * [new branch]      issue-108-c821d8a93f01                   -> origin/issue-108-c821d8a93f01
Syntax Pre-Check (.mjs)	Run actions/checkout@v6	2026-08-10T15:42:31.6429202Z  * [new branch]      issue-11-1524425f0588                    -> origin/issue-11-1524425f0588
Syntax Pre-Check (.mjs)	Run actions/checkout@v6	2026-08-10T15:42:31.6430901Z  * [new branch]      issue-110-c1b9267a2743                   -> origin/issue-110-c1b9267a2743
Syntax Pre-Check (.mjs)	Run actions/checkout@v6	2026-08-10T15:42:31.6432716Z  * [new branch]      issue-112-46af7527c0d9                   -> origin/issue-112-46af7527c0d9
Syntax Pre-Check (.mjs)	Run actions/checkout@v6	2026-08-10T15:42:31.6434687Z  * [new branch]      issue-114-8181f01863b9                   -> origin/issue-114-8181f01863b9
Syntax Pre-Check (.mjs)	Run actions/checkout@v6	2026-08-10T15:42:31.6437001Z  * [new branch]      issue-116-01c61894edbd                   -> origin/issue-116-01c61894edbd
Syntax Pre-Check (.mjs)	Run actions/checkout@v6	2026-08-10T15:42:31.6438785Z  * [new branch]      issue-118-4ed21210786f                   -> origin/issue-118-4ed21210786f
Syntax Pre-Check (.mjs)	Run actions/checkout@v6	2026-08-10T15:42:31.6440040Z  * [new branch]      issue-120-22538e16da80                   -> origin/issue-120-22538e16da80
Syntax Pre-Check (.mjs)	Run actions/checkout@v6	2026-08-10T15:42:31.6441420Z  * [new branch]      issue-122-9e4e6b1efac6                   -> origin/issue-122-9e4e6b1efac6
Syntax Pre-Check (.mjs)	Run actions/checkout@v6	2026-08-10T15:42:31.6443576Z  * [new branch]      issue-124-0288905fdd33                   -> origin/issue-124-0288905fdd33
Syntax Pre-Check (.mjs)	Run actions/checkout@v6	2026-08-10T15:42:31.6446617Z  * [new branch]      issue-126-c5c8579b3ab4                   -> origin/issue-126-c5c8579b3ab4
Syntax Pre-Check (.mjs)	Run actions/checkout@v6	2026-08-10T15:42:31.6449064Z  * [new branch]      issue-128-9d904e7dd227                   -> origin/issue-128-9d904e7dd227
Syntax Pre-Check (.mjs)	Run actions/checkout@v6	2026-08-10T15:42:31.6451435Z  * [new branch]      issue-13-52ae2ce06ee2                    -> origin/issue-13-52ae2ce06ee2
Syntax Pre-Check (.mjs)	Run actions/checkout@v6	2026-08-10T15:42:31.6454151Z  * [new branch]      issue-130-cefa8a965461                   -> origin/issue-130-cefa8a965461
Syntax Pre-Check (.mjs)	Run actions/checkout@v6	2026-08-10T15:42:31.6455849Z  * [new branch]      issue-132-81888ef731d7                   -> origin/issue-132-81888ef731d7
Syntax Pre-Check (.mjs)	Run actions/checkout@v6	2026-08-10T15:42:31.6458051Z  * [new branch]      issue-134-1a26eb545a18                   -> origin/issue-134-1a26eb545a18
Syntax Pre-Check (.mjs)	Run actions/checkout@v6	2026-08-10T15:42:31.6459632Z  * [new branch]      issue-136-cffa39dbc470                   -> origin/issue-136-cffa39dbc470
Syntax Pre-Check (.mjs)	Run actions/checkout@v6	2026-08-10T15:42:31.6461249Z  * [new branch]      issue-138-3f4ef74d216e                   -> origin/issue-138-3f4ef74d216e
Syntax Pre-Check (.mjs)	Run actions/checkout@v6	2026-08-10T15:42:31.6463012Z  * [new branch]      issue-140-55c0984f3705                   -> origin/issue-140-55c0984f3705
Syntax Pre-Check (.mjs)	Run actions/checkout@v6	2026-08-10T15:42:31.6465105Z  * [new branch]      issue-142-e63b64dd46e6                   -> origin/issue-142-e63b64dd46e6
Syntax Pre-Check (.mjs)	Run actions/checkout@v6	2026-08-10T15:42:31.6466617Z  * [new branch]      issue-144-d8d3fb7dfd56                   -> origin/issue-144-d8d3fb7dfd56
Syntax Pre-Check (.mjs)	Run actions/checkout@v6	2026-08-10T15:42:31.6468083Z  * [new branch]      issue-146-5fd1b386b75b                   -> origin/issue-146-5fd1b386b75b
Syntax Pre-Check (.mjs)	Run actions/checkout@v6	2026-08-10T15:42:31.6469490Z  * [new branch]      issue-148-799a293d3d5b                   -> origin/issue-148-799a293d3d5b
Syntax Pre-Check (.mjs)	Run actions/checkout@v6	2026-08-10T15:42:31.6470956Z  * [new branch]      issue-15-ccfe6d130337                    -> origin/issue-15-ccfe6d130337
Syntax Pre-Check (.mjs)	Run actions/checkout@v6	2026-08-10T15:42:31.6472483Z  * [new branch]      issue-15-d3d0f1c82afa                    -> origin/issue-15-d3d0f1c82afa
Syntax Pre-Check (.mjs)	Run actions/checkout@v6	2026-08-10T15:42:31.6474227Z  * [new branch]      issue-150-140b61c8f491                   -> origin/issue-150-140b61c8f491
Syntax Pre-Check (.mjs)	Run actions/checkout@v6	2026-08-10T15:42:31.6475785Z  * [new branch]      issue-151-50e985780da1                   -> origin/issue-151-50e985780da1
Syntax Pre-Check (.mjs)	Run actions/checkout@v6	2026-08-10T15:42:31.6477153Z  * [new branch]      issue-154-73165f3b5cf7                   -> origin/issue-154-73165f3b5cf7
Syntax Pre-Check (.mjs)	Run actions/checkout@v6	2026-08-10T15:42:31.6478566Z  * [new branch]      issue-156-a9778f176d79                   -> origin/issue-156-a9778f176d79
Syntax Pre-Check (.mjs)	Run actions/checkout@v6	2026-08-10T15:42:31.6479969Z  * [new branch]      issue-158-ecf4c4dc2e55                   -> origin/issue-158-ecf4c4dc2e55
Syntax Pre-Check (.mjs)	Run actions/checkout@v6	2026-08-10T15:42:31.6481304Z  * [new branch]      issue-160-9bad94da73d2                   -> origin/issue-160-9bad94da73d2
Syntax Pre-Check (.mjs)	Run actions/checkout@v6	2026-08-10T15:42:31.6482686Z  * [new branch]      issue-18-acfe3ddbe902                    -> origin/issue-18-acfe3ddbe902
Syntax Pre-Check (.mjs)	Run actions/checkout@v6	2026-08-10T15:42:31.6484278Z  * [new branch]      issue-19-83cfc521f662                    -> origin/issue-19-83cfc521f662
Syntax Pre-Check (.mjs)	Run actions/checkout@v6	2026-08-10T15:42:31.6485688Z  * [new branch]      issue-22-08e44246441d                    -> origin/issue-22-08e44246441d
Syntax Pre-Check (.mjs)	Run actions/checkout@v6	2026-08-10T15:42:31.6487057Z  * [new branch]      issue-22-2d1c04999e6d                    -> origin/issue-22-2d1c04999e6d
Syntax Pre-Check (.mjs)	Run actions/checkout@v6	2026-08-10T15:42:31.6488366Z  * [new branch]      issue-25-6419574a6cfe                    -> origin/issue-25-6419574a6cfe
Syntax Pre-Check (.mjs)	Run actions/checkout@v6	2026-08-10T15:42:31.6489935Z  * [new branch]      issue-25-8fe656da1123                    -> origin/issue-25-8fe656da1123
Syntax Pre-Check (.mjs)	Run actions/checkout@v6	2026-08-10T15:42:31.6491282Z  * [new branch]      issue-28-9a07df20ebbb                    -> origin/issue-28-9a07df20ebbb
Syntax Pre-Check (.mjs)	Run actions/checkout@v6	2026-08-10T15:42:31.6492583Z  * [new branch]      issue-3-908abf67e50f                     -> origin/issue-3-908abf67e50f
Syntax Pre-Check (.mjs)	Run actions/checkout@v6	2026-08-10T15:42:31.6494240Z  * [new branch]      issue-30-3c74b37eedc9                    -> origin/issue-30-3c74b37eedc9
Syntax Pre-Check (.mjs)	Run actions/checkout@v6	2026-08-10T15:42:31.6495598Z  * [new branch]      issue-31-e419d5f83f9d                    -> origin/issue-31-e419d5f83f9d
Syntax Pre-Check (.mjs)	Run actions/checkout@v6	2026-08-10T15:42:31.6496969Z  * [new branch]      issue-34-fcfbf90ca3a5                    -> origin/issue-34-fcfbf90ca3a5
Syntax Pre-Check (.mjs)	Run actions/checkout@v6	2026-08-10T15:42:31.6498296Z  * [new branch]      issue-36-4d2e05cadca2                    -> origin/issue-36-4d2e05cadca2
Syntax Pre-Check (.mjs)	Run actions/checkout@v6	2026-08-10T15:42:31.6499596Z  * [new branch]      issue-38-8d65d5c6dcf1                    -> origin/issue-38-8d65d5c6dcf1
Syntax Pre-Check (.mjs)	Run actions/checkout@v6	2026-08-10T15:42:31.6501057Z  * [new branch]      issue-40-500ee5a3c836                    -> origin/issue-40-500ee5a3c836
Syntax Pre-Check (.mjs)	Run actions/checkout@v6	2026-08-10T15:42:31.6502362Z  * [new branch]      issue-42-231914cdf85a                    -> origin/issue-42-231914cdf85a
Syntax Pre-Check (.mjs)	Run actions/checkout@v6	2026-08-10T15:42:31.6503641Z  * [new branch]      issue-44-05c1999867e1                    -> origin/issue-44-05c1999867e1
Syntax Pre-Check (.mjs)	Run actions/checkout@v6	2026-08-10T15:42:31.6505337Z  * [new branch]      issue-46-db1336ec1bd4                    -> origin/issue-46-db1336ec1bd4
Syntax Pre-Check (.mjs)	Run actions/checkout@v6	2026-08-10T15:42:31.6506645Z  * [new branch]      issue-49-49badfb087ae                    -> origin/issue-49-49badfb087ae
Syntax Pre-Check (.mjs)	Run actions/checkout@v6	2026-08-10T15:42:31.6508038Z  * [new branch]      issue-5-e920ed9704b1                     -> origin/issue-5-e920ed9704b1
Syntax Pre-Check (.mjs)	Run actions/checkout@v6	2026-08-10T15:42:31.6509296Z  * [new branch]      issue-51-ce9116974281                    -> origin/issue-51-ce9116974281
Syntax Pre-Check (.mjs)	Run actions/checkout@v6	2026-08-10T15:42:31.6510538Z  * [new branch]      issue-53-3037eb51507e                    -> origin/issue-53-3037eb51507e
Syntax Pre-Check (.mjs)	Run actions/checkout@v6	2026-08-10T15:42:31.6512069Z  * [new branch]      issue-55-62ca352b2854                    -> origin/issue-55-62ca352b2854
Syntax Pre-Check (.mjs)	Run actions/checkout@v6	2026-08-10T15:42:31.6513347Z  * [new branch]      issue-57-319974e37702                    -> origin/issue-57-319974e37702
Syntax Pre-Check (.mjs)	Run actions/checkout@v6	2026-08-10T15:42:31.6514972Z  * [new branch]      issue-57-9389c40a25d3                    -> origin/issue-57-9389c40a25d3
Syntax Pre-Check (.mjs)	Run actions/checkout@v6	2026-08-10T15:42:31.6516286Z  * [new branch]      issue-60-23ad1508ca00                    -> origin/issue-60-23ad1508ca00
Syntax Pre-Check (.mjs)	Run actions/checkout@v6	2026-08-10T15:42:31.6517551Z  * [new branch]      issue-62-0bf0e6dba402                    -> origin/issue-62-0bf0e6dba402
Syntax Pre-Check (.mjs)	Run actions/checkout@v6	2026-08-10T15:42:31.6518871Z  * [new branch]      issue-64-531bd4a9716c                    -> origin/issue-64-531bd4a9716c
Syntax Pre-Check (.mjs)	Run actions/checkout@v6	2026-08-10T15:42:31.6520131Z  * [new branch]      issue-66-b4bebb964b80                    -> origin/issue-66-b4bebb964b80
Syntax Pre-Check (.mjs)	Run actions/checkout@v6	2026-08-10T15:42:31.6521449Z  * [new branch]      issue-67-c74bf55321d9                    -> origin/issue-67-c74bf55321d9
Syntax Pre-Check (.mjs)	Run actions/checkout@v6	2026-08-10T15:42:31.6522788Z  * [new branch]      issue-7-6b049fda1d30                     -> origin/issue-7-6b049fda1d30
Syntax Pre-Check (.mjs)	Run actions/checkout@v6	2026-08-10T15:42:31.6524335Z  * [new branch]      issue-70-210190e0ad55                    -> origin/issue-70-210190e0ad55
Syntax Pre-Check (.mjs)	Run actions/checkout@v6	2026-08-10T15:42:31.6525714Z  * [new branch]      issue-70-490c526a882f                    -> origin/issue-70-490c526a882f
Syntax Pre-Check (.mjs)	Run actions/checkout@v6	2026-08-10T15:42:31.6527009Z  * [new branch]      issue-73-163864f76573                    -> origin/issue-73-163864f76573
Syntax Pre-Check (.mjs)	Run actions/checkout@v6	2026-08-10T15:42:31.6528325Z  * [new branch]      issue-73-47a3e673b0a8                    -> origin/issue-73-47a3e673b0a8
Syntax Pre-Check (.mjs)	Run actions/checkout@v6	2026-08-10T15:42:31.6529699Z  * [new branch]      issue-73-c42828279fb5                    -> origin/issue-73-c42828279fb5
Syntax Pre-Check (.mjs)	Run actions/checkout@v6	2026-08-10T15:42:31.6530986Z  * [new branch]      issue-77-acc01682cb56                    -> origin/issue-77-acc01682cb56
Syntax Pre-Check (.mjs)	Run actions/checkout@v6	2026-08-10T15:42:31.6532301Z  * [new branch]      issue-79-1581a427bf82                    -> origin/issue-79-1581a427bf82
Syntax Pre-Check (.mjs)	Run actions/checkout@v6	2026-08-10T15:42:31.6533611Z  * [new branch]      issue-79-48234c0f95fa                    -> origin/issue-79-48234c0f95fa
Syntax Pre-Check (.mjs)	Run actions/checkout@v6	2026-08-10T15:42:31.6535170Z  * [new branch]      issue-79-5fc029ea058c                    -> origin/issue-79-5fc029ea058c
Syntax Pre-Check (.mjs)	Run actions/checkout@v6	2026-08-10T15:42:31.6536709Z  * [new branch]      issue-79-740a4286522a                    -> origin/issue-79-740a4286522a
Syntax Pre-Check (.mjs)	Run actions/checkout@v6	2026-08-10T15:42:31.6537987Z  * [new branch]      issue-84-2301d58a902f                    -> origin/issue-84-2301d58a902f
Syntax Pre-Check (.mjs)	Run actions/checkout@v6	2026-08-10T15:42:31.6539242Z  * [new branch]      issue-84-8c8db1f16f9d                    -> origin/issue-84-8c8db1f16f9d
Syntax Pre-Check (.mjs)	Run actions/checkout@v6	2026-08-10T15:42:31.6540600Z  * [new branch]      issue-84-ca99d5699c03                    -> origin/issue-84-ca99d5699c03
Syntax Pre-Check (.mjs)	Run actions/checkout@v6	2026-08-10T15:42:31.6541901Z  * [new branch]      issue-84-e79fd3fe5cef                    -> origin/issue-84-e79fd3fe5cef
Syntax Pre-Check (.mjs)	Run actions/checkout@v6	2026-08-10T15:42:31.6543212Z  * [new branch]      issue-89-58b19f5dac12                    -> origin/issue-89-58b19f5dac12
Syntax Pre-Check (.mjs)	Run actions/checkout@v6	2026-08-10T15:42:31.6544815Z  * [new branch]      issue-9-9cb379f155fb                     -> origin/issue-9-9cb379f155fb
Syntax Pre-Check (.mjs)	Run actions/checkout@v6	2026-08-10T15:42:31.6546151Z  * [new branch]      issue-91-5ff8719c4182                    -> origin/issue-91-5ff8719c4182
Syntax Pre-Check (.mjs)	Run actions/checkout@v6	2026-08-10T15:42:31.6547514Z  * [new branch]      issue-91-8e243739c7af                    -> origin/issue-91-8e243739c7af
Syntax Pre-Check (.mjs)	Run actions/checkout@v6	2026-08-10T15:42:31.6548879Z  * [new branch]      issue-93-2ef57910c60b                    -> origin/issue-93-2ef57910c60b
Syntax Pre-Check (.mjs)	Run actions/checkout@v6	2026-08-10T15:42:31.6550141Z  * [new branch]      issue-96-829d21ddabc4                    -> origin/issue-96-829d21ddabc4
Syntax Pre-Check (.mjs)	Run actions/checkout@v6	2026-08-10T15:42:31.6551486Z  * [new branch]      issue-96-efde41b8c023                    -> origin/issue-96-efde41b8c023
Syntax Pre-Check (.mjs)	Run actions/checkout@v6	2026-08-10T15:42:31.6552799Z  * [new branch]      issue-99-bc78b28ed258                    -> origin/issue-99-bc78b28ed258
Syntax Pre-Check (.mjs)	Run actions/checkout@v6	2026-08-10T15:42:31.6554225Z  * [new branch]      main                                     -> origin/main
Syntax Pre-Check (.mjs)	Run actions/checkout@v6	2026-08-10T15:42:31.6555305Z  * [new tag]         js-v0.25.5                               -> js-v0.25.5
Syntax Pre-Check (.mjs)	Run actions/checkout@v6	2026-08-10T15:42:31.6556262Z  * [new tag]         js-v0.26.0                               -> js-v0.26.0
Syntax Pre-Check (.mjs)	Run actions/checkout@v6	2026-08-10T15:42:31.6557574Z  * [new tag]         js-v0.27.0                               -> js-v0.27.0
Syntax Pre-Check (.mjs)	Run actions/checkout@v6	2026-08-10T15:42:31.6558539Z  * [new tag]         js-v0.27.1                               -> js-v0.27.1
Syntax Pre-Check (.mjs)	Run actions/checkout@v6	2026-08-10T15:42:31.6559508Z  * [new tag]         js-v0.27.2                               -> js-v0.27.2
Syntax Pre-Check (.mjs)	Run actions/checkout@v6	2026-08-10T15:42:31.6560586Z  * [new tag]         js-v0.28.0                               -> js-v0.28.0
Syntax Pre-Check (.mjs)	Run actions/checkout@v6	2026-08-10T15:42:31.6561543Z  * [new tag]         js-v0.29.0                               -> js-v0.29.0
Syntax Pre-Check (.mjs)	Run actions/checkout@v6	2026-08-10T15:42:31.6562540Z  * [new tag]         js-v0.29.1                               -> js-v0.29.1
Syntax Pre-Check (.mjs)	Run actions/checkout@v6	2026-08-10T15:42:31.6563503Z  * [new tag]         js-v0.29.2                               -> js-v0.29.2
Syntax Pre-Check (.mjs)	Run actions/checkout@v6	2026-08-10T15:42:31.6564693Z  * [new tag]         js-v0.30.0                               -> js-v0.30.0
Syntax Pre-Check (.mjs)	Run actions/checkout@v6	2026-08-10T15:42:31.6565810Z  * [new tag]         js-v0.30.1                               -> js-v0.30.1
Syntax Pre-Check (.mjs)	Run actions/checkout@v6	2026-08-10T15:42:31.6566742Z  * [new tag]         js-v0.30.2                               -> js-v0.30.2
Syntax Pre-Check (.mjs)	Run actions/checkout@v6	2026-08-10T15:42:31.6567721Z  * [new tag]         js-v0.30.3                               -> js-v0.30.3
Syntax Pre-Check (.mjs)	Run actions/checkout@v6	2026-08-10T15:42:31.6568712Z  * [new tag]         js-v0.30.4                               -> js-v0.30.4
Syntax Pre-Check (.mjs)	Run actions/checkout@v6	2026-08-10T15:42:31.6569613Z  * [new tag]         js-v0.30.5                               -> js-v0.30.5
Syntax Pre-Check (.mjs)	Run actions/checkout@v6	2026-08-10T15:42:31.6570628Z  * [new tag]         js-v0.31.0                               -> js-v0.31.0
Syntax Pre-Check (.mjs)	Run actions/checkout@v6	2026-08-10T15:42:31.6571541Z  * [new tag]         js-v0.32.0                               -> js-v0.32.0
Syntax Pre-Check (.mjs)	Run actions/checkout@v6	2026-08-10T15:42:31.6572515Z  * [new tag]         rust-v0.14.1                             -> rust-v0.14.1
Syntax Pre-Check (.mjs)	Run actions/checkout@v6	2026-08-10T15:42:31.6573503Z  * [new tag]         rust-v0.14.2                             -> rust-v0.14.2
Syntax Pre-Check (.mjs)	Run actions/checkout@v6	2026-08-10T15:42:31.6574715Z  * [new tag]         rust-v0.14.3                             -> rust-v0.14.3
Syntax Pre-Check (.mjs)	Run actions/checkout@v6	2026-08-10T15:42:31.6575784Z  * [new tag]         rust-v0.15.0                             -> rust-v0.15.0
Syntax Pre-Check (.mjs)	Run actions/checkout@v6	2026-08-10T15:42:31.6576765Z  * [new tag]         rust-v0.15.1                             -> rust-v0.15.1
Syntax Pre-Check (.mjs)	Run actions/checkout@v6	2026-08-10T15:42:31.6577874Z  * [new tag]         rust-v0.16.0                             -> rust-v0.16.0
Syntax Pre-Check (.mjs)	Run actions/checkout@v6	2026-08-10T15:42:31.6578906Z  * [new tag]         rust-v0.16.1                             -> rust-v0.16.1
Syntax Pre-Check (.mjs)	Run actions/checkout@v6	2026-08-10T15:42:31.6579900Z  * [new tag]         rust-v0.16.2                             -> rust-v0.16.2
Syntax Pre-Check (.mjs)	Run actions/checkout@v6	2026-08-10T15:42:31.6580948Z  * [new tag]         rust-v0.17.0                             -> rust-v0.17.0
Syntax Pre-Check (.mjs)	Run actions/checkout@v6	2026-08-10T15:42:31.6581937Z  * [new tag]         rust-v0.17.1                             -> rust-v0.17.1
Syntax Pre-Check (.mjs)	Run actions/checkout@v6	2026-08-10T15:42:31.6582898Z  * [new tag]         rust-v0.17.2                             -> rust-v0.17.2
Syntax Pre-Check (.mjs)	Run actions/checkout@v6	2026-08-10T15:42:31.6584142Z  * [new tag]         rust-v0.17.3                             -> rust-v0.17.3
Syntax Pre-Check (.mjs)	Run actions/checkout@v6	2026-08-10T15:42:31.6585241Z  * [new tag]         rust-v0.17.4                             -> rust-v0.17.4
Syntax Pre-Check (.mjs)	Run actions/checkout@v6	2026-08-10T15:42:31.6586250Z  * [new tag]         rust-v0.17.5                             -> rust-v0.17.5
Syntax Pre-Check (.mjs)	Run actions/checkout@v6	2026-08-10T15:42:31.6587327Z  * [new tag]         rust-v0.18.0                             -> rust-v0.18.0
Syntax Pre-Check (.mjs)	Run actions/checkout@v6	2026-08-10T15:42:31.6588316Z  * [new tag]         rust-v0.19.0                             -> rust-v0.19.0
Syntax Pre-Check (.mjs)	Run actions/checkout@v6	2026-08-10T15:42:31.6589332Z  * [new tag]         rust-v0.19.1                             -> rust-v0.19.1
Syntax Pre-Check (.mjs)	Run actions/checkout@v6	2026-08-10T15:42:31.6590328Z  * [new tag]         v0.10.0                                  -> v0.10.0
Syntax Pre-Check (.mjs)	Run actions/checkout@v6	2026-08-10T15:42:31.6591249Z  * [new tag]         v0.11.0                                  -> v0.11.0
Syntax Pre-Check (.mjs)	Run actions/checkout@v6	2026-08-10T15:42:31.6592214Z  * [new tag]         v0.13.0                                  -> v0.13.0
Syntax Pre-Check (.mjs)	Run actions/checkout@v6	2026-08-10T15:42:31.6593107Z  * [new tag]         v0.15.0                                  -> v0.15.0
Syntax Pre-Check (.mjs)	Run actions/checkout@v6	2026-08-10T15:42:31.6594283Z  * [new tag]         v0.16.0                                  -> v0.16.0
Syntax Pre-Check (.mjs)	Run actions/checkout@v6	2026-08-10T15:42:31.6595288Z  * [new tag]         v0.17.0                                  -> v0.17.0
Syntax Pre-Check (.mjs)	Run actions/checkout@v6	2026-08-10T15:42:31.6596224Z  * [new tag]         v0.17.1                                  -> v0.17.1
Syntax Pre-Check (.mjs)	Run actions/checkout@v6	2026-08-10T15:42:31.6597369Z  * [new tag]         v0.17.2                                  -> v0.17.2
Syntax Pre-Check (.mjs)	Run actions/checkout@v6	2026-08-10T15:42:31.6598288Z  * [new tag]         v0.17.3                                  -> v0.17.3
Syntax Pre-Check (.mjs)	Run actions/checkout@v6	2026-08-10T15:42:31.6599146Z  * [new tag]         v0.17.4                                  -> v0.17.4
Syntax Pre-Check (.mjs)	Run actions/checkout@v6	2026-08-10T15:42:31.6672582Z  * [new tag]         v0.18.0                                  -> v0.18.0
Syntax Pre-Check (.mjs)	Run actions/checkout@v6	2026-08-10T15:42:31.6674572Z  * [new tag]         v0.19.0                                  -> v0.19.0
Syntax Pre-Check (.mjs)	Run actions/checkout@v6	2026-08-10T15:42:31.6676018Z  * [new tag]         v0.19.1                                  -> v0.19.1
Syntax Pre-Check (.mjs)	Run actions/checkout@v6	2026-08-10T15:42:31.6677384Z  * [new tag]         v0.20.0                                  -> v0.20.0
Syntax Pre-Check (.mjs)	Run actions/checkout@v6	2026-08-10T15:42:31.6678680Z  * [new tag]         v0.20.1                                  -> v0.20.1
Syntax Pre-Check (.mjs)	Run actions/checkout@v6	2026-08-10T15:42:31.6679959Z  * [new tag]         v0.20.2                                  -> v0.20.2
Syntax Pre-Check (.mjs)	Run actions/checkout@v6	2026-08-10T15:42:31.6681238Z  * [new tag]         v0.20.3                                  -> v0.20.3
Syntax Pre-Check (.mjs)	Run actions/checkout@v6	2026-08-10T15:42:31.6682597Z  * [new tag]         v0.20.4                                  -> v0.20.4
Syntax Pre-Check (.mjs)	Run actions/checkout@v6	2026-08-10T15:42:31.6684232Z  * [new tag]         v0.21.0                                  -> v0.21.0
Syntax Pre-Check (.mjs)	Run actions/checkout@v6	2026-08-10T15:42:31.6685666Z  * [new tag]         v0.22.0                                  -> v0.22.0
Syntax Pre-Check (.mjs)	Run actions/checkout@v6	2026-08-10T15:42:31.6687207Z  * [new tag]         v0.23.0                                  -> v0.23.0
Syntax Pre-Check (.mjs)	Run actions/checkout@v6	2026-08-10T15:42:31.6688639Z  * [new tag]         v0.24.0                                  -> v0.24.0
Syntax Pre-Check (.mjs)	Run actions/checkout@v6	2026-08-10T15:42:31.6690061Z  * [new tag]         v0.24.1                                  -> v0.24.1
Syntax Pre-Check (.mjs)	Run actions/checkout@v6	2026-08-10T15:42:31.6691545Z  * [new tag]         v0.24.2                                  -> v0.24.2
Syntax Pre-Check (.mjs)	Run actions/checkout@v6	2026-08-10T15:42:31.6692985Z  * [new tag]         v0.24.3                                  -> v0.24.3
Syntax Pre-Check (.mjs)	Run actions/checkout@v6	2026-08-10T15:42:31.6695808Z  * [new tag]         v0.24.4                                  -> v0.24.4
Syntax Pre-Check (.mjs)	Run actions/checkout@v6	2026-08-10T15:42:31.6697263Z  * [new tag]         v0.24.5                                  -> v0.24.5
Syntax Pre-Check (.mjs)	Run actions/checkout@v6	2026-08-10T15:42:31.6698678Z  * [new tag]         v0.24.6                                  -> v0.24.6
Syntax Pre-Check (.mjs)	Run actions/checkout@v6	2026-08-10T15:42:31.6700165Z  * [new tag]         v0.24.7                                  -> v0.24.7
Syntax Pre-Check (.mjs)	Run actions/checkout@v6	2026-08-10T15:42:31.6700997Z  * [new tag]         v0.24.8                                  -> v0.24.8
Syntax Pre-Check (.mjs)	Run actions/checkout@v6	2026-08-10T15:42:31.6701808Z  * [new tag]         v0.24.9                                  -> v0.24.9
Syntax Pre-Check (.mjs)	Run actions/checkout@v6	2026-08-10T15:42:31.6702851Z  * [new tag]         v0.25.0                                  -> v0.25.0
Syntax Pre-Check (.mjs)	Run actions/checkout@v6	2026-08-10T15:42:31.6703776Z  * [new tag]         v0.25.1                                  -> v0.25.1
Syntax Pre-Check (.mjs)	Run actions/checkout@v6	2026-08-10T15:42:31.6705261Z  * [new tag]         v0.25.2                                  -> v0.25.2
Syntax Pre-Check (.mjs)	Run actions/checkout@v6	2026-08-10T15:42:31.6706164Z  * [new tag]         v0.25.3                                  -> v0.25.3
Syntax Pre-Check (.mjs)	Run actions/checkout@v6	2026-08-10T15:42:31.6706959Z  * [new tag]         v0.25.4                                  -> v0.25.4
Syntax Pre-Check (.mjs)	Run actions/checkout@v6	2026-08-10T15:42:31.6707756Z  * [new tag]         v0.3.1                                   -> v0.3.1
Syntax Pre-Check (.mjs)	Run actions/checkout@v6	2026-08-10T15:42:31.6708552Z  * [new tag]         v0.4.0                                   -> v0.4.0
Syntax Pre-Check (.mjs)	Run actions/checkout@v6	2026-08-10T15:42:31.6709478Z  * [new tag]         v0.4.1                                   -> v0.4.1
Syntax Pre-Check (.mjs)	Run actions/checkout@v6	2026-08-10T15:42:31.6710290Z  * [new tag]         v0.5.0                                   -> v0.5.0
Syntax Pre-Check (.mjs)	Run actions/checkout@v6	2026-08-10T15:42:31.6711082Z  * [new tag]         v0.5.1                                   -> v0.5.1
Syntax Pre-Check (.mjs)	Run actions/checkout@v6	2026-08-10T15:42:31.6711880Z  * [new tag]         v0.5.2                                   -> v0.5.2
Syntax Pre-Check (.mjs)	Run actions/checkout@v6	2026-08-10T15:42:31.6712667Z  * [new tag]         v0.5.3                                   -> v0.5.3
Syntax Pre-Check (.mjs)	Run actions/checkout@v6	2026-08-10T15:42:31.6713447Z  * [new tag]         v0.6.0                                   -> v0.6.0
Syntax Pre-Check (.mjs)	Run actions/checkout@v6	2026-08-10T15:42:31.6714597Z  * [new tag]         v0.7.0                                   -> v0.7.0
Syntax Pre-Check (.mjs)	Run actions/checkout@v6	2026-08-10T15:42:31.6715438Z  * [new tag]         v0.7.1                                   -> v0.7.1
Syntax Pre-Check (.mjs)	Run actions/checkout@v6	2026-08-10T15:42:31.6716277Z  * [new tag]         v0.7.2                                   -> v0.7.2
Syntax Pre-Check (.mjs)	Run actions/checkout@v6	2026-08-10T15:42:31.6717394Z  * [new tag]         v0.7.4                                   -> v0.7.4
Syntax Pre-Check (.mjs)	Run actions/checkout@v6	2026-08-10T15:42:31.6718203Z  * [new tag]         v0.7.5                                   -> v0.7.5
Syntax Pre-Check (.mjs)	Run actions/checkout@v6	2026-08-10T15:42:31.6719591Z  * [new tag]         v0.7.6                                   -> v0.7.6
Syntax Pre-Check (.mjs)	Run actions/checkout@v6	2026-08-10T15:42:31.6721154Z  * [new tag]         v0.9.0                                   -> v0.9.0
Syntax Pre-Check (.mjs)	Run actions/checkout@v6	2026-08-10T15:42:31.6722853Z  * [new ref]         c88600c0d8ff8d80941044138e858ae826ae3010 -> pull/161/merge
Syntax Pre-Check (.mjs)	Run actions/checkout@v6	2026-08-10T15:42:31.6726412Z ##[endgroup]
Syntax Pre-Check (.mjs)	Run actions/checkout@v6	2026-08-10T15:42:31.6727821Z ##[group]Determining the checkout info
Syntax Pre-Check (.mjs)	Run actions/checkout@v6	2026-08-10T15:42:31.6729501Z ##[endgroup]
Syntax Pre-Check (.mjs)	Run actions/checkout@v6	2026-08-10T15:42:31.6730429Z [command]/usr/bin/git sparse-checkout disable
Syntax Pre-Check (.mjs)	Run actions/checkout@v6	2026-08-10T15:42:31.6733171Z [command]/usr/bin/git config --local --unset-all extensions.worktreeConfig
Syntax Pre-Check (.mjs)	Run actions/checkout@v6	2026-08-10T15:42:31.6766010Z ##[group]Checking out the ref
Syntax Pre-Check (.mjs)	Run actions/checkout@v6	2026-08-10T15:42:31.6769433Z [command]/usr/bin/git checkout --progress --force refs/remotes/pull/161/merge
Syntax Pre-Check (.mjs)	Run actions/checkout@v6	2026-08-10T15:42:31.7557743Z Note: switching to 'refs/remotes/pull/161/merge'.
Syntax Pre-Check (.mjs)	Run actions/checkout@v6	2026-08-10T15:42:31.7558646Z 
Syntax Pre-Check (.mjs)	Run actions/checkout@v6	2026-08-10T15:42:31.7559164Z You are in 'detached HEAD' state. You can look around, make experimental
Syntax Pre-Check (.mjs)	Run actions/checkout@v6	2026-08-10T15:42:31.7560417Z changes and commit them, and you can discard any commits you make in this
Syntax Pre-Check (.mjs)	Run actions/checkout@v6	2026-08-10T15:42:31.7561656Z state without impacting any branches by switching back to a branch.
Syntax Pre-Check (.mjs)	Run actions/checkout@v6	2026-08-10T15:42:31.7562394Z 
Syntax Pre-Check (.mjs)	Run actions/checkout@v6	2026-08-10T15:42:31.7562873Z If you want to create a new branch to retain commits you create, you may
Syntax Pre-Check (.mjs)	Run actions/checkout@v6	2026-08-10T15:42:31.7564352Z do so (now or later) by using -c with the switch command. Example:
Syntax Pre-Check (.mjs)	Run actions/checkout@v6	2026-08-10T15:42:31.7565461Z 
Syntax Pre-Check (.mjs)	Run actions/checkout@v6	2026-08-10T15:42:31.7565835Z   git switch -c <new-branch-name>
Syntax Pre-Check (.mjs)	Run actions/checkout@v6	2026-08-10T15:42:31.7566237Z 
Syntax Pre-Check (.mjs)	Run actions/checkout@v6	2026-08-10T15:42:31.7566469Z Or undo this operation with:
Syntax Pre-Check (.mjs)	Run actions/checkout@v6	2026-08-10T15:42:31.7566993Z 
Syntax Pre-Check (.mjs)	Run actions/checkout@v6	2026-08-10T15:42:31.7567344Z   git switch -
Syntax Pre-Check (.mjs)	Run actions/checkout@v6	2026-08-10T15:42:31.7567815Z 
Syntax Pre-Check (.mjs)	Run actions/checkout@v6	2026-08-10T15:42:31.7568641Z Turn off this advice by setting config variable advice.detachedHead to false
Syntax Pre-Check (.mjs)	Run actions/checkout@v6	2026-08-10T15:42:31.7569850Z 
Syntax Pre-Check (.mjs)	Run actions/checkout@v6	2026-08-10T15:42:31.7571099Z HEAD is now at c88600c Merge 3562e612036bcd5e3fa75dcb89d8b334d7a954ac into db1ad4d0b2119148b4ad6e870080f8178a2a8e93
Syntax Pre-Check (.mjs)	Run actions/checkout@v6	2026-08-10T15:42:31.7575631Z ##[endgroup]
Syntax Pre-Check (.mjs)	Run actions/checkout@v6	2026-08-10T15:42:31.7624864Z [command]/usr/bin/git log -1 --format=%H
Syntax Pre-Check (.mjs)	Run actions/checkout@v6	2026-08-10T15:42:31.7654726Z c88600c0d8ff8d80941044138e858ae826ae3010
Syntax Pre-Check (.mjs)	Setup Node.js	﻿2026-08-10T15:42:31.7951574Z ##[group]Run actions/setup-node@v6
Syntax Pre-Check (.mjs)	Setup Node.js	2026-08-10T15:42:31.7952209Z with:
Syntax Pre-Check (.mjs)	Setup Node.js	2026-08-10T15:42:31.7952617Z   node-version: 24.x
Syntax Pre-Check (.mjs)	Setup Node.js	2026-08-10T15:42:31.7953116Z   check-latest: false
Syntax Pre-Check (.mjs)	Setup Node.js	2026-08-10T15:42:31.7957419Z   token: ***
Syntax Pre-Check (.mjs)	Setup Node.js	2026-08-10T15:42:31.7957898Z   package-manager-cache: true
Syntax Pre-Check (.mjs)	Setup Node.js	2026-08-10T15:42:31.7958427Z env:
Syntax Pre-Check (.mjs)	Setup Node.js	2026-08-10T15:42:31.7958916Z   FORCE_JAVASCRIPT_ACTIONS_TO_NODE24: true
Syntax Pre-Check (.mjs)	Setup Node.js	2026-08-10T15:42:31.7959569Z   GIT_CONFIG_COUNT: 1
Syntax Pre-Check (.mjs)	Setup Node.js	2026-08-10T15:42:31.7960115Z   GIT_CONFIG_KEY_0: init.defaultBranch
Syntax Pre-Check (.mjs)	Setup Node.js	2026-08-10T15:42:31.7960740Z   GIT_CONFIG_VALUE_0: main
Syntax Pre-Check (.mjs)	Setup Node.js	2026-08-10T15:42:31.7961271Z ##[endgroup]
Syntax Pre-Check (.mjs)	Setup Node.js	2026-08-10T15:42:31.9317919Z Found in cache @ /opt/hostedtoolcache/node/24.18.0/x64
Syntax Pre-Check (.mjs)	Setup Node.js	2026-08-10T15:42:31.9322849Z ##[group]Environment details
Syntax Pre-Check (.mjs)	Setup Node.js	2026-08-10T15:42:34.6516926Z node: v24.18.0
Syntax Pre-Check (.mjs)	Setup Node.js	2026-08-10T15:42:34.6517430Z npm: 11.16.0
Syntax Pre-Check (.mjs)	Setup Node.js	2026-08-10T15:42:34.6517720Z yarn: 1.22.22
Syntax Pre-Check (.mjs)	Setup Node.js	2026-08-10T15:42:34.6519104Z ##[endgroup]
Syntax Pre-Check (.mjs)	Run syntax check on all .mjs files	﻿2026-08-10T15:42:34.6672205Z ##[group]Run bash scripts/check-mjs-syntax.sh
Syntax Pre-Check (.mjs)	Run syntax check on all .mjs files	2026-08-10T15:42:34.6672766Z ^[[36;1mbash scripts/check-mjs-syntax.sh^[[0m
Syntax Pre-Check (.mjs)	Run syntax check on all .mjs files	2026-08-10T15:42:34.6780470Z shell: /usr/bin/bash -e {0}
Syntax Pre-Check (.mjs)	Run syntax check on all .mjs files	2026-08-10T15:42:34.6780851Z env:
Syntax Pre-Check (.mjs)	Run syntax check on all .mjs files	2026-08-10T15:42:34.6781164Z   FORCE_JAVASCRIPT_ACTIONS_TO_NODE24: true
Syntax Pre-Check (.mjs)	Run syntax check on all .mjs files	2026-08-10T15:42:34.6781562Z   GIT_CONFIG_COUNT: 1
Syntax Pre-Check (.mjs)	Run syntax check on all .mjs files	2026-08-10T15:42:34.6781887Z   GIT_CONFIG_KEY_0: init.defaultBranch
Syntax Pre-Check (.mjs)	Run syntax check on all .mjs files	2026-08-10T15:42:34.6782260Z   GIT_CONFIG_VALUE_0: main
Syntax Pre-Check (.mjs)	Run syntax check on all .mjs files	2026-08-10T15:42:34.6782579Z ##[endgroup]
Syntax Pre-Check (.mjs)	Run syntax check on all .mjs files	2026-08-10T15:42:34.6895123Z Checking syntax for all .mjs files...
Syntax Pre-Check (.mjs)	Run syntax check on all .mjs files	2026-08-10T15:42:34.6905464Z Checking scripts/check-release-needed.mjs...
Syntax Pre-Check (.mjs)	Run syntax check on all .mjs files	2026-08-10T15:42:34.7222327Z Checking scripts/check-test-parity.mjs...
Syntax Pre-Check (.mjs)	Run syntax check on all .mjs files	2026-08-10T15:42:34.7450548Z Checking scripts/publish-to-crates.mjs...
Syntax Pre-Check (.mjs)	Run syntax check on all .mjs files	2026-08-10T15:42:34.7692070Z Checking scripts/check-file-size.mjs...
Syntax Pre-Check (.mjs)	Run syntax check on all .mjs files	2026-08-10T15:42:34.7914964Z Checking scripts/bump-version.mjs...
Syntax Pre-Check (.mjs)	Run syntax check on all .mjs files	2026-08-10T15:42:34.8158834Z Checking scripts/check-js-coverage.mjs...
Syntax Pre-Check (.mjs)	Run syntax check on all .mjs files	2026-08-10T15:42:34.8389086Z Checking scripts/changeset-version.mjs...
Syntax Pre-Check (.mjs)	Run syntax check on all .mjs files	2026-08-10T15:42:34.8621238Z Checking scripts/detect-code-changes.mjs...
Syntax Pre-Check (.mjs)	Run syntax check on all .mjs files	2026-08-10T15:42:34.8861716Z Checking scripts/check-web-archive.mjs...
Syntax Pre-Check (.mjs)	Run syntax check on all .mjs files	2026-08-10T15:42:34.9138850Z Checking scripts/release-name.mjs...
Syntax Pre-Check (.mjs)	Run syntax check on all .mjs files	2026-08-10T15:42:34.9371827Z Checking scripts/get-bump-type.mjs...
Syntax Pre-Check (.mjs)	Run syntax check on all .mjs files	2026-08-10T15:42:34.9640319Z Checking scripts/format-github-release.mjs...
Syntax Pre-Check (.mjs)	Run syntax check on all .mjs files	2026-08-10T15:42:34.9878359Z Checking scripts/backfill-release-notes.mjs...
Syntax Pre-Check (.mjs)	Run syntax check on all .mjs files	2026-08-10T15:42:35.0124841Z Checking scripts/setup-npm.mjs...
Syntax Pre-Check (.mjs)	Run syntax check on all .mjs files	2026-08-10T15:42:35.0355946Z Checking scripts/check-doc-examples.mjs...
Syntax Pre-Check (.mjs)	Run syntax check on all .mjs files	2026-08-10T15:42:35.0599606Z Checking scripts/create-github-release.mjs...
Syntax Pre-Check (.mjs)	Run syntax check on all .mjs files	2026-08-10T15:42:35.0837286Z Checking scripts/publish-to-npm.mjs...
Syntax Pre-Check (.mjs)	Run syntax check on all .mjs files	2026-08-10T15:42:35.1063472Z Checking scripts/merge-changesets.mjs...
Syntax Pre-Check (.mjs)	Run syntax check on all .mjs files	2026-08-10T15:42:35.1285173Z Checking scripts/format-release-notes.mjs...
Syntax Pre-Check (.mjs)	Run syntax check on all .mjs files	2026-08-10T15:42:35.1501755Z Checking scripts/validate-changeset.mjs...
Syntax Pre-Check (.mjs)	Run syntax check on all .mjs files	2026-08-10T15:42:35.1744196Z Checking scripts/debug-print.mjs...
Syntax Pre-Check (.mjs)	Run syntax check on all .mjs files	2026-08-10T15:42:35.1982047Z Checking scripts/instant-version-bump.mjs...
Syntax Pre-Check (.mjs)	Run syntax check on all .mjs files	2026-08-10T15:42:35.2231031Z Checking scripts/preflight-credentials.mjs...
Syntax Pre-Check (.mjs)	Run syntax check on all .mjs files	2026-08-10T15:42:35.2472405Z Checking scripts/version-and-commit.mjs...
Syntax Pre-Check (.mjs)	Run syntax check on all .mjs files	2026-08-10T15:42:35.2722985Z Checking scripts/collect-changelog.mjs...
Syntax Pre-Check (.mjs)	Run syntax check on all .mjs files	2026-08-10T15:42:35.2967110Z Checking scripts/create-manual-changeset.mjs...
Syntax Pre-Check (.mjs)	Run syntax check on all .mjs files	2026-08-10T15:42:35.3218640Z Checking scripts/run-js-tests.mjs...
Syntax Pre-Check (.mjs)	Run syntax check on all .mjs files	2026-08-10T15:42:35.3488258Z Checking scripts/verify-release-badge.mjs...
Syntax Pre-Check (.mjs)	Run syntax check on all .mjs files	2026-08-10T15:42:35.3835983Z Checking js/test/publish-to-crates.mjs...
Syntax Pre-Check (.mjs)	Run syntax check on all .mjs files	2026-08-10T15:42:35.4070830Z Checking js/test/check-js-coverage.mjs...
Syntax Pre-Check (.mjs)	Run syntax check on all .mjs files	2026-08-10T15:42:35.4299748Z Checking js/test/release-name.mjs...
Syntax Pre-Check (.mjs)	Run syntax check on all .mjs files	2026-08-10T15:42:35.4564496Z Checking js/test/create-github-release.mjs...
Syntax Pre-Check (.mjs)	Run syntax check on all .mjs files	2026-08-10T15:42:35.4813558Z Checking js/test/merge-changesets.mjs...
Syntax Pre-Check (.mjs)	Run syntax check on all .mjs files	2026-08-10T15:42:35.5047089Z Checking js/test/run-js-tests.mjs...
Syntax Pre-Check (.mjs)	Run syntax check on all .mjs files	2026-08-10T15:42:35.5285990Z 
Syntax Pre-Check (.mjs)	Run syntax check on all .mjs files	2026-08-10T15:42:35.5286856Z Syntax check passed for 34 file(s).
Syntax Pre-Check (.mjs)	Simulate merge with main (PRs only)	﻿2026-08-10T15:42:35.5349189Z ##[group]Run bash scripts/simulate-fresh-merge.sh --base-ref origin/main
Syntax Pre-Check (.mjs)	Simulate merge with main (PRs only)	2026-08-10T15:42:35.5349792Z ^[[36;1mbash scripts/simulate-fresh-merge.sh --base-ref origin/main^[[0m
Syntax Pre-Check (.mjs)	Simulate merge with main (PRs only)	2026-08-10T15:42:35.5396505Z shell: /usr/bin/bash -e {0}
Syntax Pre-Check (.mjs)	Simulate merge with main (PRs only)	2026-08-10T15:42:35.5396757Z env:
Syntax Pre-Check (.mjs)	Simulate merge with main (PRs only)	2026-08-10T15:42:35.5396966Z   FORCE_JAVASCRIPT_ACTIONS_TO_NODE24: true
Syntax Pre-Check (.mjs)	Simulate merge with main (PRs only)	2026-08-10T15:42:35.5397250Z   GIT_CONFIG_COUNT: 1
Syntax Pre-Check (.mjs)	Simulate merge with main (PRs only)	2026-08-10T15:42:35.5397473Z   GIT_CONFIG_KEY_0: init.defaultBranch
Syntax Pre-Check (.mjs)	Simulate merge with main (PRs only)	2026-08-10T15:42:35.5397729Z   GIT_CONFIG_VALUE_0: main
Syntax Pre-Check (.mjs)	Simulate merge with main (PRs only)	2026-08-10T15:42:35.5397948Z ##[endgroup]
Syntax Pre-Check (.mjs)	Simulate merge with main (PRs only)	2026-08-10T15:42:35.5551811Z Base: origin/main (db1ad4d)
Syntax Pre-Check (.mjs)	Simulate merge with main (PRs only)	2026-08-10T15:42:35.5568947Z Head: c88600c0d8ff8d80941044138e858ae826ae3010 (c88600c)
Syntax Pre-Check (.mjs)	Simulate merge with main (PRs only)	2026-08-10T15:42:35.5569872Z Simulating merge in: /tmp/simulate-merge.R7Qhyg
Syntax Pre-Check (.mjs)	Simulate merge with main (PRs only)	2026-08-10T15:42:35.5570492Z Check command: bash scripts/check-mjs-syntax.sh
Syntax Pre-Check (.mjs)	Simulate merge with main (PRs only)	2026-08-10T15:42:35.5570772Z 
Syntax Pre-Check (.mjs)	Simulate merge with main (PRs only)	2026-08-10T15:42:35.5594065Z Preparing worktree (detached HEAD db1ad4d)
Syntax Pre-Check (.mjs)	Simulate merge with main (PRs only)	2026-08-10T15:42:35.7484336Z 
Syntax Pre-Check (.mjs)	Simulate merge with main (PRs only)	2026-08-10T15:42:35.7485604Z Merged tree built. Running check…
Syntax Pre-Check (.mjs)	Simulate merge with main (PRs only)	2026-08-10T15:42:35.7486053Z 
Syntax Pre-Check (.mjs)	Simulate merge with main (PRs only)	2026-08-10T15:42:35.7509778Z Checking syntax for all .mjs files...
Syntax Pre-Check (.mjs)	Simulate merge with main (PRs only)	2026-08-10T15:42:35.7524901Z Checking scripts/check-release-needed.mjs...
Syntax Pre-Check (.mjs)	Simulate merge with main (PRs only)	2026-08-10T15:42:35.7766275Z Checking scripts/check-test-parity.mjs...
Syntax Pre-Check (.mjs)	Simulate merge with main (PRs only)	2026-08-10T15:42:35.7999367Z Checking scripts/publish-to-crates.mjs...
Syntax Pre-Check (.mjs)	Simulate merge with main (PRs only)	2026-08-10T15:42:35.8244887Z Checking scripts/check-file-size.mjs...
Syntax Pre-Check (.mjs)	Simulate merge with main (PRs only)	2026-08-10T15:42:35.8471897Z Checking scripts/bump-version.mjs...
Syntax Pre-Check (.mjs)	Simulate merge with main (PRs only)	2026-08-10T15:42:35.8719978Z Checking scripts/check-js-coverage.mjs...
Syntax Pre-Check (.mjs)	Simulate merge with main (PRs only)	2026-08-10T15:42:35.8952235Z Checking scripts/changeset-version.mjs...
Syntax Pre-Check (.mjs)	Simulate merge with main (PRs only)	2026-08-10T15:42:35.9182563Z Checking scripts/detect-code-changes.mjs...
Syntax Pre-Check (.mjs)	Simulate merge with main (PRs only)	2026-08-10T15:42:35.9400943Z Checking scripts/check-web-archive.mjs...
Syntax Pre-Check (.mjs)	Simulate merge with main (PRs only)	2026-08-10T15:42:35.9630869Z Checking scripts/release-name.mjs...
Syntax Pre-Check (.mjs)	Simulate merge with main (PRs only)	2026-08-10T15:42:35.9869046Z Checking scripts/get-bump-type.mjs...
Syntax Pre-Check (.mjs)	Simulate merge with main (PRs only)	2026-08-10T15:42:36.0104767Z Checking scripts/format-github-release.mjs...
Syntax Pre-Check (.mjs)	Simulate merge with main (PRs only)	2026-08-10T15:42:36.0331374Z Checking scripts/backfill-release-notes.mjs...
Syntax Pre-Check (.mjs)	Simulate merge with main (PRs only)	2026-08-10T15:42:36.0571909Z Checking scripts/setup-npm.mjs...
Syntax Pre-Check (.mjs)	Simulate merge with main (PRs only)	2026-08-10T15:42:36.0817664Z Checking scripts/check-doc-examples.mjs...
Syntax Pre-Check (.mjs)	Simulate merge with main (PRs only)	2026-08-10T15:42:36.1051976Z Checking scripts/create-github-release.mjs...
Syntax Pre-Check (.mjs)	Simulate merge with main (PRs only)	2026-08-10T15:42:36.1295342Z Checking scripts/publish-to-npm.mjs...
Syntax Pre-Check (.mjs)	Simulate merge with main (PRs only)	2026-08-10T15:42:36.1544563Z Checking scripts/merge-changesets.mjs...
Syntax Pre-Check (.mjs)	Simulate merge with main (PRs only)	2026-08-10T15:42:36.1806255Z Checking scripts/format-release-notes.mjs...
Syntax Pre-Check (.mjs)	Simulate merge with main (PRs only)	2026-08-10T15:42:36.2054701Z Checking scripts/validate-changeset.mjs...
Syntax Pre-Check (.mjs)	Simulate merge with main (PRs only)	2026-08-10T15:42:36.2280786Z Checking scripts/debug-print.mjs...
Syntax Pre-Check (.mjs)	Simulate merge with main (PRs only)	2026-08-10T15:42:36.2511807Z Checking scripts/instant-version-bump.mjs...
Syntax Pre-Check (.mjs)	Simulate merge with main (PRs only)	2026-08-10T15:42:36.2738367Z Checking scripts/preflight-credentials.mjs...
Syntax Pre-Check (.mjs)	Simulate merge with main (PRs only)	2026-08-10T15:42:36.2985858Z Checking scripts/version-and-commit.mjs...
Syntax Pre-Check (.mjs)	Simulate merge with main (PRs only)	2026-08-10T15:42:36.3230742Z Checking scripts/collect-changelog.mjs...
Syntax Pre-Check (.mjs)	Simulate merge with main (PRs only)	2026-08-10T15:42:36.3457158Z Checking scripts/create-manual-changeset.mjs...
Syntax Pre-Check (.mjs)	Simulate merge with main (PRs only)	2026-08-10T15:42:36.3719696Z Checking scripts/run-js-tests.mjs...
Syntax Pre-Check (.mjs)	Simulate merge with main (PRs only)	2026-08-10T15:42:36.3961321Z Checking scripts/verify-release-badge.mjs...
Syntax Pre-Check (.mjs)	Simulate merge with main (PRs only)	2026-08-10T15:42:36.4211474Z Checking js/test/publish-to-crates.mjs...
Syntax Pre-Check (.mjs)	Simulate merge with main (PRs only)	2026-08-10T15:42:36.4453634Z Checking js/test/check-js-coverage.mjs...
Syntax Pre-Check (.mjs)	Simulate merge with main (PRs only)	2026-08-10T15:42:36.4680683Z Checking js/test/release-name.mjs...
Syntax Pre-Check (.mjs)	Simulate merge with main (PRs only)	2026-08-10T15:42:36.4949099Z Checking js/test/create-github-release.mjs...
Syntax Pre-Check (.mjs)	Simulate merge with main (PRs only)	2026-08-10T15:42:36.5183074Z Checking js/test/merge-changesets.mjs...
Syntax Pre-Check (.mjs)	Simulate merge with main (PRs only)	2026-08-10T15:42:36.5408251Z Checking js/test/run-js-tests.mjs...
Syntax Pre-Check (.mjs)	Simulate merge with main (PRs only)	2026-08-10T15:42:36.5636201Z 
Syntax Pre-Check (.mjs)	Simulate merge with main (PRs only)	2026-08-10T15:42:36.5636694Z Syntax check passed for 34 file(s).
Syntax Pre-Check (.mjs)	Simulate merge with main (PRs only)	2026-08-10T15:42:36.5639365Z 
Syntax Pre-Check (.mjs)	Simulate merge with main (PRs only)	2026-08-10T15:42:36.5640139Z ✅ simulate-fresh-merge: clean merge, check passed.
Syntax Pre-Check (.mjs)	Post Setup Node.js	﻿2026-08-10T15:42:36.5930756Z Post job cleanup.
Syntax Pre-Check (.mjs)	Post Run actions/checkout@v6	﻿2026-08-10T15:42:36.7302608Z Post job cleanup.
Syntax Pre-Check (.mjs)	Post Run actions/checkout@v6	2026-08-10T15:42:36.8163403Z [command]/usr/bin/git version
Syntax Pre-Check (.mjs)	Post Run actions/checkout@v6	2026-08-10T15:42:36.8205358Z git version 2.54.0
Syntax Pre-Check (.mjs)	Post Run actions/checkout@v6	2026-08-10T15:42:36.8244456Z Temporarily overriding HOME='/home/runner/work/_temp/3ebc273b-e42f-46a2-a5f7-112b4867f131' before making global git config changes
Syntax Pre-Check (.mjs)	Post Run actions/checkout@v6	2026-08-10T15:42:36.8246174Z Adding repository directory to the temporary git global config as a safe directory
Syntax Pre-Check (.mjs)	Post Run actions/checkout@v6	2026-08-10T15:42:36.8249480Z [command]/usr/bin/git config --global --add safe.directory /home/runner/work/start/start
Syntax Pre-Check (.mjs)	Post Run actions/checkout@v6	2026-08-10T15:42:36.8281005Z Removing SSH command configuration
Syntax Pre-Check (.mjs)	Post Run actions/checkout@v6	2026-08-10T15:42:36.8288508Z [command]/usr/bin/git config --local --name-only --get-regexp core\.sshCommand
Syntax Pre-Check (.mjs)	Post Run actions/checkout@v6	2026-08-10T15:42:36.8325317Z [command]/usr/bin/git submodule foreach --recursive sh -c "git config --local --name-only --get-regexp 'core\.sshCommand' && git config --local --unset-all 'core.sshCommand' || :"
Syntax Pre-Check (.mjs)	Post Run actions/checkout@v6	2026-08-10T15:42:36.8598835Z Removing HTTP extra header
Syntax Pre-Check (.mjs)	Post Run actions/checkout@v6	2026-08-10T15:42:36.8604162Z [command]/usr/bin/git config --local --name-only --get-regexp http\.https\:\/\/github\.com\/\.extraheader
Syntax Pre-Check (.mjs)	Post Run actions/checkout@v6	2026-08-10T15:42:36.8642710Z [command]/usr/bin/git submodule foreach --recursive sh -c "git config --local --name-only --get-regexp 'http\.https\:\/\/github\.com\/\.extraheader' && git config --local --unset-all 'http.https://github.com/.extraheader' || :"
Syntax Pre-Check (.mjs)	Post Run actions/checkout@v6	2026-08-10T15:42:36.8902950Z Removing includeIf entries pointing to credentials config files
Syntax Pre-Check (.mjs)	Post Run actions/checkout@v6	2026-08-10T15:42:36.8913877Z [command]/usr/bin/git config --local --name-only --get-regexp ^includeIf\.gitdir:
Syntax Pre-Check (.mjs)	Post Run actions/checkout@v6	2026-08-10T15:42:36.8949582Z includeif.gitdir:/home/runner/work/start/start/.git.path
Syntax Pre-Check (.mjs)	Post Run actions/checkout@v6	2026-08-10T15:42:36.8950483Z includeif.gitdir:/home/runner/work/start/start/.git/worktrees/*.path
Syntax Pre-Check (.mjs)	Post Run actions/checkout@v6	2026-08-10T15:42:36.8951137Z includeif.gitdir:/github/workspace/.git.path
Syntax Pre-Check (.mjs)	Post Run actions/checkout@v6	2026-08-10T15:42:36.8951700Z includeif.gitdir:/github/workspace/.git/worktrees/*.path
Syntax Pre-Check (.mjs)	Post Run actions/checkout@v6	2026-08-10T15:42:36.8962128Z [command]/usr/bin/git config --local --get-all includeif.gitdir:/home/runner/work/start/start/.git.path
Syntax Pre-Check (.mjs)	Post Run actions/checkout@v6	2026-08-10T15:42:36.8990440Z /home/runner/work/_temp/git-credentials-64787bf6-d22d-4d5e-b5b8-87dc41d7f67b.config
Syntax Pre-Check (.mjs)	Post Run actions/checkout@v6	2026-08-10T15:42:36.9003265Z [command]/usr/bin/git config --local --unset includeif.gitdir:/home/runner/work/start/start/.git.path /home/runner/work/_temp/git-credentials-64787bf6-d22d-4d5e-b5b8-87dc41d7f67b.config
Syntax Pre-Check (.mjs)	Post Run actions/checkout@v6	2026-08-10T15:42:36.9055402Z [command]/usr/bin/git config --local --get-all includeif.gitdir:/home/runner/work/start/start/.git/worktrees/*.path
Syntax Pre-Check (.mjs)	Post Run actions/checkout@v6	2026-08-10T15:42:36.9083806Z /home/runner/work/_temp/git-credentials-64787bf6-d22d-4d5e-b5b8-87dc41d7f67b.config
Syntax Pre-Check (.mjs)	Post Run actions/checkout@v6	2026-08-10T15:42:36.9098268Z [command]/usr/bin/git config --local --unset includeif.gitdir:/home/runner/work/start/start/.git/worktrees/*.path /home/runner/work/_temp/git-credentials-64787bf6-d22d-4d5e-b5b8-87dc41d7f67b.config
Syntax Pre-Check (.mjs)	Post Run actions/checkout@v6	2026-08-10T15:42:36.9135857Z [command]/usr/bin/git config --local --get-all includeif.gitdir:/github/workspace/.git.path
Syntax Pre-Check (.mjs)	Post Run actions/checkout@v6	2026-08-10T15:42:36.9161148Z /github/runner_temp/git-credentials-64787bf6-d22d-4d5e-b5b8-87dc41d7f67b.config
Syntax Pre-Check (.mjs)	Post Run actions/checkout@v6	2026-08-10T15:42:36.9171530Z [command]/usr/bin/git config --local --unset includeif.gitdir:/github/workspace/.git.path /github/runner_temp/git-credentials-64787bf6-d22d-4d5e-b5b8-87dc41d7f67b.config
Syntax Pre-Check (.mjs)	Post Run actions/checkout@v6	2026-08-10T15:42:36.9208751Z [command]/usr/bin/git config --local --get-all includeif.gitdir:/github/workspace/.git/worktrees/*.path
Syntax Pre-Check (.mjs)	Post Run actions/checkout@v6	2026-08-10T15:42:36.9234152Z /github/runner_temp/git-credentials-64787bf6-d22d-4d5e-b5b8-87dc41d7f67b.config
Syntax Pre-Check (.mjs)	Post Run actions/checkout@v6	2026-08-10T15:42:36.9243547Z [command]/usr/bin/git config --local --unset includeif.gitdir:/github/workspace/.git/worktrees/*.path /github/runner_temp/git-credentials-64787bf6-d22d-4d5e-b5b8-87dc41d7f67b.config
Syntax Pre-Check (.mjs)	Post Run actions/checkout@v6	2026-08-10T15:42:36.9287990Z [command]/usr/bin/git submodule foreach --recursive git config --local --show-origin --name-only --get-regexp remote.origin.url
Syntax Pre-Check (.mjs)	Post Run actions/checkout@v6	2026-08-10T15:42:36.9508371Z Removing credentials config '/home/runner/work/_temp/git-credentials-64787bf6-d22d-4d5e-b5b8-87dc41d7f67b.config'
Syntax Pre-Check (.mjs)	Complete job	﻿2026-08-10T15:42:36.9648931Z Cleaning up orphan processes
Detect Changes	Set up job	﻿2026-08-10T15:42:30.4293012Z Current runner version: '2.336.0'
Detect Changes	Set up job	2026-08-10T15:42:30.4318258Z ##[group]Runner Image Provisioner
Detect Changes	Set up job	2026-08-10T15:42:30.4319158Z Hosted Compute Agent
Detect Changes	Set up job	2026-08-10T15:42:30.4320060Z Version: 20260707.563
Detect Changes	Set up job	2026-08-10T15:42:30.4320771Z Commit: 02667638d2b423fbc733a8e32a88b44996a3ba6e
Detect Changes	Set up job	2026-08-10T15:42:30.4321510Z Build Date: 2026-07-07T19:33:50Z
Detect Changes	Set up job	2026-08-10T15:42:30.4322179Z Worker ID: {63fa3a28-d9d0-435d-9e85-8c52d4d1a312}
Detect Changes	Set up job	2026-08-10T15:42:30.4322951Z Azure Region: westus2
Detect Changes	Set up job	2026-08-10T15:42:30.4323559Z ##[endgroup]
Detect Changes	Set up job	2026-08-10T15:42:30.4325083Z ##[group]Operating System
Detect Changes	Set up job	2026-08-10T15:42:30.4325751Z Ubuntu
Detect Changes	Set up job	2026-08-10T15:42:30.4326274Z 24.04.4
Detect Changes	Set up job	2026-08-10T15:42:30.4326828Z LTS
Detect Changes	Set up job	2026-08-10T15:42:30.4327373Z ##[endgroup]
Detect Changes	Set up job	2026-08-10T15:42:30.4327913Z ##[group]Runner Image
Detect Changes	Set up job	2026-08-10T15:42:30.4328562Z Image: ubuntu-24.04
Detect Changes	Set up job	2026-08-10T15:42:30.4329138Z Version: 20260720.247.2
Detect Changes	Set up job	2026-08-10T15:42:30.4330704Z Included Software: https://github.com/actions/runner-images/blob/ubuntu24/20260720.247/images/ubuntu/Ubuntu2404-Readme.md
Detect Changes	Set up job	2026-08-10T15:42:30.4332486Z Image Release: https://github.com/actions/runner-images/releases/tag/ubuntu24%2F20260720.247
Detect Changes	Set up job	2026-08-10T15:42:30.4333508Z ##[endgroup]
Detect Changes	Set up job	2026-08-10T15:42:30.4334600Z ##[group]GITHUB_TOKEN Permissions
Detect Changes	Set up job	2026-08-10T15:42:30.4336733Z Contents: read
Detect Changes	Set up job	2026-08-10T15:42:30.4337406Z Metadata: read
Detect Changes	Set up job	2026-08-10T15:42:30.4337956Z ##[endgroup]
Detect Changes	Set up job	2026-08-10T15:42:30.4340324Z Secret source: Actions
Detect Changes	Set up job	2026-08-10T15:42:30.4341393Z Prepare workflow directory
Detect Changes	Set up job	2026-08-10T15:42:30.4755623Z Prepare all required actions
Detect Changes	Set up job	2026-08-10T15:42:30.4828385Z Getting action download info
Detect Changes	Set up job	2026-08-10T15:42:30.8577167Z Download action repository 'actions/checkout@v6' (SHA:d23441a48e516b6c34aea4fa41551a30e30af803)
Detect Changes	Set up job	2026-08-10T15:42:31.1809338Z Download action repository 'actions/setup-node@v6' (SHA:249970729cb0ef3589644e2896645e5dc5ba9c38)
Detect Changes	Set up job	2026-08-10T15:42:31.5595658Z Complete job name: Detect Changes
Detect Changes	Run actions/checkout@v6	﻿2026-08-10T15:42:31.6406942Z ##[group]Run actions/checkout@v6
Detect Changes	Run actions/checkout@v6	2026-08-10T15:42:31.6407957Z with:
Detect Changes	Run actions/checkout@v6	2026-08-10T15:42:31.6408415Z   fetch-depth: 0
Detect Changes	Run actions/checkout@v6	2026-08-10T15:42:31.6408960Z   repository: link-foundation/start
Detect Changes	Run actions/checkout@v6	2026-08-10T15:42:31.6413906Z   token: ***
Detect Changes	Run actions/checkout@v6	2026-08-10T15:42:31.6414384Z   ssh-strict: true
Detect Changes	Run actions/checkout@v6	2026-08-10T15:42:31.6414854Z   ssh-user: git
Detect Changes	Run actions/checkout@v6	2026-08-10T15:42:31.6415336Z   persist-credentials: true
Detect Changes	Run actions/checkout@v6	2026-08-10T15:42:31.6415876Z   clean: true
Detect Changes	Run actions/checkout@v6	2026-08-10T15:42:31.6416349Z   sparse-checkout-cone-mode: true
Detect Changes	Run actions/checkout@v6	2026-08-10T15:42:31.6416942Z   fetch-tags: false
Detect Changes	Run actions/checkout@v6	2026-08-10T15:42:31.6417456Z   show-progress: true
Detect Changes	Run actions/checkout@v6	2026-08-10T15:42:31.6417997Z   lfs: false
Detect Changes	Run actions/checkout@v6	2026-08-10T15:42:31.6418494Z   submodules: false
Detect Changes	Run actions/checkout@v6	2026-08-10T15:42:31.6419045Z   set-safe-directory: true
Detect Changes	Run actions/checkout@v6	2026-08-10T15:42:31.6419787Z   allow-unsafe-pr-checkout: false
Detect Changes	Run actions/checkout@v6	2026-08-10T15:42:31.6420648Z env:
Detect Changes	Run actions/checkout@v6	2026-08-10T15:42:31.6421151Z   FORCE_JAVASCRIPT_ACTIONS_TO_NODE24: true
Detect Changes	Run actions/checkout@v6	2026-08-10T15:42:31.6421799Z   GIT_CONFIG_COUNT: 1
Detect Changes	Run actions/checkout@v6	2026-08-10T15:42:31.6422331Z   GIT_CONFIG_KEY_0: init.defaultBranch
Detect Changes	Run actions/checkout@v6	2026-08-10T15:42:31.6423002Z   GIT_CONFIG_VALUE_0: main
Detect Changes	Run actions/checkout@v6	2026-08-10T15:42:31.6423515Z ##[endgroup]
Detect Changes	Run actions/checkout@v6	2026-08-10T15:42:31.7415055Z Syncing repository: link-foundation/start
Detect Changes	Run actions/checkout@v6	2026-08-10T15:42:31.7417155Z ##[group]Getting Git version info
Detect Changes	Run actions/checkout@v6	2026-08-10T15:42:31.7417966Z Working directory is '/home/runner/work/start/start'
Detect Changes	Run actions/checkout@v6	2026-08-10T15:42:31.7419087Z [command]/usr/bin/git version
Detect Changes	Run actions/checkout@v6	2026-08-10T15:42:31.7579386Z git version 2.54.0
Detect Changes	Run actions/checkout@v6	2026-08-10T15:42:31.7606338Z ##[endgroup]
Detect Changes	Run actions/checkout@v6	2026-08-10T15:42:31.7631809Z Temporarily overriding HOME='/home/runner/work/_temp/fa6c34f2-3394-437e-a989-745124ece057' before making global git config changes
Detect Changes	Run actions/checkout@v6	2026-08-10T15:42:31.7634825Z Adding repository directory to the temporary git global config as a safe directory
Detect Changes	Run actions/checkout@v6	2026-08-10T15:42:31.7637339Z [command]/usr/bin/git config --global --add safe.directory /home/runner/work/start/start
Detect Changes	Run actions/checkout@v6	2026-08-10T15:42:31.7687125Z Deleting the contents of '/home/runner/work/start/start'
Detect Changes	Run actions/checkout@v6	2026-08-10T15:42:31.7694376Z ##[group]Determining repository object format
Detect Changes	Run actions/checkout@v6	2026-08-10T15:42:31.7695481Z ##[endgroup]
Detect Changes	Run actions/checkout@v6	2026-08-10T15:42:31.7696557Z ##[group]Initializing the repository
Detect Changes	Run actions/checkout@v6	2026-08-10T15:42:31.7698400Z [command]/usr/bin/git init /home/runner/work/start/start
Detect Changes	Run actions/checkout@v6	2026-08-10T15:42:31.7847942Z Initialized empty Git repository in /home/runner/work/start/start/.git/
Detect Changes	Run actions/checkout@v6	2026-08-10T15:42:31.7868213Z [command]/usr/bin/git remote add origin https://github.com/link-foundation/start
Detect Changes	Run actions/checkout@v6	2026-08-10T15:42:31.7926955Z ##[endgroup]
Detect Changes	Run actions/checkout@v6	2026-08-10T15:42:31.7928521Z ##[group]Disabling automatic garbage collection
Detect Changes	Run actions/checkout@v6	2026-08-10T15:42:31.7932241Z [command]/usr/bin/git config --local gc.auto 0
Detect Changes	Run actions/checkout@v6	2026-08-10T15:42:31.7967268Z ##[endgroup]
Detect Changes	Run actions/checkout@v6	2026-08-10T15:42:31.7968769Z ##[group]Setting up auth
Detect Changes	Run actions/checkout@v6	2026-08-10T15:42:31.7970067Z Removing SSH command configuration
Detect Changes	Run actions/checkout@v6	2026-08-10T15:42:31.7976643Z [command]/usr/bin/git config --local --name-only --get-regexp core\.sshCommand
Detect Changes	Run actions/checkout@v6	2026-08-10T15:42:31.8026730Z [command]/usr/bin/git submodule foreach --recursive sh -c "git config --local --name-only --get-regexp 'core\.sshCommand' && git config --local --unset-all 'core.sshCommand' || :"
Detect Changes	Run actions/checkout@v6	2026-08-10T15:42:31.8452340Z Removing HTTP extra header
Detect Changes	Run actions/checkout@v6	2026-08-10T15:42:31.8459136Z [command]/usr/bin/git config --local --name-only --get-regexp http\.https\:\/\/github\.com\/\.extraheader
Detect Changes	Run actions/checkout@v6	2026-08-10T15:42:31.8496779Z [command]/usr/bin/git submodule foreach --recursive sh -c "git config --local --name-only --get-regexp 'http\.https\:\/\/github\.com\/\.extraheader' && git config --local --unset-all 'http.https://github.com/.extraheader' || :"
Detect Changes	Run actions/checkout@v6	2026-08-10T15:42:31.8715418Z Removing includeIf entries pointing to credentials config files
Detect Changes	Run actions/checkout@v6	2026-08-10T15:42:31.8721733Z [command]/usr/bin/git config --local --name-only --get-regexp ^includeIf\.gitdir:
Detect Changes	Run actions/checkout@v6	2026-08-10T15:42:31.8756825Z [command]/usr/bin/git submodule foreach --recursive git config --local --show-origin --name-only --get-regexp remote.origin.url
Detect Changes	Run actions/checkout@v6	2026-08-10T15:42:31.8984228Z [command]/usr/bin/git config --file /home/runner/work/_temp/git-credentials-667d6ad7-cbe1-4745-9060-36e7144d0b55.config http.https://github.com/.extraheader AUTHORIZATION: basic ***
Detect Changes	Run actions/checkout@v6	2026-08-10T15:42:31.9025293Z [command]/usr/bin/git config --local includeIf.gitdir:/home/runner/work/start/start/.git.path /home/runner/work/_temp/git-credentials-667d6ad7-cbe1-4745-9060-36e7144d0b55.config
Detect Changes	Run actions/checkout@v6	2026-08-10T15:42:31.9060058Z [command]/usr/bin/git config --local includeIf.gitdir:/home/runner/work/start/start/.git/worktrees/*.path /home/runner/work/_temp/git-credentials-667d6ad7-cbe1-4745-9060-36e7144d0b55.config
Detect Changes	Run actions/checkout@v6	2026-08-10T15:42:31.9105213Z [command]/usr/bin/git config --local includeIf.gitdir:/github/workspace/.git.path /github/runner_temp/git-credentials-667d6ad7-cbe1-4745-9060-36e7144d0b55.config
Detect Changes	Run actions/checkout@v6	2026-08-10T15:42:31.9138486Z [command]/usr/bin/git config --local includeIf.gitdir:/github/workspace/.git/worktrees/*.path /github/runner_temp/git-credentials-667d6ad7-cbe1-4745-9060-36e7144d0b55.config
Detect Changes	Run actions/checkout@v6	2026-08-10T15:42:31.9167984Z ##[endgroup]
Detect Changes	Run actions/checkout@v6	2026-08-10T15:42:31.9169827Z ##[group]Fetching the repository
Detect Changes	Run actions/checkout@v6	2026-08-10T15:42:31.9177884Z [command]/usr/bin/git -c protocol.version=2 fetch --no-tags --prune --no-recurse-submodules origin +refs/heads/*:refs/remotes/origin/* +refs/tags/*:refs/tags/* +c88600c0d8ff8d80941044138e858ae826ae3010:refs/remotes/pull/161/merge
Detect Changes	Run actions/checkout@v6	2026-08-10T15:42:32.7066385Z From https://github.com/link-foundation/start
Detect Changes	Run actions/checkout@v6	2026-08-10T15:42:32.7069214Z  * [new branch]      issue-1-06306849                         -> origin/issue-1-06306849
Detect Changes	Run actions/checkout@v6	2026-08-10T15:42:32.7071717Z  * [new branch]      issue-101-f6ea3a87b1de                   -> origin/issue-101-f6ea3a87b1de
Detect Changes	Run actions/checkout@v6	2026-08-10T15:42:32.7074135Z  * [new branch]      issue-103-d2eee141f4bc                   -> origin/issue-103-d2eee141f4bc
Detect Changes	Run actions/checkout@v6	2026-08-10T15:42:32.7076232Z  * [new branch]      issue-105-0edd650b7149                   -> origin/issue-105-0edd650b7149
Detect Changes	Run actions/checkout@v6	2026-08-10T15:42:32.7078308Z  * [new branch]      issue-108-c821d8a93f01                   -> origin/issue-108-c821d8a93f01
Detect Changes	Run actions/checkout@v6	2026-08-10T15:42:32.7081531Z  * [new branch]      issue-11-1524425f0588                    -> origin/issue-11-1524425f0588
Detect Changes	Run actions/checkout@v6	2026-08-10T15:42:32.7084283Z  * [new branch]      issue-110-c1b9267a2743                   -> origin/issue-110-c1b9267a2743
Detect Changes	Run actions/checkout@v6	2026-08-10T15:42:32.7086754Z  * [new branch]      issue-112-46af7527c0d9                   -> origin/issue-112-46af7527c0d9
Detect Changes	Run actions/checkout@v6	2026-08-10T15:42:32.7089075Z  * [new branch]      issue-114-8181f01863b9                   -> origin/issue-114-8181f01863b9
Detect Changes	Run actions/checkout@v6	2026-08-10T15:42:32.7091981Z  * [new branch]      issue-116-01c61894edbd                   -> origin/issue-116-01c61894edbd
Detect Changes	Run actions/checkout@v6	2026-08-10T15:42:32.7094635Z  * [new branch]      issue-118-4ed21210786f                   -> origin/issue-118-4ed21210786f
Detect Changes	Run actions/checkout@v6	2026-08-10T15:42:32.7097141Z  * [new branch]      issue-120-22538e16da80                   -> origin/issue-120-22538e16da80
Detect Changes	Run actions/checkout@v6	2026-08-10T15:42:32.7099800Z  * [new branch]      issue-122-9e4e6b1efac6                   -> origin/issue-122-9e4e6b1efac6
Detect Changes	Run actions/checkout@v6	2026-08-10T15:42:32.7102187Z  * [new branch]      issue-124-0288905fdd33                   -> origin/issue-124-0288905fdd33
Detect Changes	Run actions/checkout@v6	2026-08-10T15:42:32.7104559Z  * [new branch]      issue-126-c5c8579b3ab4                   -> origin/issue-126-c5c8579b3ab4
Detect Changes	Run actions/checkout@v6	2026-08-10T15:42:32.7106928Z  * [new branch]      issue-128-9d904e7dd227                   -> origin/issue-128-9d904e7dd227
Detect Changes	Run actions/checkout@v6	2026-08-10T15:42:32.7109325Z  * [new branch]      issue-13-52ae2ce06ee2                    -> origin/issue-13-52ae2ce06ee2
Detect Changes	Run actions/checkout@v6	2026-08-10T15:42:32.7111819Z  * [new branch]      issue-130-cefa8a965461                   -> origin/issue-130-cefa8a965461
Detect Changes	Run actions/checkout@v6	2026-08-10T15:42:32.7114367Z  * [new branch]      issue-132-81888ef731d7                   -> origin/issue-132-81888ef731d7
Detect Changes	Run actions/checkout@v6	2026-08-10T15:42:32.7116885Z  * [new branch]      issue-134-1a26eb545a18                   -> origin/issue-134-1a26eb545a18
Detect Changes	Run actions/checkout@v6	2026-08-10T15:42:32.7119958Z  * [new branch]      issue-136-cffa39dbc470                   -> origin/issue-136-cffa39dbc470
Detect Changes	Run actions/checkout@v6	2026-08-10T15:42:32.7122596Z  * [new branch]      issue-138-3f4ef74d216e                   -> origin/issue-138-3f4ef74d216e
Detect Changes	Run actions/checkout@v6	2026-08-10T15:42:32.7125146Z  * [new branch]      issue-140-55c0984f3705                   -> origin/issue-140-55c0984f3705
Detect Changes	Run actions/checkout@v6	2026-08-10T15:42:32.7128033Z  * [new branch]      issue-142-e63b64dd46e6                   -> origin/issue-142-e63b64dd46e6
Detect Changes	Run actions/checkout@v6	2026-08-10T15:42:32.7131070Z  * [new branch]      issue-144-d8d3fb7dfd56                   -> origin/issue-144-d8d3fb7dfd56
Detect Changes	Run actions/checkout@v6	2026-08-10T15:42:32.7133654Z  * [new branch]      issue-146-5fd1b386b75b                   -> origin/issue-146-5fd1b386b75b
Detect Changes	Run actions/checkout@v6	2026-08-10T15:42:32.7136117Z  * [new branch]      issue-148-799a293d3d5b                   -> origin/issue-148-799a293d3d5b
Detect Changes	Run actions/checkout@v6	2026-08-10T15:42:32.7138585Z  * [new branch]      issue-15-ccfe6d130337                    -> origin/issue-15-ccfe6d130337
Detect Changes	Run actions/checkout@v6	2026-08-10T15:42:32.7141479Z  * [new branch]      issue-15-d3d0f1c82afa                    -> origin/issue-15-d3d0f1c82afa
Detect Changes	Run actions/checkout@v6	2026-08-10T15:42:32.7144112Z  * [new branch]      issue-150-140b61c8f491                   -> origin/issue-150-140b61c8f491
Detect Changes	Run actions/checkout@v6	2026-08-10T15:42:32.7146576Z  * [new branch]      issue-151-50e985780da1                   -> origin/issue-151-50e985780da1
Detect Changes	Run actions/checkout@v6	2026-08-10T15:42:32.7149153Z  * [new branch]      issue-154-73165f3b5cf7                   -> origin/issue-154-73165f3b5cf7
Detect Changes	Run actions/checkout@v6	2026-08-10T15:42:32.7151977Z  * [new branch]      issue-156-a9778f176d79                   -> origin/issue-156-a9778f176d79
Detect Changes	Run actions/checkout@v6	2026-08-10T15:42:32.7154546Z  * [new branch]      issue-158-ecf4c4dc2e55                   -> origin/issue-158-ecf4c4dc2e55
Detect Changes	Run actions/checkout@v6	2026-08-10T15:42:32.7157083Z  * [new branch]      issue-160-9bad94da73d2                   -> origin/issue-160-9bad94da73d2
Detect Changes	Run actions/checkout@v6	2026-08-10T15:42:32.7159678Z  * [new branch]      issue-18-acfe3ddbe902                    -> origin/issue-18-acfe3ddbe902
Detect Changes	Run actions/checkout@v6	2026-08-10T15:42:32.7162186Z  * [new branch]      issue-19-83cfc521f662                    -> origin/issue-19-83cfc521f662
Detect Changes	Run actions/checkout@v6	2026-08-10T15:42:32.7164590Z  * [new branch]      issue-22-08e44246441d                    -> origin/issue-22-08e44246441d
Detect Changes	Run actions/checkout@v6	2026-08-10T15:42:32.7166937Z  * [new branch]      issue-22-2d1c04999e6d                    -> origin/issue-22-2d1c04999e6d
Detect Changes	Run actions/checkout@v6	2026-08-10T15:42:32.7169616Z  * [new branch]      issue-25-6419574a6cfe                    -> origin/issue-25-6419574a6cfe
Detect Changes	Run actions/checkout@v6	2026-08-10T15:42:32.7172344Z  * [new branch]      issue-25-8fe656da1123                    -> origin/issue-25-8fe656da1123
Detect Changes	Run actions/checkout@v6	2026-08-10T15:42:32.7174785Z  * [new branch]      issue-28-9a07df20ebbb                    -> origin/issue-28-9a07df20ebbb
Detect Changes	Run actions/checkout@v6	2026-08-10T15:42:32.7177075Z  * [new branch]      issue-3-908abf67e50f                     -> origin/issue-3-908abf67e50f
Detect Changes	Run actions/checkout@v6	2026-08-10T15:42:32.7179368Z  * [new branch]      issue-30-3c74b37eedc9                    -> origin/issue-30-3c74b37eedc9
Detect Changes	Run actions/checkout@v6	2026-08-10T15:42:32.7181925Z  * [new branch]      issue-31-e419d5f83f9d                    -> origin/issue-31-e419d5f83f9d
Detect Changes	Run actions/checkout@v6	2026-08-10T15:42:32.7184249Z  * [new branch]      issue-34-fcfbf90ca3a5                    -> origin/issue-34-fcfbf90ca3a5
Detect Changes	Run actions/checkout@v6	2026-08-10T15:42:32.7186582Z  * [new branch]      issue-36-4d2e05cadca2                    -> origin/issue-36-4d2e05cadca2
Detect Changes	Run actions/checkout@v6	2026-08-10T15:42:32.7188884Z  * [new branch]      issue-38-8d65d5c6dcf1                    -> origin/issue-38-8d65d5c6dcf1
Detect Changes	Run actions/checkout@v6	2026-08-10T15:42:32.7191362Z  * [new branch]      issue-40-500ee5a3c836                    -> origin/issue-40-500ee5a3c836
Detect Changes	Run actions/checkout@v6	2026-08-10T15:42:32.7193721Z  * [new branch]      issue-42-231914cdf85a                    -> origin/issue-42-231914cdf85a
Detect Changes	Run actions/checkout@v6	2026-08-10T15:42:32.7195995Z  * [new branch]      issue-44-05c1999867e1                    -> origin/issue-44-05c1999867e1
Detect Changes	Run actions/checkout@v6	2026-08-10T15:42:32.7198216Z  * [new branch]      issue-46-db1336ec1bd4                    -> origin/issue-46-db1336ec1bd4
Detect Changes	Run actions/checkout@v6	2026-08-10T15:42:32.7200825Z  * [new branch]      issue-49-49badfb087ae                    -> origin/issue-49-49badfb087ae
Detect Changes	Run actions/checkout@v6	2026-08-10T15:42:32.7203085Z  * [new branch]      issue-5-e920ed9704b1                     -> origin/issue-5-e920ed9704b1
Detect Changes	Run actions/checkout@v6	2026-08-10T15:42:32.7205351Z  * [new branch]      issue-51-ce9116974281                    -> origin/issue-51-ce9116974281
Detect Changes	Run actions/checkout@v6	2026-08-10T15:42:32.7207575Z  * [new branch]      issue-53-3037eb51507e                    -> origin/issue-53-3037eb51507e
Detect Changes	Run actions/checkout@v6	2026-08-10T15:42:32.7210359Z  * [new branch]      issue-55-62ca352b2854                    -> origin/issue-55-62ca352b2854
Detect Changes	Run actions/checkout@v6	2026-08-10T15:42:32.7212762Z  * [new branch]      issue-57-319974e37702                    -> origin/issue-57-319974e37702
Detect Changes	Run actions/checkout@v6	2026-08-10T15:42:32.7215012Z  * [new branch]      issue-57-9389c40a25d3                    -> origin/issue-57-9389c40a25d3
Detect Changes	Run actions/checkout@v6	2026-08-10T15:42:32.7217262Z  * [new branch]      issue-60-23ad1508ca00                    -> origin/issue-60-23ad1508ca00
Detect Changes	Run actions/checkout@v6	2026-08-10T15:42:32.7219870Z  * [new branch]      issue-62-0bf0e6dba402                    -> origin/issue-62-0bf0e6dba402
Detect Changes	Run actions/checkout@v6	2026-08-10T15:42:32.7222158Z  * [new branch]      issue-64-531bd4a9716c                    -> origin/issue-64-531bd4a9716c
Detect Changes	Run actions/checkout@v6	2026-08-10T15:42:32.7224480Z  * [new branch]      issue-66-b4bebb964b80                    -> origin/issue-66-b4bebb964b80
Detect Changes	Run actions/checkout@v6	2026-08-10T15:42:32.7226758Z  * [new branch]      issue-67-c74bf55321d9                    -> origin/issue-67-c74bf55321d9
Detect Changes	Run actions/checkout@v6	2026-08-10T15:42:32.7228984Z  * [new branch]      issue-7-6b049fda1d30                     -> origin/issue-7-6b049fda1d30
Detect Changes	Run actions/checkout@v6	2026-08-10T15:42:32.7231668Z  * [new branch]      issue-70-210190e0ad55                    -> origin/issue-70-210190e0ad55
Detect Changes	Run actions/checkout@v6	2026-08-10T15:42:32.7233943Z  * [new branch]      issue-70-490c526a882f                    -> origin/issue-70-490c526a882f
Detect Changes	Run actions/checkout@v6	2026-08-10T15:42:32.7236221Z  * [new branch]      issue-73-163864f76573                    -> origin/issue-73-163864f76573
Detect Changes	Run actions/checkout@v6	2026-08-10T15:42:32.7238519Z  * [new branch]      issue-73-47a3e673b0a8                    -> origin/issue-73-47a3e673b0a8
Detect Changes	Run actions/checkout@v6	2026-08-10T15:42:32.7240911Z  * [new branch]      issue-73-c42828279fb5                    -> origin/issue-73-c42828279fb5
Detect Changes	Run actions/checkout@v6	2026-08-10T15:42:32.7243284Z  * [new branch]      issue-77-acc01682cb56                    -> origin/issue-77-acc01682cb56
Detect Changes	Run actions/checkout@v6	2026-08-10T15:42:32.7245527Z  * [new branch]      issue-79-1581a427bf82                    -> origin/issue-79-1581a427bf82
Detect Changes	Run actions/checkout@v6	2026-08-10T15:42:32.7247773Z  * [new branch]      issue-79-48234c0f95fa                    -> origin/issue-79-48234c0f95fa
Detect Changes	Run actions/checkout@v6	2026-08-10T15:42:32.7250521Z  * [new branch]      issue-79-5fc029ea058c                    -> origin/issue-79-5fc029ea058c
Detect Changes	Run actions/checkout@v6	2026-08-10T15:42:32.7252996Z  * [new branch]      issue-79-740a4286522a                    -> origin/issue-79-740a4286522a
Detect Changes	Run actions/checkout@v6	2026-08-10T15:42:32.7255280Z  * [new branch]      issue-84-2301d58a902f                    -> origin/issue-84-2301d58a902f
Detect Changes	Run actions/checkout@v6	2026-08-10T15:42:32.7257507Z  * [new branch]      issue-84-8c8db1f16f9d                    -> origin/issue-84-8c8db1f16f9d
Detect Changes	Run actions/checkout@v6	2026-08-10T15:42:32.7259892Z  * [new branch]      issue-84-ca99d5699c03                    -> origin/issue-84-ca99d5699c03
Detect Changes	Run actions/checkout@v6	2026-08-10T15:42:32.7262230Z  * [new branch]      issue-84-e79fd3fe5cef                    -> origin/issue-84-e79fd3fe5cef
Detect Changes	Run actions/checkout@v6	2026-08-10T15:42:32.7264442Z  * [new branch]      issue-89-58b19f5dac12                    -> origin/issue-89-58b19f5dac12
Detect Changes	Run actions/checkout@v6	2026-08-10T15:42:32.7266658Z  * [new branch]      issue-9-9cb379f155fb                     -> origin/issue-9-9cb379f155fb
Detect Changes	Run actions/checkout@v6	2026-08-10T15:42:32.7268856Z  * [new branch]      issue-91-5ff8719c4182                    -> origin/issue-91-5ff8719c4182
Detect Changes	Run actions/checkout@v6	2026-08-10T15:42:32.7271197Z  * [new branch]      issue-91-8e243739c7af                    -> origin/issue-91-8e243739c7af
Detect Changes	Run actions/checkout@v6	2026-08-10T15:42:32.7273477Z  * [new branch]      issue-93-2ef57910c60b                    -> origin/issue-93-2ef57910c60b
Detect Changes	Run actions/checkout@v6	2026-08-10T15:42:32.7275659Z  * [new branch]      issue-96-829d21ddabc4                    -> origin/issue-96-829d21ddabc4
Detect Changes	Run actions/checkout@v6	2026-08-10T15:42:32.7277788Z  * [new branch]      issue-96-efde41b8c023                    -> origin/issue-96-efde41b8c023
Detect Changes	Run actions/checkout@v6	2026-08-10T15:42:32.7280340Z  * [new branch]      issue-99-bc78b28ed258                    -> origin/issue-99-bc78b28ed258
Detect Changes	Run actions/checkout@v6	2026-08-10T15:42:32.7282297Z  * [new branch]      main                                     -> origin/main
Detect Changes	Run actions/checkout@v6	2026-08-10T15:42:32.7284065Z  * [new tag]         js-v0.25.5                               -> js-v0.25.5
Detect Changes	Run actions/checkout@v6	2026-08-10T15:42:32.7285709Z  * [new tag]         js-v0.26.0                               -> js-v0.26.0
Detect Changes	Run actions/checkout@v6	2026-08-10T15:42:32.7287561Z  * [new tag]         js-v0.27.0                               -> js-v0.27.0
Detect Changes	Run actions/checkout@v6	2026-08-10T15:42:32.7289288Z  * [new tag]         js-v0.27.1                               -> js-v0.27.1
Detect Changes	Run actions/checkout@v6	2026-08-10T15:42:32.7291433Z  * [new tag]         js-v0.27.2                               -> js-v0.27.2
Detect Changes	Run actions/checkout@v6	2026-08-10T15:42:32.7293188Z  * [new tag]         js-v0.28.0                               -> js-v0.28.0
Detect Changes	Run actions/checkout@v6	2026-08-10T15:42:32.7294855Z  * [new tag]         js-v0.29.0                               -> js-v0.29.0
Detect Changes	Run actions/checkout@v6	2026-08-10T15:42:32.7296479Z  * [new tag]         js-v0.29.1                               -> js-v0.29.1
Detect Changes	Run actions/checkout@v6	2026-08-10T15:42:32.7298162Z  * [new tag]         js-v0.29.2                               -> js-v0.29.2
Detect Changes	Run actions/checkout@v6	2026-08-10T15:42:32.7299962Z  * [new tag]         js-v0.30.0                               -> js-v0.30.0
Detect Changes	Run actions/checkout@v6	2026-08-10T15:42:32.7301688Z  * [new tag]         js-v0.30.1                               -> js-v0.30.1
Detect Changes	Run actions/checkout@v6	2026-08-10T15:42:32.7304339Z  * [new tag]         js-v0.30.2                               -> js-v0.30.2
Detect Changes	Run actions/checkout@v6	2026-08-10T15:42:32.7306596Z  * [new tag]         js-v0.30.3                               -> js-v0.30.3
Detect Changes	Run actions/checkout@v6	2026-08-10T15:42:32.7308329Z  * [new tag]         js-v0.30.4                               -> js-v0.30.4
Detect Changes	Run actions/checkout@v6	2026-08-10T15:42:32.7310838Z  * [new tag]         js-v0.30.5                               -> js-v0.30.5
Detect Changes	Run actions/checkout@v6	2026-08-10T15:42:32.7312732Z  * [new tag]         js-v0.31.0                               -> js-v0.31.0
Detect Changes	Run actions/checkout@v6	2026-08-10T15:42:32.7315424Z  * [new tag]         js-v0.32.0                               -> js-v0.32.0
Detect Changes	Run actions/checkout@v6	2026-08-10T15:42:32.7318066Z  * [new tag]         rust-v0.14.1                             -> rust-v0.14.1
Detect Changes	Run actions/checkout@v6	2026-08-10T15:42:32.7322096Z  * [new tag]         rust-v0.14.2                             -> rust-v0.14.2
Detect Changes	Run actions/checkout@v6	2026-08-10T15:42:32.7324954Z  * [new tag]         rust-v0.14.3                             -> rust-v0.14.3
Detect Changes	Run actions/checkout@v6	2026-08-10T15:42:32.7327789Z  * [new tag]         rust-v0.15.0                             -> rust-v0.15.0
Detect Changes	Run actions/checkout@v6	2026-08-10T15:42:32.7330999Z  * [new tag]         rust-v0.15.1                             -> rust-v0.15.1
Detect Changes	Run actions/checkout@v6	2026-08-10T15:42:32.7332980Z  * [new tag]         rust-v0.16.0                             -> rust-v0.16.0
Detect Changes	Run actions/checkout@v6	2026-08-10T15:42:32.7335394Z  * [new tag]         rust-v0.16.1                             -> rust-v0.16.1
Detect Changes	Run actions/checkout@v6	2026-08-10T15:42:32.7338234Z  * [new tag]         rust-v0.16.2                             -> rust-v0.16.2
Detect Changes	Run actions/checkout@v6	2026-08-10T15:42:32.7341298Z  * [new tag]         rust-v0.17.0                             -> rust-v0.17.0
Detect Changes	Run actions/checkout@v6	2026-08-10T15:42:32.7344085Z  * [new tag]         rust-v0.17.1                             -> rust-v0.17.1
Detect Changes	Run actions/checkout@v6	2026-08-10T15:42:32.7346798Z  * [new tag]         rust-v0.17.2                             -> rust-v0.17.2
Detect Changes	Run actions/checkout@v6	2026-08-10T15:42:32.7349715Z  * [new tag]         rust-v0.17.3                             -> rust-v0.17.3
Detect Changes	Run actions/checkout@v6	2026-08-10T15:42:32.7352542Z  * [new tag]         rust-v0.17.4                             -> rust-v0.17.4
Detect Changes	Run actions/checkout@v6	2026-08-10T15:42:32.7355315Z  * [new tag]         rust-v0.17.5                             -> rust-v0.17.5
Detect Changes	Run actions/checkout@v6	2026-08-10T15:42:32.7358012Z  * [new tag]         rust-v0.18.0                             -> rust-v0.18.0
Detect Changes	Run actions/checkout@v6	2026-08-10T15:42:32.7361089Z  * [new tag]         rust-v0.19.0                             -> rust-v0.19.0
Detect Changes	Run actions/checkout@v6	2026-08-10T15:42:32.7363802Z  * [new tag]         rust-v0.19.1                             -> rust-v0.19.1
Detect Changes	Run actions/checkout@v6	2026-08-10T15:42:32.7366455Z  * [new tag]         v0.10.0                                  -> v0.10.0
Detect Changes	Run actions/checkout@v6	2026-08-10T15:42:32.7368979Z  * [new tag]         v0.11.0                                  -> v0.11.0
Detect Changes	Run actions/checkout@v6	2026-08-10T15:42:32.7371982Z  * [new tag]         v0.13.0                                  -> v0.13.0
Detect Changes	Run actions/checkout@v6	2026-08-10T15:42:32.7374583Z  * [new tag]         v0.15.0                                  -> v0.15.0
Detect Changes	Run actions/checkout@v6	2026-08-10T15:42:32.7377035Z  * [new tag]         v0.16.0                                  -> v0.16.0
Detect Changes	Run actions/checkout@v6	2026-08-10T15:42:32.7379707Z  * [new tag]         v0.17.0                                  -> v0.17.0
Detect Changes	Run actions/checkout@v6	2026-08-10T15:42:32.7382599Z  * [new tag]         v0.17.1                                  -> v0.17.1
Detect Changes	Run actions/checkout@v6	2026-08-10T15:42:32.7385352Z  * [new tag]         v0.17.2                                  -> v0.17.2
Detect Changes	Run actions/checkout@v6	2026-08-10T15:42:32.7387902Z  * [new tag]         v0.17.3                                  -> v0.17.3
Detect Changes	Run actions/checkout@v6	2026-08-10T15:42:32.7390823Z  * [new tag]         v0.17.4                                  -> v0.17.4
Detect Changes	Run actions/checkout@v6	2026-08-10T15:42:32.7393255Z  * [new tag]         v0.18.0                                  -> v0.18.0
Detect Changes	Run actions/checkout@v6	2026-08-10T15:42:32.7395825Z  * [new tag]         v0.19.0                                  -> v0.19.0
Detect Changes	Run actions/checkout@v6	2026-08-10T15:42:32.7398255Z  * [new tag]         v0.19.1                                  -> v0.19.1
Detect Changes	Run actions/checkout@v6	2026-08-10T15:42:32.7401190Z  * [new tag]         v0.20.0                                  -> v0.20.0
Detect Changes	Run actions/checkout@v6	2026-08-10T15:42:32.7403749Z  * [new tag]         v0.20.1                                  -> v0.20.1
Detect Changes	Run actions/checkout@v6	2026-08-10T15:42:32.7405627Z  * [new tag]         v0.20.2                                  -> v0.20.2
Detect Changes	Run actions/checkout@v6	2026-08-10T15:42:32.7407326Z  * [new tag]         v0.20.3                                  -> v0.20.3
Detect Changes	Run actions/checkout@v6	2026-08-10T15:42:32.7409885Z  * [new tag]         v0.20.4                                  -> v0.20.4
Detect Changes	Run actions/checkout@v6	2026-08-10T15:42:32.7412353Z  * [new tag]         v0.21.0                                  -> v0.21.0
Detect Changes	Run actions/checkout@v6	2026-08-10T15:42:32.7414289Z  * [new tag]         v0.22.0                                  -> v0.22.0
Detect Changes	Run actions/checkout@v6	2026-08-10T15:42:32.7416390Z  * [new tag]         v0.23.0                                  -> v0.23.0
Detect Changes	Run actions/checkout@v6	2026-08-10T15:42:32.7418046Z  * [new tag]         v0.24.0                                  -> v0.24.0
Detect Changes	Run actions/checkout@v6	2026-08-10T15:42:32.7420093Z  * [new tag]         v0.24.1                                  -> v0.24.1
Detect Changes	Run actions/checkout@v6	2026-08-10T15:42:32.7422077Z  * [new tag]         v0.24.2                                  -> v0.24.2
Detect Changes	Run actions/checkout@v6	2026-08-10T15:42:32.7503397Z  * [new tag]         v0.24.3                                  -> v0.24.3
Detect Changes	Run actions/checkout@v6	2026-08-10T15:42:32.7506035Z  * [new tag]         v0.24.4                                  -> v0.24.4
Detect Changes	Run actions/checkout@v6	2026-08-10T15:42:32.7508388Z  * [new tag]         v0.24.5                                  -> v0.24.5
Detect Changes	Run actions/checkout@v6	2026-08-10T15:42:32.7511105Z  * [new tag]         v0.24.6                                  -> v0.24.6
Detect Changes	Run actions/checkout@v6	2026-08-10T15:42:32.7513700Z  * [new tag]         v0.24.7                                  -> v0.24.7
Detect Changes	Run actions/checkout@v6	2026-08-10T15:42:32.7516052Z  * [new tag]         v0.24.8                                  -> v0.24.8
Detect Changes	Run actions/checkout@v6	2026-08-10T15:42:32.7518383Z  * [new tag]         v0.24.9                                  -> v0.24.9
Detect Changes	Run actions/checkout@v6	2026-08-10T15:42:32.7520969Z  * [new tag]         v0.25.0                                  -> v0.25.0
Detect Changes	Run actions/checkout@v6	2026-08-10T15:42:32.7523264Z  * [new tag]         v0.25.1                                  -> v0.25.1
Detect Changes	Run actions/checkout@v6	2026-08-10T15:42:32.7525531Z  * [new tag]         v0.25.2                                  -> v0.25.2
Detect Changes	Run actions/checkout@v6	2026-08-10T15:42:32.7527778Z  * [new tag]         v0.25.3                                  -> v0.25.3
Detect Changes	Run actions/checkout@v6	2026-08-10T15:42:32.7530229Z  * [new tag]         v0.25.4                                  -> v0.25.4
Detect Changes	Run actions/checkout@v6	2026-08-10T15:42:32.7532500Z  * [new tag]         v0.3.1                                   -> v0.3.1
Detect Changes	Run actions/checkout@v6	2026-08-10T15:42:32.7534768Z  * [new tag]         v0.4.0                                   -> v0.4.0
Detect Changes	Run actions/checkout@v6	2026-08-10T15:42:32.7537015Z  * [new tag]         v0.4.1                                   -> v0.4.1
Detect Changes	Run actions/checkout@v6	2026-08-10T15:42:32.7539253Z  * [new tag]         v0.5.0                                   -> v0.5.0
Detect Changes	Run actions/checkout@v6	2026-08-10T15:42:32.7541730Z  * [new tag]         v0.5.1                                   -> v0.5.1
Detect Changes	Run actions/checkout@v6	2026-08-10T15:42:32.7544052Z  * [new tag]         v0.5.2                                   -> v0.5.2
Detect Changes	Run actions/checkout@v6	2026-08-10T15:42:32.7546395Z  * [new tag]         v0.5.3                                   -> v0.5.3
Detect Changes	Run actions/checkout@v6	2026-08-10T15:42:32.7548706Z  * [new tag]         v0.6.0                                   -> v0.6.0
Detect Changes	Run actions/checkout@v6	2026-08-10T15:42:32.7551255Z  * [new tag]         v0.7.0                                   -> v0.7.0
Detect Changes	Run actions/checkout@v6	2026-08-10T15:42:32.7553521Z  * [new tag]         v0.7.1                                   -> v0.7.1
Detect Changes	Run actions/checkout@v6	2026-08-10T15:42:32.7555825Z  * [new tag]         v0.7.2                                   -> v0.7.2
Detect Changes	Run actions/checkout@v6	2026-08-10T15:42:32.7558287Z  * [new tag]         v0.7.4                                   -> v0.7.4
Detect Changes	Run actions/checkout@v6	2026-08-10T15:42:32.7560791Z  * [new tag]         v0.7.5                                   -> v0.7.5
Detect Changes	Run actions/checkout@v6	2026-08-10T15:42:32.7563058Z  * [new tag]         v0.7.6                                   -> v0.7.6
Detect Changes	Run actions/checkout@v6	2026-08-10T15:42:32.7565323Z  * [new tag]         v0.9.0                                   -> v0.9.0
Detect Changes	Run actions/checkout@v6	2026-08-10T15:42:32.7567831Z  * [new ref]         c88600c0d8ff8d80941044138e858ae826ae3010 -> pull/161/merge
Detect Changes	Run actions/checkout@v6	2026-08-10T15:42:32.7573373Z ##[endgroup]
Detect Changes	Run actions/checkout@v6	2026-08-10T15:42:32.7575622Z ##[group]Determining the checkout info
Detect Changes	Run actions/checkout@v6	2026-08-10T15:42:32.7578131Z ##[endgroup]
Detect Changes	Run actions/checkout@v6	2026-08-10T15:42:32.7579853Z [command]/usr/bin/git sparse-checkout disable
Detect Changes	Run actions/checkout@v6	2026-08-10T15:42:32.7584114Z [command]/usr/bin/git config --local --unset-all extensions.worktreeConfig
Detect Changes	Run actions/checkout@v6	2026-08-10T15:42:32.7589281Z ##[group]Checking out the ref
Detect Changes	Run actions/checkout@v6	2026-08-10T15:42:32.7591775Z [command]/usr/bin/git checkout --progress --force refs/remotes/pull/161/merge
Detect Changes	Run actions/checkout@v6	2026-08-10T15:42:32.8268617Z Note: switching to 'refs/remotes/pull/161/merge'.
Detect Changes	Run actions/checkout@v6	2026-08-10T15:42:32.8270329Z 
Detect Changes	Run actions/checkout@v6	2026-08-10T15:42:32.8271472Z You are in 'detached HEAD' state. You can look around, make experimental
Detect Changes	Run actions/checkout@v6	2026-08-10T15:42:32.8274231Z changes and commit them, and you can discard any commits you make in this
Detect Changes	Run actions/checkout@v6	2026-08-10T15:42:32.8276996Z state without impacting any branches by switching back to a branch.
Detect Changes	Run actions/checkout@v6	2026-08-10T15:42:32.8278605Z 
Detect Changes	Run actions/checkout@v6	2026-08-10T15:42:32.8279918Z If you want to create a new branch to retain commits you create, you may
Detect Changes	Run actions/checkout@v6	2026-08-10T15:42:32.8282203Z do so (now or later) by using -c with the switch command. Example:
Detect Changes	Run actions/checkout@v6	2026-08-10T15:42:32.8283156Z 
Detect Changes	Run actions/checkout@v6	2026-08-10T15:42:32.8283606Z   git switch -c <new-branch-name>
Detect Changes	Run actions/checkout@v6	2026-08-10T15:42:32.8284263Z 
Detect Changes	Run actions/checkout@v6	2026-08-10T15:42:32.8284897Z Or undo this operation with:
Detect Changes	Run actions/checkout@v6	2026-08-10T15:42:32.8285877Z 
Detect Changes	Run actions/checkout@v6	2026-08-10T15:42:32.8286377Z   git switch -
Detect Changes	Run actions/checkout@v6	2026-08-10T15:42:32.8286862Z 
Detect Changes	Run actions/checkout@v6	2026-08-10T15:42:32.8287659Z Turn off this advice by setting config variable advice.detachedHead to false
Detect Changes	Run actions/checkout@v6	2026-08-10T15:42:32.8288757Z 
Detect Changes	Run actions/checkout@v6	2026-08-10T15:42:32.8290424Z HEAD is now at c88600c Merge 3562e612036bcd5e3fa75dcb89d8b334d7a954ac into db1ad4d0b2119148b4ad6e870080f8178a2a8e93
Detect Changes	Run actions/checkout@v6	2026-08-10T15:42:32.8294417Z ##[endgroup]
Detect Changes	Run actions/checkout@v6	2026-08-10T15:42:32.8336324Z [command]/usr/bin/git log -1 --format=%H
Detect Changes	Run actions/checkout@v6	2026-08-10T15:42:32.8366213Z c88600c0d8ff8d80941044138e858ae826ae3010
Detect Changes	Setup Node.js	﻿2026-08-10T15:42:32.8710839Z ##[group]Run actions/setup-node@v6
Detect Changes	Setup Node.js	2026-08-10T15:42:32.8711903Z with:
Detect Changes	Setup Node.js	2026-08-10T15:42:32.8712719Z   node-version: 24.x
Detect Changes	Setup Node.js	2026-08-10T15:42:32.8713592Z   check-latest: false
Detect Changes	Setup Node.js	2026-08-10T15:42:32.8721154Z   token: ***
Detect Changes	Setup Node.js	2026-08-10T15:42:32.8722010Z   package-manager-cache: true
Detect Changes	Setup Node.js	2026-08-10T15:42:32.8722956Z env:
Detect Changes	Setup Node.js	2026-08-10T15:42:32.8723784Z   FORCE_JAVASCRIPT_ACTIONS_TO_NODE24: true
Detect Changes	Setup Node.js	2026-08-10T15:42:32.8724836Z   GIT_CONFIG_COUNT: 1
Detect Changes	Setup Node.js	2026-08-10T15:42:32.8725732Z   GIT_CONFIG_KEY_0: init.defaultBranch
Detect Changes	Setup Node.js	2026-08-10T15:42:32.8726793Z   GIT_CONFIG_VALUE_0: main
Detect Changes	Setup Node.js	2026-08-10T15:42:32.8727721Z ##[endgroup]
Detect Changes	Setup Node.js	2026-08-10T15:42:33.0117784Z Found in cache @ /opt/hostedtoolcache/node/24.18.0/x64
Detect Changes	Setup Node.js	2026-08-10T15:42:33.0121345Z ##[group]Environment details
Detect Changes	Setup Node.js	2026-08-10T15:42:33.4710777Z node: v24.18.0
Detect Changes	Setup Node.js	2026-08-10T15:42:33.4712133Z npm: 11.16.0
Detect Changes	Setup Node.js	2026-08-10T15:42:33.4712989Z yarn: 1.22.22
Detect Changes	Setup Node.js	2026-08-10T15:42:33.4714808Z ##[endgroup]
Detect Changes	Detect changes	﻿2026-08-10T15:42:33.4885960Z ##[group]Run node scripts/detect-code-changes.mjs
Detect Changes	Detect changes	2026-08-10T15:42:33.4887316Z ^[[36;1mnode scripts/detect-code-changes.mjs^[[0m
Detect Changes	Detect changes	2026-08-10T15:42:33.4947281Z shell: /usr/bin/bash -e {0}
Detect Changes	Detect changes	2026-08-10T15:42:33.4948222Z env:
Detect Changes	Detect changes	2026-08-10T15:42:33.4949043Z   FORCE_JAVASCRIPT_ACTIONS_TO_NODE24: true
Detect Changes	Detect changes	2026-08-10T15:42:33.4950298Z   GIT_CONFIG_COUNT: 1
Detect Changes	Detect changes	2026-08-10T15:42:33.4951202Z   GIT_CONFIG_KEY_0: init.defaultBranch
Detect Changes	Detect changes	2026-08-10T15:42:33.4952216Z   GIT_CONFIG_VALUE_0: main
Detect Changes	Detect changes	2026-08-10T15:42:33.4953151Z   GITHUB_EVENT_NAME: pull_request
Detect Changes	Detect changes	2026-08-10T15:42:33.4954279Z   GITHUB_BASE_SHA: db1ad4d0b2119148b4ad6e870080f8178a2a8e93
Detect Changes	Detect changes	2026-08-10T15:42:33.4955605Z   GITHUB_HEAD_SHA: 3562e612036bcd5e3fa75dcb89d8b334d7a954ac
Detect Changes	Detect changes	2026-08-10T15:42:33.4956786Z ##[endgroup]
Detect Changes	Detect changes	2026-08-10T15:42:33.5323106Z Detecting file changes for CI/CD...
Detect Changes	Detect changes	2026-08-10T15:42:33.5323908Z 
Detect Changes	Detect changes	2026-08-10T15:42:33.5325224Z Comparing PR: db1ad4d0b2119148b4ad6e870080f8178a2a8e93...3562e612036bcd5e3fa75dcb89d8b334d7a954ac
Detect Changes	Detect changes	2026-08-10T15:42:33.5405034Z Changed files:
Detect Changes	Detect changes	2026-08-10T15:42:33.5406927Z   docs/case-studies/issue-160/README.md
Detect Changes	Detect changes	2026-08-10T15:42:33.5409158Z   docs/case-studies/issue-160/ci-logs/js-31380353470.log
Detect Changes	Detect changes	2026-08-10T15:42:33.5411002Z   docs/case-studies/issue-160/ci-logs/js-31388354106.log
Detect Changes	Detect changes	2026-08-10T15:42:33.5412527Z   docs/case-studies/issue-160/ci-logs/rust-31380353804.log
Detect Changes	Detect changes	2026-08-10T15:42:33.5427117Z   docs/case-studies/issue-160/ci-logs/rust-31388355823.log
Detect Changes	Detect changes	2026-08-10T15:42:33.5429245Z   docs/case-studies/issue-160/data/issue-156-comments.json
Detect Changes	Detect changes	2026-08-10T15:42:33.5430985Z   docs/case-studies/issue-160/data/issue-156.json
Detect Changes	Detect changes	2026-08-10T15:42:33.5432396Z   docs/case-studies/issue-160/data/issue-158-comments.json
Detect Changes	Detect changes	2026-08-10T15:42:33.5433860Z   docs/case-studies/issue-160/data/issue-158.json
Detect Changes	Detect changes	2026-08-10T15:42:33.5435196Z   docs/case-studies/issue-160/data/js-focused-test.log
Detect Changes	Detect changes	2026-08-10T15:42:33.5436753Z   docs/case-studies/issue-160/data/js-run-31380353470.json
Detect Changes	Detect changes	2026-08-10T15:42:33.5438201Z   docs/case-studies/issue-160/data/js-run-31388354106.json
Detect Changes	Detect changes	2026-08-10T15:42:33.5439858Z   docs/case-studies/issue-160/data/js-v0.32.0-release.json
Detect Changes	Detect changes	2026-08-10T15:42:33.5441286Z   docs/case-studies/issue-160/data/local-doc-js.log
Detect Changes	Detect changes	2026-08-10T15:42:33.5442608Z   docs/case-studies/issue-160/data/local-doc-rust.log
Detect Changes	Detect changes	2026-08-10T15:42:33.5443984Z   docs/case-studies/issue-160/data/local-js-filesize.log
Detect Changes	Detect changes	2026-08-10T15:42:33.5445351Z   docs/case-studies/issue-160/data/local-js-format.log
Detect Changes	Detect changes	2026-08-10T15:42:33.5446666Z   docs/case-studies/issue-160/data/local-js-full.log
Detect Changes	Detect changes	2026-08-10T15:42:33.5448027Z   docs/case-studies/issue-160/data/local-js-lint.log
Detect Changes	Detect changes	2026-08-10T15:42:33.5449361Z   docs/case-studies/issue-160/data/local-mjs-syntax.log
Detect Changes	Detect changes	2026-08-10T15:42:33.5451013Z   docs/case-studies/issue-160/data/local-rust-build.log
Detect Changes	Detect changes	2026-08-10T15:42:33.5452417Z   docs/case-studies/issue-160/data/local-rust-clippy.log
Detect Changes	Detect changes	2026-08-10T15:42:33.5454001Z   docs/case-studies/issue-160/data/local-rust-doc.log
Detect Changes	Detect changes	2026-08-10T15:42:33.5455426Z   docs/case-studies/issue-160/data/local-rust-filesize.log
Detect Changes	Detect changes	2026-08-10T15:42:33.5456805Z   docs/case-studies/issue-160/data/local-rust-fmt.log
Detect Changes	Detect changes	2026-08-10T15:42:33.5458930Z   docs/case-studies/issue-160/data/local-rust-full.log
Detect Changes	Detect changes	2026-08-10T15:42:33.5461211Z   docs/case-studies/issue-160/data/local-rust-package.log
Detect Changes	Detect changes	2026-08-10T15:42:33.5462648Z   docs/case-studies/issue-160/data/local-test-parity.log
Detect Changes	Detect changes	2026-08-10T15:42:33.5464267Z   docs/case-studies/issue-160/data/npm-package.json
Detect Changes	Detect changes	2026-08-10T15:42:33.5466879Z   docs/case-studies/issue-160/data/pr-157-conversation.json
Detect Changes	Detect changes	2026-08-10T15:42:33.5469951Z   docs/case-studies/issue-160/data/pr-157-review-comments.json
Detect Changes	Detect changes	2026-08-10T15:42:33.5472664Z   docs/case-studies/issue-160/data/pr-157-reviews.json
Detect Changes	Detect changes	2026-08-10T15:42:33.5474996Z   docs/case-studies/issue-160/data/pr-157.json
Detect Changes	Detect changes	2026-08-10T15:42:33.5476805Z   docs/case-studies/issue-160/data/pr-159-conversation.json
Detect Changes	Detect changes	2026-08-10T15:42:33.5478373Z   docs/case-studies/issue-160/data/pr-159-hermetic-probe-fix.diff
Detect Changes	Detect changes	2026-08-10T15:42:33.5480431Z   docs/case-studies/issue-160/data/pr-159-review-comments.json
Detect Changes	Detect changes	2026-08-10T15:42:33.5482425Z   docs/case-studies/issue-160/data/pr-159-reviews.json
Detect Changes	Detect changes	2026-08-10T15:42:33.5484276Z   docs/case-studies/issue-160/data/pr-159.json
Detect Changes	Detect changes	2026-08-10T15:42:33.5486561Z   docs/case-studies/issue-160/data/pr-161-route-preservation.diff
Detect Changes	Detect changes	2026-08-10T15:42:33.5488956Z   docs/case-studies/issue-160/data/pre-fix-js-d959632.js
Detect Changes	Detect changes	2026-08-10T15:42:33.5491408Z   docs/case-studies/issue-160/data/pre-fix-rust-d959632.rs
Detect Changes	Detect changes	2026-08-10T15:42:33.5493647Z   docs/case-studies/issue-160/data/recent-main-runs.json
Detect Changes	Detect changes	2026-08-10T15:42:33.5495931Z   docs/case-studies/issue-160/data/rust-focused-test.log
Detect Changes	Detect changes	2026-08-10T15:42:33.5498276Z   docs/case-studies/issue-160/data/rust-run-31380353804.json
Detect Changes	Detect changes	2026-08-10T15:42:33.5500848Z   docs/case-studies/issue-160/data/rust-run-31388355823.json
Detect Changes	Detect changes	2026-08-10T15:42:33.5503225Z   docs/case-studies/issue-160/data/rust-v0.19.0-release.json
Detect Changes	Detect changes	2026-08-10T15:42:33.5505453Z   docs/case-studies/issue-160/issue-comments.json
Detect Changes	Detect changes	2026-08-10T15:42:33.5507481Z   docs/case-studies/issue-160/issue-data.json
Detect Changes	Detect changes	2026-08-10T15:42:33.5509713Z   docs/case-studies/issue-160/online-research.md
Detect Changes	Detect changes	2026-08-10T15:42:33.5511816Z   docs/case-studies/issue-160/requirements.md
Detect Changes	Detect changes	2026-08-10T15:42:33.5513862Z   docs/case-studies/issue-160/root-cause.md
Detect Changes	Detect changes	2026-08-10T15:42:33.5515269Z   docs/case-studies/issue-160/solutions.md
Detect Changes	Detect changes	2026-08-10T15:42:33.5516416Z   docs/case-studies/issue-160/timeline.md
Detect Changes	Detect changes	2026-08-10T15:42:33.5518359Z   js/test/docker-network-integration.js
Detect Changes	Detect changes	2026-08-10T15:42:33.5520131Z   rust/tests/docker_network.rs
Detect Changes	Detect changes	2026-08-10T15:42:33.5520724Z 
Detect Changes	Detect changes	2026-08-10T15:42:33.5521093Z rs-changed=true
Detect Changes	Detect changes	2026-08-10T15:42:33.5521937Z toml-changed=false
Detect Changes	Detect changes	2026-08-10T15:42:33.5522748Z js-changed=true
Detect Changes	Detect changes	2026-08-10T15:42:33.5523579Z mjs-changed=false
Detect Changes	Detect changes	2026-08-10T15:42:33.5524446Z package-changed=false
Detect Changes	Detect changes	2026-08-10T15:42:33.5525329Z docs-changed=true
Detect Changes	Detect changes	2026-08-10T15:42:33.5526202Z workflow-changed=false
Detect Changes	Detect changes	2026-08-10T15:42:33.5526733Z 
Detect Changes	Detect changes	2026-08-10T15:42:33.5527211Z Files considered as code changes:
Detect Changes	Detect changes	2026-08-10T15:42:33.5528287Z   js/test/docker-network-integration.js
Detect Changes	Detect changes	2026-08-10T15:42:33.5529613Z   rust/tests/docker_network.rs
Detect Changes	Detect changes	2026-08-10T15:42:33.5530418Z 
Detect Changes	Detect changes	2026-08-10T15:42:33.5530875Z any-rust-code-changed=true
Detect Changes	Detect changes	2026-08-10T15:42:33.5531838Z any-js-code-changed=true
Detect Changes	Detect changes	2026-08-10T15:42:33.5532772Z any-code-changed=true
Detect Changes	Detect changes	2026-08-10T15:42:33.5533277Z 
Detect Changes	Detect changes	2026-08-10T15:42:33.5533698Z Change detection completed.
Detect Changes	Post Setup Node.js	﻿2026-08-10T15:42:33.5726658Z Post job cleanup.
Detect Changes	Post Run actions/checkout@v6	﻿2026-08-10T15:42:33.7273487Z Post job cleanup.
Detect Changes	Post Run actions/checkout@v6	2026-08-10T15:42:33.8161928Z [command]/usr/bin/git version
Detect Changes	Post Run actions/checkout@v6	2026-08-10T15:42:33.8205225Z git version 2.54.0
Detect Changes	Post Run actions/checkout@v6	2026-08-10T15:42:33.8253163Z Temporarily overriding HOME='/home/runner/work/_temp/360c0e1a-bd6b-4c10-be10-2799ed75f9d4' before making global git config changes
Detect Changes	Post Run actions/checkout@v6	2026-08-10T15:42:33.8258311Z Adding repository directory to the temporary git global config as a safe directory
Detect Changes	Post Run actions/checkout@v6	2026-08-10T15:42:33.8263059Z [command]/usr/bin/git config --global --add safe.directory /home/runner/work/start/start
Detect Changes	Post Run actions/checkout@v6	2026-08-10T15:42:33.8302441Z Removing SSH command configuration
Detect Changes	Post Run actions/checkout@v6	2026-08-10T15:42:33.8312730Z [command]/usr/bin/git config --local --name-only --get-regexp core\.sshCommand
Detect Changes	Post Run actions/checkout@v6	2026-08-10T15:42:33.8343236Z [command]/usr/bin/git submodule foreach --recursive sh -c "git config --local --name-only --get-regexp 'core\.sshCommand' && git config --local --unset-all 'core.sshCommand' || :"
Detect Changes	Post Run actions/checkout@v6	2026-08-10T15:42:33.8596885Z Removing HTTP extra header
Detect Changes	Post Run actions/checkout@v6	2026-08-10T15:42:33.8604549Z [command]/usr/bin/git config --local --name-only --get-regexp http\.https\:\/\/github\.com\/\.extraheader
Detect Changes	Post Run actions/checkout@v6	2026-08-10T15:42:33.8647753Z [command]/usr/bin/git submodule foreach --recursive sh -c "git config --local --name-only --get-regexp 'http\.https\:\/\/github\.com\/\.extraheader' && git config --local --unset-all 'http.https://github.com/.extraheader' || :"
Detect Changes	Post Run actions/checkout@v6	2026-08-10T15:42:33.8915818Z Removing includeIf entries pointing to credentials config files
Detect Changes	Post Run actions/checkout@v6	2026-08-10T15:42:33.8923102Z [command]/usr/bin/git config --local --name-only --get-regexp ^includeIf\.gitdir:
Detect Changes	Post Run actions/checkout@v6	2026-08-10T15:42:33.8955334Z includeif.gitdir:/home/runner/work/start/start/.git.path
Detect Changes	Post Run actions/checkout@v6	2026-08-10T15:42:33.8958552Z includeif.gitdir:/home/runner/work/start/start/.git/worktrees/*.path
Detect Changes	Post Run actions/checkout@v6	2026-08-10T15:42:33.8961905Z includeif.gitdir:/github/workspace/.git.path
Detect Changes	Post Run actions/checkout@v6	2026-08-10T15:42:33.8965055Z includeif.gitdir:/github/workspace/.git/worktrees/*.path
Detect Changes	Post Run actions/checkout@v6	2026-08-10T15:42:33.8973824Z [command]/usr/bin/git config --local --get-all includeif.gitdir:/home/runner/work/start/start/.git.path
Detect Changes	Post Run actions/checkout@v6	2026-08-10T15:42:33.8995288Z /home/runner/work/_temp/git-credentials-667d6ad7-cbe1-4745-9060-36e7144d0b55.config
Detect Changes	Post Run actions/checkout@v6	2026-08-10T15:42:33.9009711Z [command]/usr/bin/git config --local --unset includeif.gitdir:/home/runner/work/start/start/.git.path /home/runner/work/_temp/git-credentials-667d6ad7-cbe1-4745-9060-36e7144d0b55.config
Detect Changes	Post Run actions/checkout@v6	2026-08-10T15:42:33.9054170Z [command]/usr/bin/git config --local --get-all includeif.gitdir:/home/runner/work/start/start/.git/worktrees/*.path
Detect Changes	Post Run actions/checkout@v6	2026-08-10T15:42:33.9082297Z /home/runner/work/_temp/git-credentials-667d6ad7-cbe1-4745-9060-36e7144d0b55.config
Detect Changes	Post Run actions/checkout@v6	2026-08-10T15:42:33.9098236Z [command]/usr/bin/git config --local --unset includeif.gitdir:/home/runner/work/start/start/.git/worktrees/*.path /home/runner/work/_temp/git-credentials-667d6ad7-cbe1-4745-9060-36e7144d0b55.config
Detect Changes	Post Run actions/checkout@v6	2026-08-10T15:42:33.9152891Z [command]/usr/bin/git config --local --get-all includeif.gitdir:/github/workspace/.git.path
Detect Changes	Post Run actions/checkout@v6	2026-08-10T15:42:33.9167819Z /github/runner_temp/git-credentials-667d6ad7-cbe1-4745-9060-36e7144d0b55.config
Detect Changes	Post Run actions/checkout@v6	2026-08-10T15:42:33.9180032Z [command]/usr/bin/git config --local --unset includeif.gitdir:/github/workspace/.git.path /github/runner_temp/git-credentials-667d6ad7-cbe1-4745-9060-36e7144d0b55.config
Detect Changes	Post Run actions/checkout@v6	2026-08-10T15:42:33.9218542Z [command]/usr/bin/git config --local --get-all includeif.gitdir:/github/workspace/.git/worktrees/*.path
Detect Changes	Post Run actions/checkout@v6	2026-08-10T15:42:33.9246605Z /github/runner_temp/git-credentials-667d6ad7-cbe1-4745-9060-36e7144d0b55.config
Detect Changes	Post Run actions/checkout@v6	2026-08-10T15:42:33.9271609Z [command]/usr/bin/git config --local --unset includeif.gitdir:/github/workspace/.git/worktrees/*.path /github/runner_temp/git-credentials-667d6ad7-cbe1-4745-9060-36e7144d0b55.config
Detect Changes	Post Run actions/checkout@v6	2026-08-10T15:42:33.9306919Z [command]/usr/bin/git submodule foreach --recursive git config --local --show-origin --name-only --get-regexp remote.origin.url
Detect Changes	Post Run actions/checkout@v6	2026-08-10T15:42:33.9537981Z Removing credentials config '/home/runner/work/_temp/git-credentials-667d6ad7-cbe1-4745-9060-36e7144d0b55.config'
Detect Changes	Complete job	﻿2026-08-10T15:42:33.9698292Z Evaluate and set job outputs
Detect Changes	Complete job	2026-08-10T15:42:33.9707601Z Set output 'js-changed'
Detect Changes	Complete job	2026-08-10T15:42:33.9710499Z Set output 'mjs-changed'
Detect Changes	Complete job	2026-08-10T15:42:33.9712095Z Set output 'package-changed'
Detect Changes	Complete job	2026-08-10T15:42:33.9713371Z Set output 'docs-changed'
Detect Changes	Complete job	2026-08-10T15:42:33.9714641Z Set output 'workflow-changed'
Detect Changes	Complete job	2026-08-10T15:42:33.9715932Z Set output 'any-js-code-changed'
Detect Changes	Complete job	2026-08-10T15:42:33.9717693Z Cleaning up orphan processes
Lint and Format Check	Set up job	﻿2026-08-10T15:42:46.8201137Z Current runner version: '2.336.0'
Lint and Format Check	Set up job	2026-08-10T15:42:46.8227391Z ##[group]Runner Image Provisioner
Lint and Format Check	Set up job	2026-08-10T15:42:46.8228491Z Hosted Compute Agent
Lint and Format Check	Set up job	2026-08-10T15:42:46.8229166Z Version: 20260707.563
Lint and Format Check	Set up job	2026-08-10T15:42:46.8229838Z Commit: 02667638d2b423fbc733a8e32a88b44996a3ba6e
Lint and Format Check	Set up job	2026-08-10T15:42:46.8230594Z Build Date: 2026-07-07T19:33:50Z
Lint and Format Check	Set up job	2026-08-10T15:42:46.8231343Z Worker ID: {8e2a205f-0b8c-429f-ad80-8efa75fc62f6}
Lint and Format Check	Set up job	2026-08-10T15:42:46.8232138Z Azure Region: eastus
Lint and Format Check	Set up job	2026-08-10T15:42:46.8232723Z ##[endgroup]
Lint and Format Check	Set up job	2026-08-10T15:42:46.8235445Z ##[group]Operating System
Lint and Format Check	Set up job	2026-08-10T15:42:46.8236211Z Ubuntu
Lint and Format Check	Set up job	2026-08-10T15:42:46.8236824Z 24.04.4
Lint and Format Check	Set up job	2026-08-10T15:42:46.8237407Z LTS
Lint and Format Check	Set up job	2026-08-10T15:42:46.8237933Z ##[endgroup]
Lint and Format Check	Set up job	2026-08-10T15:42:46.8238549Z ##[group]Runner Image
Lint and Format Check	Set up job	2026-08-10T15:42:46.8239157Z Image: ubuntu-24.04
Lint and Format Check	Set up job	2026-08-10T15:42:46.8239762Z Version: 20260720.247.2
Lint and Format Check	Set up job	2026-08-10T15:42:46.8240950Z Included Software: https://github.com/actions/runner-images/blob/ubuntu24/20260720.247/images/ubuntu/Ubuntu2404-Readme.md
Lint and Format Check	Set up job	2026-08-10T15:42:46.8242799Z Image Release: https://github.com/actions/runner-images/releases/tag/ubuntu24%2F20260720.247
Lint and Format Check	Set up job	2026-08-10T15:42:46.8243779Z ##[endgroup]
Lint and Format Check	Set up job	2026-08-10T15:42:46.8245132Z ##[group]GITHUB_TOKEN Permissions
Lint and Format Check	Set up job	2026-08-10T15:42:46.8247400Z Contents: read
Lint and Format Check	Set up job	2026-08-10T15:42:46.8248107Z Metadata: read
Lint and Format Check	Set up job	2026-08-10T15:42:46.8248696Z ##[endgroup]
Lint and Format Check	Set up job	2026-08-10T15:42:46.8250739Z Secret source: Actions
Lint and Format Check	Set up job	2026-08-10T15:42:46.8251983Z Prepare workflow directory
Lint and Format Check	Set up job	2026-08-10T15:42:46.8639323Z Prepare all required actions
Lint and Format Check	Set up job	2026-08-10T15:42:46.8686554Z Getting action download info
Lint and Format Check	Set up job	2026-08-10T15:42:47.0750276Z Download action repository 'actions/checkout@v6' (SHA:d23441a48e516b6c34aea4fa41551a30e30af803)
Lint and Format Check	Set up job	2026-08-10T15:42:47.3077675Z Download action repository 'oven-sh/setup-bun@v2' (SHA:0c5077e51419868618aeaa5fe8019c62421857d6)
Lint and Format Check	Set up job	2026-08-10T15:42:47.5614820Z Complete job name: Lint and Format Check
Lint and Format Check	Run actions/checkout@v6	﻿2026-08-10T15:42:47.6376931Z ##[group]Run actions/checkout@v6
Lint and Format Check	Run actions/checkout@v6	2026-08-10T15:42:47.6377880Z with:
Lint and Format Check	Run actions/checkout@v6	2026-08-10T15:42:47.6378380Z   repository: link-foundation/start
Lint and Format Check	Run actions/checkout@v6	2026-08-10T15:42:47.6382420Z   token: ***
Lint and Format Check	Run actions/checkout@v6	2026-08-10T15:42:47.6382893Z   ssh-strict: true
Lint and Format Check	Run actions/checkout@v6	2026-08-10T15:42:47.6383360Z   ssh-user: git
Lint and Format Check	Run actions/checkout@v6	2026-08-10T15:42:47.6383833Z   persist-credentials: true
Lint and Format Check	Run actions/checkout@v6	2026-08-10T15:42:47.6384349Z   clean: true
Lint and Format Check	Run actions/checkout@v6	2026-08-10T15:42:47.6384828Z   sparse-checkout-cone-mode: true
Lint and Format Check	Run actions/checkout@v6	2026-08-10T15:42:47.6385577Z   fetch-depth: 1
Lint and Format Check	Run actions/checkout@v6	2026-08-10T15:42:47.6386036Z   fetch-tags: false
Lint and Format Check	Run actions/checkout@v6	2026-08-10T15:42:47.6386502Z   show-progress: true
Lint and Format Check	Run actions/checkout@v6	2026-08-10T15:42:47.6386973Z   lfs: false
Lint and Format Check	Run actions/checkout@v6	2026-08-10T15:42:47.6387406Z   submodules: false
Lint and Format Check	Run actions/checkout@v6	2026-08-10T15:42:47.6387888Z   set-safe-directory: true
Lint and Format Check	Run actions/checkout@v6	2026-08-10T15:42:47.6388415Z   allow-unsafe-pr-checkout: false
Lint and Format Check	Run actions/checkout@v6	2026-08-10T15:42:47.6389192Z env:
Lint and Format Check	Run actions/checkout@v6	2026-08-10T15:42:47.6389676Z   FORCE_JAVASCRIPT_ACTIONS_TO_NODE24: true
Lint and Format Check	Run actions/checkout@v6	2026-08-10T15:42:47.6390266Z   GIT_CONFIG_COUNT: 1
Lint and Format Check	Run actions/checkout@v6	2026-08-10T15:42:47.6390767Z   GIT_CONFIG_KEY_0: init.defaultBranch
Lint and Format Check	Run actions/checkout@v6	2026-08-10T15:42:47.6391387Z   GIT_CONFIG_VALUE_0: main
Lint and Format Check	Run actions/checkout@v6	2026-08-10T15:42:47.6391886Z ##[endgroup]
Lint and Format Check	Run actions/checkout@v6	2026-08-10T15:42:47.7368168Z Syncing repository: link-foundation/start
Lint and Format Check	Run actions/checkout@v6	2026-08-10T15:42:47.7370727Z ##[group]Getting Git version info
Lint and Format Check	Run actions/checkout@v6	2026-08-10T15:42:47.7371814Z Working directory is '/home/runner/work/start/start'
Lint and Format Check	Run actions/checkout@v6	2026-08-10T15:42:47.7373350Z [command]/usr/bin/git version
Lint and Format Check	Run actions/checkout@v6	2026-08-10T15:42:47.7426967Z git version 2.54.0
Lint and Format Check	Run actions/checkout@v6	2026-08-10T15:42:47.7456506Z ##[endgroup]
Lint and Format Check	Run actions/checkout@v6	2026-08-10T15:42:47.7474858Z Temporarily overriding HOME='/home/runner/work/_temp/0458238c-1d2b-4613-bd7f-5dc1305f8c06' before making global git config changes
Lint and Format Check	Run actions/checkout@v6	2026-08-10T15:42:47.7482575Z Adding repository directory to the temporary git global config as a safe directory
Lint and Format Check	Run actions/checkout@v6	2026-08-10T15:42:47.7484348Z [command]/usr/bin/git config --global --add safe.directory /home/runner/work/start/start
Lint and Format Check	Run actions/checkout@v6	2026-08-10T15:42:47.7531205Z Deleting the contents of '/home/runner/work/start/start'
Lint and Format Check	Run actions/checkout@v6	2026-08-10T15:42:47.7536186Z ##[group]Determining repository object format
Lint and Format Check	Run actions/checkout@v6	2026-08-10T15:42:47.7539377Z ##[endgroup]
Lint and Format Check	Run actions/checkout@v6	2026-08-10T15:42:47.7540434Z ##[group]Initializing the repository
Lint and Format Check	Run actions/checkout@v6	2026-08-10T15:42:47.7545638Z [command]/usr/bin/git init /home/runner/work/start/start
Lint and Format Check	Run actions/checkout@v6	2026-08-10T15:42:47.7666336Z Initialized empty Git repository in /home/runner/work/start/start/.git/
Lint and Format Check	Run actions/checkout@v6	2026-08-10T15:42:47.7679302Z [command]/usr/bin/git remote add origin https://github.com/link-foundation/start
Lint and Format Check	Run actions/checkout@v6	2026-08-10T15:42:47.7726246Z ##[endgroup]
Lint and Format Check	Run actions/checkout@v6	2026-08-10T15:42:47.7727650Z ##[group]Disabling automatic garbage collection
Lint and Format Check	Run actions/checkout@v6	2026-08-10T15:42:47.7729969Z [command]/usr/bin/git config --local gc.auto 0
Lint and Format Check	Run actions/checkout@v6	2026-08-10T15:42:47.7763025Z ##[endgroup]
Lint and Format Check	Run actions/checkout@v6	2026-08-10T15:42:47.7764207Z ##[group]Setting up auth
Lint and Format Check	Run actions/checkout@v6	2026-08-10T15:42:47.7765274Z Removing SSH command configuration
Lint and Format Check	Run actions/checkout@v6	2026-08-10T15:42:47.7771073Z [command]/usr/bin/git config --local --name-only --get-regexp core\.sshCommand
Lint and Format Check	Run actions/checkout@v6	2026-08-10T15:42:47.7807842Z [command]/usr/bin/git submodule foreach --recursive sh -c "git config --local --name-only --get-regexp 'core\.sshCommand' && git config --local --unset-all 'core.sshCommand' || :"
Lint and Format Check	Run actions/checkout@v6	2026-08-10T15:42:47.8241114Z Removing HTTP extra header
Lint and Format Check	Run actions/checkout@v6	2026-08-10T15:42:47.8256721Z [command]/usr/bin/git config --local --name-only --get-regexp http\.https\:\/\/github\.com\/\.extraheader
Lint and Format Check	Run actions/checkout@v6	2026-08-10T15:42:47.8378131Z [command]/usr/bin/git submodule foreach --recursive sh -c "git config --local --name-only --get-regexp 'http\.https\:\/\/github\.com\/\.extraheader' && git config --local --unset-all 'http.https://github.com/.extraheader' || :"
Lint and Format Check	Run actions/checkout@v6	2026-08-10T15:42:47.8584416Z Removing includeIf entries pointing to credentials config files
Lint and Format Check	Run actions/checkout@v6	2026-08-10T15:42:47.8590703Z [command]/usr/bin/git config --local --name-only --get-regexp ^includeIf\.gitdir:
Lint and Format Check	Run actions/checkout@v6	2026-08-10T15:42:47.8637581Z [command]/usr/bin/git submodule foreach --recursive git config --local --show-origin --name-only --get-regexp remote.origin.url
Lint and Format Check	Run actions/checkout@v6	2026-08-10T15:42:47.8909336Z [command]/usr/bin/git config --file /home/runner/work/_temp/git-credentials-e1b1d418-7405-47bb-ab51-dd28b5d46cac.config http.https://github.com/.extraheader AUTHORIZATION: basic ***
Lint and Format Check	Run actions/checkout@v6	2026-08-10T15:42:47.8953391Z [command]/usr/bin/git config --local includeIf.gitdir:/home/runner/work/start/start/.git.path /home/runner/work/_temp/git-credentials-e1b1d418-7405-47bb-ab51-dd28b5d46cac.config
Lint and Format Check	Run actions/checkout@v6	2026-08-10T15:42:47.8987927Z [command]/usr/bin/git config --local includeIf.gitdir:/home/runner/work/start/start/.git/worktrees/*.path /home/runner/work/_temp/git-credentials-e1b1d418-7405-47bb-ab51-dd28b5d46cac.config
Lint and Format Check	Run actions/checkout@v6	2026-08-10T15:42:47.9024257Z [command]/usr/bin/git config --local includeIf.gitdir:/github/workspace/.git.path /github/runner_temp/git-credentials-e1b1d418-7405-47bb-ab51-dd28b5d46cac.config
Lint and Format Check	Run actions/checkout@v6	2026-08-10T15:42:47.9066779Z [command]/usr/bin/git config --local includeIf.gitdir:/github/workspace/.git/worktrees/*.path /github/runner_temp/git-credentials-e1b1d418-7405-47bb-ab51-dd28b5d46cac.config
Lint and Format Check	Run actions/checkout@v6	2026-08-10T15:42:47.9106962Z ##[endgroup]
Lint and Format Check	Run actions/checkout@v6	2026-08-10T15:42:47.9108763Z ##[group]Fetching the repository
Lint and Format Check	Run actions/checkout@v6	2026-08-10T15:42:47.9111556Z [command]/usr/bin/git -c protocol.version=2 fetch --no-tags --prune --no-recurse-submodules --depth=1 origin +c88600c0d8ff8d80941044138e858ae826ae3010:refs/remotes/pull/161/merge
Lint and Format Check	Run actions/checkout@v6	2026-08-10T15:42:48.2437484Z From https://github.com/link-foundation/start
Lint and Format Check	Run actions/checkout@v6	2026-08-10T15:42:48.2438744Z  * [new ref]         c88600c0d8ff8d80941044138e858ae826ae3010 -> pull/161/merge
Lint and Format Check	Run actions/checkout@v6	2026-08-10T15:42:48.2474350Z ##[endgroup]
Lint and Format Check	Run actions/checkout@v6	2026-08-10T15:42:48.2475685Z ##[group]Determining the checkout info
Lint and Format Check	Run actions/checkout@v6	2026-08-10T15:42:48.2476712Z ##[endgroup]
Lint and Format Check	Run actions/checkout@v6	2026-08-10T15:42:48.2481664Z [command]/usr/bin/git sparse-checkout disable
Lint and Format Check	Run actions/checkout@v6	2026-08-10T15:42:48.2531338Z [command]/usr/bin/git config --local --unset-all extensions.worktreeConfig
Lint and Format Check	Run actions/checkout@v6	2026-08-10T15:42:48.2562675Z ##[group]Checking out the ref
Lint and Format Check	Run actions/checkout@v6	2026-08-10T15:42:48.2567110Z [command]/usr/bin/git checkout --progress --force refs/remotes/pull/161/merge
Lint and Format Check	Run actions/checkout@v6	2026-08-10T15:42:48.3291097Z Note: switching to 'refs/remotes/pull/161/merge'.
Lint and Format Check	Run actions/checkout@v6	2026-08-10T15:42:48.3293006Z 
Lint and Format Check	Run actions/checkout@v6	2026-08-10T15:42:48.3294352Z You are in 'detached HEAD' state. You can look around, make experimental
Lint and Format Check	Run actions/checkout@v6	2026-08-10T15:42:48.3297436Z changes and commit them, and you can discard any commits you make in this
Lint and Format Check	Run actions/checkout@v6	2026-08-10T15:42:48.3300310Z state without impacting any branches by switching back to a branch.
Lint and Format Check	Run actions/checkout@v6	2026-08-10T15:42:48.3301434Z 
Lint and Format Check	Run actions/checkout@v6	2026-08-10T15:42:48.3302226Z If you want to create a new branch to retain commits you create, you may
Lint and Format Check	Run actions/checkout@v6	2026-08-10T15:42:48.3303783Z do so (now or later) by using -c with the switch command. Example:
Lint and Format Check	Run actions/checkout@v6	2026-08-10T15:42:48.3304870Z 
Lint and Format Check	Run actions/checkout@v6	2026-08-10T15:42:48.3305723Z   git switch -c <new-branch-name>
Lint and Format Check	Run actions/checkout@v6	2026-08-10T15:42:48.3306562Z 
Lint and Format Check	Run actions/checkout@v6	2026-08-10T15:42:48.3307102Z Or undo this operation with:
Lint and Format Check	Run actions/checkout@v6	2026-08-10T15:42:48.3307925Z 
Lint and Format Check	Run actions/checkout@v6	2026-08-10T15:42:48.3308613Z   git switch -
Lint and Format Check	Run actions/checkout@v6	2026-08-10T15:42:48.3309577Z 
Lint and Format Check	Run actions/checkout@v6	2026-08-10T15:42:48.3310546Z Turn off this advice by setting config variable advice.detachedHead to false
Lint and Format Check	Run actions/checkout@v6	2026-08-10T15:42:48.3311869Z 
Lint and Format Check	Run actions/checkout@v6	2026-08-10T15:42:48.3313330Z HEAD is now at c88600c Merge 3562e612036bcd5e3fa75dcb89d8b334d7a954ac into db1ad4d0b2119148b4ad6e870080f8178a2a8e93
Lint and Format Check	Run actions/checkout@v6	2026-08-10T15:42:48.3318483Z ##[endgroup]
Lint and Format Check	Run actions/checkout@v6	2026-08-10T15:42:48.3353344Z [command]/usr/bin/git log -1 --format=%H
Lint and Format Check	Run actions/checkout@v6	2026-08-10T15:42:48.3381714Z c88600c0d8ff8d80941044138e858ae826ae3010
Lint and Format Check	Setup Bun	﻿2026-08-10T15:42:48.3819359Z ##[group]Run oven-sh/setup-bun@v2
Lint and Format Check	Setup Bun	2026-08-10T15:42:48.3821192Z with:
Lint and Format Check	Setup Bun	2026-08-10T15:42:48.3822227Z   bun-version: latest
Lint and Format Check	Setup Bun	2026-08-10T15:42:48.3823348Z   no-cache: false
Lint and Format Check	Setup Bun	2026-08-10T15:42:48.3835493Z   token: ***
Lint and Format Check	Setup Bun	2026-08-10T15:42:48.3836528Z env:
Lint and Format Check	Setup Bun	2026-08-10T15:42:48.3837560Z   FORCE_JAVASCRIPT_ACTIONS_TO_NODE24: true
Lint and Format Check	Setup Bun	2026-08-10T15:42:48.3838966Z   GIT_CONFIG_COUNT: 1
Lint and Format Check	Setup Bun	2026-08-10T15:42:48.3840091Z   GIT_CONFIG_KEY_0: init.defaultBranch
Lint and Format Check	Setup Bun	2026-08-10T15:42:48.3841410Z   GIT_CONFIG_VALUE_0: main
Lint and Format Check	Setup Bun	2026-08-10T15:42:48.3842495Z ##[endgroup]
Lint and Format Check	Setup Bun	2026-08-10T15:42:48.8407769Z Downloading a new version of Bun: https://github.com/oven-sh/bun/releases/download/bun-v1.3.14/bun-linux-x64.zip
Lint and Format Check	Setup Bun	2026-08-10T15:42:49.1158884Z [command]/usr/bin/unzip -o -q /home/runner/work/_temp/beb1e779-5207-4dfb-be86-b07b950e9b05.zip
Lint and Format Check	Setup Bun	2026-08-10T15:42:49.8058807Z [command]/home/runner/.bun/bin/bun --revision
Lint and Format Check	Setup Bun	2026-08-10T15:42:49.8107879Z 1.3.14+0d9b296af
Lint and Format Check	Install dependencies	﻿2026-08-10T15:42:49.8287198Z ##[group]Run bun install
Lint and Format Check	Install dependencies	2026-08-10T15:42:49.8287687Z ^[[36;1mbun install^[[0m
Lint and Format Check	Install dependencies	2026-08-10T15:42:49.8337534Z shell: /usr/bin/bash -e {0}
Lint and Format Check	Install dependencies	2026-08-10T15:42:49.8337902Z env:
Lint and Format Check	Install dependencies	2026-08-10T15:42:49.8338196Z   FORCE_JAVASCRIPT_ACTIONS_TO_NODE24: true
Lint and Format Check	Install dependencies	2026-08-10T15:42:49.8338543Z   GIT_CONFIG_COUNT: 1
Lint and Format Check	Install dependencies	2026-08-10T15:42:49.8338834Z   GIT_CONFIG_KEY_0: init.defaultBranch
Lint and Format Check	Install dependencies	2026-08-10T15:42:49.8339163Z   GIT_CONFIG_VALUE_0: main
Lint and Format Check	Install dependencies	2026-08-10T15:42:49.8339457Z ##[endgroup]
Lint and Format Check	Install dependencies	2026-08-10T15:42:49.8458794Z bun install v1.3.14 (0d9b296a)
Lint and Format Check	Install dependencies	2026-08-10T15:42:50.1283538Z 
Lint and Format Check	Install dependencies	2026-08-10T15:42:50.1288494Z $ cd .. && husky .husky || true
Lint and Format Check	Install dependencies	2026-08-10T15:42:50.3264314Z 
Lint and Format Check	Install dependencies	2026-08-10T15:42:50.3265095Z + @changesets/cli@2.31.0
Lint and Format Check	Install dependencies	2026-08-10T15:42:50.3265577Z + @eslint/js@10.0.1
Lint and Format Check	Install dependencies	2026-08-10T15:42:50.3265972Z + eslint@10.3.0
Lint and Format Check	Install dependencies	2026-08-10T15:42:50.3266335Z + eslint-config-prettier@10.1.8
Lint and Format Check	Install dependencies	2026-08-10T15:42:50.3266784Z + eslint-plugin-prettier@5.5.5
Lint and Format Check	Install dependencies	2026-08-10T15:42:50.3267201Z + husky@9.1.7
Lint and Format Check	Install dependencies	2026-08-10T15:42:50.3267519Z + lint-staged@17.0.4
Lint and Format Check	Install dependencies	2026-08-10T15:42:50.3267925Z + prettier@3.8.3
Lint and Format Check	Install dependencies	2026-08-10T15:42:50.3268251Z + command-stream@0.9.4
Lint and Format Check	Install dependencies	2026-08-10T15:42:50.3268622Z + lino-objects-codec@0.4.0
Lint and Format Check	Install dependencies	2026-08-10T15:42:50.3268870Z 
Lint and Format Check	Install dependencies	2026-08-10T15:42:50.3269038Z 199 packages installed [482.00ms]
Lint and Format Check	Run ESLint	﻿2026-08-10T15:42:50.3342249Z ##[group]Run bun run lint
Lint and Format Check	Run ESLint	2026-08-10T15:42:50.3342572Z ^[[36;1mbun run lint^[[0m
Lint and Format Check	Run ESLint	2026-08-10T15:42:50.3387565Z shell: /usr/bin/bash -e {0}
Lint and Format Check	Run ESLint	2026-08-10T15:42:50.3387837Z env:
Lint and Format Check	Run ESLint	2026-08-10T15:42:50.3388065Z   FORCE_JAVASCRIPT_ACTIONS_TO_NODE24: true
Lint and Format Check	Run ESLint	2026-08-10T15:42:50.3388355Z   GIT_CONFIG_COUNT: 1
Lint and Format Check	Run ESLint	2026-08-10T15:42:50.3388623Z   GIT_CONFIG_KEY_0: init.defaultBranch
Lint and Format Check	Run ESLint	2026-08-10T15:42:50.3388901Z   GIT_CONFIG_VALUE_0: main
Lint and Format Check	Run ESLint	2026-08-10T15:42:50.3389135Z ##[endgroup]
Lint and Format Check	Run ESLint	2026-08-10T15:42:50.3471693Z $ eslint .
Lint and Format Check	Check formatting	﻿2026-08-10T15:42:53.2897352Z ##[group]Run bun run format:check
Lint and Format Check	Check formatting	2026-08-10T15:42:53.2897713Z ^[[36;1mbun run format:check^[[0m
Lint and Format Check	Check formatting	2026-08-10T15:42:53.2944769Z shell: /usr/bin/bash -e {0}
Lint and Format Check	Check formatting	2026-08-10T15:42:53.2945281Z env:
Lint and Format Check	Check formatting	2026-08-10T15:42:53.2945532Z   FORCE_JAVASCRIPT_ACTIONS_TO_NODE24: true
Lint and Format Check	Check formatting	2026-08-10T15:42:53.2946051Z   GIT_CONFIG_COUNT: 1
Lint and Format Check	Check formatting	2026-08-10T15:42:53.2946297Z   GIT_CONFIG_KEY_0: init.defaultBranch
Lint and Format Check	Check formatting	2026-08-10T15:42:53.2946573Z   GIT_CONFIG_VALUE_0: main
Lint and Format Check	Check formatting	2026-08-10T15:42:53.2946807Z ##[endgroup]
Lint and Format Check	Check formatting	2026-08-10T15:42:53.3055996Z $ prettier --check .
Lint and Format Check	Check formatting	2026-08-10T15:42:53.3895317Z Checking formatting...
Lint and Format Check	Check formatting	2026-08-10T15:42:55.0986177Z All matched files use Prettier code style!
Lint and Format Check	Check file size limit	﻿2026-08-10T15:42:55.1367602Z ##[group]Run node scripts/check-file-size.mjs
Lint and Format Check	Check file size limit	2026-08-10T15:42:55.1368002Z ^[[36;1mnode scripts/check-file-size.mjs^[[0m
Lint and Format Check	Check file size limit	2026-08-10T15:42:55.1412327Z shell: /usr/bin/bash -e {0}
Lint and Format Check	Check file size limit	2026-08-10T15:42:55.1412576Z env:
Lint and Format Check	Check file size limit	2026-08-10T15:42:55.1412793Z   FORCE_JAVASCRIPT_ACTIONS_TO_NODE24: true
Lint and Format Check	Check file size limit	2026-08-10T15:42:55.1413077Z   GIT_CONFIG_COUNT: 1
Lint and Format Check	Check file size limit	2026-08-10T15:42:55.1413308Z   GIT_CONFIG_KEY_0: init.defaultBranch
Lint and Format Check	Check file size limit	2026-08-10T15:42:55.1413576Z   GIT_CONFIG_VALUE_0: main
Lint and Format Check	Check file size limit	2026-08-10T15:42:55.1413801Z ##[endgroup]
Lint and Format Check	Check file size limit	2026-08-10T15:42:55.1733691Z 
Lint and Format Check	Check file size limit	2026-08-10T15:42:55.1734183Z Checking JavaScript and Rust files for maximum 1000 lines...
Lint and Format Check	Check file size limit	2026-08-10T15:42:55.1734814Z 
Lint and Format Check	Check file size limit	2026-08-10T15:42:55.2197051Z ✓ All files are within the line limit
Lint and Format Check	Check file size limit	2026-08-10T15:42:55.2197360Z 
Lint and Format Check	Post Setup Bun	﻿2026-08-10T15:42:55.2331103Z Post job cleanup.
Lint and Format Check	Post Run actions/checkout@v6	﻿2026-08-10T15:42:55.4192230Z Post job cleanup.
Lint and Format Check	Post Run actions/checkout@v6	2026-08-10T15:42:55.5054493Z [command]/usr/bin/git version
Lint and Format Check	Post Run actions/checkout@v6	2026-08-10T15:42:55.5095502Z git version 2.54.0
Lint and Format Check	Post Run actions/checkout@v6	2026-08-10T15:42:55.5170050Z Temporarily overriding HOME='/home/runner/work/_temp/cf636a1b-05ae-4e6a-9c0a-9d82070e531e' before making global git config changes
Lint and Format Check	Post Run actions/checkout@v6	2026-08-10T15:42:55.5171783Z Adding repository directory to the temporary git global config as a safe directory
Lint and Format Check	Post Run actions/checkout@v6	2026-08-10T15:42:55.5176187Z [command]/usr/bin/git config --global --add safe.directory /home/runner/work/start/start
Lint and Format Check	Post Run actions/checkout@v6	2026-08-10T15:42:55.5209087Z Removing SSH command configuration
Lint and Format Check	Post Run actions/checkout@v6	2026-08-10T15:42:55.5217254Z [command]/usr/bin/git config --local --name-only --get-regexp core\.sshCommand
Lint and Format Check	Post Run actions/checkout@v6	2026-08-10T15:42:55.5256822Z [command]/usr/bin/git submodule foreach --recursive sh -c "git config --local --name-only --get-regexp 'core\.sshCommand' && git config --local --unset-all 'core.sshCommand' || :"
Lint and Format Check	Post Run actions/checkout@v6	2026-08-10T15:42:55.5514901Z Removing HTTP extra header
Lint and Format Check	Post Run actions/checkout@v6	2026-08-10T15:42:55.5522386Z [command]/usr/bin/git config --local --name-only --get-regexp http\.https\:\/\/github\.com\/\.extraheader
Lint and Format Check	Post Run actions/checkout@v6	2026-08-10T15:42:55.5560462Z [command]/usr/bin/git submodule foreach --recursive sh -c "git config --local --name-only --get-regexp 'http\.https\:\/\/github\.com\/\.extraheader' && git config --local --unset-all 'http.https://github.com/.extraheader' || :"
Lint and Format Check	Post Run actions/checkout@v6	2026-08-10T15:42:55.5817976Z Removing includeIf entries pointing to credentials config files
Lint and Format Check	Post Run actions/checkout@v6	2026-08-10T15:42:55.5825527Z [command]/usr/bin/git config --local --name-only --get-regexp ^includeIf\.gitdir:
Lint and Format Check	Post Run actions/checkout@v6	2026-08-10T15:42:55.5856371Z includeif.gitdir:/home/runner/work/start/start/.git.path
Lint and Format Check	Post Run actions/checkout@v6	2026-08-10T15:42:55.5857289Z includeif.gitdir:/home/runner/work/start/start/.git/worktrees/*.path
Lint and Format Check	Post Run actions/checkout@v6	2026-08-10T15:42:55.5858146Z includeif.gitdir:/github/workspace/.git.path
Lint and Format Check	Post Run actions/checkout@v6	2026-08-10T15:42:55.5858912Z includeif.gitdir:/github/workspace/.git/worktrees/*.path
Lint and Format Check	Post Run actions/checkout@v6	2026-08-10T15:42:55.5866809Z [command]/usr/bin/git config --local --get-all includeif.gitdir:/home/runner/work/start/start/.git.path
Lint and Format Check	Post Run actions/checkout@v6	2026-08-10T15:42:55.5897169Z /home/runner/work/_temp/git-credentials-e1b1d418-7405-47bb-ab51-dd28b5d46cac.config
Lint and Format Check	Post Run actions/checkout@v6	2026-08-10T15:42:55.5913620Z [command]/usr/bin/git config --local --unset includeif.gitdir:/home/runner/work/start/start/.git.path /home/runner/work/_temp/git-credentials-e1b1d418-7405-47bb-ab51-dd28b5d46cac.config
Lint and Format Check	Post Run actions/checkout@v6	2026-08-10T15:42:55.5956888Z [command]/usr/bin/git config --local --get-all includeif.gitdir:/home/runner/work/start/start/.git/worktrees/*.path
Lint and Format Check	Post Run actions/checkout@v6	2026-08-10T15:42:55.5985412Z /home/runner/work/_temp/git-credentials-e1b1d418-7405-47bb-ab51-dd28b5d46cac.config
Lint and Format Check	Post Run actions/checkout@v6	2026-08-10T15:42:55.5996413Z [command]/usr/bin/git config --local --unset includeif.gitdir:/home/runner/work/start/start/.git/worktrees/*.path /home/runner/work/_temp/git-credentials-e1b1d418-7405-47bb-ab51-dd28b5d46cac.config
Lint and Format Check	Post Run actions/checkout@v6	2026-08-10T15:42:55.6036834Z [command]/usr/bin/git config --local --get-all includeif.gitdir:/github/workspace/.git.path
Lint and Format Check	Post Run actions/checkout@v6	2026-08-10T15:42:55.6062848Z /github/runner_temp/git-credentials-e1b1d418-7405-47bb-ab51-dd28b5d46cac.config
Lint and Format Check	Post Run actions/checkout@v6	2026-08-10T15:42:55.6073282Z [command]/usr/bin/git config --local --unset includeif.gitdir:/github/workspace/.git.path /github/runner_temp/git-credentials-e1b1d418-7405-47bb-ab51-dd28b5d46cac.config
Lint and Format Check	Post Run actions/checkout@v6	2026-08-10T15:42:55.6108948Z [command]/usr/bin/git config --local --get-all includeif.gitdir:/github/workspace/.git/worktrees/*.path
Lint and Format Check	Post Run actions/checkout@v6	2026-08-10T15:42:55.6134193Z /github/runner_temp/git-credentials-e1b1d418-7405-47bb-ab51-dd28b5d46cac.config
Lint and Format Check	Post Run actions/checkout@v6	2026-08-10T15:42:55.6143743Z [command]/usr/bin/git config --local --unset includeif.gitdir:/github/workspace/.git/worktrees/*.path /github/runner_temp/git-credentials-e1b1d418-7405-47bb-ab51-dd28b5d46cac.config
Lint and Format Check	Post Run actions/checkout@v6	2026-08-10T15:42:55.6197719Z [command]/usr/bin/git submodule foreach --recursive git config --local --show-origin --name-only --get-regexp remote.origin.url
Lint and Format Check	Post Run actions/checkout@v6	2026-08-10T15:42:55.6432152Z Removing credentials config '/home/runner/work/_temp/git-credentials-e1b1d418-7405-47bb-ab51-dd28b5d46cac.config'
Lint and Format Check	Complete job	﻿2026-08-10T15:42:55.6585395Z Cleaning up orphan processes
Check for Changesets	Set up job	﻿2026-08-10T15:42:40.5950138Z Current runner version: '2.336.0'
Check for Changesets	Set up job	2026-08-10T15:42:40.5977207Z ##[group]Runner Image Provisioner
Check for Changesets	Set up job	2026-08-10T15:42:40.5978157Z Hosted Compute Agent
Check for Changesets	Set up job	2026-08-10T15:42:40.5978827Z Version: 20260707.563
Check for Changesets	Set up job	2026-08-10T15:42:40.5979484Z Commit: 02667638d2b423fbc733a8e32a88b44996a3ba6e
Check for Changesets	Set up job	2026-08-10T15:42:40.5980409Z Build Date: 2026-07-07T19:33:50Z
Check for Changesets	Set up job	2026-08-10T15:42:40.5981153Z Worker ID: {01a66058-5a33-470c-be07-f9e2d1050bdc}
Check for Changesets	Set up job	2026-08-10T15:42:40.5981921Z Azure Region: northcentralus
Check for Changesets	Set up job	2026-08-10T15:42:40.5982530Z ##[endgroup]
Check for Changesets	Set up job	2026-08-10T15:42:40.5983976Z ##[group]Operating System
Check for Changesets	Set up job	2026-08-10T15:42:40.5984612Z Ubuntu
Check for Changesets	Set up job	2026-08-10T15:42:40.5985203Z 24.04.4
Check for Changesets	Set up job	2026-08-10T15:42:40.5985789Z LTS
Check for Changesets	Set up job	2026-08-10T15:42:40.5986320Z ##[endgroup]
Check for Changesets	Set up job	2026-08-10T15:42:40.5986945Z ##[group]Runner Image
Check for Changesets	Set up job	2026-08-10T15:42:40.5987558Z Image: ubuntu-24.04
Check for Changesets	Set up job	2026-08-10T15:42:40.5988171Z Version: 20260720.247.2
Check for Changesets	Set up job	2026-08-10T15:42:40.5989351Z Included Software: https://github.com/actions/runner-images/blob/ubuntu24/20260720.247/images/ubuntu/Ubuntu2404-Readme.md
Check for Changesets	Set up job	2026-08-10T15:42:40.5991287Z Image Release: https://github.com/actions/runner-images/releases/tag/ubuntu24%2F20260720.247
Check for Changesets	Set up job	2026-08-10T15:42:40.5992255Z ##[endgroup]
Check for Changesets	Set up job	2026-08-10T15:42:40.5993466Z ##[group]GITHUB_TOKEN Permissions
Check for Changesets	Set up job	2026-08-10T15:42:40.5995325Z Contents: read
Check for Changesets	Set up job	2026-08-10T15:42:40.5995931Z Metadata: read
Check for Changesets	Set up job	2026-08-10T15:42:40.5996604Z ##[endgroup]
Check for Changesets	Set up job	2026-08-10T15:42:40.5998629Z Secret source: Actions
Check for Changesets	Set up job	2026-08-10T15:42:40.6000150Z Prepare workflow directory
Check for Changesets	Set up job	2026-08-10T15:42:40.6428640Z Prepare all required actions
Check for Changesets	Set up job	2026-08-10T15:42:40.6476774Z Getting action download info
Check for Changesets	Set up job	2026-08-10T15:42:40.9030594Z Download action repository 'actions/checkout@v6' (SHA:d23441a48e516b6c34aea4fa41551a30e30af803)
Check for Changesets	Set up job	2026-08-10T15:42:41.2408339Z Download action repository 'oven-sh/setup-bun@v2' (SHA:0c5077e51419868618aeaa5fe8019c62421857d6)
Check for Changesets	Set up job	2026-08-10T15:42:41.6137431Z Complete job name: Check for Changesets
Check for Changesets	Run actions/checkout@v6	﻿2026-08-10T15:42:41.6918496Z ##[group]Run actions/checkout@v6
Check for Changesets	Run actions/checkout@v6	2026-08-10T15:42:41.6919379Z with:
Check for Changesets	Run actions/checkout@v6	2026-08-10T15:42:41.6920221Z   fetch-depth: 0
Check for Changesets	Run actions/checkout@v6	2026-08-10T15:42:41.6920696Z   repository: link-foundation/start
Check for Changesets	Run actions/checkout@v6	2026-08-10T15:42:41.6924935Z   token: ***
Check for Changesets	Run actions/checkout@v6	2026-08-10T15:42:41.6925374Z   ssh-strict: true
Check for Changesets	Run actions/checkout@v6	2026-08-10T15:42:41.6925822Z   ssh-user: git
Check for Changesets	Run actions/checkout@v6	2026-08-10T15:42:41.6926269Z   persist-credentials: true
Check for Changesets	Run actions/checkout@v6	2026-08-10T15:42:41.6926763Z   clean: true
Check for Changesets	Run actions/checkout@v6	2026-08-10T15:42:41.6927205Z   sparse-checkout-cone-mode: true
Check for Changesets	Run actions/checkout@v6	2026-08-10T15:42:41.6927727Z   fetch-tags: false
Check for Changesets	Run actions/checkout@v6	2026-08-10T15:42:41.6928165Z   show-progress: true
Check for Changesets	Run actions/checkout@v6	2026-08-10T15:42:41.6928645Z   lfs: false
Check for Changesets	Run actions/checkout@v6	2026-08-10T15:42:41.6929061Z   submodules: false
Check for Changesets	Run actions/checkout@v6	2026-08-10T15:42:41.6929528Z   set-safe-directory: true
Check for Changesets	Run actions/checkout@v6	2026-08-10T15:42:41.6930155Z   allow-unsafe-pr-checkout: false
Check for Changesets	Run actions/checkout@v6	2026-08-10T15:42:41.6930966Z env:
Check for Changesets	Run actions/checkout@v6	2026-08-10T15:42:41.6931412Z   FORCE_JAVASCRIPT_ACTIONS_TO_NODE24: true
Check for Changesets	Run actions/checkout@v6	2026-08-10T15:42:41.6931977Z   GIT_CONFIG_COUNT: 1
Check for Changesets	Run actions/checkout@v6	2026-08-10T15:42:41.6932462Z   GIT_CONFIG_KEY_0: init.defaultBranch
Check for Changesets	Run actions/checkout@v6	2026-08-10T15:42:41.6933065Z   GIT_CONFIG_VALUE_0: main
Check for Changesets	Run actions/checkout@v6	2026-08-10T15:42:41.6933536Z ##[endgroup]
Check for Changesets	Run actions/checkout@v6	2026-08-10T15:42:41.7967581Z Syncing repository: link-foundation/start
Check for Changesets	Run actions/checkout@v6	2026-08-10T15:42:41.7969769Z ##[group]Getting Git version info
Check for Changesets	Run actions/checkout@v6	2026-08-10T15:42:41.7970520Z Working directory is '/home/runner/work/start/start'
Check for Changesets	Run actions/checkout@v6	2026-08-10T15:42:41.7971607Z [command]/usr/bin/git version
Check for Changesets	Run actions/checkout@v6	2026-08-10T15:42:41.8031851Z git version 2.54.0
Check for Changesets	Run actions/checkout@v6	2026-08-10T15:42:41.8088131Z ##[endgroup]
Check for Changesets	Run actions/checkout@v6	2026-08-10T15:42:41.8105586Z Temporarily overriding HOME='/home/runner/work/_temp/cf70066c-466f-4247-ba7b-b10a3d83968a' before making global git config changes
Check for Changesets	Run actions/checkout@v6	2026-08-10T15:42:41.8108476Z Adding repository directory to the temporary git global config as a safe directory
Check for Changesets	Run actions/checkout@v6	2026-08-10T15:42:41.8112458Z [command]/usr/bin/git config --global --add safe.directory /home/runner/work/start/start
Check for Changesets	Run actions/checkout@v6	2026-08-10T15:42:41.8166885Z Deleting the contents of '/home/runner/work/start/start'
Check for Changesets	Run actions/checkout@v6	2026-08-10T15:42:41.8172433Z ##[group]Determining repository object format
Check for Changesets	Run actions/checkout@v6	2026-08-10T15:42:41.8174554Z ##[endgroup]
Check for Changesets	Run actions/checkout@v6	2026-08-10T15:42:41.8175826Z ##[group]Initializing the repository
Check for Changesets	Run actions/checkout@v6	2026-08-10T15:42:41.8179106Z [command]/usr/bin/git init /home/runner/work/start/start
Check for Changesets	Run actions/checkout@v6	2026-08-10T15:42:41.8283629Z Initialized empty Git repository in /home/runner/work/start/start/.git/
Check for Changesets	Run actions/checkout@v6	2026-08-10T15:42:41.8295916Z [command]/usr/bin/git remote add origin https://github.com/link-foundation/start
Check for Changesets	Run actions/checkout@v6	2026-08-10T15:42:41.8345536Z ##[endgroup]
Check for Changesets	Run actions/checkout@v6	2026-08-10T15:42:41.8347001Z ##[group]Disabling automatic garbage collection
Check for Changesets	Run actions/checkout@v6	2026-08-10T15:42:41.8350207Z [command]/usr/bin/git config --local gc.auto 0
Check for Changesets	Run actions/checkout@v6	2026-08-10T15:42:41.8387543Z ##[endgroup]
Check for Changesets	Run actions/checkout@v6	2026-08-10T15:42:41.8388977Z ##[group]Setting up auth
Check for Changesets	Run actions/checkout@v6	2026-08-10T15:42:41.8390336Z Removing SSH command configuration
Check for Changesets	Run actions/checkout@v6	2026-08-10T15:42:41.8396773Z [command]/usr/bin/git config --local --name-only --get-regexp core\.sshCommand
Check for Changesets	Run actions/checkout@v6	2026-08-10T15:42:41.8448450Z [command]/usr/bin/git submodule foreach --recursive sh -c "git config --local --name-only --get-regexp 'core\.sshCommand' && git config --local --unset-all 'core.sshCommand' || :"
Check for Changesets	Run actions/checkout@v6	2026-08-10T15:42:41.8828849Z Removing HTTP extra header
Check for Changesets	Run actions/checkout@v6	2026-08-10T15:42:41.8836115Z [command]/usr/bin/git config --local --name-only --get-regexp http\.https\:\/\/github\.com\/\.extraheader
Check for Changesets	Run actions/checkout@v6	2026-08-10T15:42:41.8876211Z [command]/usr/bin/git submodule foreach --recursive sh -c "git config --local --name-only --get-regexp 'http\.https\:\/\/github\.com\/\.extraheader' && git config --local --unset-all 'http.https://github.com/.extraheader' || :"
Check for Changesets	Run actions/checkout@v6	2026-08-10T15:42:41.9119475Z Removing includeIf entries pointing to credentials config files
Check for Changesets	Run actions/checkout@v6	2026-08-10T15:42:41.9121627Z [command]/usr/bin/git config --local --name-only --get-regexp ^includeIf\.gitdir:
Check for Changesets	Run actions/checkout@v6	2026-08-10T15:42:41.9159407Z [command]/usr/bin/git submodule foreach --recursive git config --local --show-origin --name-only --get-regexp remote.origin.url
Check for Changesets	Run actions/checkout@v6	2026-08-10T15:42:41.9407237Z [command]/usr/bin/git config --file /home/runner/work/_temp/git-credentials-390590ab-3ab5-4141-86de-53dcaae79d17.config http.https://github.com/.extraheader AUTHORIZATION: basic ***
Check for Changesets	Run actions/checkout@v6	2026-08-10T15:42:41.9459238Z [command]/usr/bin/git config --local includeIf.gitdir:/home/runner/work/start/start/.git.path /home/runner/work/_temp/git-credentials-390590ab-3ab5-4141-86de-53dcaae79d17.config
Check for Changesets	Run actions/checkout@v6	2026-08-10T15:42:41.9497029Z [command]/usr/bin/git config --local includeIf.gitdir:/home/runner/work/start/start/.git/worktrees/*.path /home/runner/work/_temp/git-credentials-390590ab-3ab5-4141-86de-53dcaae79d17.config
Check for Changesets	Run actions/checkout@v6	2026-08-10T15:42:41.9536375Z [command]/usr/bin/git config --local includeIf.gitdir:/github/workspace/.git.path /github/runner_temp/git-credentials-390590ab-3ab5-4141-86de-53dcaae79d17.config
Check for Changesets	Run actions/checkout@v6	2026-08-10T15:42:41.9575077Z [command]/usr/bin/git config --local includeIf.gitdir:/github/workspace/.git/worktrees/*.path /github/runner_temp/git-credentials-390590ab-3ab5-4141-86de-53dcaae79d17.config
Check for Changesets	Run actions/checkout@v6	2026-08-10T15:42:41.9606632Z ##[endgroup]
Check for Changesets	Run actions/checkout@v6	2026-08-10T15:42:41.9607453Z ##[group]Fetching the repository
Check for Changesets	Run actions/checkout@v6	2026-08-10T15:42:41.9616224Z [command]/usr/bin/git -c protocol.version=2 fetch --no-tags --prune --no-recurse-submodules origin +refs/heads/*:refs/remotes/origin/* +refs/tags/*:refs/tags/* +c88600c0d8ff8d80941044138e858ae826ae3010:refs/remotes/pull/161/merge
Check for Changesets	Run actions/checkout@v6	2026-08-10T15:42:42.7867088Z From https://github.com/link-foundation/start
Check for Changesets	Run actions/checkout@v6	2026-08-10T15:42:42.7870106Z  * [new branch]      issue-1-06306849                         -> origin/issue-1-06306849
Check for Changesets	Run actions/checkout@v6	2026-08-10T15:42:42.7872174Z  * [new branch]      issue-101-f6ea3a87b1de                   -> origin/issue-101-f6ea3a87b1de
Check for Changesets	Run actions/checkout@v6	2026-08-10T15:42:42.7874630Z  * [new branch]      issue-103-d2eee141f4bc                   -> origin/issue-103-d2eee141f4bc
Check for Changesets	Run actions/checkout@v6	2026-08-10T15:42:42.7876895Z  * [new branch]      issue-105-0edd650b7149                   -> origin/issue-105-0edd650b7149
Check for Changesets	Run actions/checkout@v6	2026-08-10T15:42:42.7879194Z  * [new branch]      issue-108-c821d8a93f01                   -> origin/issue-108-c821d8a93f01
Check for Changesets	Run actions/checkout@v6	2026-08-10T15:42:42.7882188Z  * [new branch]      issue-11-1524425f0588                    -> origin/issue-11-1524425f0588
Check for Changesets	Run actions/checkout@v6	2026-08-10T15:42:42.7885016Z  * [new branch]      issue-110-c1b9267a2743                   -> origin/issue-110-c1b9267a2743
Check for Changesets	Run actions/checkout@v6	2026-08-10T15:42:42.7888320Z  * [new branch]      issue-112-46af7527c0d9                   -> origin/issue-112-46af7527c0d9
Check for Changesets	Run actions/checkout@v6	2026-08-10T15:42:42.7891406Z  * [new branch]      issue-114-8181f01863b9                   -> origin/issue-114-8181f01863b9
Check for Changesets	Run actions/checkout@v6	2026-08-10T15:42:42.7894175Z  * [new branch]      issue-116-01c61894edbd                   -> origin/issue-116-01c61894edbd
Check for Changesets	Run actions/checkout@v6	2026-08-10T15:42:42.7897069Z  * [new branch]      issue-118-4ed21210786f                   -> origin/issue-118-4ed21210786f
Check for Changesets	Run actions/checkout@v6	2026-08-10T15:42:42.7900328Z  * [new branch]      issue-120-22538e16da80                   -> origin/issue-120-22538e16da80
Check for Changesets	Run actions/checkout@v6	2026-08-10T15:42:42.7903610Z  * [new branch]      issue-122-9e4e6b1efac6                   -> origin/issue-122-9e4e6b1efac6
Check for Changesets	Run actions/checkout@v6	2026-08-10T15:42:42.7906084Z  * [new branch]      issue-124-0288905fdd33                   -> origin/issue-124-0288905fdd33
Check for Changesets	Run actions/checkout@v6	2026-08-10T15:42:42.7908443Z  * [new branch]      issue-126-c5c8579b3ab4                   -> origin/issue-126-c5c8579b3ab4
Check for Changesets	Run actions/checkout@v6	2026-08-10T15:42:42.7911719Z  * [new branch]      issue-128-9d904e7dd227                   -> origin/issue-128-9d904e7dd227
Check for Changesets	Run actions/checkout@v6	2026-08-10T15:42:42.7914865Z  * [new branch]      issue-13-52ae2ce06ee2                    -> origin/issue-13-52ae2ce06ee2
Check for Changesets	Run actions/checkout@v6	2026-08-10T15:42:42.7918592Z  * [new branch]      issue-130-cefa8a965461                   -> origin/issue-130-cefa8a965461
Check for Changesets	Run actions/checkout@v6	2026-08-10T15:42:42.7922475Z  * [new branch]      issue-132-81888ef731d7                   -> origin/issue-132-81888ef731d7
Check for Changesets	Run actions/checkout@v6	2026-08-10T15:42:42.7926185Z  * [new branch]      issue-134-1a26eb545a18                   -> origin/issue-134-1a26eb545a18
Check for Changesets	Run actions/checkout@v6	2026-08-10T15:42:42.7929404Z  * [new branch]      issue-136-cffa39dbc470                   -> origin/issue-136-cffa39dbc470
Check for Changesets	Run actions/checkout@v6	2026-08-10T15:42:42.7932617Z  * [new branch]      issue-138-3f4ef74d216e                   -> origin/issue-138-3f4ef74d216e
Check for Changesets	Run actions/checkout@v6	2026-08-10T15:42:42.7936194Z  * [new branch]      issue-140-55c0984f3705                   -> origin/issue-140-55c0984f3705
Check for Changesets	Run actions/checkout@v6	2026-08-10T15:42:42.7940284Z  * [new branch]      issue-142-e63b64dd46e6                   -> origin/issue-142-e63b64dd46e6
Check for Changesets	Run actions/checkout@v6	2026-08-10T15:42:42.7943936Z  * [new branch]      issue-144-d8d3fb7dfd56                   -> origin/issue-144-d8d3fb7dfd56
Check for Changesets	Run actions/checkout@v6	2026-08-10T15:42:42.7947162Z  * [new branch]      issue-146-5fd1b386b75b                   -> origin/issue-146-5fd1b386b75b
Check for Changesets	Run actions/checkout@v6	2026-08-10T15:42:42.7950899Z  * [new branch]      issue-148-799a293d3d5b                   -> origin/issue-148-799a293d3d5b
Check for Changesets	Run actions/checkout@v6	2026-08-10T15:42:42.7954377Z  * [new branch]      issue-15-ccfe6d130337                    -> origin/issue-15-ccfe6d130337
Check for Changesets	Run actions/checkout@v6	2026-08-10T15:42:42.7957969Z  * [new branch]      issue-15-d3d0f1c82afa                    -> origin/issue-15-d3d0f1c82afa
Check for Changesets	Run actions/checkout@v6	2026-08-10T15:42:42.7961730Z  * [new branch]      issue-150-140b61c8f491                   -> origin/issue-150-140b61c8f491
Check for Changesets	Run actions/checkout@v6	2026-08-10T15:42:42.7965446Z  * [new branch]      issue-151-50e985780da1                   -> origin/issue-151-50e985780da1
Check for Changesets	Run actions/checkout@v6	2026-08-10T15:42:42.7969137Z  * [new branch]      issue-154-73165f3b5cf7                   -> origin/issue-154-73165f3b5cf7
Check for Changesets	Run actions/checkout@v6	2026-08-10T15:42:42.7972987Z  * [new branch]      issue-156-a9778f176d79                   -> origin/issue-156-a9778f176d79
Check for Changesets	Run actions/checkout@v6	2026-08-10T15:42:42.7976605Z  * [new branch]      issue-158-ecf4c4dc2e55                   -> origin/issue-158-ecf4c4dc2e55
Check for Changesets	Run actions/checkout@v6	2026-08-10T15:42:42.7980405Z  * [new branch]      issue-160-9bad94da73d2                   -> origin/issue-160-9bad94da73d2
Check for Changesets	Run actions/checkout@v6	2026-08-10T15:42:42.7984015Z  * [new branch]      issue-18-acfe3ddbe902                    -> origin/issue-18-acfe3ddbe902
Check for Changesets	Run actions/checkout@v6	2026-08-10T15:42:42.7987578Z  * [new branch]      issue-19-83cfc521f662                    -> origin/issue-19-83cfc521f662
Check for Changesets	Run actions/checkout@v6	2026-08-10T15:42:42.7991285Z  * [new branch]      issue-22-08e44246441d                    -> origin/issue-22-08e44246441d
Check for Changesets	Run actions/checkout@v6	2026-08-10T15:42:42.7994822Z  * [new branch]      issue-22-2d1c04999e6d                    -> origin/issue-22-2d1c04999e6d
Check for Changesets	Run actions/checkout@v6	2026-08-10T15:42:42.7998380Z  * [new branch]      issue-25-6419574a6cfe                    -> origin/issue-25-6419574a6cfe
Check for Changesets	Run actions/checkout@v6	2026-08-10T15:42:42.8002461Z  * [new branch]      issue-25-8fe656da1123                    -> origin/issue-25-8fe656da1123
Check for Changesets	Run actions/checkout@v6	2026-08-10T15:42:42.8006000Z  * [new branch]      issue-28-9a07df20ebbb                    -> origin/issue-28-9a07df20ebbb
Check for Changesets	Run actions/checkout@v6	2026-08-10T15:42:42.8009733Z  * [new branch]      issue-3-908abf67e50f                     -> origin/issue-3-908abf67e50f
Check for Changesets	Run actions/checkout@v6	2026-08-10T15:42:42.8013284Z  * [new branch]      issue-30-3c74b37eedc9                    -> origin/issue-30-3c74b37eedc9
Check for Changesets	Run actions/checkout@v6	2026-08-10T15:42:42.8016870Z  * [new branch]      issue-31-e419d5f83f9d                    -> origin/issue-31-e419d5f83f9d
Check for Changesets	Run actions/checkout@v6	2026-08-10T15:42:42.8020592Z  * [new branch]      issue-34-fcfbf90ca3a5                    -> origin/issue-34-fcfbf90ca3a5
Check for Changesets	Run actions/checkout@v6	2026-08-10T15:42:42.8024175Z  * [new branch]      issue-36-4d2e05cadca2                    -> origin/issue-36-4d2e05cadca2
Check for Changesets	Run actions/checkout@v6	2026-08-10T15:42:42.8027709Z  * [new branch]      issue-38-8d65d5c6dcf1                    -> origin/issue-38-8d65d5c6dcf1
Check for Changesets	Run actions/checkout@v6	2026-08-10T15:42:42.8031442Z  * [new branch]      issue-40-500ee5a3c836                    -> origin/issue-40-500ee5a3c836
Check for Changesets	Run actions/checkout@v6	2026-08-10T15:42:42.8034983Z  * [new branch]      issue-42-231914cdf85a                    -> origin/issue-42-231914cdf85a
Check for Changesets	Run actions/checkout@v6	2026-08-10T15:42:42.8038427Z  * [new branch]      issue-44-05c1999867e1                    -> origin/issue-44-05c1999867e1
Check for Changesets	Run actions/checkout@v6	2026-08-10T15:42:42.8042121Z  * [new branch]      issue-46-db1336ec1bd4                    -> origin/issue-46-db1336ec1bd4
Check for Changesets	Run actions/checkout@v6	2026-08-10T15:42:42.8045608Z  * [new branch]      issue-49-49badfb087ae                    -> origin/issue-49-49badfb087ae
Check for Changesets	Run actions/checkout@v6	2026-08-10T15:42:42.8049045Z  * [new branch]      issue-5-e920ed9704b1                     -> origin/issue-5-e920ed9704b1
Check for Changesets	Run actions/checkout@v6	2026-08-10T15:42:42.8052724Z  * [new branch]      issue-51-ce9116974281                    -> origin/issue-51-ce9116974281
Check for Changesets	Run actions/checkout@v6	2026-08-10T15:42:42.8056212Z  * [new branch]      issue-53-3037eb51507e                    -> origin/issue-53-3037eb51507e
Check for Changesets	Run actions/checkout@v6	2026-08-10T15:42:42.8060077Z  * [new branch]      issue-55-62ca352b2854                    -> origin/issue-55-62ca352b2854
Check for Changesets	Run actions/checkout@v6	2026-08-10T15:42:42.8063568Z  * [new branch]      issue-57-319974e37702                    -> origin/issue-57-319974e37702
Check for Changesets	Run actions/checkout@v6	2026-08-10T15:42:42.8067025Z  * [new branch]      issue-57-9389c40a25d3                    -> origin/issue-57-9389c40a25d3
Check for Changesets	Run actions/checkout@v6	2026-08-10T15:42:42.8070799Z  * [new branch]      issue-60-23ad1508ca00                    -> origin/issue-60-23ad1508ca00
Check for Changesets	Run actions/checkout@v6	2026-08-10T15:42:42.8073462Z  * [new branch]      issue-62-0bf0e6dba402                    -> origin/issue-62-0bf0e6dba402
Check for Changesets	Run actions/checkout@v6	2026-08-10T15:42:42.8075963Z  * [new branch]      issue-64-531bd4a9716c                    -> origin/issue-64-531bd4a9716c
Check for Changesets	Run actions/checkout@v6	2026-08-10T15:42:42.8078420Z  * [new branch]      issue-66-b4bebb964b80                    -> origin/issue-66-b4bebb964b80
Check for Changesets	Run actions/checkout@v6	2026-08-10T15:42:42.8081071Z  * [new branch]      issue-67-c74bf55321d9                    -> origin/issue-67-c74bf55321d9
Check for Changesets	Run actions/checkout@v6	2026-08-10T15:42:42.8083487Z  * [new branch]      issue-7-6b049fda1d30                     -> origin/issue-7-6b049fda1d30
Check for Changesets	Run actions/checkout@v6	2026-08-10T15:42:42.8085929Z  * [new branch]      issue-70-210190e0ad55                    -> origin/issue-70-210190e0ad55
Check for Changesets	Run actions/checkout@v6	2026-08-10T15:42:42.8088326Z  * [new branch]      issue-70-490c526a882f                    -> origin/issue-70-490c526a882f
Check for Changesets	Run actions/checkout@v6	2026-08-10T15:42:42.8090899Z  * [new branch]      issue-73-163864f76573                    -> origin/issue-73-163864f76573
Check for Changesets	Run actions/checkout@v6	2026-08-10T15:42:42.8093449Z  * [new branch]      issue-73-47a3e673b0a8                    -> origin/issue-73-47a3e673b0a8
Check for Changesets	Run actions/checkout@v6	2026-08-10T15:42:42.8095852Z  * [new branch]      issue-73-c42828279fb5                    -> origin/issue-73-c42828279fb5
Check for Changesets	Run actions/checkout@v6	2026-08-10T15:42:42.8098238Z  * [new branch]      issue-77-acc01682cb56                    -> origin/issue-77-acc01682cb56
Check for Changesets	Run actions/checkout@v6	2026-08-10T15:42:42.8100716Z  * [new branch]      issue-79-1581a427bf82                    -> origin/issue-79-1581a427bf82
Check for Changesets	Run actions/checkout@v6	2026-08-10T15:42:42.8103108Z  * [new branch]      issue-79-48234c0f95fa                    -> origin/issue-79-48234c0f95fa
Check for Changesets	Run actions/checkout@v6	2026-08-10T15:42:42.8105490Z  * [new branch]      issue-79-5fc029ea058c                    -> origin/issue-79-5fc029ea058c
Check for Changesets	Run actions/checkout@v6	2026-08-10T15:42:42.8108077Z  * [new branch]      issue-79-740a4286522a                    -> origin/issue-79-740a4286522a
Check for Changesets	Run actions/checkout@v6	2026-08-10T15:42:42.8110556Z  * [new branch]      issue-84-2301d58a902f                    -> origin/issue-84-2301d58a902f
Check for Changesets	Run actions/checkout@v6	2026-08-10T15:42:42.8112931Z  * [new branch]      issue-84-8c8db1f16f9d                    -> origin/issue-84-8c8db1f16f9d
Check for Changesets	Run actions/checkout@v6	2026-08-10T15:42:42.8115303Z  * [new branch]      issue-84-ca99d5699c03                    -> origin/issue-84-ca99d5699c03
Check for Changesets	Run actions/checkout@v6	2026-08-10T15:42:42.8117691Z  * [new branch]      issue-84-e79fd3fe5cef                    -> origin/issue-84-e79fd3fe5cef
Check for Changesets	Run actions/checkout@v6	2026-08-10T15:42:42.8120223Z  * [new branch]      issue-89-58b19f5dac12                    -> origin/issue-89-58b19f5dac12
Check for Changesets	Run actions/checkout@v6	2026-08-10T15:42:42.8122593Z  * [new branch]      issue-9-9cb379f155fb                     -> origin/issue-9-9cb379f155fb
Check for Changesets	Run actions/checkout@v6	2026-08-10T15:42:42.8124972Z  * [new branch]      issue-91-5ff8719c4182                    -> origin/issue-91-5ff8719c4182
Check for Changesets	Run actions/checkout@v6	2026-08-10T15:42:42.8127304Z  * [new branch]      issue-91-8e243739c7af                    -> origin/issue-91-8e243739c7af
Check for Changesets	Run actions/checkout@v6	2026-08-10T15:42:42.8129792Z  * [new branch]      issue-93-2ef57910c60b                    -> origin/issue-93-2ef57910c60b
Check for Changesets	Run actions/checkout@v6	2026-08-10T15:42:42.8132135Z  * [new branch]      issue-96-829d21ddabc4                    -> origin/issue-96-829d21ddabc4
Check for Changesets	Run actions/checkout@v6	2026-08-10T15:42:42.8134439Z  * [new branch]      issue-96-efde41b8c023                    -> origin/issue-96-efde41b8c023
Check for Changesets	Run actions/checkout@v6	2026-08-10T15:42:42.8137685Z  * [new branch]      issue-99-bc78b28ed258                    -> origin/issue-99-bc78b28ed258
Check for Changesets	Run actions/checkout@v6	2026-08-10T15:42:42.8140597Z  * [new branch]      main                                     -> origin/main
Check for Changesets	Run actions/checkout@v6	2026-08-10T15:42:42.8142346Z  * [new tag]         js-v0.25.5                               -> js-v0.25.5
Check for Changesets	Run actions/checkout@v6	2026-08-10T15:42:42.8144236Z  * [new tag]         js-v0.26.0                               -> js-v0.26.0
Check for Changesets	Run actions/checkout@v6	2026-08-10T15:42:42.8146827Z  * [new tag]         js-v0.27.0                               -> js-v0.27.0
Check for Changesets	Run actions/checkout@v6	2026-08-10T15:42:42.8149149Z  * [new tag]         js-v0.27.1                               -> js-v0.27.1
Check for Changesets	Run actions/checkout@v6	2026-08-10T15:42:42.8151843Z  * [new tag]         js-v0.27.2                               -> js-v0.27.2
Check for Changesets	Run actions/checkout@v6	2026-08-10T15:42:42.8154367Z  * [new tag]         js-v0.28.0                               -> js-v0.28.0
Check for Changesets	Run actions/checkout@v6	2026-08-10T15:42:42.8156793Z  * [new tag]         js-v0.29.0                               -> js-v0.29.0
Check for Changesets	Run actions/checkout@v6	2026-08-10T15:42:42.8159135Z  * [new tag]         js-v0.29.1                               -> js-v0.29.1
Check for Changesets	Run actions/checkout@v6	2026-08-10T15:42:42.8161797Z  * [new tag]         js-v0.29.2                               -> js-v0.29.2
Check for Changesets	Run actions/checkout@v6	2026-08-10T15:42:42.8164207Z  * [new tag]         js-v0.30.0                               -> js-v0.30.0
Check for Changesets	Run actions/checkout@v6	2026-08-10T15:42:42.8166609Z  * [new tag]         js-v0.30.1                               -> js-v0.30.1
Check for Changesets	Run actions/checkout@v6	2026-08-10T15:42:42.8169000Z  * [new tag]         js-v0.30.2                               -> js-v0.30.2
Check for Changesets	Run actions/checkout@v6	2026-08-10T15:42:42.8172000Z  * [new tag]         js-v0.30.3                               -> js-v0.30.3
Check for Changesets	Run actions/checkout@v6	2026-08-10T15:42:42.8174185Z  * [new tag]         js-v0.30.4                               -> js-v0.30.4
Check for Changesets	Run actions/checkout@v6	2026-08-10T15:42:42.8176621Z  * [new tag]         js-v0.30.5                               -> js-v0.30.5
Check for Changesets	Run actions/checkout@v6	2026-08-10T15:42:42.8179034Z  * [new tag]         js-v0.31.0                               -> js-v0.31.0
Check for Changesets	Run actions/checkout@v6	2026-08-10T15:42:42.8181638Z  * [new tag]         js-v0.32.0                               -> js-v0.32.0
Check for Changesets	Run actions/checkout@v6	2026-08-10T15:42:42.8184222Z  * [new tag]         rust-v0.14.1                             -> rust-v0.14.1
Check for Changesets	Run actions/checkout@v6	2026-08-10T15:42:42.8186715Z  * [new tag]         rust-v0.14.2                             -> rust-v0.14.2
Check for Changesets	Run actions/checkout@v6	2026-08-10T15:42:42.8189251Z  * [new tag]         rust-v0.14.3                             -> rust-v0.14.3
Check for Changesets	Run actions/checkout@v6	2026-08-10T15:42:42.8191952Z  * [new tag]         rust-v0.15.0                             -> rust-v0.15.0
Check for Changesets	Run actions/checkout@v6	2026-08-10T15:42:42.8194484Z  * [new tag]         rust-v0.15.1                             -> rust-v0.15.1
Check for Changesets	Run actions/checkout@v6	2026-08-10T15:42:42.8197004Z  * [new tag]         rust-v0.16.0                             -> rust-v0.16.0
Check for Changesets	Run actions/checkout@v6	2026-08-10T15:42:42.8198767Z  * [new tag]         rust-v0.16.1                             -> rust-v0.16.1
Check for Changesets	Run actions/checkout@v6	2026-08-10T15:42:42.8200980Z  * [new tag]         rust-v0.16.2                             -> rust-v0.16.2
Check for Changesets	Run actions/checkout@v6	2026-08-10T15:42:42.8202799Z  * [new tag]         rust-v0.17.0                             -> rust-v0.17.0
Check for Changesets	Run actions/checkout@v6	2026-08-10T15:42:42.8205267Z  * [new tag]         rust-v0.17.1                             -> rust-v0.17.1
Check for Changesets	Run actions/checkout@v6	2026-08-10T15:42:42.8208121Z  * [new tag]         rust-v0.17.2                             -> rust-v0.17.2
Check for Changesets	Run actions/checkout@v6	2026-08-10T15:42:42.8210849Z  * [new tag]         rust-v0.17.3                             -> rust-v0.17.3
Check for Changesets	Run actions/checkout@v6	2026-08-10T15:42:42.8213625Z  * [new tag]         rust-v0.17.4                             -> rust-v0.17.4
Check for Changesets	Run actions/checkout@v6	2026-08-10T15:42:42.8216387Z  * [new tag]         rust-v0.17.5                             -> rust-v0.17.5
Check for Changesets	Run actions/checkout@v6	2026-08-10T15:42:42.8218956Z  * [new tag]         rust-v0.18.0                             -> rust-v0.18.0
Check for Changesets	Run actions/checkout@v6	2026-08-10T15:42:42.8221785Z  * [new tag]         rust-v0.19.0                             -> rust-v0.19.0
Check for Changesets	Run actions/checkout@v6	2026-08-10T15:42:42.8224328Z  * [new tag]         rust-v0.19.1                             -> rust-v0.19.1
Check for Changesets	Run actions/checkout@v6	2026-08-10T15:42:42.8226614Z  * [new tag]         v0.10.0                                  -> v0.10.0
Check for Changesets	Run actions/checkout@v6	2026-08-10T15:42:42.8228722Z  * [new tag]         v0.11.0                                  -> v0.11.0
Check for Changesets	Run actions/checkout@v6	2026-08-10T15:42:42.8231254Z  * [new tag]         v0.13.0                                  -> v0.13.0
Check for Changesets	Run actions/checkout@v6	2026-08-10T15:42:42.8233563Z  * [new tag]         v0.15.0                                  -> v0.15.0
Check for Changesets	Run actions/checkout@v6	2026-08-10T15:42:42.8235951Z  * [new tag]         v0.16.0                                  -> v0.16.0
Check for Changesets	Run actions/checkout@v6	2026-08-10T15:42:42.8238259Z  * [new tag]         v0.17.0                                  -> v0.17.0
Check for Changesets	Run actions/checkout@v6	2026-08-10T15:42:42.8240961Z  * [new tag]         v0.17.1                                  -> v0.17.1
Check for Changesets	Run actions/checkout@v6	2026-08-10T15:42:42.8243455Z  * [new tag]         v0.17.2                                  -> v0.17.2
Check for Changesets	Run actions/checkout@v6	2026-08-10T15:42:42.8245822Z  * [new tag]         v0.17.3                                  -> v0.17.3
Check for Changesets	Run actions/checkout@v6	2026-08-10T15:42:42.8248099Z  * [new tag]         v0.17.4                                  -> v0.17.4
Check for Changesets	Run actions/checkout@v6	2026-08-10T15:42:42.8250530Z  * [new tag]         v0.18.0                                  -> v0.18.0
Check for Changesets	Run actions/checkout@v6	2026-08-10T15:42:42.8252778Z  * [new tag]         v0.19.0                                  -> v0.19.0
Check for Changesets	Run actions/checkout@v6	2026-08-10T15:42:42.8255179Z  * [new tag]         v0.19.1                                  -> v0.19.1
Check for Changesets	Run actions/checkout@v6	2026-08-10T15:42:42.8257461Z  * [new tag]         v0.20.0                                  -> v0.20.0
Check for Changesets	Run actions/checkout@v6	2026-08-10T15:42:42.8259916Z  * [new tag]         v0.20.1                                  -> v0.20.1
Check for Changesets	Run actions/checkout@v6	2026-08-10T15:42:42.8342564Z  * [new tag]         v0.20.2                                  -> v0.20.2
Check for Changesets	Run actions/checkout@v6	2026-08-10T15:42:42.8345238Z  * [new tag]         v0.20.3                                  -> v0.20.3
Check for Changesets	Run actions/checkout@v6	2026-08-10T15:42:42.8347497Z  * [new tag]         v0.20.4                                  -> v0.20.4
Check for Changesets	Run actions/checkout@v6	2026-08-10T15:42:42.8349160Z  * [new tag]         v0.21.0                                  -> v0.21.0
Check for Changesets	Run actions/checkout@v6	2026-08-10T15:42:42.8351041Z  * [new tag]         v0.22.0                                  -> v0.22.0
Check for Changesets	Run actions/checkout@v6	2026-08-10T15:42:42.8352640Z  * [new tag]         v0.23.0                                  -> v0.23.0
Check for Changesets	Run actions/checkout@v6	2026-08-10T15:42:42.8354218Z  * [new tag]         v0.24.0                                  -> v0.24.0
Check for Changesets	Run actions/checkout@v6	2026-08-10T15:42:42.8355790Z  * [new tag]         v0.24.1                                  -> v0.24.1
Check for Changesets	Run actions/checkout@v6	2026-08-10T15:42:42.8357361Z  * [new tag]         v0.24.2                                  -> v0.24.2
Check for Changesets	Run actions/checkout@v6	2026-08-10T15:42:42.8358940Z  * [new tag]         v0.24.3                                  -> v0.24.3
Check for Changesets	Run actions/checkout@v6	2026-08-10T15:42:42.8360863Z  * [new tag]         v0.24.4                                  -> v0.24.4
Check for Changesets	Run actions/checkout@v6	2026-08-10T15:42:42.8362436Z  * [new tag]         v0.24.5                                  -> v0.24.5
Check for Changesets	Run actions/checkout@v6	2026-08-10T15:42:42.8364048Z  * [new tag]         v0.24.6                                  -> v0.24.6
Check for Changesets	Run actions/checkout@v6	2026-08-10T15:42:42.8365851Z  * [new tag]         v0.24.7                                  -> v0.24.7
Check for Changesets	Run actions/checkout@v6	2026-08-10T15:42:42.8367410Z  * [new tag]         v0.24.8                                  -> v0.24.8
Check for Changesets	Run actions/checkout@v6	2026-08-10T15:42:42.8368965Z  * [new tag]         v0.24.9                                  -> v0.24.9
Check for Changesets	Run actions/checkout@v6	2026-08-10T15:42:42.8370696Z  * [new tag]         v0.25.0                                  -> v0.25.0
Check for Changesets	Run actions/checkout@v6	2026-08-10T15:42:42.8372259Z  * [new tag]         v0.25.1                                  -> v0.25.1
Check for Changesets	Run actions/checkout@v6	2026-08-10T15:42:42.8373809Z  * [new tag]         v0.25.2                                  -> v0.25.2
Check for Changesets	Run actions/checkout@v6	2026-08-10T15:42:42.8375380Z  * [new tag]         v0.25.3                                  -> v0.25.3
Check for Changesets	Run actions/checkout@v6	2026-08-10T15:42:42.8376927Z  * [new tag]         v0.25.4                                  -> v0.25.4
Check for Changesets	Run actions/checkout@v6	2026-08-10T15:42:42.8378496Z  * [new tag]         v0.3.1                                   -> v0.3.1
Check for Changesets	Run actions/checkout@v6	2026-08-10T15:42:42.8380194Z  * [new tag]         v0.4.0                                   -> v0.4.0
Check for Changesets	Run actions/checkout@v6	2026-08-10T15:42:42.8381753Z  * [new tag]         v0.4.1                                   -> v0.4.1
Check for Changesets	Run actions/checkout@v6	2026-08-10T15:42:42.8383289Z  * [new tag]         v0.5.0                                   -> v0.5.0
Check for Changesets	Run actions/checkout@v6	2026-08-10T15:42:42.8384831Z  * [new tag]         v0.5.1                                   -> v0.5.1
Check for Changesets	Run actions/checkout@v6	2026-08-10T15:42:42.8386375Z  * [new tag]         v0.5.2                                   -> v0.5.2
Check for Changesets	Run actions/checkout@v6	2026-08-10T15:42:42.8387908Z  * [new tag]         v0.5.3                                   -> v0.5.3
Check for Changesets	Run actions/checkout@v6	2026-08-10T15:42:42.8389458Z  * [new tag]         v0.6.0                                   -> v0.6.0
Check for Changesets	Run actions/checkout@v6	2026-08-10T15:42:42.8391238Z  * [new tag]         v0.7.0                                   -> v0.7.0
Check for Changesets	Run actions/checkout@v6	2026-08-10T15:42:42.8392775Z  * [new tag]         v0.7.1                                   -> v0.7.1
Check for Changesets	Run actions/checkout@v6	2026-08-10T15:42:42.8394329Z  * [new tag]         v0.7.2                                   -> v0.7.2
Check for Changesets	Run actions/checkout@v6	2026-08-10T15:42:42.8396040Z  * [new tag]         v0.7.4                                   -> v0.7.4
Check for Changesets	Run actions/checkout@v6	2026-08-10T15:42:42.8397598Z  * [new tag]         v0.7.5                                   -> v0.7.5
Check for Changesets	Run actions/checkout@v6	2026-08-10T15:42:42.8399162Z  * [new tag]         v0.7.6                                   -> v0.7.6
Check for Changesets	Run actions/checkout@v6	2026-08-10T15:42:42.8400942Z  * [new tag]         v0.9.0                                   -> v0.9.0
Check for Changesets	Run actions/checkout@v6	2026-08-10T15:42:42.8402658Z  * [new ref]         c88600c0d8ff8d80941044138e858ae826ae3010 -> pull/161/merge
Check for Changesets	Run actions/checkout@v6	2026-08-10T15:42:42.8406273Z ##[endgroup]
Check for Changesets	Run actions/checkout@v6	2026-08-10T15:42:42.8407756Z ##[group]Determining the checkout info
Check for Changesets	Run actions/checkout@v6	2026-08-10T15:42:42.8409398Z ##[endgroup]
Check for Changesets	Run actions/checkout@v6	2026-08-10T15:42:42.8410586Z [command]/usr/bin/git sparse-checkout disable
Check for Changesets	Run actions/checkout@v6	2026-08-10T15:42:42.8413335Z [command]/usr/bin/git config --local --unset-all extensions.worktreeConfig
Check for Changesets	Run actions/checkout@v6	2026-08-10T15:42:42.8416978Z ##[group]Checking out the ref
Check for Changesets	Run actions/checkout@v6	2026-08-10T15:42:42.8418492Z [command]/usr/bin/git checkout --progress --force refs/remotes/pull/161/merge
Check for Changesets	Run actions/checkout@v6	2026-08-10T15:42:42.9139901Z Note: switching to 'refs/remotes/pull/161/merge'.
Check for Changesets	Run actions/checkout@v6	2026-08-10T15:42:42.9141557Z 
Check for Changesets	Run actions/checkout@v6	2026-08-10T15:42:42.9142586Z You are in 'detached HEAD' state. You can look around, make experimental
Check for Changesets	Run actions/checkout@v6	2026-08-10T15:42:42.9144577Z changes and commit them, and you can discard any commits you make in this
Check for Changesets	Run actions/checkout@v6	2026-08-10T15:42:42.9146548Z state without impacting any branches by switching back to a branch.
Check for Changesets	Run actions/checkout@v6	2026-08-10T15:42:42.9147650Z 
Check for Changesets	Run actions/checkout@v6	2026-08-10T15:42:42.9148418Z If you want to create a new branch to retain commits you create, you may
Check for Changesets	Run actions/checkout@v6	2026-08-10T15:42:42.9150499Z do so (now or later) by using -c with the switch command. Example:
Check for Changesets	Run actions/checkout@v6	2026-08-10T15:42:42.9151555Z 
Check for Changesets	Run actions/checkout@v6	2026-08-10T15:42:42.9152053Z   git switch -c <new-branch-name>
Check for Changesets	Run actions/checkout@v6	2026-08-10T15:42:42.9153095Z 
Check for Changesets	Run actions/checkout@v6	2026-08-10T15:42:42.9153540Z Or undo this operation with:
Check for Changesets	Run actions/checkout@v6	2026-08-10T15:42:42.9154199Z 
Check for Changesets	Run actions/checkout@v6	2026-08-10T15:42:42.9154568Z   git switch -
Check for Changesets	Run actions/checkout@v6	2026-08-10T15:42:42.9155067Z 
Check for Changesets	Run actions/checkout@v6	2026-08-10T15:42:42.9155914Z Turn off this advice by setting config variable advice.detachedHead to false
Check for Changesets	Run actions/checkout@v6	2026-08-10T15:42:42.9157161Z 
Check for Changesets	Run actions/checkout@v6	2026-08-10T15:42:42.9158692Z HEAD is now at c88600c Merge 3562e612036bcd5e3fa75dcb89d8b334d7a954ac into db1ad4d0b2119148b4ad6e870080f8178a2a8e93
Check for Changesets	Run actions/checkout@v6	2026-08-10T15:42:42.9163360Z ##[endgroup]
Check for Changesets	Run actions/checkout@v6	2026-08-10T15:42:42.9206528Z [command]/usr/bin/git log -1 --format=%H
Check for Changesets	Run actions/checkout@v6	2026-08-10T15:42:42.9237922Z c88600c0d8ff8d80941044138e858ae826ae3010
Check for Changesets	Setup Bun	﻿2026-08-10T15:42:42.9597522Z ##[group]Run oven-sh/setup-bun@v2
Check for Changesets	Setup Bun	2026-08-10T15:42:42.9598615Z with:
Check for Changesets	Setup Bun	2026-08-10T15:42:42.9599440Z   bun-version: latest
Check for Changesets	Setup Bun	2026-08-10T15:42:42.9600632Z   no-cache: false
Check for Changesets	Setup Bun	2026-08-10T15:42:42.9609738Z   token: ***
Check for Changesets	Setup Bun	2026-08-10T15:42:42.9610592Z env:
Check for Changesets	Setup Bun	2026-08-10T15:42:42.9611462Z   FORCE_JAVASCRIPT_ACTIONS_TO_NODE24: true
Check for Changesets	Setup Bun	2026-08-10T15:42:42.9612588Z   GIT_CONFIG_COUNT: 1
Check for Changesets	Setup Bun	2026-08-10T15:42:42.9613550Z   GIT_CONFIG_KEY_0: init.defaultBranch
Check for Changesets	Setup Bun	2026-08-10T15:42:42.9614648Z   GIT_CONFIG_VALUE_0: main
Check for Changesets	Setup Bun	2026-08-10T15:42:42.9615602Z ##[endgroup]
Check for Changesets	Setup Bun	2026-08-10T15:42:43.4975678Z Downloading a new version of Bun: https://github.com/oven-sh/bun/releases/download/bun-v1.3.14/bun-linux-x64.zip
Check for Changesets	Setup Bun	2026-08-10T15:42:43.7700117Z [command]/usr/bin/unzip -o -q /home/runner/work/_temp/068264ff-699f-4815-9d48-ef730ecd08b1.zip
Check for Changesets	Setup Bun	2026-08-10T15:42:44.5338577Z [command]/home/runner/.bun/bin/bun --revision
Check for Changesets	Setup Bun	2026-08-10T15:42:44.5391605Z 1.3.14+0d9b296af
Check for Changesets	Install dependencies	﻿2026-08-10T15:42:44.5581058Z ##[group]Run bun install
Check for Changesets	Install dependencies	2026-08-10T15:42:44.5581458Z ^[[36;1mbun install^[[0m
Check for Changesets	Install dependencies	2026-08-10T15:42:44.5642402Z shell: /usr/bin/bash -e {0}
Check for Changesets	Install dependencies	2026-08-10T15:42:44.5642804Z env:
Check for Changesets	Install dependencies	2026-08-10T15:42:44.5643136Z   FORCE_JAVASCRIPT_ACTIONS_TO_NODE24: true
Check for Changesets	Install dependencies	2026-08-10T15:42:44.5643584Z   GIT_CONFIG_COUNT: 1
Check for Changesets	Install dependencies	2026-08-10T15:42:44.5643936Z   GIT_CONFIG_KEY_0: init.defaultBranch
Check for Changesets	Install dependencies	2026-08-10T15:42:44.5644351Z   GIT_CONFIG_VALUE_0: main
Check for Changesets	Install dependencies	2026-08-10T15:42:44.5644695Z ##[endgroup]
Check for Changesets	Install dependencies	2026-08-10T15:42:44.5767217Z bun install v1.3.14 (0d9b296a)
Check for Changesets	Install dependencies	2026-08-10T15:42:44.8900146Z 
Check for Changesets	Install dependencies	2026-08-10T15:42:44.8920868Z $ cd .. && husky .husky || true
Check for Changesets	Install dependencies	2026-08-10T15:42:45.0760429Z 
Check for Changesets	Install dependencies	2026-08-10T15:42:45.0768050Z + @changesets/cli@2.31.0
Check for Changesets	Install dependencies	2026-08-10T15:42:45.0768505Z + @eslint/js@10.0.1
Check for Changesets	Install dependencies	2026-08-10T15:42:45.0768970Z + eslint@10.3.0
Check for Changesets	Install dependencies	2026-08-10T15:42:45.0769349Z + eslint-config-prettier@10.1.8
Check for Changesets	Install dependencies	2026-08-10T15:42:45.0769838Z + eslint-plugin-prettier@5.5.5
Check for Changesets	Install dependencies	2026-08-10T15:42:45.0770147Z + husky@9.1.7
Check for Changesets	Install dependencies	2026-08-10T15:42:45.0770362Z + lint-staged@17.0.4
Check for Changesets	Install dependencies	2026-08-10T15:42:45.0770668Z + prettier@3.8.3
Check for Changesets	Install dependencies	2026-08-10T15:42:45.0770880Z + command-stream@0.9.4
Check for Changesets	Install dependencies	2026-08-10T15:42:45.0771113Z + lino-objects-codec@0.4.0
Check for Changesets	Install dependencies	2026-08-10T15:42:45.0771263Z 
Check for Changesets	Install dependencies	2026-08-10T15:42:45.0771383Z 199 packages installed [499.00ms]
Check for Changesets	Check for changesets	﻿2026-08-10T15:42:45.0854209Z ##[group]Run # Skip changeset check for automated version PRs
Check for Changesets	Check for changesets	2026-08-10T15:42:45.0854744Z ^[[36;1m# Skip changeset check for automated version PRs^[[0m
Check for Changesets	Check for changesets	2026-08-10T15:42:45.0855190Z ^[[36;1mif [[ "issue-160-9bad94da73d2" == "changeset-release/"* ]]; then^[[0m
Check for Changesets	Check for changesets	2026-08-10T15:42:45.0855644Z ^[[36;1m  echo "Skipping changeset check for automated release PR"^[[0m
Check for Changesets	Check for changesets	2026-08-10T15:42:45.0856046Z ^[[36;1m  exit 0^[[0m
Check for Changesets	Check for changesets	2026-08-10T15:42:45.0856254Z ^[[36;1mfi^[[0m
Check for Changesets	Check for changesets	2026-08-10T15:42:45.0856444Z ^[[36;1m^[[0m
Check for Changesets	Check for changesets	2026-08-10T15:42:45.0856659Z ^[[36;1m# Run changeset validation script^[[0m
Check for Changesets	Check for changesets	2026-08-10T15:42:45.0856989Z ^[[36;1mnode scripts/validate-changeset.mjs^[[0m
Check for Changesets	Check for changesets	2026-08-10T15:42:45.0905838Z shell: /usr/bin/bash -e {0}
Check for Changesets	Check for changesets	2026-08-10T15:42:45.0906120Z env:
Check for Changesets	Check for changesets	2026-08-10T15:42:45.0906351Z   FORCE_JAVASCRIPT_ACTIONS_TO_NODE24: true
Check for Changesets	Check for changesets	2026-08-10T15:42:45.0906654Z   GIT_CONFIG_COUNT: 1
Check for Changesets	Check for changesets	2026-08-10T15:42:45.0906899Z   GIT_CONFIG_KEY_0: init.defaultBranch
Check for Changesets	Check for changesets	2026-08-10T15:42:45.0907168Z   GIT_CONFIG_VALUE_0: main
Check for Changesets	Check for changesets	2026-08-10T15:42:45.0907406Z   GITHUB_BASE_REF: main
Check for Changesets	Check for changesets	2026-08-10T15:42:45.0907721Z   GITHUB_BASE_SHA: db1ad4d0b2119148b4ad6e870080f8178a2a8e93
Check for Changesets	Check for changesets	2026-08-10T15:42:45.0908094Z   GITHUB_HEAD_SHA: 3562e612036bcd5e3fa75dcb89d8b334d7a954ac
Check for Changesets	Check for changesets	2026-08-10T15:42:45.0908393Z ##[endgroup]
Check for Changesets	Check for changesets	2026-08-10T15:42:45.1331312Z Using PR diff db1ad4d...3562e61 for changeset validation
Check for Changesets	Check for changesets	2026-08-10T15:42:45.1333424Z Found 0 changeset file(s)
Check for Changesets	Check for changesets	2026-08-10T15:42:45.1353953Z ##[error]No changeset found. Please add a changeset by running 'npm run changeset' and commit the result.
Check for Changesets	Check for changesets	2026-08-10T15:42:45.1369250Z ##[error]Process completed with exit code 1.
Check for Changesets	Post Run actions/checkout@v6	﻿2026-08-10T15:42:45.1502762Z Post job cleanup.
Check for Changesets	Post Run actions/checkout@v6	2026-08-10T15:42:45.2355406Z [command]/usr/bin/git version
Check for Changesets	Post Run actions/checkout@v6	2026-08-10T15:42:45.2431162Z git version 2.54.0
Check for Changesets	Post Run actions/checkout@v6	2026-08-10T15:42:45.2475931Z Temporarily overriding HOME='/home/runner/work/_temp/b1d1e3cf-453c-46e3-83db-50734b7728f8' before making global git config changes
Check for Changesets	Post Run actions/checkout@v6	2026-08-10T15:42:45.2477247Z Adding repository directory to the temporary git global config as a safe directory
Check for Changesets	Post Run actions/checkout@v6	2026-08-10T15:42:45.2481590Z [command]/usr/bin/git config --global --add safe.directory /home/runner/work/start/start
Check for Changesets	Post Run actions/checkout@v6	2026-08-10T15:42:45.2516552Z Removing SSH command configuration
Check for Changesets	Post Run actions/checkout@v6	2026-08-10T15:42:45.2524281Z [command]/usr/bin/git config --local --name-only --get-regexp core\.sshCommand
Check for Changesets	Post Run actions/checkout@v6	2026-08-10T15:42:45.2566292Z [command]/usr/bin/git submodule foreach --recursive sh -c "git config --local --name-only --get-regexp 'core\.sshCommand' && git config --local --unset-all 'core.sshCommand' || :"
Check for Changesets	Post Run actions/checkout@v6	2026-08-10T15:42:45.2840028Z Removing HTTP extra header
Check for Changesets	Post Run actions/checkout@v6	2026-08-10T15:42:45.2847169Z [command]/usr/bin/git config --local --name-only --get-regexp http\.https\:\/\/github\.com\/\.extraheader
Check for Changesets	Post Run actions/checkout@v6	2026-08-10T15:42:45.2898887Z [command]/usr/bin/git submodule foreach --recursive sh -c "git config --local --name-only --get-regexp 'http\.https\:\/\/github\.com\/\.extraheader' && git config --local --unset-all 'http.https://github.com/.extraheader' || :"
Check for Changesets	Post Run actions/checkout@v6	2026-08-10T15:42:45.3169992Z Removing includeIf entries pointing to credentials config files
Check for Changesets	Post Run actions/checkout@v6	2026-08-10T15:42:45.3177997Z [command]/usr/bin/git config --local --name-only --get-regexp ^includeIf\.gitdir:
Check for Changesets	Post Run actions/checkout@v6	2026-08-10T15:42:45.3209668Z includeif.gitdir:/home/runner/work/start/start/.git.path
Check for Changesets	Post Run actions/checkout@v6	2026-08-10T15:42:45.3210596Z includeif.gitdir:/home/runner/work/start/start/.git/worktrees/*.path
Check for Changesets	Post Run actions/checkout@v6	2026-08-10T15:42:45.3211593Z includeif.gitdir:/github/workspace/.git.path
Check for Changesets	Post Run actions/checkout@v6	2026-08-10T15:42:45.3212262Z includeif.gitdir:/github/workspace/.git/worktrees/*.path
Check for Changesets	Post Run actions/checkout@v6	2026-08-10T15:42:45.3222403Z [command]/usr/bin/git config --local --get-all includeif.gitdir:/home/runner/work/start/start/.git.path
Check for Changesets	Post Run actions/checkout@v6	2026-08-10T15:42:45.3250073Z /home/runner/work/_temp/git-credentials-390590ab-3ab5-4141-86de-53dcaae79d17.config
Check for Changesets	Post Run actions/checkout@v6	2026-08-10T15:42:45.3263734Z [command]/usr/bin/git config --local --unset includeif.gitdir:/home/runner/work/start/start/.git.path /home/runner/work/_temp/git-credentials-390590ab-3ab5-4141-86de-53dcaae79d17.config
Check for Changesets	Post Run actions/checkout@v6	2026-08-10T15:42:45.3311360Z [command]/usr/bin/git config --local --get-all includeif.gitdir:/home/runner/work/start/start/.git/worktrees/*.path
Check for Changesets	Post Run actions/checkout@v6	2026-08-10T15:42:45.3343770Z /home/runner/work/_temp/git-credentials-390590ab-3ab5-4141-86de-53dcaae79d17.config
Check for Changesets	Post Run actions/checkout@v6	2026-08-10T15:42:45.3354449Z [command]/usr/bin/git config --local --unset includeif.gitdir:/home/runner/work/start/start/.git/worktrees/*.path /home/runner/work/_temp/git-credentials-390590ab-3ab5-4141-86de-53dcaae79d17.config
Check for Changesets	Post Run actions/checkout@v6	2026-08-10T15:42:45.3393405Z [command]/usr/bin/git config --local --get-all includeif.gitdir:/github/workspace/.git.path
Check for Changesets	Post Run actions/checkout@v6	2026-08-10T15:42:45.3423748Z /github/runner_temp/git-credentials-390590ab-3ab5-4141-86de-53dcaae79d17.config
Check for Changesets	Post Run actions/checkout@v6	2026-08-10T15:42:45.3432470Z [command]/usr/bin/git config --local --unset includeif.gitdir:/github/workspace/.git.path /github/runner_temp/git-credentials-390590ab-3ab5-4141-86de-53dcaae79d17.config
Check for Changesets	Post Run actions/checkout@v6	2026-08-10T15:42:45.3475438Z [command]/usr/bin/git config --local --get-all includeif.gitdir:/github/workspace/.git/worktrees/*.path
Check for Changesets	Post Run actions/checkout@v6	2026-08-10T15:42:45.3504880Z /github/runner_temp/git-credentials-390590ab-3ab5-4141-86de-53dcaae79d17.config
Check for Changesets	Post Run actions/checkout@v6	2026-08-10T15:42:45.3515478Z [command]/usr/bin/git config --local --unset includeif.gitdir:/github/workspace/.git/worktrees/*.path /github/runner_temp/git-credentials-390590ab-3ab5-4141-86de-53dcaae79d17.config
Check for Changesets	Post Run actions/checkout@v6	2026-08-10T15:42:45.3564223Z [command]/usr/bin/git submodule foreach --recursive git config --local --show-origin --name-only --get-regexp remote.origin.url
Check for Changesets	Post Run actions/checkout@v6	2026-08-10T15:42:45.3803097Z Removing credentials config '/home/runner/work/_temp/git-credentials-390590ab-3ab5-4141-86de-53dcaae79d17.config'
Check for Changesets	Complete job	﻿2026-08-10T15:42:45.3948748Z Cleaning up orphan processes
Pipeline Status	Set up job	﻿2026-08-10T15:43:00.8638717Z Current runner version: '2.336.0'
Pipeline Status	Set up job	2026-08-10T15:43:00.8667008Z ##[group]Runner Image Provisioner
Pipeline Status	Set up job	2026-08-10T15:43:00.8668005Z Hosted Compute Agent
Pipeline Status	Set up job	2026-08-10T15:43:00.8668825Z Version: 20260707.563
Pipeline Status	Set up job	2026-08-10T15:43:00.8669535Z Commit: 02667638d2b423fbc733a8e32a88b44996a3ba6e
Pipeline Status	Set up job	2026-08-10T15:43:00.8670271Z Build Date: 2026-07-07T19:33:50Z
Pipeline Status	Set up job	2026-08-10T15:43:00.8670983Z Worker ID: {de0e0d30-3c31-419e-b461-e9b1a8888e65}
Pipeline Status	Set up job	2026-08-10T15:43:00.8671734Z Azure Region: westus2
Pipeline Status	Set up job	2026-08-10T15:43:00.8672302Z ##[endgroup]
Pipeline Status	Set up job	2026-08-10T15:43:00.8673778Z ##[group]Operating System
Pipeline Status	Set up job	2026-08-10T15:43:00.8674504Z Ubuntu
Pipeline Status	Set up job	2026-08-10T15:43:00.8675012Z 24.04.4
Pipeline Status	Set up job	2026-08-10T15:43:00.8676014Z LTS
Pipeline Status	Set up job	2026-08-10T15:43:00.8676719Z ##[endgroup]
Pipeline Status	Set up job	2026-08-10T15:43:00.8677276Z ##[group]Runner Image
Pipeline Status	Set up job	2026-08-10T15:43:00.8678004Z Image: ubuntu-24.04
Pipeline Status	Set up job	2026-08-10T15:43:00.8678587Z Version: 20260720.247.2
Pipeline Status	Set up job	2026-08-10T15:43:00.8679665Z Included Software: https://github.com/actions/runner-images/blob/ubuntu24/20260720.247/images/ubuntu/Ubuntu2404-Readme.md
Pipeline Status	Set up job	2026-08-10T15:43:00.8681499Z Image Release: https://github.com/actions/runner-images/releases/tag/ubuntu24%2F20260720.247
Pipeline Status	Set up job	2026-08-10T15:43:00.8682518Z ##[endgroup]
Pipeline Status	Set up job	2026-08-10T15:43:00.8683690Z ##[group]GITHUB_TOKEN Permissions
Pipeline Status	Set up job	2026-08-10T15:43:00.8686149Z Contents: read
Pipeline Status	Set up job	2026-08-10T15:43:00.8686835Z Metadata: read
Pipeline Status	Set up job	2026-08-10T15:43:00.8687415Z ##[endgroup]
Pipeline Status	Set up job	2026-08-10T15:43:00.8689591Z Secret source: Actions
Pipeline Status	Set up job	2026-08-10T15:43:00.8690688Z Prepare workflow directory
Pipeline Status	Set up job	2026-08-10T15:43:00.9087797Z Prepare all required actions
Pipeline Status	Set up job	2026-08-10T15:43:00.9135672Z Getting action download info
Pipeline Status	Set up job	2026-08-10T15:43:01.2981537Z Download action repository 'actions/checkout@v6' (SHA:d23441a48e516b6c34aea4fa41551a30e30af803)
Pipeline Status	Set up job	2026-08-10T15:43:01.7024152Z Complete job name: Pipeline Status
Pipeline Status	Run actions/checkout@v6	﻿2026-08-10T15:43:01.7771052Z ##[group]Run actions/checkout@v6
Pipeline Status	Run actions/checkout@v6	2026-08-10T15:43:01.7771958Z with:
Pipeline Status	Run actions/checkout@v6	2026-08-10T15:43:01.7772434Z   repository: link-foundation/start
Pipeline Status	Run actions/checkout@v6	2026-08-10T15:43:01.7776319Z   token: ***
Pipeline Status	Run actions/checkout@v6	2026-08-10T15:43:01.7776790Z   ssh-strict: true
Pipeline Status	Run actions/checkout@v6	2026-08-10T15:43:01.7777252Z   ssh-user: git
Pipeline Status	Run actions/checkout@v6	2026-08-10T15:43:01.7777703Z   persist-credentials: true
Pipeline Status	Run actions/checkout@v6	2026-08-10T15:43:01.7778190Z   clean: true
Pipeline Status	Run actions/checkout@v6	2026-08-10T15:43:01.7778644Z   sparse-checkout-cone-mode: true
Pipeline Status	Run actions/checkout@v6	2026-08-10T15:43:01.7779176Z   fetch-depth: 1
Pipeline Status	Run actions/checkout@v6	2026-08-10T15:43:01.7779615Z   fetch-tags: false
Pipeline Status	Run actions/checkout@v6	2026-08-10T15:43:01.7780056Z   show-progress: true
Pipeline Status	Run actions/checkout@v6	2026-08-10T15:43:01.7780496Z   lfs: false
Pipeline Status	Run actions/checkout@v6	2026-08-10T15:43:01.7780909Z   submodules: false
Pipeline Status	Run actions/checkout@v6	2026-08-10T15:43:01.7781363Z   set-safe-directory: true
Pipeline Status	Run actions/checkout@v6	2026-08-10T15:43:01.7781866Z   allow-unsafe-pr-checkout: false
Pipeline Status	Run actions/checkout@v6	2026-08-10T15:43:01.7782654Z env:
Pipeline Status	Run actions/checkout@v6	2026-08-10T15:43:01.7783328Z   FORCE_JAVASCRIPT_ACTIONS_TO_NODE24: true
Pipeline Status	Run actions/checkout@v6	2026-08-10T15:43:01.7784008Z   GIT_CONFIG_COUNT: 1
Pipeline Status	Run actions/checkout@v6	2026-08-10T15:43:01.7784498Z   GIT_CONFIG_KEY_0: init.defaultBranch
Pipeline Status	Run actions/checkout@v6	2026-08-10T15:43:01.7785097Z   GIT_CONFIG_VALUE_0: main
Pipeline Status	Run actions/checkout@v6	2026-08-10T15:43:01.7785743Z ##[endgroup]
Pipeline Status	Run actions/checkout@v6	2026-08-10T15:43:01.8787358Z Syncing repository: link-foundation/start
Pipeline Status	Run actions/checkout@v6	2026-08-10T15:43:01.8789925Z ##[group]Getting Git version info
Pipeline Status	Run actions/checkout@v6	2026-08-10T15:43:01.8791032Z Working directory is '/home/runner/work/start/start'
Pipeline Status	Run actions/checkout@v6	2026-08-10T15:43:01.8792826Z [command]/usr/bin/git version
Pipeline Status	Run actions/checkout@v6	2026-08-10T15:43:01.8876040Z git version 2.54.0
Pipeline Status	Run actions/checkout@v6	2026-08-10T15:43:01.8901431Z ##[endgroup]
Pipeline Status	Run actions/checkout@v6	2026-08-10T15:43:01.8917850Z Temporarily overriding HOME='/home/runner/work/_temp/b62a6705-3081-4c5b-87cf-ccc3213da265' before making global git config changes
Pipeline Status	Run actions/checkout@v6	2026-08-10T15:43:01.8920125Z Adding repository directory to the temporary git global config as a safe directory
Pipeline Status	Run actions/checkout@v6	2026-08-10T15:43:01.8923703Z [command]/usr/bin/git config --global --add safe.directory /home/runner/work/start/start
Pipeline Status	Run actions/checkout@v6	2026-08-10T15:43:01.8976578Z Deleting the contents of '/home/runner/work/start/start'
Pipeline Status	Run actions/checkout@v6	2026-08-10T15:43:01.8981180Z ##[group]Determining repository object format
Pipeline Status	Run actions/checkout@v6	2026-08-10T15:43:01.8984487Z ##[endgroup]
Pipeline Status	Run actions/checkout@v6	2026-08-10T15:43:01.8985274Z ##[group]Initializing the repository
Pipeline Status	Run actions/checkout@v6	2026-08-10T15:43:01.8991191Z [command]/usr/bin/git init /home/runner/work/start/start
Pipeline Status	Run actions/checkout@v6	2026-08-10T15:43:01.9106772Z Initialized empty Git repository in /home/runner/work/start/start/.git/
Pipeline Status	Run actions/checkout@v6	2026-08-10T15:43:01.9118842Z [command]/usr/bin/git remote add origin https://github.com/link-foundation/start
Pipeline Status	Run actions/checkout@v6	2026-08-10T15:43:01.9166416Z ##[endgroup]
Pipeline Status	Run actions/checkout@v6	2026-08-10T15:43:01.9167847Z ##[group]Disabling automatic garbage collection
Pipeline Status	Run actions/checkout@v6	2026-08-10T15:43:01.9171657Z [command]/usr/bin/git config --local gc.auto 0
Pipeline Status	Run actions/checkout@v6	2026-08-10T15:43:01.9203504Z ##[endgroup]
Pipeline Status	Run actions/checkout@v6	2026-08-10T15:43:01.9204537Z ##[group]Setting up auth
Pipeline Status	Run actions/checkout@v6	2026-08-10T15:43:01.9212505Z Removing SSH command configuration
Pipeline Status	Run actions/checkout@v6	2026-08-10T15:43:01.9216750Z [command]/usr/bin/git config --local --name-only --get-regexp core\.sshCommand
Pipeline Status	Run actions/checkout@v6	2026-08-10T15:43:01.9258906Z [command]/usr/bin/git submodule foreach --recursive sh -c "git config --local --name-only --get-regexp 'core\.sshCommand' && git config --local --unset-all 'core.sshCommand' || :"
Pipeline Status	Run actions/checkout@v6	2026-08-10T15:43:01.9755137Z Removing HTTP extra header
Pipeline Status	Run actions/checkout@v6	2026-08-10T15:43:01.9768864Z [command]/usr/bin/git config --local --name-only --get-regexp http\.https\:\/\/github\.com\/\.extraheader
Pipeline Status	Run actions/checkout@v6	2026-08-10T15:43:01.9822387Z [command]/usr/bin/git submodule foreach --recursive sh -c "git config --local --name-only --get-regexp 'http\.https\:\/\/github\.com\/\.extraheader' && git config --local --unset-all 'http.https://github.com/.extraheader' || :"
Pipeline Status	Run actions/checkout@v6	2026-08-10T15:43:02.0075659Z Removing includeIf entries pointing to credentials config files
Pipeline Status	Run actions/checkout@v6	2026-08-10T15:43:02.0082757Z [command]/usr/bin/git config --local --name-only --get-regexp ^includeIf\.gitdir:
Pipeline Status	Run actions/checkout@v6	2026-08-10T15:43:02.0120091Z [command]/usr/bin/git submodule foreach --recursive git config --local --show-origin --name-only --get-regexp remote.origin.url
Pipeline Status	Run actions/checkout@v6	2026-08-10T15:43:02.0378736Z [command]/usr/bin/git config --file /home/runner/work/_temp/git-credentials-b6906dc3-9ba0-4583-b172-d5d7a2f4efba.config http.https://github.com/.extraheader AUTHORIZATION: basic ***
Pipeline Status	Run actions/checkout@v6	2026-08-10T15:43:02.0419548Z [command]/usr/bin/git config --local includeIf.gitdir:/home/runner/work/start/start/.git.path /home/runner/work/_temp/git-credentials-b6906dc3-9ba0-4583-b172-d5d7a2f4efba.config
Pipeline Status	Run actions/checkout@v6	2026-08-10T15:43:02.0453677Z [command]/usr/bin/git config --local includeIf.gitdir:/home/runner/work/start/start/.git/worktrees/*.path /home/runner/work/_temp/git-credentials-b6906dc3-9ba0-4583-b172-d5d7a2f4efba.config
Pipeline Status	Run actions/checkout@v6	2026-08-10T15:43:02.0490869Z [command]/usr/bin/git config --local includeIf.gitdir:/github/workspace/.git.path /github/runner_temp/git-credentials-b6906dc3-9ba0-4583-b172-d5d7a2f4efba.config
Pipeline Status	Run actions/checkout@v6	2026-08-10T15:43:02.0529286Z [command]/usr/bin/git config --local includeIf.gitdir:/github/workspace/.git/worktrees/*.path /github/runner_temp/git-credentials-b6906dc3-9ba0-4583-b172-d5d7a2f4efba.config
Pipeline Status	Run actions/checkout@v6	2026-08-10T15:43:02.0560367Z ##[endgroup]
Pipeline Status	Run actions/checkout@v6	2026-08-10T15:43:02.0561707Z ##[group]Fetching the repository
Pipeline Status	Run actions/checkout@v6	2026-08-10T15:43:02.0570495Z [command]/usr/bin/git -c protocol.version=2 fetch --no-tags --prune --no-recurse-submodules --depth=1 origin +c88600c0d8ff8d80941044138e858ae826ae3010:refs/remotes/pull/161/merge
Pipeline Status	Run actions/checkout@v6	2026-08-10T15:43:02.5665846Z From https://github.com/link-foundation/start
Pipeline Status	Run actions/checkout@v6	2026-08-10T15:43:02.5667986Z  * [new ref]         c88600c0d8ff8d80941044138e858ae826ae3010 -> pull/161/merge
Pipeline Status	Run actions/checkout@v6	2026-08-10T15:43:02.5702591Z ##[endgroup]
Pipeline Status	Run actions/checkout@v6	2026-08-10T15:43:02.5704125Z ##[group]Determining the checkout info
Pipeline Status	Run actions/checkout@v6	2026-08-10T15:43:02.5706234Z ##[endgroup]
Pipeline Status	Run actions/checkout@v6	2026-08-10T15:43:02.5711200Z [command]/usr/bin/git sparse-checkout disable
Pipeline Status	Run actions/checkout@v6	2026-08-10T15:43:02.5763698Z [command]/usr/bin/git config --local --unset-all extensions.worktreeConfig
Pipeline Status	Run actions/checkout@v6	2026-08-10T15:43:02.5805866Z ##[group]Checking out the ref
Pipeline Status	Run actions/checkout@v6	2026-08-10T15:43:02.5809892Z [command]/usr/bin/git checkout --progress --force refs/remotes/pull/161/merge
Pipeline Status	Run actions/checkout@v6	2026-08-10T15:43:02.6537456Z Note: switching to 'refs/remotes/pull/161/merge'.
Pipeline Status	Run actions/checkout@v6	2026-08-10T15:43:02.6538533Z 
Pipeline Status	Run actions/checkout@v6	2026-08-10T15:43:02.6539150Z You are in 'detached HEAD' state. You can look around, make experimental
Pipeline Status	Run actions/checkout@v6	2026-08-10T15:43:02.6540552Z changes and commit them, and you can discard any commits you make in this
Pipeline Status	Run actions/checkout@v6	2026-08-10T15:43:02.6541869Z state without impacting any branches by switching back to a branch.
Pipeline Status	Run actions/checkout@v6	2026-08-10T15:43:02.6542629Z 
Pipeline Status	Run actions/checkout@v6	2026-08-10T15:43:02.6543516Z If you want to create a new branch to retain commits you create, you may
Pipeline Status	Run actions/checkout@v6	2026-08-10T15:43:02.6544744Z do so (now or later) by using -c with the switch command. Example:
Pipeline Status	Run actions/checkout@v6	2026-08-10T15:43:02.6545819Z 
Pipeline Status	Run actions/checkout@v6	2026-08-10T15:43:02.6546440Z   git switch -c <new-branch-name>
Pipeline Status	Run actions/checkout@v6	2026-08-10T15:43:02.6547305Z 
Pipeline Status	Run actions/checkout@v6	2026-08-10T15:43:02.6547698Z Or undo this operation with:
Pipeline Status	Run actions/checkout@v6	2026-08-10T15:43:02.6548393Z 
Pipeline Status	Run actions/checkout@v6	2026-08-10T15:43:02.6548710Z   git switch -
Pipeline Status	Run actions/checkout@v6	2026-08-10T15:43:02.6549157Z 
Pipeline Status	Run actions/checkout@v6	2026-08-10T15:43:02.6549823Z Turn off this advice by setting config variable advice.detachedHead to false
Pipeline Status	Run actions/checkout@v6	2026-08-10T15:43:02.6550788Z 
Pipeline Status	Run actions/checkout@v6	2026-08-10T15:43:02.6551948Z HEAD is now at c88600c Merge 3562e612036bcd5e3fa75dcb89d8b334d7a954ac into db1ad4d0b2119148b4ad6e870080f8178a2a8e93
Pipeline Status	Run actions/checkout@v6	2026-08-10T15:43:02.6556118Z ##[endgroup]
Pipeline Status	Run actions/checkout@v6	2026-08-10T15:43:02.6596136Z [command]/usr/bin/git log -1 --format=%H
Pipeline Status	Run actions/checkout@v6	2026-08-10T15:43:02.6623478Z c88600c0d8ff8d80941044138e858ae826ae3010
Pipeline Status	Check aggregate pipeline status	﻿2026-08-10T15:43:02.6929676Z ##[group]Run bash scripts/check-pipeline-status.sh
Pipeline Status	Check aggregate pipeline status	2026-08-10T15:43:02.6932297Z ^[[36;1mbash scripts/check-pipeline-status.sh^[[0m
Pipeline Status	Check aggregate pipeline status	2026-08-10T15:43:02.6985559Z shell: /usr/bin/bash -e {0}
Pipeline Status	Check aggregate pipeline status	2026-08-10T15:43:02.6986758Z env:
Pipeline Status	Check aggregate pipeline status	2026-08-10T15:43:02.6987769Z   FORCE_JAVASCRIPT_ACTIONS_TO_NODE24: true
Pipeline Status	Check aggregate pipeline status	2026-08-10T15:43:02.6989059Z   GIT_CONFIG_COUNT: 1
Pipeline Status	Check aggregate pipeline status	2026-08-10T15:43:02.6990168Z   GIT_CONFIG_KEY_0: init.defaultBranch
Pipeline Status	Check aggregate pipeline status	2026-08-10T15:43:02.6991444Z   GIT_CONFIG_VALUE_0: main
Pipeline Status	Check aggregate pipeline status	2026-08-10T15:43:02.7000824Z   NEEDS_JSON: {
Pipeline Status	Check aggregate pipeline status	  "syntax-check": {
Pipeline Status	Check aggregate pipeline status	    "result": "success",
Pipeline Status	Check aggregate pipeline status	    "outputs": {}
Pipeline Status	Check aggregate pipeline status	  },
Pipeline Status	Check aggregate pipeline status	  "detect-changes": {
Pipeline Status	Check aggregate pipeline status	    "result": "success",
Pipeline Status	Check aggregate pipeline status	    "outputs": {
Pipeline Status	Check aggregate pipeline status	      "mjs-changed": "false",
Pipeline Status	Check aggregate pipeline status	      "package-changed": "false",
Pipeline Status	Check aggregate pipeline status	      "docs-changed": "true",
Pipeline Status	Check aggregate pipeline status	      "workflow-changed": "false",
Pipeline Status	Check aggregate pipeline status	      "any-js-code-changed": "true",
Pipeline Status	Check aggregate pipeline status	      "js-changed": "true"
Pipeline Status	Check aggregate pipeline status	    }
Pipeline Status	Check aggregate pipeline status	  },
Pipeline Status	Check aggregate pipeline status	  "version-check": {
Pipeline Status	Check aggregate pipeline status	    "result": "success",
Pipeline Status	Check aggregate pipeline status	    "outputs": {}
Pipeline Status	Check aggregate pipeline status	  },
Pipeline Status	Check aggregate pipeline status	  "changeset-check": {
Pipeline Status	Check aggregate pipeline status	    "result": "failure",
Pipeline Status	Check aggregate pipeline status	    "outputs": {}
Pipeline Status	Check aggregate pipeline status	  },
Pipeline Status	Check aggregate pipeline status	  "lint": {
Pipeline Status	Check aggregate pipeline status	    "result": "success",
Pipeline Status	Check aggregate pipeline status	    "outputs": {}
Pipeline Status	Check aggregate pipeline status	  },
Pipeline Status	Check aggregate pipeline status	  "test": {
Pipeline Status	Check aggregate pipeline status	    "result": "skipped",
Pipeline Status	Check aggregate pipeline status	    "outputs": {}
Pipeline Status	Check aggregate pipeline status	  },
Pipeline Status	Check aggregate pipeline status	  "coverage": {
Pipeline Status	Check aggregate pipeline status	    "result": "skipped",
Pipeline Status	Check aggregate pipeline status	    "outputs": {}
Pipeline Status	Check aggregate pipeline status	  },
Pipeline Status	Check aggregate pipeline status	  "release": {
Pipeline Status	Check aggregate pipeline status	    "result": "skipped",
Pipeline Status	Check aggregate pipeline status	    "outputs": {}
Pipeline Status	Check aggregate pipeline status	  },
Pipeline Status	Check aggregate pipeline status	  "instant-release": {
Pipeline Status	Check aggregate pipeline status	    "result": "skipped",
Pipeline Status	Check aggregate pipeline status	    "outputs": {}
Pipeline Status	Check aggregate pipeline status	  },
Pipeline Status	Check aggregate pipeline status	  "changeset-pr": {
Pipeline Status	Check aggregate pipeline status	    "result": "skipped",
Pipeline Status	Check aggregate pipeline status	    "outputs": {}
Pipeline Status	Check aggregate pipeline status	  }
Pipeline Status	Check aggregate pipeline status	}
Pipeline Status	Check aggregate pipeline status	2026-08-10T15:43:02.7010134Z   IS_MAIN: false
Pipeline Status	Check aggregate pipeline status	2026-08-10T15:43:02.7011120Z ##[endgroup]
Pipeline Status	Check aggregate pipeline status	2026-08-10T15:43:02.7564978Z Failed jobs:    changeset-check
Pipeline Status	Check aggregate pipeline status	2026-08-10T15:43:02.7567173Z Cancelled jobs: <none>
Pipeline Status	Check aggregate pipeline status	2026-08-10T15:43:02.7588204Z ##[error]Pipeline failed. Failing jobs: changeset-check
Pipeline Status	Check aggregate pipeline status	2026-08-10T15:43:02.7602515Z ##[error]Process completed with exit code 1.
Pipeline Status	Post Run actions/checkout@v6	﻿2026-08-10T15:43:02.7933115Z Post job cleanup.
Pipeline Status	Post Run actions/checkout@v6	2026-08-10T15:43:02.8843344Z [command]/usr/bin/git version
Pipeline Status	Post Run actions/checkout@v6	2026-08-10T15:43:02.8886146Z git version 2.54.0
Pipeline Status	Post Run actions/checkout@v6	2026-08-10T15:43:02.8929933Z Temporarily overriding HOME='/home/runner/work/_temp/d7f14335-da54-4e51-ac83-4b5c63327578' before making global git config changes
Pipeline Status	Post Run actions/checkout@v6	2026-08-10T15:43:02.8934414Z Adding repository directory to the temporary git global config as a safe directory
Pipeline Status	Post Run actions/checkout@v6	2026-08-10T15:43:02.8938313Z [command]/usr/bin/git config --global --add safe.directory /home/runner/work/start/start
Pipeline Status	Post Run actions/checkout@v6	2026-08-10T15:43:02.8972129Z Removing SSH command configuration
Pipeline Status	Post Run actions/checkout@v6	2026-08-10T15:43:02.8979742Z [command]/usr/bin/git config --local --name-only --get-regexp core\.sshCommand
Pipeline Status	Post Run actions/checkout@v6	2026-08-10T15:43:02.9020306Z [command]/usr/bin/git submodule foreach --recursive sh -c "git config --local --name-only --get-regexp 'core\.sshCommand' && git config --local --unset-all 'core.sshCommand' || :"
Pipeline Status	Post Run actions/checkout@v6	2026-08-10T15:43:02.9268987Z Removing HTTP extra header
Pipeline Status	Post Run actions/checkout@v6	2026-08-10T15:43:02.9276593Z [command]/usr/bin/git config --local --name-only --get-regexp http\.https\:\/\/github\.com\/\.extraheader
Pipeline Status	Post Run actions/checkout@v6	2026-08-10T15:43:02.9316421Z [command]/usr/bin/git submodule foreach --recursive sh -c "git config --local --name-only --get-regexp 'http\.https\:\/\/github\.com\/\.extraheader' && git config --local --unset-all 'http.https://github.com/.extraheader' || :"
Pipeline Status	Post Run actions/checkout@v6	2026-08-10T15:43:02.9569201Z Removing includeIf entries pointing to credentials config files
Pipeline Status	Post Run actions/checkout@v6	2026-08-10T15:43:02.9589275Z [command]/usr/bin/git config --local --name-only --get-regexp ^includeIf\.gitdir:
Pipeline Status	Post Run actions/checkout@v6	2026-08-10T15:43:02.9639671Z includeif.gitdir:/home/runner/work/start/start/.git.path
Pipeline Status	Post Run actions/checkout@v6	2026-08-10T15:43:02.9643427Z includeif.gitdir:/home/runner/work/start/start/.git/worktrees/*.path
Pipeline Status	Post Run actions/checkout@v6	2026-08-10T15:43:02.9646534Z includeif.gitdir:/github/workspace/.git.path
Pipeline Status	Post Run actions/checkout@v6	2026-08-10T15:43:02.9649247Z includeif.gitdir:/github/workspace/.git/worktrees/*.path
Pipeline Status	Post Run actions/checkout@v6	2026-08-10T15:43:02.9657741Z [command]/usr/bin/git config --local --get-all includeif.gitdir:/home/runner/work/start/start/.git.path
Pipeline Status	Post Run actions/checkout@v6	2026-08-10T15:43:02.9713213Z /home/runner/work/_temp/git-credentials-b6906dc3-9ba0-4583-b172-d5d7a2f4efba.config
Pipeline Status	Post Run actions/checkout@v6	2026-08-10T15:43:02.9728470Z [command]/usr/bin/git config --local --unset includeif.gitdir:/home/runner/work/start/start/.git.path /home/runner/work/_temp/git-credentials-b6906dc3-9ba0-4583-b172-d5d7a2f4efba.config
Pipeline Status	Post Run actions/checkout@v6	2026-08-10T15:43:02.9777382Z [command]/usr/bin/git config --local --get-all includeif.gitdir:/home/runner/work/start/start/.git/worktrees/*.path
Pipeline Status	Post Run actions/checkout@v6	2026-08-10T15:43:02.9805850Z /home/runner/work/_temp/git-credentials-b6906dc3-9ba0-4583-b172-d5d7a2f4efba.config
Pipeline Status	Post Run actions/checkout@v6	2026-08-10T15:43:02.9819415Z [command]/usr/bin/git config --local --unset includeif.gitdir:/home/runner/work/start/start/.git/worktrees/*.path /home/runner/work/_temp/git-credentials-b6906dc3-9ba0-4583-b172-d5d7a2f4efba.config
Pipeline Status	Post Run actions/checkout@v6	2026-08-10T15:43:02.9858455Z [command]/usr/bin/git config --local --get-all includeif.gitdir:/github/workspace/.git.path
Pipeline Status	Post Run actions/checkout@v6	2026-08-10T15:43:02.9898532Z /github/runner_temp/git-credentials-b6906dc3-9ba0-4583-b172-d5d7a2f4efba.config
Pipeline Status	Post Run actions/checkout@v6	2026-08-10T15:43:02.9910076Z [command]/usr/bin/git config --local --unset includeif.gitdir:/github/workspace/.git.path /github/runner_temp/git-credentials-b6906dc3-9ba0-4583-b172-d5d7a2f4efba.config
Pipeline Status	Post Run actions/checkout@v6	2026-08-10T15:43:02.9951822Z [command]/usr/bin/git config --local --get-all includeif.gitdir:/github/workspace/.git/worktrees/*.path
Pipeline Status	Post Run actions/checkout@v6	2026-08-10T15:43:02.9977750Z /github/runner_temp/git-credentials-b6906dc3-9ba0-4583-b172-d5d7a2f4efba.config
Pipeline Status	Post Run actions/checkout@v6	2026-08-10T15:43:02.9987812Z [command]/usr/bin/git config --local --unset includeif.gitdir:/github/workspace/.git/worktrees/*.path /github/runner_temp/git-credentials-b6906dc3-9ba0-4583-b172-d5d7a2f4efba.config
Pipeline Status	Post Run actions/checkout@v6	2026-08-10T15:43:03.0024796Z [command]/usr/bin/git submodule foreach --recursive git config --local --show-origin --name-only --get-regexp remote.origin.url
Pipeline Status	Post Run actions/checkout@v6	2026-08-10T15:43:03.0249499Z Removing credentials config '/home/runner/work/_temp/git-credentials-b6906dc3-9ba0-4583-b172-d5d7a2f4efba.config'
Pipeline Status	Complete job	﻿2026-08-10T15:43:03.0411210Z Cleaning up orphan processes
