Syntax Pre-Check (.mjs)	UNKNOWN STEP	﻿2026-08-10T10:43:20.2950827Z Current runner version: '2.336.0'
Syntax Pre-Check (.mjs)	UNKNOWN STEP	2026-08-10T10:43:20.2975740Z ##[group]Runner Image Provisioner
Syntax Pre-Check (.mjs)	UNKNOWN STEP	2026-08-10T10:43:20.2976676Z Hosted Compute Agent
Syntax Pre-Check (.mjs)	UNKNOWN STEP	2026-08-10T10:43:20.2977258Z Version: 20260707.563
Syntax Pre-Check (.mjs)	UNKNOWN STEP	2026-08-10T10:43:20.2977915Z Commit: 02667638d2b423fbc733a8e32a88b44996a3ba6e
Syntax Pre-Check (.mjs)	UNKNOWN STEP	2026-08-10T10:43:20.2978659Z Build Date: 2026-07-07T19:33:50Z
Syntax Pre-Check (.mjs)	UNKNOWN STEP	2026-08-10T10:43:20.2979393Z Worker ID: {a1f74d7f-06df-4ea3-ab22-a9148e541e10}
Syntax Pre-Check (.mjs)	UNKNOWN STEP	2026-08-10T10:43:20.2980436Z Azure Region: westus3
Syntax Pre-Check (.mjs)	UNKNOWN STEP	2026-08-10T10:43:20.2981034Z ##[endgroup]
Syntax Pre-Check (.mjs)	UNKNOWN STEP	2026-08-10T10:43:20.2982506Z ##[group]Operating System
Syntax Pre-Check (.mjs)	UNKNOWN STEP	2026-08-10T10:43:20.2983222Z Ubuntu
Syntax Pre-Check (.mjs)	UNKNOWN STEP	2026-08-10T10:43:20.2983766Z 24.04.4
Syntax Pre-Check (.mjs)	UNKNOWN STEP	2026-08-10T10:43:20.2984302Z LTS
Syntax Pre-Check (.mjs)	UNKNOWN STEP	2026-08-10T10:43:20.2984820Z ##[endgroup]
Syntax Pre-Check (.mjs)	UNKNOWN STEP	2026-08-10T10:43:20.2985322Z ##[group]Runner Image
Syntax Pre-Check (.mjs)	UNKNOWN STEP	2026-08-10T10:43:20.2986387Z Image: ubuntu-24.04
Syntax Pre-Check (.mjs)	UNKNOWN STEP	2026-08-10T10:43:20.2986984Z Version: 20260720.247.2
Syntax Pre-Check (.mjs)	UNKNOWN STEP	2026-08-10T10:43:20.2988261Z Included Software: https://github.com/actions/runner-images/blob/ubuntu24/20260720.247/images/ubuntu/Ubuntu2404-Readme.md
Syntax Pre-Check (.mjs)	UNKNOWN STEP	2026-08-10T10:43:20.2989783Z Image Release: https://github.com/actions/runner-images/releases/tag/ubuntu24%2F20260720.247
Syntax Pre-Check (.mjs)	UNKNOWN STEP	2026-08-10T10:43:20.2990991Z ##[endgroup]
Syntax Pre-Check (.mjs)	UNKNOWN STEP	2026-08-10T10:43:20.2994136Z ##[group]GITHUB_TOKEN Permissions
Syntax Pre-Check (.mjs)	UNKNOWN STEP	2026-08-10T10:43:20.2996470Z Actions: write
Syntax Pre-Check (.mjs)	UNKNOWN STEP	2026-08-10T10:43:20.2997084Z ArtifactMetadata: write
Syntax Pre-Check (.mjs)	UNKNOWN STEP	2026-08-10T10:43:20.2997787Z Attestations: write
Syntax Pre-Check (.mjs)	UNKNOWN STEP	2026-08-10T10:43:20.2998402Z Checks: write
Syntax Pre-Check (.mjs)	UNKNOWN STEP	2026-08-10T10:43:20.2998946Z CodeQuality: write
Syntax Pre-Check (.mjs)	UNKNOWN STEP	2026-08-10T10:43:20.2999552Z Contents: write
Syntax Pre-Check (.mjs)	UNKNOWN STEP	2026-08-10T10:43:20.3000387Z CopilotRequests: write
Syntax Pre-Check (.mjs)	UNKNOWN STEP	2026-08-10T10:43:20.3000956Z Deployments: write
Syntax Pre-Check (.mjs)	UNKNOWN STEP	2026-08-10T10:43:20.3001607Z Discussions: write
Syntax Pre-Check (.mjs)	UNKNOWN STEP	2026-08-10T10:43:20.3002147Z Drives: write
Syntax Pre-Check (.mjs)	UNKNOWN STEP	2026-08-10T10:43:20.3002697Z Issues: write
Syntax Pre-Check (.mjs)	UNKNOWN STEP	2026-08-10T10:43:20.3003232Z Metadata: read
Syntax Pre-Check (.mjs)	UNKNOWN STEP	2026-08-10T10:43:20.3003848Z Models: read
Syntax Pre-Check (.mjs)	UNKNOWN STEP	2026-08-10T10:43:20.3004465Z Packages: write
Syntax Pre-Check (.mjs)	UNKNOWN STEP	2026-08-10T10:43:20.3004995Z Pages: write
Syntax Pre-Check (.mjs)	UNKNOWN STEP	2026-08-10T10:43:20.3005512Z PullRequests: write
Syntax Pre-Check (.mjs)	UNKNOWN STEP	2026-08-10T10:43:20.3006155Z RepositoryProjects: write
Syntax Pre-Check (.mjs)	UNKNOWN STEP	2026-08-10T10:43:20.3006760Z SecurityEvents: write
Syntax Pre-Check (.mjs)	UNKNOWN STEP	2026-08-10T10:43:20.3007355Z Statuses: write
Syntax Pre-Check (.mjs)	UNKNOWN STEP	2026-08-10T10:43:20.3007947Z VulnerabilityAlerts: read
Syntax Pre-Check (.mjs)	UNKNOWN STEP	2026-08-10T10:43:20.3008529Z ##[endgroup]
Syntax Pre-Check (.mjs)	UNKNOWN STEP	2026-08-10T10:43:20.3010929Z Secret source: Actions
Syntax Pre-Check (.mjs)	UNKNOWN STEP	2026-08-10T10:43:20.3012005Z Prepare workflow directory
Syntax Pre-Check (.mjs)	UNKNOWN STEP	2026-08-10T10:43:20.3430313Z Prepare all required actions
Syntax Pre-Check (.mjs)	UNKNOWN STEP	2026-08-10T10:43:20.3477147Z Getting action download info
Syntax Pre-Check (.mjs)	UNKNOWN STEP	2026-08-10T10:43:20.6529006Z Download action repository 'actions/checkout@v6' (SHA:d23441a48e516b6c34aea4fa41551a30e30af803)
Syntax Pre-Check (.mjs)	UNKNOWN STEP	2026-08-10T10:43:21.3141975Z Download action repository 'actions/setup-node@v6' (SHA:249970729cb0ef3589644e2896645e5dc5ba9c38)
Syntax Pre-Check (.mjs)	UNKNOWN STEP	2026-08-10T10:43:22.3046372Z Complete job name: Syntax Pre-Check (.mjs)
Syntax Pre-Check (.mjs)	UNKNOWN STEP	2026-08-10T10:43:22.4028200Z ##[group]Run actions/checkout@v6
Syntax Pre-Check (.mjs)	UNKNOWN STEP	2026-08-10T10:43:22.4029577Z with:
Syntax Pre-Check (.mjs)	UNKNOWN STEP	2026-08-10T10:43:22.4030748Z   fetch-depth: 0
Syntax Pre-Check (.mjs)	UNKNOWN STEP	2026-08-10T10:43:22.4031634Z   repository: link-foundation/start
Syntax Pre-Check (.mjs)	UNKNOWN STEP	2026-08-10T10:43:22.4044356Z   token: ***
Syntax Pre-Check (.mjs)	UNKNOWN STEP	2026-08-10T10:43:22.4045721Z   ssh-strict: true
Syntax Pre-Check (.mjs)	UNKNOWN STEP	2026-08-10T10:43:22.4046902Z   ssh-user: git
Syntax Pre-Check (.mjs)	UNKNOWN STEP	2026-08-10T10:43:22.4047761Z   persist-credentials: true
Syntax Pre-Check (.mjs)	UNKNOWN STEP	2026-08-10T10:43:22.4048717Z   clean: true
Syntax Pre-Check (.mjs)	UNKNOWN STEP	2026-08-10T10:43:22.4049563Z   sparse-checkout-cone-mode: true
Syntax Pre-Check (.mjs)	UNKNOWN STEP	2026-08-10T10:43:22.4050963Z   fetch-tags: false
Syntax Pre-Check (.mjs)	UNKNOWN STEP	2026-08-10T10:43:22.4051810Z   show-progress: true
Syntax Pre-Check (.mjs)	UNKNOWN STEP	2026-08-10T10:43:22.4052662Z   lfs: false
Syntax Pre-Check (.mjs)	UNKNOWN STEP	2026-08-10T10:43:22.4053450Z   submodules: false
Syntax Pre-Check (.mjs)	UNKNOWN STEP	2026-08-10T10:43:22.4054298Z   set-safe-directory: true
Syntax Pre-Check (.mjs)	UNKNOWN STEP	2026-08-10T10:43:22.4055266Z   allow-unsafe-pr-checkout: false
Syntax Pre-Check (.mjs)	UNKNOWN STEP	2026-08-10T10:43:22.4056603Z env:
Syntax Pre-Check (.mjs)	UNKNOWN STEP	2026-08-10T10:43:22.4057432Z   FORCE_JAVASCRIPT_ACTIONS_TO_NODE24: true
Syntax Pre-Check (.mjs)	UNKNOWN STEP	2026-08-10T10:43:22.4058502Z ##[endgroup]
Syntax Pre-Check (.mjs)	UNKNOWN STEP	2026-08-10T10:43:22.5127272Z Syncing repository: link-foundation/start
Syntax Pre-Check (.mjs)	UNKNOWN STEP	2026-08-10T10:43:22.5130452Z ##[group]Getting Git version info
Syntax Pre-Check (.mjs)	UNKNOWN STEP	2026-08-10T10:43:22.5131777Z Working directory is '/home/runner/work/start/start'
Syntax Pre-Check (.mjs)	UNKNOWN STEP	2026-08-10T10:43:22.5133718Z [command]/usr/bin/git version
Syntax Pre-Check (.mjs)	UNKNOWN STEP	2026-08-10T10:43:22.5213043Z git version 2.54.0
Syntax Pre-Check (.mjs)	UNKNOWN STEP	2026-08-10T10:43:22.5243743Z ##[endgroup]
Syntax Pre-Check (.mjs)	UNKNOWN STEP	2026-08-10T10:43:22.5260842Z Temporarily overriding HOME='/home/runner/work/_temp/04f98b5c-ef42-4ac9-a73a-6ab365faf987' before making global git config changes
Syntax Pre-Check (.mjs)	UNKNOWN STEP	2026-08-10T10:43:22.5265597Z Adding repository directory to the temporary git global config as a safe directory
Syntax Pre-Check (.mjs)	UNKNOWN STEP	2026-08-10T10:43:22.5270946Z [command]/usr/bin/git config --global --add safe.directory /home/runner/work/start/start
Syntax Pre-Check (.mjs)	UNKNOWN STEP	2026-08-10T10:43:22.5330393Z Deleting the contents of '/home/runner/work/start/start'
Syntax Pre-Check (.mjs)	UNKNOWN STEP	2026-08-10T10:43:22.5335840Z ##[group]Determining repository object format
Syntax Pre-Check (.mjs)	UNKNOWN STEP	2026-08-10T10:43:22.5338636Z ##[endgroup]
Syntax Pre-Check (.mjs)	UNKNOWN STEP	2026-08-10T10:43:22.5341298Z ##[group]Initializing the repository
Syntax Pre-Check (.mjs)	UNKNOWN STEP	2026-08-10T10:43:22.5344740Z [command]/usr/bin/git init /home/runner/work/start/start
Syntax Pre-Check (.mjs)	UNKNOWN STEP	2026-08-10T10:43:22.5495075Z hint: Using 'master' as the name for the initial branch. This default branch name
Syntax Pre-Check (.mjs)	UNKNOWN STEP	2026-08-10T10:43:22.5497528Z hint: will change to "main" in Git 3.0. To configure the initial branch name
Syntax Pre-Check (.mjs)	UNKNOWN STEP	2026-08-10T10:43:22.5501572Z hint: to use in all of your new repositories, which will suppress this warning,
Syntax Pre-Check (.mjs)	UNKNOWN STEP	2026-08-10T10:43:22.5504322Z hint: call:
Syntax Pre-Check (.mjs)	UNKNOWN STEP	2026-08-10T10:43:22.5505493Z hint:
Syntax Pre-Check (.mjs)	UNKNOWN STEP	2026-08-10T10:43:22.5506864Z hint: 	git config --global init.defaultBranch <name>
Syntax Pre-Check (.mjs)	UNKNOWN STEP	2026-08-10T10:43:22.5508459Z hint:
Syntax Pre-Check (.mjs)	UNKNOWN STEP	2026-08-10T10:43:22.5510281Z hint: Names commonly chosen instead of 'master' are 'main', 'trunk' and
Syntax Pre-Check (.mjs)	UNKNOWN STEP	2026-08-10T10:43:22.5512687Z hint: 'development'. The just-created branch can be renamed via this command:
Syntax Pre-Check (.mjs)	UNKNOWN STEP	2026-08-10T10:43:22.5514787Z hint:
Syntax Pre-Check (.mjs)	UNKNOWN STEP	2026-08-10T10:43:22.5516036Z hint: 	git branch -m <name>
Syntax Pre-Check (.mjs)	UNKNOWN STEP	2026-08-10T10:43:22.5517341Z hint:
Syntax Pre-Check (.mjs)	UNKNOWN STEP	2026-08-10T10:43:22.5519027Z hint: Disable this message with "git config set advice.defaultBranchName false"
Syntax Pre-Check (.mjs)	UNKNOWN STEP	2026-08-10T10:43:22.5521958Z Initialized empty Git repository in /home/runner/work/start/start/.git/
Syntax Pre-Check (.mjs)	UNKNOWN STEP	2026-08-10T10:43:22.5527717Z [command]/usr/bin/git remote add origin https://github.com/link-foundation/start
Syntax Pre-Check (.mjs)	UNKNOWN STEP	2026-08-10T10:43:22.5573762Z ##[endgroup]
Syntax Pre-Check (.mjs)	UNKNOWN STEP	2026-08-10T10:43:22.5575870Z ##[group]Disabling automatic garbage collection
Syntax Pre-Check (.mjs)	UNKNOWN STEP	2026-08-10T10:43:22.5577912Z [command]/usr/bin/git config --local gc.auto 0
Syntax Pre-Check (.mjs)	UNKNOWN STEP	2026-08-10T10:43:22.5609292Z ##[endgroup]
Syntax Pre-Check (.mjs)	UNKNOWN STEP	2026-08-10T10:43:22.5611336Z ##[group]Setting up auth
Syntax Pre-Check (.mjs)	UNKNOWN STEP	2026-08-10T10:43:22.5612890Z Removing SSH command configuration
Syntax Pre-Check (.mjs)	UNKNOWN STEP	2026-08-10T10:43:22.5618568Z [command]/usr/bin/git config --local --name-only --get-regexp core\.sshCommand
Syntax Pre-Check (.mjs)	UNKNOWN STEP	2026-08-10T10:43:22.5666735Z [command]/usr/bin/git submodule foreach --recursive sh -c "git config --local --name-only --get-regexp 'core\.sshCommand' && git config --local --unset-all 'core.sshCommand' || :"
Syntax Pre-Check (.mjs)	UNKNOWN STEP	2026-08-10T10:43:22.6072237Z Removing HTTP extra header
Syntax Pre-Check (.mjs)	UNKNOWN STEP	2026-08-10T10:43:22.6078737Z [command]/usr/bin/git config --local --name-only --get-regexp http\.https\:\/\/github\.com\/\.extraheader
Syntax Pre-Check (.mjs)	UNKNOWN STEP	2026-08-10T10:43:22.6118054Z [command]/usr/bin/git submodule foreach --recursive sh -c "git config --local --name-only --get-regexp 'http\.https\:\/\/github\.com\/\.extraheader' && git config --local --unset-all 'http.https://github.com/.extraheader' || :"
Syntax Pre-Check (.mjs)	UNKNOWN STEP	2026-08-10T10:43:22.6334692Z Removing includeIf entries pointing to credentials config files
Syntax Pre-Check (.mjs)	UNKNOWN STEP	2026-08-10T10:43:22.6340811Z [command]/usr/bin/git config --local --name-only --get-regexp ^includeIf\.gitdir:
Syntax Pre-Check (.mjs)	UNKNOWN STEP	2026-08-10T10:43:22.6377530Z [command]/usr/bin/git submodule foreach --recursive git config --local --show-origin --name-only --get-regexp remote.origin.url
Syntax Pre-Check (.mjs)	UNKNOWN STEP	2026-08-10T10:43:22.6606395Z [command]/usr/bin/git config --file /home/runner/work/_temp/git-credentials-35d6b43f-eb6d-4a93-a080-ad394791713b.config http.https://github.com/.extraheader AUTHORIZATION: basic ***
Syntax Pre-Check (.mjs)	UNKNOWN STEP	2026-08-10T10:43:22.6648058Z [command]/usr/bin/git config --local includeIf.gitdir:/home/runner/work/start/start/.git.path /home/runner/work/_temp/git-credentials-35d6b43f-eb6d-4a93-a080-ad394791713b.config
Syntax Pre-Check (.mjs)	UNKNOWN STEP	2026-08-10T10:43:22.6682402Z [command]/usr/bin/git config --local includeIf.gitdir:/home/runner/work/start/start/.git/worktrees/*.path /home/runner/work/_temp/git-credentials-35d6b43f-eb6d-4a93-a080-ad394791713b.config
Syntax Pre-Check (.mjs)	UNKNOWN STEP	2026-08-10T10:43:22.6721357Z [command]/usr/bin/git config --local includeIf.gitdir:/github/workspace/.git.path /github/runner_temp/git-credentials-35d6b43f-eb6d-4a93-a080-ad394791713b.config
Syntax Pre-Check (.mjs)	UNKNOWN STEP	2026-08-10T10:43:22.6756366Z [command]/usr/bin/git config --local includeIf.gitdir:/github/workspace/.git/worktrees/*.path /github/runner_temp/git-credentials-35d6b43f-eb6d-4a93-a080-ad394791713b.config
Syntax Pre-Check (.mjs)	UNKNOWN STEP	2026-08-10T10:43:22.6790340Z ##[endgroup]
Syntax Pre-Check (.mjs)	UNKNOWN STEP	2026-08-10T10:43:22.6792104Z ##[group]Fetching the repository
Syntax Pre-Check (.mjs)	UNKNOWN STEP	2026-08-10T10:43:22.6797841Z [command]/usr/bin/git -c protocol.version=2 fetch --no-tags --prune --no-recurse-submodules origin +refs/heads/*:refs/remotes/origin/* +refs/tags/*:refs/tags/*
Syntax Pre-Check (.mjs)	UNKNOWN STEP	2026-08-10T10:43:24.0382937Z From https://github.com/link-foundation/start
Syntax Pre-Check (.mjs)	UNKNOWN STEP	2026-08-10T10:43:24.0391427Z  * [new branch]      issue-1-06306849       -> origin/issue-1-06306849
Syntax Pre-Check (.mjs)	UNKNOWN STEP	2026-08-10T10:43:24.0392224Z  * [new branch]      issue-101-f6ea3a87b1de -> origin/issue-101-f6ea3a87b1de
Syntax Pre-Check (.mjs)	UNKNOWN STEP	2026-08-10T10:43:24.0393062Z  * [new branch]      issue-103-d2eee141f4bc -> origin/issue-103-d2eee141f4bc
Syntax Pre-Check (.mjs)	UNKNOWN STEP	2026-08-10T10:43:24.0393892Z  * [new branch]      issue-105-0edd650b7149 -> origin/issue-105-0edd650b7149
Syntax Pre-Check (.mjs)	UNKNOWN STEP	2026-08-10T10:43:24.0394519Z  * [new branch]      issue-108-c821d8a93f01 -> origin/issue-108-c821d8a93f01
Syntax Pre-Check (.mjs)	UNKNOWN STEP	2026-08-10T10:43:24.0394965Z  * [new branch]      issue-11-1524425f0588  -> origin/issue-11-1524425f0588
Syntax Pre-Check (.mjs)	UNKNOWN STEP	2026-08-10T10:43:24.0395432Z  * [new branch]      issue-110-c1b9267a2743 -> origin/issue-110-c1b9267a2743
Syntax Pre-Check (.mjs)	UNKNOWN STEP	2026-08-10T10:43:24.0395891Z  * [new branch]      issue-112-46af7527c0d9 -> origin/issue-112-46af7527c0d9
Syntax Pre-Check (.mjs)	UNKNOWN STEP	2026-08-10T10:43:24.0396376Z  * [new branch]      issue-114-8181f01863b9 -> origin/issue-114-8181f01863b9
Syntax Pre-Check (.mjs)	UNKNOWN STEP	2026-08-10T10:43:24.0396828Z  * [new branch]      issue-116-01c61894edbd -> origin/issue-116-01c61894edbd
Syntax Pre-Check (.mjs)	UNKNOWN STEP	2026-08-10T10:43:24.0397323Z  * [new branch]      issue-118-4ed21210786f -> origin/issue-118-4ed21210786f
Syntax Pre-Check (.mjs)	UNKNOWN STEP	2026-08-10T10:43:24.0397770Z  * [new branch]      issue-120-22538e16da80 -> origin/issue-120-22538e16da80
Syntax Pre-Check (.mjs)	UNKNOWN STEP	2026-08-10T10:43:24.0398233Z  * [new branch]      issue-122-9e4e6b1efac6 -> origin/issue-122-9e4e6b1efac6
Syntax Pre-Check (.mjs)	UNKNOWN STEP	2026-08-10T10:43:24.0398739Z  * [new branch]      issue-124-0288905fdd33 -> origin/issue-124-0288905fdd33
Syntax Pre-Check (.mjs)	UNKNOWN STEP	2026-08-10T10:43:24.0399199Z  * [new branch]      issue-126-c5c8579b3ab4 -> origin/issue-126-c5c8579b3ab4
Syntax Pre-Check (.mjs)	UNKNOWN STEP	2026-08-10T10:43:24.0399649Z  * [new branch]      issue-128-9d904e7dd227 -> origin/issue-128-9d904e7dd227
Syntax Pre-Check (.mjs)	UNKNOWN STEP	2026-08-10T10:43:24.0401422Z  * [new branch]      issue-13-52ae2ce06ee2  -> origin/issue-13-52ae2ce06ee2
Syntax Pre-Check (.mjs)	UNKNOWN STEP	2026-08-10T10:43:24.0401903Z  * [new branch]      issue-130-cefa8a965461 -> origin/issue-130-cefa8a965461
Syntax Pre-Check (.mjs)	UNKNOWN STEP	2026-08-10T10:43:24.0402381Z  * [new branch]      issue-132-81888ef731d7 -> origin/issue-132-81888ef731d7
Syntax Pre-Check (.mjs)	UNKNOWN STEP	2026-08-10T10:43:24.0403046Z  * [new branch]      issue-134-1a26eb545a18 -> origin/issue-134-1a26eb545a18
Syntax Pre-Check (.mjs)	UNKNOWN STEP	2026-08-10T10:43:24.0403509Z  * [new branch]      issue-136-cffa39dbc470 -> origin/issue-136-cffa39dbc470
Syntax Pre-Check (.mjs)	UNKNOWN STEP	2026-08-10T10:43:24.0404101Z  * [new branch]      issue-138-3f4ef74d216e -> origin/issue-138-3f4ef74d216e
Syntax Pre-Check (.mjs)	UNKNOWN STEP	2026-08-10T10:43:24.0404550Z  * [new branch]      issue-140-55c0984f3705 -> origin/issue-140-55c0984f3705
Syntax Pre-Check (.mjs)	UNKNOWN STEP	2026-08-10T10:43:24.0405003Z  * [new branch]      issue-142-e63b64dd46e6 -> origin/issue-142-e63b64dd46e6
Syntax Pre-Check (.mjs)	UNKNOWN STEP	2026-08-10T10:43:24.0405445Z  * [new branch]      issue-144-d8d3fb7dfd56 -> origin/issue-144-d8d3fb7dfd56
Syntax Pre-Check (.mjs)	UNKNOWN STEP	2026-08-10T10:43:24.0405907Z  * [new branch]      issue-146-5fd1b386b75b -> origin/issue-146-5fd1b386b75b
Syntax Pre-Check (.mjs)	UNKNOWN STEP	2026-08-10T10:43:24.0406346Z  * [new branch]      issue-148-799a293d3d5b -> origin/issue-148-799a293d3d5b
Syntax Pre-Check (.mjs)	UNKNOWN STEP	2026-08-10T10:43:24.0406795Z  * [new branch]      issue-15-ccfe6d130337  -> origin/issue-15-ccfe6d130337
Syntax Pre-Check (.mjs)	UNKNOWN STEP	2026-08-10T10:43:24.0407318Z  * [new branch]      issue-15-d3d0f1c82afa  -> origin/issue-15-d3d0f1c82afa
Syntax Pre-Check (.mjs)	UNKNOWN STEP	2026-08-10T10:43:24.0407813Z  * [new branch]      issue-150-140b61c8f491 -> origin/issue-150-140b61c8f491
Syntax Pre-Check (.mjs)	UNKNOWN STEP	2026-08-10T10:43:24.0408251Z  * [new branch]      issue-151-50e985780da1 -> origin/issue-151-50e985780da1
Syntax Pre-Check (.mjs)	UNKNOWN STEP	2026-08-10T10:43:24.0408682Z  * [new branch]      issue-154-73165f3b5cf7 -> origin/issue-154-73165f3b5cf7
Syntax Pre-Check (.mjs)	UNKNOWN STEP	2026-08-10T10:43:24.0409332Z  * [new branch]      issue-156-a9778f176d79 -> origin/issue-156-a9778f176d79
Syntax Pre-Check (.mjs)	UNKNOWN STEP	2026-08-10T10:43:24.0409772Z  * [new branch]      issue-18-acfe3ddbe902  -> origin/issue-18-acfe3ddbe902
Syntax Pre-Check (.mjs)	UNKNOWN STEP	2026-08-10T10:43:24.0410568Z  * [new branch]      issue-19-83cfc521f662  -> origin/issue-19-83cfc521f662
Syntax Pre-Check (.mjs)	UNKNOWN STEP	2026-08-10T10:43:24.0411010Z  * [new branch]      issue-22-08e44246441d  -> origin/issue-22-08e44246441d
Syntax Pre-Check (.mjs)	UNKNOWN STEP	2026-08-10T10:43:24.0411461Z  * [new branch]      issue-22-2d1c04999e6d  -> origin/issue-22-2d1c04999e6d
Syntax Pre-Check (.mjs)	UNKNOWN STEP	2026-08-10T10:43:24.0411893Z  * [new branch]      issue-25-6419574a6cfe  -> origin/issue-25-6419574a6cfe
Syntax Pre-Check (.mjs)	UNKNOWN STEP	2026-08-10T10:43:24.0412331Z  * [new branch]      issue-25-8fe656da1123  -> origin/issue-25-8fe656da1123
Syntax Pre-Check (.mjs)	UNKNOWN STEP	2026-08-10T10:43:24.0412819Z  * [new branch]      issue-28-9a07df20ebbb  -> origin/issue-28-9a07df20ebbb
Syntax Pre-Check (.mjs)	UNKNOWN STEP	2026-08-10T10:43:24.0413262Z  * [new branch]      issue-3-908abf67e50f   -> origin/issue-3-908abf67e50f
Syntax Pre-Check (.mjs)	UNKNOWN STEP	2026-08-10T10:43:24.0413702Z  * [new branch]      issue-30-3c74b37eedc9  -> origin/issue-30-3c74b37eedc9
Syntax Pre-Check (.mjs)	UNKNOWN STEP	2026-08-10T10:43:24.0414144Z  * [new branch]      issue-31-e419d5f83f9d  -> origin/issue-31-e419d5f83f9d
Syntax Pre-Check (.mjs)	UNKNOWN STEP	2026-08-10T10:43:24.0414582Z  * [new branch]      issue-34-fcfbf90ca3a5  -> origin/issue-34-fcfbf90ca3a5
Syntax Pre-Check (.mjs)	UNKNOWN STEP	2026-08-10T10:43:24.0415021Z  * [new branch]      issue-36-4d2e05cadca2  -> origin/issue-36-4d2e05cadca2
Syntax Pre-Check (.mjs)	UNKNOWN STEP	2026-08-10T10:43:24.0415464Z  * [new branch]      issue-38-8d65d5c6dcf1  -> origin/issue-38-8d65d5c6dcf1
Syntax Pre-Check (.mjs)	UNKNOWN STEP	2026-08-10T10:43:24.0415900Z  * [new branch]      issue-40-500ee5a3c836  -> origin/issue-40-500ee5a3c836
Syntax Pre-Check (.mjs)	UNKNOWN STEP	2026-08-10T10:43:24.0416331Z  * [new branch]      issue-42-231914cdf85a  -> origin/issue-42-231914cdf85a
Syntax Pre-Check (.mjs)	UNKNOWN STEP	2026-08-10T10:43:24.0416766Z  * [new branch]      issue-44-05c1999867e1  -> origin/issue-44-05c1999867e1
Syntax Pre-Check (.mjs)	UNKNOWN STEP	2026-08-10T10:43:24.0417198Z  * [new branch]      issue-46-db1336ec1bd4  -> origin/issue-46-db1336ec1bd4
Syntax Pre-Check (.mjs)	UNKNOWN STEP	2026-08-10T10:43:24.0417645Z  * [new branch]      issue-49-49badfb087ae  -> origin/issue-49-49badfb087ae
Syntax Pre-Check (.mjs)	UNKNOWN STEP	2026-08-10T10:43:24.0418083Z  * [new branch]      issue-5-e920ed9704b1   -> origin/issue-5-e920ed9704b1
Syntax Pre-Check (.mjs)	UNKNOWN STEP	2026-08-10T10:43:24.0418530Z  * [new branch]      issue-51-ce9116974281  -> origin/issue-51-ce9116974281
Syntax Pre-Check (.mjs)	UNKNOWN STEP	2026-08-10T10:43:24.0418963Z  * [new branch]      issue-53-3037eb51507e  -> origin/issue-53-3037eb51507e
Syntax Pre-Check (.mjs)	UNKNOWN STEP	2026-08-10T10:43:24.0419397Z  * [new branch]      issue-55-62ca352b2854  -> origin/issue-55-62ca352b2854
Syntax Pre-Check (.mjs)	UNKNOWN STEP	2026-08-10T10:43:24.0420090Z  * [new branch]      issue-57-319974e37702  -> origin/issue-57-319974e37702
Syntax Pre-Check (.mjs)	UNKNOWN STEP	2026-08-10T10:43:24.0420728Z  * [new branch]      issue-57-9389c40a25d3  -> origin/issue-57-9389c40a25d3
Syntax Pre-Check (.mjs)	UNKNOWN STEP	2026-08-10T10:43:24.0421189Z  * [new branch]      issue-60-23ad1508ca00  -> origin/issue-60-23ad1508ca00
Syntax Pre-Check (.mjs)	UNKNOWN STEP	2026-08-10T10:43:24.0421809Z  * [new branch]      issue-62-0bf0e6dba402  -> origin/issue-62-0bf0e6dba402
Syntax Pre-Check (.mjs)	UNKNOWN STEP	2026-08-10T10:43:24.0422295Z  * [new branch]      issue-64-531bd4a9716c  -> origin/issue-64-531bd4a9716c
Syntax Pre-Check (.mjs)	UNKNOWN STEP	2026-08-10T10:43:24.0422759Z  * [new branch]      issue-66-b4bebb964b80  -> origin/issue-66-b4bebb964b80
Syntax Pre-Check (.mjs)	UNKNOWN STEP	2026-08-10T10:43:24.0423231Z  * [new branch]      issue-67-c74bf55321d9  -> origin/issue-67-c74bf55321d9
Syntax Pre-Check (.mjs)	UNKNOWN STEP	2026-08-10T10:43:24.0423694Z  * [new branch]      issue-7-6b049fda1d30   -> origin/issue-7-6b049fda1d30
Syntax Pre-Check (.mjs)	UNKNOWN STEP	2026-08-10T10:43:24.0424148Z  * [new branch]      issue-70-210190e0ad55  -> origin/issue-70-210190e0ad55
Syntax Pre-Check (.mjs)	UNKNOWN STEP	2026-08-10T10:43:24.0424638Z  * [new branch]      issue-70-490c526a882f  -> origin/issue-70-490c526a882f
Syntax Pre-Check (.mjs)	UNKNOWN STEP	2026-08-10T10:43:24.0425149Z  * [new branch]      issue-73-163864f76573  -> origin/issue-73-163864f76573
Syntax Pre-Check (.mjs)	UNKNOWN STEP	2026-08-10T10:43:24.0425605Z  * [new branch]      issue-73-47a3e673b0a8  -> origin/issue-73-47a3e673b0a8
Syntax Pre-Check (.mjs)	UNKNOWN STEP	2026-08-10T10:43:24.0426094Z  * [new branch]      issue-73-c42828279fb5  -> origin/issue-73-c42828279fb5
Syntax Pre-Check (.mjs)	UNKNOWN STEP	2026-08-10T10:43:24.0426564Z  * [new branch]      issue-77-acc01682cb56  -> origin/issue-77-acc01682cb56
Syntax Pre-Check (.mjs)	UNKNOWN STEP	2026-08-10T10:43:24.0427022Z  * [new branch]      issue-79-1581a427bf82  -> origin/issue-79-1581a427bf82
Syntax Pre-Check (.mjs)	UNKNOWN STEP	2026-08-10T10:43:24.0427478Z  * [new branch]      issue-79-48234c0f95fa  -> origin/issue-79-48234c0f95fa
Syntax Pre-Check (.mjs)	UNKNOWN STEP	2026-08-10T10:43:24.0428068Z  * [new branch]      issue-79-5fc029ea058c  -> origin/issue-79-5fc029ea058c
Syntax Pre-Check (.mjs)	UNKNOWN STEP	2026-08-10T10:43:24.0428521Z  * [new branch]      issue-79-740a4286522a  -> origin/issue-79-740a4286522a
Syntax Pre-Check (.mjs)	UNKNOWN STEP	2026-08-10T10:43:24.0428971Z  * [new branch]      issue-84-2301d58a902f  -> origin/issue-84-2301d58a902f
Syntax Pre-Check (.mjs)	UNKNOWN STEP	2026-08-10T10:43:24.0429430Z  * [new branch]      issue-84-8c8db1f16f9d  -> origin/issue-84-8c8db1f16f9d
Syntax Pre-Check (.mjs)	UNKNOWN STEP	2026-08-10T10:43:24.0430398Z  * [new branch]      issue-84-ca99d5699c03  -> origin/issue-84-ca99d5699c03
Syntax Pre-Check (.mjs)	UNKNOWN STEP	2026-08-10T10:43:24.0430884Z  * [new branch]      issue-84-e79fd3fe5cef  -> origin/issue-84-e79fd3fe5cef
Syntax Pre-Check (.mjs)	UNKNOWN STEP	2026-08-10T10:43:24.0431349Z  * [new branch]      issue-89-58b19f5dac12  -> origin/issue-89-58b19f5dac12
Syntax Pre-Check (.mjs)	UNKNOWN STEP	2026-08-10T10:43:24.0431817Z  * [new branch]      issue-9-9cb379f155fb   -> origin/issue-9-9cb379f155fb
Syntax Pre-Check (.mjs)	UNKNOWN STEP	2026-08-10T10:43:24.0432296Z  * [new branch]      issue-91-5ff8719c4182  -> origin/issue-91-5ff8719c4182
Syntax Pre-Check (.mjs)	UNKNOWN STEP	2026-08-10T10:43:24.0432753Z  * [new branch]      issue-91-8e243739c7af  -> origin/issue-91-8e243739c7af
Syntax Pre-Check (.mjs)	UNKNOWN STEP	2026-08-10T10:43:24.0433211Z  * [new branch]      issue-93-2ef57910c60b  -> origin/issue-93-2ef57910c60b
Syntax Pre-Check (.mjs)	UNKNOWN STEP	2026-08-10T10:43:24.0433668Z  * [new branch]      issue-96-829d21ddabc4  -> origin/issue-96-829d21ddabc4
Syntax Pre-Check (.mjs)	UNKNOWN STEP	2026-08-10T10:43:24.0434136Z  * [new branch]      issue-96-efde41b8c023  -> origin/issue-96-efde41b8c023
Syntax Pre-Check (.mjs)	UNKNOWN STEP	2026-08-10T10:43:24.0434599Z  * [new branch]      issue-99-bc78b28ed258  -> origin/issue-99-bc78b28ed258
Syntax Pre-Check (.mjs)	UNKNOWN STEP	2026-08-10T10:43:24.0435024Z  * [new branch]      main                   -> origin/main
Syntax Pre-Check (.mjs)	UNKNOWN STEP	2026-08-10T10:43:24.0435386Z  * [new tag]         js-v0.25.5             -> js-v0.25.5
Syntax Pre-Check (.mjs)	UNKNOWN STEP	2026-08-10T10:43:24.0435736Z  * [new tag]         js-v0.26.0             -> js-v0.26.0
Syntax Pre-Check (.mjs)	UNKNOWN STEP	2026-08-10T10:43:24.0436078Z  * [new tag]         js-v0.27.0             -> js-v0.27.0
Syntax Pre-Check (.mjs)	UNKNOWN STEP	2026-08-10T10:43:24.0436419Z  * [new tag]         js-v0.27.1             -> js-v0.27.1
Syntax Pre-Check (.mjs)	UNKNOWN STEP	2026-08-10T10:43:24.0436749Z  * [new tag]         js-v0.27.2             -> js-v0.27.2
Syntax Pre-Check (.mjs)	UNKNOWN STEP	2026-08-10T10:43:24.0437087Z  * [new tag]         js-v0.28.0             -> js-v0.28.0
Syntax Pre-Check (.mjs)	UNKNOWN STEP	2026-08-10T10:43:24.0437431Z  * [new tag]         js-v0.29.0             -> js-v0.29.0
Syntax Pre-Check (.mjs)	UNKNOWN STEP	2026-08-10T10:43:24.0437762Z  * [new tag]         js-v0.29.1             -> js-v0.29.1
Syntax Pre-Check (.mjs)	UNKNOWN STEP	2026-08-10T10:43:24.0438097Z  * [new tag]         js-v0.29.2             -> js-v0.29.2
Syntax Pre-Check (.mjs)	UNKNOWN STEP	2026-08-10T10:43:24.0438433Z  * [new tag]         js-v0.30.0             -> js-v0.30.0
Syntax Pre-Check (.mjs)	UNKNOWN STEP	2026-08-10T10:43:24.0438783Z  * [new tag]         js-v0.30.1             -> js-v0.30.1
Syntax Pre-Check (.mjs)	UNKNOWN STEP	2026-08-10T10:43:24.0439130Z  * [new tag]         js-v0.30.2             -> js-v0.30.2
Syntax Pre-Check (.mjs)	UNKNOWN STEP	2026-08-10T10:43:24.0439467Z  * [new tag]         js-v0.30.3             -> js-v0.30.3
Syntax Pre-Check (.mjs)	UNKNOWN STEP	2026-08-10T10:43:24.0439930Z  * [new tag]         js-v0.30.4             -> js-v0.30.4
Syntax Pre-Check (.mjs)	UNKNOWN STEP	2026-08-10T10:43:24.0440409Z  * [new tag]         js-v0.30.5             -> js-v0.30.5
Syntax Pre-Check (.mjs)	UNKNOWN STEP	2026-08-10T10:43:24.0440764Z  * [new tag]         js-v0.31.0             -> js-v0.31.0
Syntax Pre-Check (.mjs)	UNKNOWN STEP	2026-08-10T10:43:24.0441112Z  * [new tag]         rust-v0.14.1           -> rust-v0.14.1
Syntax Pre-Check (.mjs)	UNKNOWN STEP	2026-08-10T10:43:24.0441469Z  * [new tag]         rust-v0.14.2           -> rust-v0.14.2
Syntax Pre-Check (.mjs)	UNKNOWN STEP	2026-08-10T10:43:24.0441826Z  * [new tag]         rust-v0.14.3           -> rust-v0.14.3
Syntax Pre-Check (.mjs)	UNKNOWN STEP	2026-08-10T10:43:24.0442176Z  * [new tag]         rust-v0.15.0           -> rust-v0.15.0
Syntax Pre-Check (.mjs)	UNKNOWN STEP	2026-08-10T10:43:24.0442519Z  * [new tag]         rust-v0.15.1           -> rust-v0.15.1
Syntax Pre-Check (.mjs)	UNKNOWN STEP	2026-08-10T10:43:24.0442860Z  * [new tag]         rust-v0.16.0           -> rust-v0.16.0
Syntax Pre-Check (.mjs)	UNKNOWN STEP	2026-08-10T10:43:24.0443205Z  * [new tag]         rust-v0.16.1           -> rust-v0.16.1
Syntax Pre-Check (.mjs)	UNKNOWN STEP	2026-08-10T10:43:24.0443546Z  * [new tag]         rust-v0.16.2           -> rust-v0.16.2
Syntax Pre-Check (.mjs)	UNKNOWN STEP	2026-08-10T10:43:24.0443887Z  * [new tag]         rust-v0.17.0           -> rust-v0.17.0
Syntax Pre-Check (.mjs)	UNKNOWN STEP	2026-08-10T10:43:24.0444235Z  * [new tag]         rust-v0.17.1           -> rust-v0.17.1
Syntax Pre-Check (.mjs)	UNKNOWN STEP	2026-08-10T10:43:24.0444581Z  * [new tag]         rust-v0.17.2           -> rust-v0.17.2
Syntax Pre-Check (.mjs)	UNKNOWN STEP	2026-08-10T10:43:24.0444928Z  * [new tag]         rust-v0.17.3           -> rust-v0.17.3
Syntax Pre-Check (.mjs)	UNKNOWN STEP	2026-08-10T10:43:24.0445275Z  * [new tag]         rust-v0.17.4           -> rust-v0.17.4
Syntax Pre-Check (.mjs)	UNKNOWN STEP	2026-08-10T10:43:24.0445738Z  * [new tag]         rust-v0.17.5           -> rust-v0.17.5
Syntax Pre-Check (.mjs)	UNKNOWN STEP	2026-08-10T10:43:24.0446081Z  * [new tag]         rust-v0.18.0           -> rust-v0.18.0
Syntax Pre-Check (.mjs)	UNKNOWN STEP	2026-08-10T10:43:24.0446417Z  * [new tag]         v0.10.0                -> v0.10.0
Syntax Pre-Check (.mjs)	UNKNOWN STEP	2026-08-10T10:43:24.0446744Z  * [new tag]         v0.11.0                -> v0.11.0
Syntax Pre-Check (.mjs)	UNKNOWN STEP	2026-08-10T10:43:24.0447069Z  * [new tag]         v0.13.0                -> v0.13.0
Syntax Pre-Check (.mjs)	UNKNOWN STEP	2026-08-10T10:43:24.0447386Z  * [new tag]         v0.15.0                -> v0.15.0
Syntax Pre-Check (.mjs)	UNKNOWN STEP	2026-08-10T10:43:24.0447699Z  * [new tag]         v0.16.0                -> v0.16.0
Syntax Pre-Check (.mjs)	UNKNOWN STEP	2026-08-10T10:43:24.0448010Z  * [new tag]         v0.17.0                -> v0.17.0
Syntax Pre-Check (.mjs)	UNKNOWN STEP	2026-08-10T10:43:24.0448326Z  * [new tag]         v0.17.1                -> v0.17.1
Syntax Pre-Check (.mjs)	UNKNOWN STEP	2026-08-10T10:43:24.0448637Z  * [new tag]         v0.17.2                -> v0.17.2
Syntax Pre-Check (.mjs)	UNKNOWN STEP	2026-08-10T10:43:24.0448948Z  * [new tag]         v0.17.3                -> v0.17.3
Syntax Pre-Check (.mjs)	UNKNOWN STEP	2026-08-10T10:43:24.0449260Z  * [new tag]         v0.17.4                -> v0.17.4
Syntax Pre-Check (.mjs)	UNKNOWN STEP	2026-08-10T10:43:24.0449572Z  * [new tag]         v0.18.0                -> v0.18.0
Syntax Pre-Check (.mjs)	UNKNOWN STEP	2026-08-10T10:43:24.0450021Z  * [new tag]         v0.19.0                -> v0.19.0
Syntax Pre-Check (.mjs)	UNKNOWN STEP	2026-08-10T10:43:24.0450338Z  * [new tag]         v0.19.1                -> v0.19.1
Syntax Pre-Check (.mjs)	UNKNOWN STEP	2026-08-10T10:43:24.0450648Z  * [new tag]         v0.20.0                -> v0.20.0
Syntax Pre-Check (.mjs)	UNKNOWN STEP	2026-08-10T10:43:24.0450962Z  * [new tag]         v0.20.1                -> v0.20.1
Syntax Pre-Check (.mjs)	UNKNOWN STEP	2026-08-10T10:43:24.0451271Z  * [new tag]         v0.20.2                -> v0.20.2
Syntax Pre-Check (.mjs)	UNKNOWN STEP	2026-08-10T10:43:24.0451626Z  * [new tag]         v0.20.3                -> v0.20.3
Syntax Pre-Check (.mjs)	UNKNOWN STEP	2026-08-10T10:43:24.0451942Z  * [new tag]         v0.20.4                -> v0.20.4
Syntax Pre-Check (.mjs)	UNKNOWN STEP	2026-08-10T10:43:24.0452259Z  * [new tag]         v0.21.0                -> v0.21.0
Syntax Pre-Check (.mjs)	UNKNOWN STEP	2026-08-10T10:43:24.0452576Z  * [new tag]         v0.22.0                -> v0.22.0
Syntax Pre-Check (.mjs)	UNKNOWN STEP	2026-08-10T10:43:24.0452886Z  * [new tag]         v0.23.0                -> v0.23.0
Syntax Pre-Check (.mjs)	UNKNOWN STEP	2026-08-10T10:43:24.0453202Z  * [new tag]         v0.24.0                -> v0.24.0
Syntax Pre-Check (.mjs)	UNKNOWN STEP	2026-08-10T10:43:24.0453516Z  * [new tag]         v0.24.1                -> v0.24.1
Syntax Pre-Check (.mjs)	UNKNOWN STEP	2026-08-10T10:43:24.0453825Z  * [new tag]         v0.24.2                -> v0.24.2
Syntax Pre-Check (.mjs)	UNKNOWN STEP	2026-08-10T10:43:24.0454141Z  * [new tag]         v0.24.3                -> v0.24.3
Syntax Pre-Check (.mjs)	UNKNOWN STEP	2026-08-10T10:43:24.0454456Z  * [new tag]         v0.24.4                -> v0.24.4
Syntax Pre-Check (.mjs)	UNKNOWN STEP	2026-08-10T10:43:24.0454767Z  * [new tag]         v0.24.5                -> v0.24.5
Syntax Pre-Check (.mjs)	UNKNOWN STEP	2026-08-10T10:43:24.0455075Z  * [new tag]         v0.24.6                -> v0.24.6
Syntax Pre-Check (.mjs)	UNKNOWN STEP	2026-08-10T10:43:24.0455391Z  * [new tag]         v0.24.7                -> v0.24.7
Syntax Pre-Check (.mjs)	UNKNOWN STEP	2026-08-10T10:43:24.0455702Z  * [new tag]         v0.24.8                -> v0.24.8
Syntax Pre-Check (.mjs)	UNKNOWN STEP	2026-08-10T10:43:24.0456130Z  * [new tag]         v0.24.9                -> v0.24.9
Syntax Pre-Check (.mjs)	UNKNOWN STEP	2026-08-10T10:43:24.0456446Z  * [new tag]         v0.25.0                -> v0.25.0
Syntax Pre-Check (.mjs)	UNKNOWN STEP	2026-08-10T10:43:24.0456756Z  * [new tag]         v0.25.1                -> v0.25.1
Syntax Pre-Check (.mjs)	UNKNOWN STEP	2026-08-10T10:43:24.0457066Z  * [new tag]         v0.25.2                -> v0.25.2
Syntax Pre-Check (.mjs)	UNKNOWN STEP	2026-08-10T10:43:24.0457374Z  * [new tag]         v0.25.3                -> v0.25.3
Syntax Pre-Check (.mjs)	UNKNOWN STEP	2026-08-10T10:43:24.0457687Z  * [new tag]         v0.25.4                -> v0.25.4
Syntax Pre-Check (.mjs)	UNKNOWN STEP	2026-08-10T10:43:24.0457998Z  * [new tag]         v0.3.1                 -> v0.3.1
Syntax Pre-Check (.mjs)	UNKNOWN STEP	2026-08-10T10:43:24.0458307Z  * [new tag]         v0.4.0                 -> v0.4.0
Syntax Pre-Check (.mjs)	UNKNOWN STEP	2026-08-10T10:43:24.0458615Z  * [new tag]         v0.4.1                 -> v0.4.1
Syntax Pre-Check (.mjs)	UNKNOWN STEP	2026-08-10T10:43:24.0458925Z  * [new tag]         v0.5.0                 -> v0.5.0
Syntax Pre-Check (.mjs)	UNKNOWN STEP	2026-08-10T10:43:24.0459233Z  * [new tag]         v0.5.1                 -> v0.5.1
Syntax Pre-Check (.mjs)	UNKNOWN STEP	2026-08-10T10:43:24.0459540Z  * [new tag]         v0.5.2                 -> v0.5.2
Syntax Pre-Check (.mjs)	UNKNOWN STEP	2026-08-10T10:43:24.0460176Z  * [new tag]         v0.5.3                 -> v0.5.3
Syntax Pre-Check (.mjs)	UNKNOWN STEP	2026-08-10T10:43:24.0460600Z  * [new tag]         v0.6.0                 -> v0.6.0
Syntax Pre-Check (.mjs)	UNKNOWN STEP	2026-08-10T10:43:24.0460918Z  * [new tag]         v0.7.0                 -> v0.7.0
Syntax Pre-Check (.mjs)	UNKNOWN STEP	2026-08-10T10:43:24.0461226Z  * [new tag]         v0.7.1                 -> v0.7.1
Syntax Pre-Check (.mjs)	UNKNOWN STEP	2026-08-10T10:43:24.0461532Z  * [new tag]         v0.7.2                 -> v0.7.2
Syntax Pre-Check (.mjs)	UNKNOWN STEP	2026-08-10T10:43:24.0461991Z  * [new tag]         v0.7.4                 -> v0.7.4
Syntax Pre-Check (.mjs)	UNKNOWN STEP	2026-08-10T10:43:24.0462516Z  * [new tag]         v0.7.5                 -> v0.7.5
Syntax Pre-Check (.mjs)	UNKNOWN STEP	2026-08-10T10:43:24.0462950Z  * [new tag]         v0.7.6                 -> v0.7.6
Syntax Pre-Check (.mjs)	UNKNOWN STEP	2026-08-10T10:43:24.0463484Z  * [new tag]         v0.9.0                 -> v0.9.0
Syntax Pre-Check (.mjs)	UNKNOWN STEP	2026-08-10T10:43:24.0668123Z [command]/usr/bin/git branch --list --remote origin/main
Syntax Pre-Check (.mjs)	UNKNOWN STEP	2026-08-10T10:43:24.0703673Z   origin/main
Syntax Pre-Check (.mjs)	UNKNOWN STEP	2026-08-10T10:43:24.0714472Z [command]/usr/bin/git rev-parse refs/remotes/origin/main
Syntax Pre-Check (.mjs)	UNKNOWN STEP	2026-08-10T10:43:24.0747520Z d959632b399ae343ff29114fc439650bf65122c5
Syntax Pre-Check (.mjs)	UNKNOWN STEP	2026-08-10T10:43:24.0753833Z ##[endgroup]
Syntax Pre-Check (.mjs)	UNKNOWN STEP	2026-08-10T10:43:24.0754827Z ##[group]Determining the checkout info
Syntax Pre-Check (.mjs)	UNKNOWN STEP	2026-08-10T10:43:24.0838767Z ##[endgroup]
Syntax Pre-Check (.mjs)	UNKNOWN STEP	2026-08-10T10:43:24.0839375Z [command]/usr/bin/git sparse-checkout disable
Syntax Pre-Check (.mjs)	UNKNOWN STEP	2026-08-10T10:43:24.0841207Z [command]/usr/bin/git config --local --unset-all extensions.worktreeConfig
Syntax Pre-Check (.mjs)	UNKNOWN STEP	2026-08-10T10:43:24.0866369Z ##[group]Checking out the ref
Syntax Pre-Check (.mjs)	UNKNOWN STEP	2026-08-10T10:43:24.0871339Z [command]/usr/bin/git checkout --progress --force -B main refs/remotes/origin/main
Syntax Pre-Check (.mjs)	UNKNOWN STEP	2026-08-10T10:43:24.1498965Z Switched to a new branch 'main'
Syntax Pre-Check (.mjs)	UNKNOWN STEP	2026-08-10T10:43:24.1500886Z branch 'main' set up to track 'origin/main'.
Syntax Pre-Check (.mjs)	UNKNOWN STEP	2026-08-10T10:43:24.1514026Z ##[endgroup]
Syntax Pre-Check (.mjs)	UNKNOWN STEP	2026-08-10T10:43:24.1566997Z [command]/usr/bin/git log -1 --format=%H
Syntax Pre-Check (.mjs)	UNKNOWN STEP	2026-08-10T10:43:24.1596593Z d959632b399ae343ff29114fc439650bf65122c5
Syntax Pre-Check (.mjs)	UNKNOWN STEP	2026-08-10T10:43:24.1865840Z ##[group]Run actions/setup-node@v6
Syntax Pre-Check (.mjs)	UNKNOWN STEP	2026-08-10T10:43:24.1866123Z with:
Syntax Pre-Check (.mjs)	UNKNOWN STEP	2026-08-10T10:43:24.1866316Z   node-version: 24.x
Syntax Pre-Check (.mjs)	UNKNOWN STEP	2026-08-10T10:43:24.1866530Z   check-latest: false
Syntax Pre-Check (.mjs)	UNKNOWN STEP	2026-08-10T10:43:24.1868912Z   token: ***
Syntax Pre-Check (.mjs)	UNKNOWN STEP	2026-08-10T10:43:24.1869125Z   package-manager-cache: true
Syntax Pre-Check (.mjs)	UNKNOWN STEP	2026-08-10T10:43:24.1869366Z env:
Syntax Pre-Check (.mjs)	UNKNOWN STEP	2026-08-10T10:43:24.1869575Z   FORCE_JAVASCRIPT_ACTIONS_TO_NODE24: true
Syntax Pre-Check (.mjs)	UNKNOWN STEP	2026-08-10T10:43:24.1870134Z ##[endgroup]
Syntax Pre-Check (.mjs)	UNKNOWN STEP	2026-08-10T10:43:24.3245645Z Found in cache @ /opt/hostedtoolcache/node/24.18.0/x64
Syntax Pre-Check (.mjs)	UNKNOWN STEP	2026-08-10T10:43:24.3249649Z ##[group]Environment details
Syntax Pre-Check (.mjs)	UNKNOWN STEP	2026-08-10T10:43:24.7884836Z node: v24.18.0
Syntax Pre-Check (.mjs)	UNKNOWN STEP	2026-08-10T10:43:24.7885162Z npm: 11.16.0
Syntax Pre-Check (.mjs)	UNKNOWN STEP	2026-08-10T10:43:24.7885361Z yarn: 1.22.22
Syntax Pre-Check (.mjs)	UNKNOWN STEP	2026-08-10T10:43:24.7885990Z ##[endgroup]
Syntax Pre-Check (.mjs)	UNKNOWN STEP	2026-08-10T10:43:24.8004806Z ##[group]Run bash scripts/check-mjs-syntax.sh
Syntax Pre-Check (.mjs)	UNKNOWN STEP	2026-08-10T10:43:24.8005208Z ^[[36;1mbash scripts/check-mjs-syntax.sh^[[0m
Syntax Pre-Check (.mjs)	UNKNOWN STEP	2026-08-10T10:43:24.8062023Z shell: /usr/bin/bash -e {0}
Syntax Pre-Check (.mjs)	UNKNOWN STEP	2026-08-10T10:43:24.8062286Z env:
Syntax Pre-Check (.mjs)	UNKNOWN STEP	2026-08-10T10:43:24.8062496Z   FORCE_JAVASCRIPT_ACTIONS_TO_NODE24: true
Syntax Pre-Check (.mjs)	UNKNOWN STEP	2026-08-10T10:43:24.8062770Z ##[endgroup]
Syntax Pre-Check (.mjs)	UNKNOWN STEP	2026-08-10T10:43:24.8164200Z Checking syntax for all .mjs files...
Syntax Pre-Check (.mjs)	UNKNOWN STEP	2026-08-10T10:43:24.8175045Z Checking scripts/check-release-needed.mjs...
Syntax Pre-Check (.mjs)	UNKNOWN STEP	2026-08-10T10:43:24.8442314Z Checking scripts/check-test-parity.mjs...
Syntax Pre-Check (.mjs)	UNKNOWN STEP	2026-08-10T10:43:24.8695039Z Checking scripts/publish-to-crates.mjs...
Syntax Pre-Check (.mjs)	UNKNOWN STEP	2026-08-10T10:43:24.8946059Z Checking scripts/check-file-size.mjs...
Syntax Pre-Check (.mjs)	UNKNOWN STEP	2026-08-10T10:43:24.9174270Z Checking scripts/bump-version.mjs...
Syntax Pre-Check (.mjs)	UNKNOWN STEP	2026-08-10T10:43:24.9416559Z Checking scripts/changeset-version.mjs...
Syntax Pre-Check (.mjs)	UNKNOWN STEP	2026-08-10T10:43:24.9645414Z Checking scripts/detect-code-changes.mjs...
Syntax Pre-Check (.mjs)	UNKNOWN STEP	2026-08-10T10:43:24.9873588Z Checking scripts/release-name.mjs...
Syntax Pre-Check (.mjs)	UNKNOWN STEP	2026-08-10T10:43:25.0109752Z Checking scripts/get-bump-type.mjs...
Syntax Pre-Check (.mjs)	UNKNOWN STEP	2026-08-10T10:43:25.0352462Z Checking scripts/format-github-release.mjs...
Syntax Pre-Check (.mjs)	UNKNOWN STEP	2026-08-10T10:43:25.0596629Z Checking scripts/backfill-release-notes.mjs...
Syntax Pre-Check (.mjs)	UNKNOWN STEP	2026-08-10T10:43:25.0847494Z Checking scripts/setup-npm.mjs...
Syntax Pre-Check (.mjs)	UNKNOWN STEP	2026-08-10T10:43:25.1105071Z Checking scripts/check-doc-examples.mjs...
Syntax Pre-Check (.mjs)	UNKNOWN STEP	2026-08-10T10:43:25.1374171Z Checking scripts/create-github-release.mjs...
Syntax Pre-Check (.mjs)	UNKNOWN STEP	2026-08-10T10:43:25.1645827Z Checking scripts/publish-to-npm.mjs...
Syntax Pre-Check (.mjs)	UNKNOWN STEP	2026-08-10T10:43:25.1901788Z Checking scripts/merge-changesets.mjs...
Syntax Pre-Check (.mjs)	UNKNOWN STEP	2026-08-10T10:43:25.2158755Z Checking scripts/format-release-notes.mjs...
Syntax Pre-Check (.mjs)	UNKNOWN STEP	2026-08-10T10:43:25.2409438Z Checking scripts/validate-changeset.mjs...
Syntax Pre-Check (.mjs)	UNKNOWN STEP	2026-08-10T10:43:25.2653837Z Checking scripts/debug-print.mjs...
Syntax Pre-Check (.mjs)	UNKNOWN STEP	2026-08-10T10:43:25.2897463Z Checking scripts/instant-version-bump.mjs...
Syntax Pre-Check (.mjs)	UNKNOWN STEP	2026-08-10T10:43:25.3146448Z Checking scripts/preflight-credentials.mjs...
Syntax Pre-Check (.mjs)	UNKNOWN STEP	2026-08-10T10:43:25.3403436Z Checking scripts/version-and-commit.mjs...
Syntax Pre-Check (.mjs)	UNKNOWN STEP	2026-08-10T10:43:25.3646442Z Checking scripts/collect-changelog.mjs...
Syntax Pre-Check (.mjs)	UNKNOWN STEP	2026-08-10T10:43:25.3896679Z Checking scripts/create-manual-changeset.mjs...
Syntax Pre-Check (.mjs)	UNKNOWN STEP	2026-08-10T10:43:25.4119012Z Checking scripts/run-js-tests.mjs...
Syntax Pre-Check (.mjs)	UNKNOWN STEP	2026-08-10T10:43:25.4359497Z Checking scripts/verify-release-badge.mjs...
Syntax Pre-Check (.mjs)	UNKNOWN STEP	2026-08-10T10:43:25.4634608Z Checking js/test/publish-to-crates.mjs...
Syntax Pre-Check (.mjs)	UNKNOWN STEP	2026-08-10T10:43:25.4864593Z Checking js/test/release-name.mjs...
Syntax Pre-Check (.mjs)	UNKNOWN STEP	2026-08-10T10:43:25.5137261Z Checking js/test/create-github-release.mjs...
Syntax Pre-Check (.mjs)	UNKNOWN STEP	2026-08-10T10:43:25.5389047Z Checking js/test/merge-changesets.mjs...
Syntax Pre-Check (.mjs)	UNKNOWN STEP	2026-08-10T10:43:25.5630291Z Checking js/test/run-js-tests.mjs...
Syntax Pre-Check (.mjs)	UNKNOWN STEP	2026-08-10T10:43:25.5860776Z 
Syntax Pre-Check (.mjs)	UNKNOWN STEP	2026-08-10T10:43:25.5861580Z Syntax check passed for 31 file(s).
Syntax Pre-Check (.mjs)	UNKNOWN STEP	2026-08-10T10:43:25.5967812Z Post job cleanup.
Syntax Pre-Check (.mjs)	UNKNOWN STEP	2026-08-10T10:43:25.7262081Z Post job cleanup.
Syntax Pre-Check (.mjs)	UNKNOWN STEP	2026-08-10T10:43:25.8138201Z [command]/usr/bin/git version
Syntax Pre-Check (.mjs)	UNKNOWN STEP	2026-08-10T10:43:25.8180240Z git version 2.54.0
Syntax Pre-Check (.mjs)	UNKNOWN STEP	2026-08-10T10:43:25.8224716Z Temporarily overriding HOME='/home/runner/work/_temp/bc97d4d0-2242-4629-b9d8-ad1364a38661' before making global git config changes
Syntax Pre-Check (.mjs)	UNKNOWN STEP	2026-08-10T10:43:25.8226314Z Adding repository directory to the temporary git global config as a safe directory
Syntax Pre-Check (.mjs)	UNKNOWN STEP	2026-08-10T10:43:25.8232020Z [command]/usr/bin/git config --global --add safe.directory /home/runner/work/start/start
Syntax Pre-Check (.mjs)	UNKNOWN STEP	2026-08-10T10:43:25.8265634Z Removing SSH command configuration
Syntax Pre-Check (.mjs)	UNKNOWN STEP	2026-08-10T10:43:25.8273286Z [command]/usr/bin/git config --local --name-only --get-regexp core\.sshCommand
Syntax Pre-Check (.mjs)	UNKNOWN STEP	2026-08-10T10:43:25.8311740Z [command]/usr/bin/git submodule foreach --recursive sh -c "git config --local --name-only --get-regexp 'core\.sshCommand' && git config --local --unset-all 'core.sshCommand' || :"
Syntax Pre-Check (.mjs)	UNKNOWN STEP	2026-08-10T10:43:25.8594460Z Removing HTTP extra header
Syntax Pre-Check (.mjs)	UNKNOWN STEP	2026-08-10T10:43:25.8601456Z [command]/usr/bin/git config --local --name-only --get-regexp http\.https\:\/\/github\.com\/\.extraheader
Syntax Pre-Check (.mjs)	UNKNOWN STEP	2026-08-10T10:43:25.8639596Z [command]/usr/bin/git submodule foreach --recursive sh -c "git config --local --name-only --get-regexp 'http\.https\:\/\/github\.com\/\.extraheader' && git config --local --unset-all 'http.https://github.com/.extraheader' || :"
Syntax Pre-Check (.mjs)	UNKNOWN STEP	2026-08-10T10:43:25.8934940Z Removing includeIf entries pointing to credentials config files
Syntax Pre-Check (.mjs)	UNKNOWN STEP	2026-08-10T10:43:25.8958224Z [command]/usr/bin/git config --local --name-only --get-regexp ^includeIf\.gitdir:
Syntax Pre-Check (.mjs)	UNKNOWN STEP	2026-08-10T10:43:25.9024766Z includeif.gitdir:/home/runner/work/start/start/.git.path
Syntax Pre-Check (.mjs)	UNKNOWN STEP	2026-08-10T10:43:25.9050359Z includeif.gitdir:/home/runner/work/start/start/.git/worktrees/*.path
Syntax Pre-Check (.mjs)	UNKNOWN STEP	2026-08-10T10:43:25.9051966Z includeif.gitdir:/github/workspace/.git.path
Syntax Pre-Check (.mjs)	UNKNOWN STEP	2026-08-10T10:43:25.9053062Z includeif.gitdir:/github/workspace/.git/worktrees/*.path
Syntax Pre-Check (.mjs)	UNKNOWN STEP	2026-08-10T10:43:25.9055853Z [command]/usr/bin/git config --local --get-all includeif.gitdir:/home/runner/work/start/start/.git.path
Syntax Pre-Check (.mjs)	UNKNOWN STEP	2026-08-10T10:43:25.9071742Z /home/runner/work/_temp/git-credentials-35d6b43f-eb6d-4a93-a080-ad394791713b.config
Syntax Pre-Check (.mjs)	UNKNOWN STEP	2026-08-10T10:43:25.9108140Z [command]/usr/bin/git config --local --unset includeif.gitdir:/home/runner/work/start/start/.git.path /home/runner/work/_temp/git-credentials-35d6b43f-eb6d-4a93-a080-ad394791713b.config
Syntax Pre-Check (.mjs)	UNKNOWN STEP	2026-08-10T10:43:25.9157808Z [command]/usr/bin/git config --local --get-all includeif.gitdir:/home/runner/work/start/start/.git/worktrees/*.path
Syntax Pre-Check (.mjs)	UNKNOWN STEP	2026-08-10T10:43:25.9180213Z /home/runner/work/_temp/git-credentials-35d6b43f-eb6d-4a93-a080-ad394791713b.config
Syntax Pre-Check (.mjs)	UNKNOWN STEP	2026-08-10T10:43:25.9193426Z [command]/usr/bin/git config --local --unset includeif.gitdir:/home/runner/work/start/start/.git/worktrees/*.path /home/runner/work/_temp/git-credentials-35d6b43f-eb6d-4a93-a080-ad394791713b.config
Syntax Pre-Check (.mjs)	UNKNOWN STEP	2026-08-10T10:43:25.9231663Z [command]/usr/bin/git config --local --get-all includeif.gitdir:/github/workspace/.git.path
Syntax Pre-Check (.mjs)	UNKNOWN STEP	2026-08-10T10:43:25.9257152Z /github/runner_temp/git-credentials-35d6b43f-eb6d-4a93-a080-ad394791713b.config
Syntax Pre-Check (.mjs)	UNKNOWN STEP	2026-08-10T10:43:25.9267793Z [command]/usr/bin/git config --local --unset includeif.gitdir:/github/workspace/.git.path /github/runner_temp/git-credentials-35d6b43f-eb6d-4a93-a080-ad394791713b.config
Syntax Pre-Check (.mjs)	UNKNOWN STEP	2026-08-10T10:43:25.9305162Z [command]/usr/bin/git config --local --get-all includeif.gitdir:/github/workspace/.git/worktrees/*.path
Syntax Pre-Check (.mjs)	UNKNOWN STEP	2026-08-10T10:43:25.9330315Z /github/runner_temp/git-credentials-35d6b43f-eb6d-4a93-a080-ad394791713b.config
Syntax Pre-Check (.mjs)	UNKNOWN STEP	2026-08-10T10:43:25.9341236Z [command]/usr/bin/git config --local --unset includeif.gitdir:/github/workspace/.git/worktrees/*.path /github/runner_temp/git-credentials-35d6b43f-eb6d-4a93-a080-ad394791713b.config
Syntax Pre-Check (.mjs)	UNKNOWN STEP	2026-08-10T10:43:25.9378313Z [command]/usr/bin/git submodule foreach --recursive git config --local --show-origin --name-only --get-regexp remote.origin.url
Syntax Pre-Check (.mjs)	UNKNOWN STEP	2026-08-10T10:43:25.9596566Z Removing credentials config '/home/runner/work/_temp/git-credentials-35d6b43f-eb6d-4a93-a080-ad394791713b.config'
Syntax Pre-Check (.mjs)	UNKNOWN STEP	2026-08-10T10:43:25.9746581Z Cleaning up orphan processes
Detect Changes	UNKNOWN STEP	﻿2026-08-10T10:43:20.3114357Z Current runner version: '2.336.0'
Detect Changes	UNKNOWN STEP	2026-08-10T10:43:20.3139606Z ##[group]Runner Image Provisioner
Detect Changes	UNKNOWN STEP	2026-08-10T10:43:20.3140463Z Hosted Compute Agent
Detect Changes	UNKNOWN STEP	2026-08-10T10:43:20.3141023Z Version: 20260707.563
Detect Changes	UNKNOWN STEP	2026-08-10T10:43:20.3141751Z Commit: 02667638d2b423fbc733a8e32a88b44996a3ba6e
Detect Changes	UNKNOWN STEP	2026-08-10T10:43:20.3142457Z Build Date: 2026-07-07T19:33:50Z
Detect Changes	UNKNOWN STEP	2026-08-10T10:43:20.3143157Z Worker ID: {78448f4e-72f8-45b3-a520-c08ca89e9c0e}
Detect Changes	UNKNOWN STEP	2026-08-10T10:43:20.3143873Z Azure Region: westus3
Detect Changes	UNKNOWN STEP	2026-08-10T10:43:20.3144435Z ##[endgroup]
Detect Changes	UNKNOWN STEP	2026-08-10T10:43:20.3146795Z ##[group]Operating System
Detect Changes	UNKNOWN STEP	2026-08-10T10:43:20.3147444Z Ubuntu
Detect Changes	UNKNOWN STEP	2026-08-10T10:43:20.3147937Z 24.04.4
Detect Changes	UNKNOWN STEP	2026-08-10T10:43:20.3148514Z LTS
Detect Changes	UNKNOWN STEP	2026-08-10T10:43:20.3149012Z ##[endgroup]
Detect Changes	UNKNOWN STEP	2026-08-10T10:43:20.3149586Z ##[group]Runner Image
Detect Changes	UNKNOWN STEP	2026-08-10T10:43:20.3150225Z Image: ubuntu-24.04
Detect Changes	UNKNOWN STEP	2026-08-10T10:43:20.3150774Z Version: 20260720.247.2
Detect Changes	UNKNOWN STEP	2026-08-10T10:43:20.3152072Z Included Software: https://github.com/actions/runner-images/blob/ubuntu24/20260720.247/images/ubuntu/Ubuntu2404-Readme.md
Detect Changes	UNKNOWN STEP	2026-08-10T10:43:20.3153667Z Image Release: https://github.com/actions/runner-images/releases/tag/ubuntu24%2F20260720.247
Detect Changes	UNKNOWN STEP	2026-08-10T10:43:20.3154998Z ##[endgroup]
Detect Changes	UNKNOWN STEP	2026-08-10T10:43:20.3158039Z ##[group]GITHUB_TOKEN Permissions
Detect Changes	UNKNOWN STEP	2026-08-10T10:43:20.3160589Z Actions: write
Detect Changes	UNKNOWN STEP	2026-08-10T10:43:20.3161215Z ArtifactMetadata: write
Detect Changes	UNKNOWN STEP	2026-08-10T10:43:20.3161953Z Attestations: write
Detect Changes	UNKNOWN STEP	2026-08-10T10:43:20.3162551Z Checks: write
Detect Changes	UNKNOWN STEP	2026-08-10T10:43:20.3163089Z CodeQuality: write
Detect Changes	UNKNOWN STEP	2026-08-10T10:43:20.3163721Z Contents: write
Detect Changes	UNKNOWN STEP	2026-08-10T10:43:20.3164284Z CopilotRequests: write
Detect Changes	UNKNOWN STEP	2026-08-10T10:43:20.3165463Z Deployments: write
Detect Changes	UNKNOWN STEP	2026-08-10T10:43:20.3166071Z Discussions: write
Detect Changes	UNKNOWN STEP	2026-08-10T10:43:20.3166618Z Drives: write
Detect Changes	UNKNOWN STEP	2026-08-10T10:43:20.3167209Z Issues: write
Detect Changes	UNKNOWN STEP	2026-08-10T10:43:20.3167742Z Metadata: read
Detect Changes	UNKNOWN STEP	2026-08-10T10:43:20.3168436Z Models: read
Detect Changes	UNKNOWN STEP	2026-08-10T10:43:20.3169057Z Packages: write
Detect Changes	UNKNOWN STEP	2026-08-10T10:43:20.3169596Z Pages: write
Detect Changes	UNKNOWN STEP	2026-08-10T10:43:20.3170152Z PullRequests: write
Detect Changes	UNKNOWN STEP	2026-08-10T10:43:20.3170848Z RepositoryProjects: write
Detect Changes	UNKNOWN STEP	2026-08-10T10:43:20.3171508Z SecurityEvents: write
Detect Changes	UNKNOWN STEP	2026-08-10T10:43:20.3172131Z Statuses: write
Detect Changes	UNKNOWN STEP	2026-08-10T10:43:20.3172682Z VulnerabilityAlerts: read
Detect Changes	UNKNOWN STEP	2026-08-10T10:43:20.3173271Z ##[endgroup]
Detect Changes	UNKNOWN STEP	2026-08-10T10:43:20.3175921Z Secret source: Actions
Detect Changes	UNKNOWN STEP	2026-08-10T10:43:20.3177048Z Prepare workflow directory
Detect Changes	UNKNOWN STEP	2026-08-10T10:43:20.3668622Z Prepare all required actions
Detect Changes	UNKNOWN STEP	2026-08-10T10:43:20.3719061Z Getting action download info
Detect Changes	UNKNOWN STEP	2026-08-10T10:43:20.6884555Z Download action repository 'actions/checkout@v6' (SHA:d23441a48e516b6c34aea4fa41551a30e30af803)
Detect Changes	UNKNOWN STEP	2026-08-10T10:43:21.5289109Z Download action repository 'actions/setup-node@v6' (SHA:249970729cb0ef3589644e2896645e5dc5ba9c38)
Detect Changes	UNKNOWN STEP	2026-08-10T10:43:22.5159722Z Complete job name: Detect Changes
Detect Changes	UNKNOWN STEP	2026-08-10T10:43:22.6156143Z ##[group]Run actions/checkout@v6
Detect Changes	UNKNOWN STEP	2026-08-10T10:43:22.6157629Z with:
Detect Changes	UNKNOWN STEP	2026-08-10T10:43:22.6158401Z   fetch-depth: 0
Detect Changes	UNKNOWN STEP	2026-08-10T10:43:22.6159283Z   repository: link-foundation/start
Detect Changes	UNKNOWN STEP	2026-08-10T10:43:22.6169083Z   token: ***
Detect Changes	UNKNOWN STEP	2026-08-10T10:43:22.6169912Z   ssh-strict: true
Detect Changes	UNKNOWN STEP	2026-08-10T10:43:22.6170800Z   ssh-user: git
Detect Changes	UNKNOWN STEP	2026-08-10T10:43:22.6171656Z   persist-credentials: true
Detect Changes	UNKNOWN STEP	2026-08-10T10:43:22.6172635Z   clean: true
Detect Changes	UNKNOWN STEP	2026-08-10T10:43:22.6173478Z   sparse-checkout-cone-mode: true
Detect Changes	UNKNOWN STEP	2026-08-10T10:43:22.6174851Z   fetch-tags: false
Detect Changes	UNKNOWN STEP	2026-08-10T10:43:22.6176233Z   show-progress: true
Detect Changes	UNKNOWN STEP	2026-08-10T10:43:22.6177321Z   lfs: false
Detect Changes	UNKNOWN STEP	2026-08-10T10:43:22.6178113Z   submodules: false
Detect Changes	UNKNOWN STEP	2026-08-10T10:43:22.6178971Z   set-safe-directory: true
Detect Changes	UNKNOWN STEP	2026-08-10T10:43:22.6179950Z   allow-unsafe-pr-checkout: false
Detect Changes	UNKNOWN STEP	2026-08-10T10:43:22.6181329Z env:
Detect Changes	UNKNOWN STEP	2026-08-10T10:43:22.6182150Z   FORCE_JAVASCRIPT_ACTIONS_TO_NODE24: true
Detect Changes	UNKNOWN STEP	2026-08-10T10:43:22.6183249Z ##[endgroup]
Detect Changes	UNKNOWN STEP	2026-08-10T10:43:22.7298311Z Syncing repository: link-foundation/start
Detect Changes	UNKNOWN STEP	2026-08-10T10:43:22.7302802Z ##[group]Getting Git version info
Detect Changes	UNKNOWN STEP	2026-08-10T10:43:22.7305124Z Working directory is '/home/runner/work/start/start'
Detect Changes	UNKNOWN STEP	2026-08-10T10:43:22.7308168Z [command]/usr/bin/git version
Detect Changes	UNKNOWN STEP	2026-08-10T10:43:22.7428273Z git version 2.54.0
Detect Changes	UNKNOWN STEP	2026-08-10T10:43:22.7487374Z ##[endgroup]
Detect Changes	UNKNOWN STEP	2026-08-10T10:43:22.7505348Z Temporarily overriding HOME='/home/runner/work/_temp/f9984638-3d81-4286-938d-47a7f006f735' before making global git config changes
Detect Changes	UNKNOWN STEP	2026-08-10T10:43:22.7510692Z Adding repository directory to the temporary git global config as a safe directory
Detect Changes	UNKNOWN STEP	2026-08-10T10:43:22.7515045Z [command]/usr/bin/git config --global --add safe.directory /home/runner/work/start/start
Detect Changes	UNKNOWN STEP	2026-08-10T10:43:22.7570834Z Deleting the contents of '/home/runner/work/start/start'
Detect Changes	UNKNOWN STEP	2026-08-10T10:43:22.7577636Z ##[group]Determining repository object format
Detect Changes	UNKNOWN STEP	2026-08-10T10:43:22.7580487Z ##[endgroup]
Detect Changes	UNKNOWN STEP	2026-08-10T10:43:22.7581965Z ##[group]Initializing the repository
Detect Changes	UNKNOWN STEP	2026-08-10T10:43:22.7585851Z [command]/usr/bin/git init /home/runner/work/start/start
Detect Changes	UNKNOWN STEP	2026-08-10T10:43:22.7737937Z hint: Using 'master' as the name for the initial branch. This default branch name
Detect Changes	UNKNOWN STEP	2026-08-10T10:43:22.7741063Z hint: will change to "main" in Git 3.0. To configure the initial branch name
Detect Changes	UNKNOWN STEP	2026-08-10T10:43:22.7744273Z hint: to use in all of your new repositories, which will suppress this warning,
Detect Changes	UNKNOWN STEP	2026-08-10T10:43:22.7747679Z hint: call:
Detect Changes	UNKNOWN STEP	2026-08-10T10:43:22.7749484Z hint:
Detect Changes	UNKNOWN STEP	2026-08-10T10:43:22.7751547Z hint: 	git config --global init.defaultBranch <name>
Detect Changes	UNKNOWN STEP	2026-08-10T10:43:22.7753976Z hint:
Detect Changes	UNKNOWN STEP	2026-08-10T10:43:22.7756542Z hint: Names commonly chosen instead of 'master' are 'main', 'trunk' and
Detect Changes	UNKNOWN STEP	2026-08-10T10:43:22.7761218Z hint: 'development'. The just-created branch can be renamed via this command:
Detect Changes	UNKNOWN STEP	2026-08-10T10:43:22.7764038Z hint:
Detect Changes	UNKNOWN STEP	2026-08-10T10:43:22.7766041Z hint: 	git branch -m <name>
Detect Changes	UNKNOWN STEP	2026-08-10T10:43:22.7767881Z hint:
Detect Changes	UNKNOWN STEP	2026-08-10T10:43:22.7770115Z hint: Disable this message with "git config set advice.defaultBranchName false"
Detect Changes	UNKNOWN STEP	2026-08-10T10:43:22.7772546Z Initialized empty Git repository in /home/runner/work/start/start/.git/
Detect Changes	UNKNOWN STEP	2026-08-10T10:43:22.7777368Z [command]/usr/bin/git remote add origin https://github.com/link-foundation/start
Detect Changes	UNKNOWN STEP	2026-08-10T10:43:22.7840618Z ##[endgroup]
Detect Changes	UNKNOWN STEP	2026-08-10T10:43:22.7842704Z ##[group]Disabling automatic garbage collection
Detect Changes	UNKNOWN STEP	2026-08-10T10:43:22.7858100Z [command]/usr/bin/git config --local gc.auto 0
Detect Changes	UNKNOWN STEP	2026-08-10T10:43:22.7905578Z ##[endgroup]
Detect Changes	UNKNOWN STEP	2026-08-10T10:43:22.7908253Z ##[group]Setting up auth
Detect Changes	UNKNOWN STEP	2026-08-10T10:43:22.7910148Z Removing SSH command configuration
Detect Changes	UNKNOWN STEP	2026-08-10T10:43:22.7914316Z [command]/usr/bin/git config --local --name-only --get-regexp core\.sshCommand
Detect Changes	UNKNOWN STEP	2026-08-10T10:43:22.7962865Z [command]/usr/bin/git submodule foreach --recursive sh -c "git config --local --name-only --get-regexp 'core\.sshCommand' && git config --local --unset-all 'core.sshCommand' || :"
Detect Changes	UNKNOWN STEP	2026-08-10T10:43:22.8370250Z Removing HTTP extra header
Detect Changes	UNKNOWN STEP	2026-08-10T10:43:22.8379991Z [command]/usr/bin/git config --local --name-only --get-regexp http\.https\:\/\/github\.com\/\.extraheader
Detect Changes	UNKNOWN STEP	2026-08-10T10:43:22.8418596Z [command]/usr/bin/git submodule foreach --recursive sh -c "git config --local --name-only --get-regexp 'http\.https\:\/\/github\.com\/\.extraheader' && git config --local --unset-all 'http.https://github.com/.extraheader' || :"
Detect Changes	UNKNOWN STEP	2026-08-10T10:43:22.8647508Z Removing includeIf entries pointing to credentials config files
Detect Changes	UNKNOWN STEP	2026-08-10T10:43:22.8653969Z [command]/usr/bin/git config --local --name-only --get-regexp ^includeIf\.gitdir:
Detect Changes	UNKNOWN STEP	2026-08-10T10:43:22.8694343Z [command]/usr/bin/git submodule foreach --recursive git config --local --show-origin --name-only --get-regexp remote.origin.url
Detect Changes	UNKNOWN STEP	2026-08-10T10:43:22.8936297Z [command]/usr/bin/git config --file /home/runner/work/_temp/git-credentials-58c2c18c-71f7-4195-a500-3544d943a7dd.config http.https://github.com/.extraheader AUTHORIZATION: basic ***
Detect Changes	UNKNOWN STEP	2026-08-10T10:43:22.8982312Z [command]/usr/bin/git config --local includeIf.gitdir:/home/runner/work/start/start/.git.path /home/runner/work/_temp/git-credentials-58c2c18c-71f7-4195-a500-3544d943a7dd.config
Detect Changes	UNKNOWN STEP	2026-08-10T10:43:22.9020437Z [command]/usr/bin/git config --local includeIf.gitdir:/home/runner/work/start/start/.git/worktrees/*.path /home/runner/work/_temp/git-credentials-58c2c18c-71f7-4195-a500-3544d943a7dd.config
Detect Changes	UNKNOWN STEP	2026-08-10T10:43:22.9059984Z [command]/usr/bin/git config --local includeIf.gitdir:/github/workspace/.git.path /github/runner_temp/git-credentials-58c2c18c-71f7-4195-a500-3544d943a7dd.config
Detect Changes	UNKNOWN STEP	2026-08-10T10:43:22.9101742Z [command]/usr/bin/git config --local includeIf.gitdir:/github/workspace/.git/worktrees/*.path /github/runner_temp/git-credentials-58c2c18c-71f7-4195-a500-3544d943a7dd.config
Detect Changes	UNKNOWN STEP	2026-08-10T10:43:22.9140237Z ##[endgroup]
Detect Changes	UNKNOWN STEP	2026-08-10T10:43:22.9141607Z ##[group]Fetching the repository
Detect Changes	UNKNOWN STEP	2026-08-10T10:43:22.9149556Z [command]/usr/bin/git -c protocol.version=2 fetch --no-tags --prune --no-recurse-submodules origin +refs/heads/*:refs/remotes/origin/* +refs/tags/*:refs/tags/*
Detect Changes	UNKNOWN STEP	2026-08-10T10:43:24.4553375Z From https://github.com/link-foundation/start
Detect Changes	UNKNOWN STEP	2026-08-10T10:43:24.4555746Z  * [new branch]      issue-1-06306849       -> origin/issue-1-06306849
Detect Changes	UNKNOWN STEP	2026-08-10T10:43:24.4557801Z  * [new branch]      issue-101-f6ea3a87b1de -> origin/issue-101-f6ea3a87b1de
Detect Changes	UNKNOWN STEP	2026-08-10T10:43:24.4559519Z  * [new branch]      issue-103-d2eee141f4bc -> origin/issue-103-d2eee141f4bc
Detect Changes	UNKNOWN STEP	2026-08-10T10:43:24.4561179Z  * [new branch]      issue-105-0edd650b7149 -> origin/issue-105-0edd650b7149
Detect Changes	UNKNOWN STEP	2026-08-10T10:43:24.4562804Z  * [new branch]      issue-108-c821d8a93f01 -> origin/issue-108-c821d8a93f01
Detect Changes	UNKNOWN STEP	2026-08-10T10:43:24.4564095Z  * [new branch]      issue-11-1524425f0588  -> origin/issue-11-1524425f0588
Detect Changes	UNKNOWN STEP	2026-08-10T10:43:24.4565684Z  * [new branch]      issue-110-c1b9267a2743 -> origin/issue-110-c1b9267a2743
Detect Changes	UNKNOWN STEP	2026-08-10T10:43:24.4566960Z  * [new branch]      issue-112-46af7527c0d9 -> origin/issue-112-46af7527c0d9
Detect Changes	UNKNOWN STEP	2026-08-10T10:43:24.4568339Z  * [new branch]      issue-114-8181f01863b9 -> origin/issue-114-8181f01863b9
Detect Changes	UNKNOWN STEP	2026-08-10T10:43:24.4569637Z  * [new branch]      issue-116-01c61894edbd -> origin/issue-116-01c61894edbd
Detect Changes	UNKNOWN STEP	2026-08-10T10:43:24.4570458Z  * [new branch]      issue-118-4ed21210786f -> origin/issue-118-4ed21210786f
Detect Changes	UNKNOWN STEP	2026-08-10T10:43:24.4571164Z  * [new branch]      issue-120-22538e16da80 -> origin/issue-120-22538e16da80
Detect Changes	UNKNOWN STEP	2026-08-10T10:43:24.4571845Z  * [new branch]      issue-122-9e4e6b1efac6 -> origin/issue-122-9e4e6b1efac6
Detect Changes	UNKNOWN STEP	2026-08-10T10:43:24.4572892Z  * [new branch]      issue-124-0288905fdd33 -> origin/issue-124-0288905fdd33
Detect Changes	UNKNOWN STEP	2026-08-10T10:43:24.4574217Z  * [new branch]      issue-126-c5c8579b3ab4 -> origin/issue-126-c5c8579b3ab4
Detect Changes	UNKNOWN STEP	2026-08-10T10:43:24.4575725Z  * [new branch]      issue-128-9d904e7dd227 -> origin/issue-128-9d904e7dd227
Detect Changes	UNKNOWN STEP	2026-08-10T10:43:24.4577677Z  * [new branch]      issue-13-52ae2ce06ee2  -> origin/issue-13-52ae2ce06ee2
Detect Changes	UNKNOWN STEP	2026-08-10T10:43:24.4578221Z  * [new branch]      issue-130-cefa8a965461 -> origin/issue-130-cefa8a965461
Detect Changes	UNKNOWN STEP	2026-08-10T10:43:24.4578703Z  * [new branch]      issue-132-81888ef731d7 -> origin/issue-132-81888ef731d7
Detect Changes	UNKNOWN STEP	2026-08-10T10:43:24.4579517Z  * [new branch]      issue-134-1a26eb545a18 -> origin/issue-134-1a26eb545a18
Detect Changes	UNKNOWN STEP	2026-08-10T10:43:24.4580462Z  * [new branch]      issue-136-cffa39dbc470 -> origin/issue-136-cffa39dbc470
Detect Changes	UNKNOWN STEP	2026-08-10T10:43:24.4581338Z  * [new branch]      issue-138-3f4ef74d216e -> origin/issue-138-3f4ef74d216e
Detect Changes	UNKNOWN STEP	2026-08-10T10:43:24.4582162Z  * [new branch]      issue-140-55c0984f3705 -> origin/issue-140-55c0984f3705
Detect Changes	UNKNOWN STEP	2026-08-10T10:43:24.4582969Z  * [new branch]      issue-142-e63b64dd46e6 -> origin/issue-142-e63b64dd46e6
Detect Changes	UNKNOWN STEP	2026-08-10T10:43:24.4583760Z  * [new branch]      issue-144-d8d3fb7dfd56 -> origin/issue-144-d8d3fb7dfd56
Detect Changes	UNKNOWN STEP	2026-08-10T10:43:24.4584540Z  * [new branch]      issue-146-5fd1b386b75b -> origin/issue-146-5fd1b386b75b
Detect Changes	UNKNOWN STEP	2026-08-10T10:43:24.4585691Z  * [new branch]      issue-148-799a293d3d5b -> origin/issue-148-799a293d3d5b
Detect Changes	UNKNOWN STEP	2026-08-10T10:43:24.4586184Z  * [new branch]      issue-15-ccfe6d130337  -> origin/issue-15-ccfe6d130337
Detect Changes	UNKNOWN STEP	2026-08-10T10:43:24.4586743Z  * [new branch]      issue-15-d3d0f1c82afa  -> origin/issue-15-d3d0f1c82afa
Detect Changes	UNKNOWN STEP	2026-08-10T10:43:24.4587267Z  * [new branch]      issue-150-140b61c8f491 -> origin/issue-150-140b61c8f491
Detect Changes	UNKNOWN STEP	2026-08-10T10:43:24.4587723Z  * [new branch]      issue-151-50e985780da1 -> origin/issue-151-50e985780da1
Detect Changes	UNKNOWN STEP	2026-08-10T10:43:24.4588173Z  * [new branch]      issue-154-73165f3b5cf7 -> origin/issue-154-73165f3b5cf7
Detect Changes	UNKNOWN STEP	2026-08-10T10:43:24.4588834Z  * [new branch]      issue-156-a9778f176d79 -> origin/issue-156-a9778f176d79
Detect Changes	UNKNOWN STEP	2026-08-10T10:43:24.4589282Z  * [new branch]      issue-18-acfe3ddbe902  -> origin/issue-18-acfe3ddbe902
Detect Changes	UNKNOWN STEP	2026-08-10T10:43:24.4589728Z  * [new branch]      issue-19-83cfc521f662  -> origin/issue-19-83cfc521f662
Detect Changes	UNKNOWN STEP	2026-08-10T10:43:24.4590164Z  * [new branch]      issue-22-08e44246441d  -> origin/issue-22-08e44246441d
Detect Changes	UNKNOWN STEP	2026-08-10T10:43:24.4590599Z  * [new branch]      issue-22-2d1c04999e6d  -> origin/issue-22-2d1c04999e6d
Detect Changes	UNKNOWN STEP	2026-08-10T10:43:24.4591031Z  * [new branch]      issue-25-6419574a6cfe  -> origin/issue-25-6419574a6cfe
Detect Changes	UNKNOWN STEP	2026-08-10T10:43:24.4591472Z  * [new branch]      issue-25-8fe656da1123  -> origin/issue-25-8fe656da1123
Detect Changes	UNKNOWN STEP	2026-08-10T10:43:24.4591965Z  * [new branch]      issue-28-9a07df20ebbb  -> origin/issue-28-9a07df20ebbb
Detect Changes	UNKNOWN STEP	2026-08-10T10:43:24.4592443Z  * [new branch]      issue-3-908abf67e50f   -> origin/issue-3-908abf67e50f
Detect Changes	UNKNOWN STEP	2026-08-10T10:43:24.4592893Z  * [new branch]      issue-30-3c74b37eedc9  -> origin/issue-30-3c74b37eedc9
Detect Changes	UNKNOWN STEP	2026-08-10T10:43:24.4593345Z  * [new branch]      issue-31-e419d5f83f9d  -> origin/issue-31-e419d5f83f9d
Detect Changes	UNKNOWN STEP	2026-08-10T10:43:24.4593788Z  * [new branch]      issue-34-fcfbf90ca3a5  -> origin/issue-34-fcfbf90ca3a5
Detect Changes	UNKNOWN STEP	2026-08-10T10:43:24.4594226Z  * [new branch]      issue-36-4d2e05cadca2  -> origin/issue-36-4d2e05cadca2
Detect Changes	UNKNOWN STEP	2026-08-10T10:43:24.4594670Z  * [new branch]      issue-38-8d65d5c6dcf1  -> origin/issue-38-8d65d5c6dcf1
Detect Changes	UNKNOWN STEP	2026-08-10T10:43:24.4595780Z  * [new branch]      issue-40-500ee5a3c836  -> origin/issue-40-500ee5a3c836
Detect Changes	UNKNOWN STEP	2026-08-10T10:43:24.4596579Z  * [new branch]      issue-42-231914cdf85a  -> origin/issue-42-231914cdf85a
Detect Changes	UNKNOWN STEP	2026-08-10T10:43:24.4597470Z  * [new branch]      issue-44-05c1999867e1  -> origin/issue-44-05c1999867e1
Detect Changes	UNKNOWN STEP	2026-08-10T10:43:24.4598011Z  * [new branch]      issue-46-db1336ec1bd4  -> origin/issue-46-db1336ec1bd4
Detect Changes	UNKNOWN STEP	2026-08-10T10:43:24.4598468Z  * [new branch]      issue-49-49badfb087ae  -> origin/issue-49-49badfb087ae
Detect Changes	UNKNOWN STEP	2026-08-10T10:43:24.4598917Z  * [new branch]      issue-5-e920ed9704b1   -> origin/issue-5-e920ed9704b1
Detect Changes	UNKNOWN STEP	2026-08-10T10:43:24.4599364Z  * [new branch]      issue-51-ce9116974281  -> origin/issue-51-ce9116974281
Detect Changes	UNKNOWN STEP	2026-08-10T10:43:24.4599796Z  * [new branch]      issue-53-3037eb51507e  -> origin/issue-53-3037eb51507e
Detect Changes	UNKNOWN STEP	2026-08-10T10:43:24.4600238Z  * [new branch]      issue-55-62ca352b2854  -> origin/issue-55-62ca352b2854
Detect Changes	UNKNOWN STEP	2026-08-10T10:43:24.4600719Z  * [new branch]      issue-57-319974e37702  -> origin/issue-57-319974e37702
Detect Changes	UNKNOWN STEP	2026-08-10T10:43:24.4601195Z  * [new branch]      issue-57-9389c40a25d3  -> origin/issue-57-9389c40a25d3
Detect Changes	UNKNOWN STEP	2026-08-10T10:43:24.4601944Z  * [new branch]      issue-60-23ad1508ca00  -> origin/issue-60-23ad1508ca00
Detect Changes	UNKNOWN STEP	2026-08-10T10:43:24.4603003Z  * [new branch]      issue-62-0bf0e6dba402  -> origin/issue-62-0bf0e6dba402
Detect Changes	UNKNOWN STEP	2026-08-10T10:43:24.4603801Z  * [new branch]      issue-64-531bd4a9716c  -> origin/issue-64-531bd4a9716c
Detect Changes	UNKNOWN STEP	2026-08-10T10:43:24.4604574Z  * [new branch]      issue-66-b4bebb964b80  -> origin/issue-66-b4bebb964b80
Detect Changes	UNKNOWN STEP	2026-08-10T10:43:24.4605676Z  * [new branch]      issue-67-c74bf55321d9  -> origin/issue-67-c74bf55321d9
Detect Changes	UNKNOWN STEP	2026-08-10T10:43:24.4606467Z  * [new branch]      issue-7-6b049fda1d30   -> origin/issue-7-6b049fda1d30
Detect Changes	UNKNOWN STEP	2026-08-10T10:43:24.4607235Z  * [new branch]      issue-70-210190e0ad55  -> origin/issue-70-210190e0ad55
Detect Changes	UNKNOWN STEP	2026-08-10T10:43:24.4608029Z  * [new branch]      issue-70-490c526a882f  -> origin/issue-70-490c526a882f
Detect Changes	UNKNOWN STEP	2026-08-10T10:43:24.4608847Z  * [new branch]      issue-73-163864f76573  -> origin/issue-73-163864f76573
Detect Changes	UNKNOWN STEP	2026-08-10T10:43:24.4609617Z  * [new branch]      issue-73-47a3e673b0a8  -> origin/issue-73-47a3e673b0a8
Detect Changes	UNKNOWN STEP	2026-08-10T10:43:24.4610381Z  * [new branch]      issue-73-c42828279fb5  -> origin/issue-73-c42828279fb5
Detect Changes	UNKNOWN STEP	2026-08-10T10:43:24.4611178Z  * [new branch]      issue-77-acc01682cb56  -> origin/issue-77-acc01682cb56
Detect Changes	UNKNOWN STEP	2026-08-10T10:43:24.4612005Z  * [new branch]      issue-79-1581a427bf82  -> origin/issue-79-1581a427bf82
Detect Changes	UNKNOWN STEP	2026-08-10T10:43:24.4612768Z  * [new branch]      issue-79-48234c0f95fa  -> origin/issue-79-48234c0f95fa
Detect Changes	UNKNOWN STEP	2026-08-10T10:43:24.4613836Z  * [new branch]      issue-79-5fc029ea058c  -> origin/issue-79-5fc029ea058c
Detect Changes	UNKNOWN STEP	2026-08-10T10:43:24.4614655Z  * [new branch]      issue-79-740a4286522a  -> origin/issue-79-740a4286522a
Detect Changes	UNKNOWN STEP	2026-08-10T10:43:24.4616006Z  * [new branch]      issue-84-2301d58a902f  -> origin/issue-84-2301d58a902f
Detect Changes	UNKNOWN STEP	2026-08-10T10:43:24.4616458Z  * [new branch]      issue-84-8c8db1f16f9d  -> origin/issue-84-8c8db1f16f9d
Detect Changes	UNKNOWN STEP	2026-08-10T10:43:24.4616891Z  * [new branch]      issue-84-ca99d5699c03  -> origin/issue-84-ca99d5699c03
Detect Changes	UNKNOWN STEP	2026-08-10T10:43:24.4617344Z  * [new branch]      issue-84-e79fd3fe5cef  -> origin/issue-84-e79fd3fe5cef
Detect Changes	UNKNOWN STEP	2026-08-10T10:43:24.4617789Z  * [new branch]      issue-89-58b19f5dac12  -> origin/issue-89-58b19f5dac12
Detect Changes	UNKNOWN STEP	2026-08-10T10:43:24.4618228Z  * [new branch]      issue-9-9cb379f155fb   -> origin/issue-9-9cb379f155fb
Detect Changes	UNKNOWN STEP	2026-08-10T10:43:24.4618682Z  * [new branch]      issue-91-5ff8719c4182  -> origin/issue-91-5ff8719c4182
Detect Changes	UNKNOWN STEP	2026-08-10T10:43:24.4619290Z  * [new branch]      issue-91-8e243739c7af  -> origin/issue-91-8e243739c7af
Detect Changes	UNKNOWN STEP	2026-08-10T10:43:24.4620077Z  * [new branch]      issue-93-2ef57910c60b  -> origin/issue-93-2ef57910c60b
Detect Changes	UNKNOWN STEP	2026-08-10T10:43:24.4620884Z  * [new branch]      issue-96-829d21ddabc4  -> origin/issue-96-829d21ddabc4
Detect Changes	UNKNOWN STEP	2026-08-10T10:43:24.4621557Z  * [new branch]      issue-96-efde41b8c023  -> origin/issue-96-efde41b8c023
Detect Changes	UNKNOWN STEP	2026-08-10T10:43:24.4621993Z  * [new branch]      issue-99-bc78b28ed258  -> origin/issue-99-bc78b28ed258
Detect Changes	UNKNOWN STEP	2026-08-10T10:43:24.4622383Z  * [new branch]      main                   -> origin/main
Detect Changes	UNKNOWN STEP	2026-08-10T10:43:24.4622728Z  * [new tag]         js-v0.25.5             -> js-v0.25.5
Detect Changes	UNKNOWN STEP	2026-08-10T10:43:24.4623053Z  * [new tag]         js-v0.26.0             -> js-v0.26.0
Detect Changes	UNKNOWN STEP	2026-08-10T10:43:24.4623377Z  * [new tag]         js-v0.27.0             -> js-v0.27.0
Detect Changes	UNKNOWN STEP	2026-08-10T10:43:24.4623688Z  * [new tag]         js-v0.27.1             -> js-v0.27.1
Detect Changes	UNKNOWN STEP	2026-08-10T10:43:24.4624025Z  * [new tag]         js-v0.27.2             -> js-v0.27.2
Detect Changes	UNKNOWN STEP	2026-08-10T10:43:24.4624339Z  * [new tag]         js-v0.28.0             -> js-v0.28.0
Detect Changes	UNKNOWN STEP	2026-08-10T10:43:24.4624661Z  * [new tag]         js-v0.29.0             -> js-v0.29.0
Detect Changes	UNKNOWN STEP	2026-08-10T10:43:24.4625356Z  * [new tag]         js-v0.29.1             -> js-v0.29.1
Detect Changes	UNKNOWN STEP	2026-08-10T10:43:24.4625721Z  * [new tag]         js-v0.29.2             -> js-v0.29.2
Detect Changes	UNKNOWN STEP	2026-08-10T10:43:24.4626034Z  * [new tag]         js-v0.30.0             -> js-v0.30.0
Detect Changes	UNKNOWN STEP	2026-08-10T10:43:24.4626562Z  * [new tag]         js-v0.30.1             -> js-v0.30.1
Detect Changes	UNKNOWN STEP	2026-08-10T10:43:24.4626887Z  * [new tag]         js-v0.30.2             -> js-v0.30.2
Detect Changes	UNKNOWN STEP	2026-08-10T10:43:24.4627205Z  * [new tag]         js-v0.30.3             -> js-v0.30.3
Detect Changes	UNKNOWN STEP	2026-08-10T10:43:24.4627517Z  * [new tag]         js-v0.30.4             -> js-v0.30.4
Detect Changes	UNKNOWN STEP	2026-08-10T10:43:24.4628074Z  * [new tag]         js-v0.30.5             -> js-v0.30.5
Detect Changes	UNKNOWN STEP	2026-08-10T10:43:24.4628404Z  * [new tag]         js-v0.31.0             -> js-v0.31.0
Detect Changes	UNKNOWN STEP	2026-08-10T10:43:24.4628738Z  * [new tag]         rust-v0.14.1           -> rust-v0.14.1
Detect Changes	UNKNOWN STEP	2026-08-10T10:43:24.4629074Z  * [new tag]         rust-v0.14.2           -> rust-v0.14.2
Detect Changes	UNKNOWN STEP	2026-08-10T10:43:24.4629408Z  * [new tag]         rust-v0.14.3           -> rust-v0.14.3
Detect Changes	UNKNOWN STEP	2026-08-10T10:43:24.4629729Z  * [new tag]         rust-v0.15.0           -> rust-v0.15.0
Detect Changes	UNKNOWN STEP	2026-08-10T10:43:24.4630050Z  * [new tag]         rust-v0.15.1           -> rust-v0.15.1
Detect Changes	UNKNOWN STEP	2026-08-10T10:43:24.4630371Z  * [new tag]         rust-v0.16.0           -> rust-v0.16.0
Detect Changes	UNKNOWN STEP	2026-08-10T10:43:24.4630686Z  * [new tag]         rust-v0.16.1           -> rust-v0.16.1
Detect Changes	UNKNOWN STEP	2026-08-10T10:43:24.4631002Z  * [new tag]         rust-v0.16.2           -> rust-v0.16.2
Detect Changes	UNKNOWN STEP	2026-08-10T10:43:24.4631320Z  * [new tag]         rust-v0.17.0           -> rust-v0.17.0
Detect Changes	UNKNOWN STEP	2026-08-10T10:43:24.4631640Z  * [new tag]         rust-v0.17.1           -> rust-v0.17.1
Detect Changes	UNKNOWN STEP	2026-08-10T10:43:24.4631958Z  * [new tag]         rust-v0.17.2           -> rust-v0.17.2
Detect Changes	UNKNOWN STEP	2026-08-10T10:43:24.4632275Z  * [new tag]         rust-v0.17.3           -> rust-v0.17.3
Detect Changes	UNKNOWN STEP	2026-08-10T10:43:24.4632593Z  * [new tag]         rust-v0.17.4           -> rust-v0.17.4
Detect Changes	UNKNOWN STEP	2026-08-10T10:43:24.4633044Z  * [new tag]         rust-v0.17.5           -> rust-v0.17.5
Detect Changes	UNKNOWN STEP	2026-08-10T10:43:24.4633374Z  * [new tag]         rust-v0.18.0           -> rust-v0.18.0
Detect Changes	UNKNOWN STEP	2026-08-10T10:43:24.4633753Z  * [new tag]         v0.10.0                -> v0.10.0
Detect Changes	UNKNOWN STEP	2026-08-10T10:43:24.4634057Z  * [new tag]         v0.11.0                -> v0.11.0
Detect Changes	UNKNOWN STEP	2026-08-10T10:43:24.4634352Z  * [new tag]         v0.13.0                -> v0.13.0
Detect Changes	UNKNOWN STEP	2026-08-10T10:43:24.4634649Z  * [new tag]         v0.15.0                -> v0.15.0
Detect Changes	UNKNOWN STEP	2026-08-10T10:43:24.4635313Z  * [new tag]         v0.16.0                -> v0.16.0
Detect Changes	UNKNOWN STEP	2026-08-10T10:43:24.4635613Z  * [new tag]         v0.17.0                -> v0.17.0
Detect Changes	UNKNOWN STEP	2026-08-10T10:43:24.4635913Z  * [new tag]         v0.17.1                -> v0.17.1
Detect Changes	UNKNOWN STEP	2026-08-10T10:43:24.4636206Z  * [new tag]         v0.17.2                -> v0.17.2
Detect Changes	UNKNOWN STEP	2026-08-10T10:43:24.4636495Z  * [new tag]         v0.17.3                -> v0.17.3
Detect Changes	UNKNOWN STEP	2026-08-10T10:43:24.4636785Z  * [new tag]         v0.17.4                -> v0.17.4
Detect Changes	UNKNOWN STEP	2026-08-10T10:43:24.4637085Z  * [new tag]         v0.18.0                -> v0.18.0
Detect Changes	UNKNOWN STEP	2026-08-10T10:43:24.4637376Z  * [new tag]         v0.19.0                -> v0.19.0
Detect Changes	UNKNOWN STEP	2026-08-10T10:43:24.4637666Z  * [new tag]         v0.19.1                -> v0.19.1
Detect Changes	UNKNOWN STEP	2026-08-10T10:43:24.4637957Z  * [new tag]         v0.20.0                -> v0.20.0
Detect Changes	UNKNOWN STEP	2026-08-10T10:43:24.4638248Z  * [new tag]         v0.20.1                -> v0.20.1
Detect Changes	UNKNOWN STEP	2026-08-10T10:43:24.4638542Z  * [new tag]         v0.20.2                -> v0.20.2
Detect Changes	UNKNOWN STEP	2026-08-10T10:43:24.4638836Z  * [new tag]         v0.20.3                -> v0.20.3
Detect Changes	UNKNOWN STEP	2026-08-10T10:43:24.4639133Z  * [new tag]         v0.20.4                -> v0.20.4
Detect Changes	UNKNOWN STEP	2026-08-10T10:43:24.4639433Z  * [new tag]         v0.21.0                -> v0.21.0
Detect Changes	UNKNOWN STEP	2026-08-10T10:43:24.4639727Z  * [new tag]         v0.22.0                -> v0.22.0
Detect Changes	UNKNOWN STEP	2026-08-10T10:43:24.4640021Z  * [new tag]         v0.23.0                -> v0.23.0
Detect Changes	UNKNOWN STEP	2026-08-10T10:43:24.4640315Z  * [new tag]         v0.24.0                -> v0.24.0
Detect Changes	UNKNOWN STEP	2026-08-10T10:43:24.4640616Z  * [new tag]         v0.24.1                -> v0.24.1
Detect Changes	UNKNOWN STEP	2026-08-10T10:43:24.4640916Z  * [new tag]         v0.24.2                -> v0.24.2
Detect Changes	UNKNOWN STEP	2026-08-10T10:43:24.4641210Z  * [new tag]         v0.24.3                -> v0.24.3
Detect Changes	UNKNOWN STEP	2026-08-10T10:43:24.4641531Z  * [new tag]         v0.24.4                -> v0.24.4
Detect Changes	UNKNOWN STEP	2026-08-10T10:43:24.4641886Z  * [new tag]         v0.24.5                -> v0.24.5
Detect Changes	UNKNOWN STEP	2026-08-10T10:43:24.4642290Z  * [new tag]         v0.24.6                -> v0.24.6
Detect Changes	UNKNOWN STEP	2026-08-10T10:43:24.4642593Z  * [new tag]         v0.24.7                -> v0.24.7
Detect Changes	UNKNOWN STEP	2026-08-10T10:43:24.4642888Z  * [new tag]         v0.24.8                -> v0.24.8
Detect Changes	UNKNOWN STEP	2026-08-10T10:43:24.4643340Z  * [new tag]         v0.24.9                -> v0.24.9
Detect Changes	UNKNOWN STEP	2026-08-10T10:43:24.4643648Z  * [new tag]         v0.25.0                -> v0.25.0
Detect Changes	UNKNOWN STEP	2026-08-10T10:43:24.4643944Z  * [new tag]         v0.25.1                -> v0.25.1
Detect Changes	UNKNOWN STEP	2026-08-10T10:43:24.4644241Z  * [new tag]         v0.25.2                -> v0.25.2
Detect Changes	UNKNOWN STEP	2026-08-10T10:43:24.4644535Z  * [new tag]         v0.25.3                -> v0.25.3
Detect Changes	UNKNOWN STEP	2026-08-10T10:43:24.4645100Z  * [new tag]         v0.25.4                -> v0.25.4
Detect Changes	UNKNOWN STEP	2026-08-10T10:43:24.4645430Z  * [new tag]         v0.3.1                 -> v0.3.1
Detect Changes	UNKNOWN STEP	2026-08-10T10:43:24.4645754Z  * [new tag]         v0.4.0                 -> v0.4.0
Detect Changes	UNKNOWN STEP	2026-08-10T10:43:24.4646053Z  * [new tag]         v0.4.1                 -> v0.4.1
Detect Changes	UNKNOWN STEP	2026-08-10T10:43:24.4646347Z  * [new tag]         v0.5.0                 -> v0.5.0
Detect Changes	UNKNOWN STEP	2026-08-10T10:43:24.4646641Z  * [new tag]         v0.5.1                 -> v0.5.1
Detect Changes	UNKNOWN STEP	2026-08-10T10:43:24.4646939Z  * [new tag]         v0.5.2                 -> v0.5.2
Detect Changes	UNKNOWN STEP	2026-08-10T10:43:24.4647233Z  * [new tag]         v0.5.3                 -> v0.5.3
Detect Changes	UNKNOWN STEP	2026-08-10T10:43:24.4647534Z  * [new tag]         v0.6.0                 -> v0.6.0
Detect Changes	UNKNOWN STEP	2026-08-10T10:43:24.4647829Z  * [new tag]         v0.7.0                 -> v0.7.0
Detect Changes	UNKNOWN STEP	2026-08-10T10:43:24.4648124Z  * [new tag]         v0.7.1                 -> v0.7.1
Detect Changes	UNKNOWN STEP	2026-08-10T10:43:24.4648416Z  * [new tag]         v0.7.2                 -> v0.7.2
Detect Changes	UNKNOWN STEP	2026-08-10T10:43:24.4648869Z  * [new tag]         v0.7.4                 -> v0.7.4
Detect Changes	UNKNOWN STEP	2026-08-10T10:43:24.4649162Z  * [new tag]         v0.7.5                 -> v0.7.5
Detect Changes	UNKNOWN STEP	2026-08-10T10:43:24.4649457Z  * [new tag]         v0.7.6                 -> v0.7.6
Detect Changes	UNKNOWN STEP	2026-08-10T10:43:24.4649751Z  * [new tag]         v0.9.0                 -> v0.9.0
Detect Changes	UNKNOWN STEP	2026-08-10T10:43:24.4865765Z [command]/usr/bin/git branch --list --remote origin/main
Detect Changes	UNKNOWN STEP	2026-08-10T10:43:24.4899481Z   origin/main
Detect Changes	UNKNOWN STEP	2026-08-10T10:43:24.4911387Z [command]/usr/bin/git rev-parse refs/remotes/origin/main
Detect Changes	UNKNOWN STEP	2026-08-10T10:43:24.4942484Z d959632b399ae343ff29114fc439650bf65122c5
Detect Changes	UNKNOWN STEP	2026-08-10T10:43:24.4948046Z ##[endgroup]
Detect Changes	UNKNOWN STEP	2026-08-10T10:43:24.4948751Z ##[group]Determining the checkout info
Detect Changes	UNKNOWN STEP	2026-08-10T10:43:24.4949649Z ##[endgroup]
Detect Changes	UNKNOWN STEP	2026-08-10T10:43:24.4954574Z [command]/usr/bin/git sparse-checkout disable
Detect Changes	UNKNOWN STEP	2026-08-10T10:43:24.5097308Z [command]/usr/bin/git config --local --unset-all extensions.worktreeConfig
Detect Changes	UNKNOWN STEP	2026-08-10T10:43:24.5115467Z ##[group]Checking out the ref
Detect Changes	UNKNOWN STEP	2026-08-10T10:43:24.5116287Z [command]/usr/bin/git checkout --progress --force -B main refs/remotes/origin/main
Detect Changes	UNKNOWN STEP	2026-08-10T10:43:24.5686549Z Switched to a new branch 'main'
Detect Changes	UNKNOWN STEP	2026-08-10T10:43:24.5697927Z branch 'main' set up to track 'origin/main'.
Detect Changes	UNKNOWN STEP	2026-08-10T10:43:24.5716273Z ##[endgroup]
Detect Changes	UNKNOWN STEP	2026-08-10T10:43:24.5764423Z [command]/usr/bin/git log -1 --format=%H
Detect Changes	UNKNOWN STEP	2026-08-10T10:43:24.5795444Z d959632b399ae343ff29114fc439650bf65122c5
Detect Changes	UNKNOWN STEP	2026-08-10T10:43:24.6055427Z ##[group]Run actions/setup-node@v6
Detect Changes	UNKNOWN STEP	2026-08-10T10:43:24.6055738Z with:
Detect Changes	UNKNOWN STEP	2026-08-10T10:43:24.6055943Z   node-version: 24.x
Detect Changes	UNKNOWN STEP	2026-08-10T10:43:24.6056169Z   check-latest: false
Detect Changes	UNKNOWN STEP	2026-08-10T10:43:24.6058780Z   token: ***
Detect Changes	UNKNOWN STEP	2026-08-10T10:43:24.6059005Z   package-manager-cache: true
Detect Changes	UNKNOWN STEP	2026-08-10T10:43:24.6059248Z env:
Detect Changes	UNKNOWN STEP	2026-08-10T10:43:24.6059450Z   FORCE_JAVASCRIPT_ACTIONS_TO_NODE24: true
Detect Changes	UNKNOWN STEP	2026-08-10T10:43:24.6059737Z ##[endgroup]
Detect Changes	UNKNOWN STEP	2026-08-10T10:43:24.7547928Z Found in cache @ /opt/hostedtoolcache/node/24.18.0/x64
Detect Changes	UNKNOWN STEP	2026-08-10T10:43:24.7552923Z ##[group]Environment details
Detect Changes	UNKNOWN STEP	2026-08-10T10:43:25.1784093Z node: v24.18.0
Detect Changes	UNKNOWN STEP	2026-08-10T10:43:25.1784527Z npm: 11.16.0
Detect Changes	UNKNOWN STEP	2026-08-10T10:43:25.1785560Z yarn: 1.22.22
Detect Changes	UNKNOWN STEP	2026-08-10T10:43:25.1786395Z ##[endgroup]
Detect Changes	UNKNOWN STEP	2026-08-10T10:43:25.1924321Z ##[group]Run node scripts/detect-code-changes.mjs
Detect Changes	UNKNOWN STEP	2026-08-10T10:43:25.1925113Z ^[[36;1mnode scripts/detect-code-changes.mjs^[[0m
Detect Changes	UNKNOWN STEP	2026-08-10T10:43:25.1980362Z shell: /usr/bin/bash -e {0}
Detect Changes	UNKNOWN STEP	2026-08-10T10:43:25.1980620Z env:
Detect Changes	UNKNOWN STEP	2026-08-10T10:43:25.1980835Z   FORCE_JAVASCRIPT_ACTIONS_TO_NODE24: true
Detect Changes	UNKNOWN STEP	2026-08-10T10:43:25.1981129Z   GITHUB_EVENT_NAME: push
Detect Changes	UNKNOWN STEP	2026-08-10T10:43:25.1981359Z   GITHUB_BASE_SHA: 
Detect Changes	UNKNOWN STEP	2026-08-10T10:43:25.1981555Z   GITHUB_HEAD_SHA: 
Detect Changes	UNKNOWN STEP	2026-08-10T10:43:25.1981749Z ##[endgroup]
Detect Changes	UNKNOWN STEP	2026-08-10T10:43:25.2346845Z Detecting file changes for CI/CD...
Detect Changes	UNKNOWN STEP	2026-08-10T10:43:25.2347161Z 
Detect Changes	UNKNOWN STEP	2026-08-10T10:43:25.2347344Z Comparing HEAD^ to HEAD
Detect Changes	UNKNOWN STEP	2026-08-10T10:43:25.2400360Z Changed files:
Detect Changes	UNKNOWN STEP	2026-08-10T10:43:25.2400811Z   .gitkeep
Detect Changes	UNKNOWN STEP	2026-08-10T10:43:25.2401295Z   README.md
Detect Changes	UNKNOWN STEP	2026-08-10T10:43:25.2401935Z   js/.changeset/issue-156-repeatable-networks.md
Detect Changes	UNKNOWN STEP	2026-08-10T10:43:25.2402612Z   js/src/lib/args-parser.js
Detect Changes	UNKNOWN STEP	2026-08-10T10:43:25.2420790Z   js/src/lib/docker-network-lifecycle.js
Detect Changes	UNKNOWN STEP	2026-08-10T10:43:25.2421291Z   js/src/lib/docker-network-options.js
Detect Changes	UNKNOWN STEP	2026-08-10T10:43:25.2421600Z   js/src/lib/isolation.js
Detect Changes	UNKNOWN STEP	2026-08-10T10:43:25.2421846Z   js/src/lib/usage.js
Detect Changes	UNKNOWN STEP	2026-08-10T10:43:25.2422263Z   js/test/docker-network-integration.js
Detect Changes	UNKNOWN STEP	2026-08-10T10:43:25.2422615Z   js/test/docker-runtime-options.js
Detect Changes	UNKNOWN STEP	2026-08-10T10:43:25.2422921Z   rust/changelog.d/156.md
Detect Changes	UNKNOWN STEP	2026-08-10T10:43:25.2423192Z   rust/src/bin/main.rs
Detect Changes	UNKNOWN STEP	2026-08-10T10:43:25.2423451Z   rust/src/lib/args_parser.rs
Detect Changes	UNKNOWN STEP	2026-08-10T10:43:25.2423779Z   rust/src/lib/args_parser_cases.rs
Detect Changes	UNKNOWN STEP	2026-08-10T10:43:25.2424118Z   rust/src/lib/docker_cleanup.rs
Detect Changes	UNKNOWN STEP	2026-08-10T10:43:25.2424853Z   rust/src/lib/docker_network_lifecycle.rs
Detect Changes	UNKNOWN STEP	2026-08-10T10:43:25.2425328Z   rust/src/lib/isolation.rs
Detect Changes	UNKNOWN STEP	2026-08-10T10:43:25.2425804Z   rust/src/lib/isolation_metadata.rs
Detect Changes	UNKNOWN STEP	2026-08-10T10:43:25.2426163Z   rust/src/lib/isolation_metadata_cases.rs
Detect Changes	UNKNOWN STEP	2026-08-10T10:43:25.2426767Z   rust/src/lib/isolation_shell.rs
Detect Changes	UNKNOWN STEP	2026-08-10T10:43:25.2427072Z   rust/src/lib/mod.rs
Detect Changes	UNKNOWN STEP	2026-08-10T10:43:25.2427321Z   rust/src/lib/usage.rs
Detect Changes	UNKNOWN STEP	2026-08-10T10:43:25.2427615Z   rust/tests/docker_network.rs
Detect Changes	UNKNOWN STEP	2026-08-10T10:43:25.2427826Z 
Detect Changes	UNKNOWN STEP	2026-08-10T10:43:25.2427962Z rs-changed=true
Detect Changes	UNKNOWN STEP	2026-08-10T10:43:25.2428243Z toml-changed=false
Detect Changes	UNKNOWN STEP	2026-08-10T10:43:25.2428481Z js-changed=true
Detect Changes	UNKNOWN STEP	2026-08-10T10:43:25.2428729Z mjs-changed=false
Detect Changes	UNKNOWN STEP	2026-08-10T10:43:25.2428983Z package-changed=false
Detect Changes	UNKNOWN STEP	2026-08-10T10:43:25.2429271Z docs-changed=true
Detect Changes	UNKNOWN STEP	2026-08-10T10:43:25.2429501Z workflow-changed=false
Detect Changes	UNKNOWN STEP	2026-08-10T10:43:25.2429703Z 
Detect Changes	UNKNOWN STEP	2026-08-10T10:43:25.2429855Z Files considered as code changes:
Detect Changes	UNKNOWN STEP	2026-08-10T10:43:25.2430107Z   .gitkeep
Detect Changes	UNKNOWN STEP	2026-08-10T10:43:25.2430315Z   js/src/lib/args-parser.js
Detect Changes	UNKNOWN STEP	2026-08-10T10:43:25.2430603Z   js/src/lib/docker-network-lifecycle.js
Detect Changes	UNKNOWN STEP	2026-08-10T10:43:25.2430955Z   js/src/lib/docker-network-options.js
Detect Changes	UNKNOWN STEP	2026-08-10T10:43:25.2431234Z   js/src/lib/isolation.js
Detect Changes	UNKNOWN STEP	2026-08-10T10:43:25.2431466Z   js/src/lib/usage.js
Detect Changes	UNKNOWN STEP	2026-08-10T10:43:25.2431736Z   js/test/docker-network-integration.js
Detect Changes	UNKNOWN STEP	2026-08-10T10:43:25.2432051Z   js/test/docker-runtime-options.js
Detect Changes	UNKNOWN STEP	2026-08-10T10:43:25.2432314Z   rust/src/bin/main.rs
Detect Changes	UNKNOWN STEP	2026-08-10T10:43:25.2432548Z   rust/src/lib/args_parser.rs
Detect Changes	UNKNOWN STEP	2026-08-10T10:43:25.2432824Z   rust/src/lib/args_parser_cases.rs
Detect Changes	UNKNOWN STEP	2026-08-10T10:43:25.2433111Z   rust/src/lib/docker_cleanup.rs
Detect Changes	UNKNOWN STEP	2026-08-10T10:43:25.2433587Z   rust/src/lib/docker_network_lifecycle.rs
Detect Changes	UNKNOWN STEP	2026-08-10T10:43:25.2433890Z   rust/src/lib/isolation.rs
Detect Changes	UNKNOWN STEP	2026-08-10T10:43:25.2434161Z   rust/src/lib/isolation_metadata.rs
Detect Changes	UNKNOWN STEP	2026-08-10T10:43:25.2434464Z   rust/src/lib/isolation_metadata_cases.rs
Detect Changes	UNKNOWN STEP	2026-08-10T10:43:25.2435111Z   rust/src/lib/isolation_shell.rs
Detect Changes	UNKNOWN STEP	2026-08-10T10:43:25.2435408Z   rust/src/lib/mod.rs
Detect Changes	UNKNOWN STEP	2026-08-10T10:43:25.2435771Z   rust/src/lib/usage.rs
Detect Changes	UNKNOWN STEP	2026-08-10T10:43:25.2436047Z   rust/tests/docker_network.rs
Detect Changes	UNKNOWN STEP	2026-08-10T10:43:25.2436216Z 
Detect Changes	UNKNOWN STEP	2026-08-10T10:43:25.2436358Z any-rust-code-changed=true
Detect Changes	UNKNOWN STEP	2026-08-10T10:43:25.2436807Z any-js-code-changed=true
Detect Changes	UNKNOWN STEP	2026-08-10T10:43:25.2437332Z any-code-changed=true
Detect Changes	UNKNOWN STEP	2026-08-10T10:43:25.2437602Z 
Detect Changes	UNKNOWN STEP	2026-08-10T10:43:25.2437869Z Change detection completed.
Detect Changes	UNKNOWN STEP	2026-08-10T10:43:25.2581412Z Post job cleanup.
Detect Changes	UNKNOWN STEP	2026-08-10T10:43:25.3935411Z Post job cleanup.
Detect Changes	UNKNOWN STEP	2026-08-10T10:43:25.4844381Z [command]/usr/bin/git version
Detect Changes	UNKNOWN STEP	2026-08-10T10:43:25.4891936Z git version 2.54.0
Detect Changes	UNKNOWN STEP	2026-08-10T10:43:25.4939017Z Temporarily overriding HOME='/home/runner/work/_temp/708dcb4d-c0dc-4b70-b5ce-76a93a6b140b' before making global git config changes
Detect Changes	UNKNOWN STEP	2026-08-10T10:43:25.4941091Z Adding repository directory to the temporary git global config as a safe directory
Detect Changes	UNKNOWN STEP	2026-08-10T10:43:25.4946311Z [command]/usr/bin/git config --global --add safe.directory /home/runner/work/start/start
Detect Changes	UNKNOWN STEP	2026-08-10T10:43:25.4981961Z Removing SSH command configuration
Detect Changes	UNKNOWN STEP	2026-08-10T10:43:25.4989519Z [command]/usr/bin/git config --local --name-only --get-regexp core\.sshCommand
Detect Changes	UNKNOWN STEP	2026-08-10T10:43:25.5031485Z [command]/usr/bin/git submodule foreach --recursive sh -c "git config --local --name-only --get-regexp 'core\.sshCommand' && git config --local --unset-all 'core.sshCommand' || :"
Detect Changes	UNKNOWN STEP	2026-08-10T10:43:25.5284269Z Removing HTTP extra header
Detect Changes	UNKNOWN STEP	2026-08-10T10:43:25.5291981Z [command]/usr/bin/git config --local --name-only --get-regexp http\.https\:\/\/github\.com\/\.extraheader
Detect Changes	UNKNOWN STEP	2026-08-10T10:43:25.5331315Z [command]/usr/bin/git submodule foreach --recursive sh -c "git config --local --name-only --get-regexp 'http\.https\:\/\/github\.com\/\.extraheader' && git config --local --unset-all 'http.https://github.com/.extraheader' || :"
Detect Changes	UNKNOWN STEP	2026-08-10T10:43:25.5589353Z Removing includeIf entries pointing to credentials config files
Detect Changes	UNKNOWN STEP	2026-08-10T10:43:25.5596833Z [command]/usr/bin/git config --local --name-only --get-regexp ^includeIf\.gitdir:
Detect Changes	UNKNOWN STEP	2026-08-10T10:43:25.5628510Z includeif.gitdir:/home/runner/work/start/start/.git.path
Detect Changes	UNKNOWN STEP	2026-08-10T10:43:25.5629627Z includeif.gitdir:/home/runner/work/start/start/.git/worktrees/*.path
Detect Changes	UNKNOWN STEP	2026-08-10T10:43:25.5630693Z includeif.gitdir:/github/workspace/.git.path
Detect Changes	UNKNOWN STEP	2026-08-10T10:43:25.5631738Z includeif.gitdir:/github/workspace/.git/worktrees/*.path
Detect Changes	UNKNOWN STEP	2026-08-10T10:43:25.5640922Z [command]/usr/bin/git config --local --get-all includeif.gitdir:/home/runner/work/start/start/.git.path
Detect Changes	UNKNOWN STEP	2026-08-10T10:43:25.5666846Z /home/runner/work/_temp/git-credentials-58c2c18c-71f7-4195-a500-3544d943a7dd.config
Detect Changes	UNKNOWN STEP	2026-08-10T10:43:25.5681686Z [command]/usr/bin/git config --local --unset includeif.gitdir:/home/runner/work/start/start/.git.path /home/runner/work/_temp/git-credentials-58c2c18c-71f7-4195-a500-3544d943a7dd.config
Detect Changes	UNKNOWN STEP	2026-08-10T10:43:25.5724287Z [command]/usr/bin/git config --local --get-all includeif.gitdir:/home/runner/work/start/start/.git/worktrees/*.path
Detect Changes	UNKNOWN STEP	2026-08-10T10:43:25.5752132Z /home/runner/work/_temp/git-credentials-58c2c18c-71f7-4195-a500-3544d943a7dd.config
Detect Changes	UNKNOWN STEP	2026-08-10T10:43:25.5766593Z [command]/usr/bin/git config --local --unset includeif.gitdir:/home/runner/work/start/start/.git/worktrees/*.path /home/runner/work/_temp/git-credentials-58c2c18c-71f7-4195-a500-3544d943a7dd.config
Detect Changes	UNKNOWN STEP	2026-08-10T10:43:25.5808308Z [command]/usr/bin/git config --local --get-all includeif.gitdir:/github/workspace/.git.path
Detect Changes	UNKNOWN STEP	2026-08-10T10:43:25.5837822Z /github/runner_temp/git-credentials-58c2c18c-71f7-4195-a500-3544d943a7dd.config
Detect Changes	UNKNOWN STEP	2026-08-10T10:43:25.5849344Z [command]/usr/bin/git config --local --unset includeif.gitdir:/github/workspace/.git.path /github/runner_temp/git-credentials-58c2c18c-71f7-4195-a500-3544d943a7dd.config
Detect Changes	UNKNOWN STEP	2026-08-10T10:43:25.5893051Z [command]/usr/bin/git config --local --get-all includeif.gitdir:/github/workspace/.git/worktrees/*.path
Detect Changes	UNKNOWN STEP	2026-08-10T10:43:25.5921231Z /github/runner_temp/git-credentials-58c2c18c-71f7-4195-a500-3544d943a7dd.config
Detect Changes	UNKNOWN STEP	2026-08-10T10:43:25.5942380Z [command]/usr/bin/git config --local --unset includeif.gitdir:/github/workspace/.git/worktrees/*.path /github/runner_temp/git-credentials-58c2c18c-71f7-4195-a500-3544d943a7dd.config
Detect Changes	UNKNOWN STEP	2026-08-10T10:43:25.5977148Z [command]/usr/bin/git submodule foreach --recursive git config --local --show-origin --name-only --get-regexp remote.origin.url
Detect Changes	UNKNOWN STEP	2026-08-10T10:43:25.6239605Z Removing credentials config '/home/runner/work/_temp/git-credentials-58c2c18c-71f7-4195-a500-3544d943a7dd.config'
Detect Changes	UNKNOWN STEP	2026-08-10T10:43:25.6419862Z Evaluate and set job outputs
Detect Changes	UNKNOWN STEP	2026-08-10T10:43:25.6426751Z Set output 'js-changed'
Detect Changes	UNKNOWN STEP	2026-08-10T10:43:25.6428443Z Set output 'mjs-changed'
Detect Changes	UNKNOWN STEP	2026-08-10T10:43:25.6429234Z Set output 'package-changed'
Detect Changes	UNKNOWN STEP	2026-08-10T10:43:25.6429585Z Set output 'docs-changed'
Detect Changes	UNKNOWN STEP	2026-08-10T10:43:25.6429901Z Set output 'workflow-changed'
Detect Changes	UNKNOWN STEP	2026-08-10T10:43:25.6430233Z Set output 'any-js-code-changed'
Detect Changes	UNKNOWN STEP	2026-08-10T10:43:25.6430931Z Cleaning up orphan processes
Lint and Format Check	UNKNOWN STEP	﻿2026-08-10T10:43:30.9012104Z Current runner version: '2.336.0'
Lint and Format Check	UNKNOWN STEP	2026-08-10T10:43:30.9035296Z ##[group]Runner Image Provisioner
Lint and Format Check	UNKNOWN STEP	2026-08-10T10:43:30.9036156Z Hosted Compute Agent
Lint and Format Check	UNKNOWN STEP	2026-08-10T10:43:30.9036714Z Version: 20260707.563
Lint and Format Check	UNKNOWN STEP	2026-08-10T10:43:30.9037257Z Commit: 02667638d2b423fbc733a8e32a88b44996a3ba6e
Lint and Format Check	UNKNOWN STEP	2026-08-10T10:43:30.9037934Z Build Date: 2026-07-07T19:33:50Z
Lint and Format Check	UNKNOWN STEP	2026-08-10T10:43:30.9038530Z Worker ID: {1173b37e-74e8-4dc8-95ab-61f6c467a631}
Lint and Format Check	UNKNOWN STEP	2026-08-10T10:43:30.9039153Z Azure Region: westus3
Lint and Format Check	UNKNOWN STEP	2026-08-10T10:43:30.9039685Z ##[endgroup]
Lint and Format Check	UNKNOWN STEP	2026-08-10T10:43:30.9040950Z ##[group]Operating System
Lint and Format Check	UNKNOWN STEP	2026-08-10T10:43:30.9041561Z Ubuntu
Lint and Format Check	UNKNOWN STEP	2026-08-10T10:43:30.9042046Z 24.04.4
Lint and Format Check	UNKNOWN STEP	2026-08-10T10:43:30.9042866Z LTS
Lint and Format Check	UNKNOWN STEP	2026-08-10T10:43:30.9043360Z ##[endgroup]
Lint and Format Check	UNKNOWN STEP	2026-08-10T10:43:30.9043841Z ##[group]Runner Image
Lint and Format Check	UNKNOWN STEP	2026-08-10T10:43:30.9044574Z Image: ubuntu-24.04
Lint and Format Check	UNKNOWN STEP	2026-08-10T10:43:30.9045086Z Version: 20260720.247.2
Lint and Format Check	UNKNOWN STEP	2026-08-10T10:43:30.9046243Z Included Software: https://github.com/actions/runner-images/blob/ubuntu24/20260720.247/images/ubuntu/Ubuntu2404-Readme.md
Lint and Format Check	UNKNOWN STEP	2026-08-10T10:43:30.9047547Z Image Release: https://github.com/actions/runner-images/releases/tag/ubuntu24%2F20260720.247
Lint and Format Check	UNKNOWN STEP	2026-08-10T10:43:30.9048418Z ##[endgroup]
Lint and Format Check	UNKNOWN STEP	2026-08-10T10:43:30.9051102Z ##[group]GITHUB_TOKEN Permissions
Lint and Format Check	UNKNOWN STEP	2026-08-10T10:43:30.9053362Z Actions: write
Lint and Format Check	UNKNOWN STEP	2026-08-10T10:43:30.9053895Z ArtifactMetadata: write
Lint and Format Check	UNKNOWN STEP	2026-08-10T10:43:30.9054610Z Attestations: write
Lint and Format Check	UNKNOWN STEP	2026-08-10T10:43:30.9055138Z Checks: write
Lint and Format Check	UNKNOWN STEP	2026-08-10T10:43:30.9055648Z CodeQuality: write
Lint and Format Check	UNKNOWN STEP	2026-08-10T10:43:30.9056196Z Contents: write
Lint and Format Check	UNKNOWN STEP	2026-08-10T10:43:30.9056703Z CopilotRequests: write
Lint and Format Check	UNKNOWN STEP	2026-08-10T10:43:30.9057420Z Deployments: write
Lint and Format Check	UNKNOWN STEP	2026-08-10T10:43:30.9057974Z Discussions: write
Lint and Format Check	UNKNOWN STEP	2026-08-10T10:43:30.9058460Z Drives: write
Lint and Format Check	UNKNOWN STEP	2026-08-10T10:43:30.9058949Z Issues: write
Lint and Format Check	UNKNOWN STEP	2026-08-10T10:43:30.9059459Z Metadata: read
Lint and Format Check	UNKNOWN STEP	2026-08-10T10:43:30.9060017Z Models: read
Lint and Format Check	UNKNOWN STEP	2026-08-10T10:43:30.9060505Z Packages: write
Lint and Format Check	UNKNOWN STEP	2026-08-10T10:43:30.9060983Z Pages: write
Lint and Format Check	UNKNOWN STEP	2026-08-10T10:43:30.9061446Z PullRequests: write
Lint and Format Check	UNKNOWN STEP	2026-08-10T10:43:30.9062061Z RepositoryProjects: write
Lint and Format Check	UNKNOWN STEP	2026-08-10T10:43:30.9062606Z SecurityEvents: write
Lint and Format Check	UNKNOWN STEP	2026-08-10T10:43:30.9063115Z Statuses: write
Lint and Format Check	UNKNOWN STEP	2026-08-10T10:43:30.9063624Z VulnerabilityAlerts: read
Lint and Format Check	UNKNOWN STEP	2026-08-10T10:43:30.9064146Z ##[endgroup]
Lint and Format Check	UNKNOWN STEP	2026-08-10T10:43:30.9066278Z Secret source: Actions
Lint and Format Check	UNKNOWN STEP	2026-08-10T10:43:30.9067252Z Prepare workflow directory
Lint and Format Check	UNKNOWN STEP	2026-08-10T10:43:30.9483665Z Prepare all required actions
Lint and Format Check	UNKNOWN STEP	2026-08-10T10:43:30.9530760Z Getting action download info
Lint and Format Check	UNKNOWN STEP	2026-08-10T10:43:31.2386900Z Download action repository 'actions/checkout@v6' (SHA:d23441a48e516b6c34aea4fa41551a30e30af803)
Lint and Format Check	UNKNOWN STEP	2026-08-10T10:43:31.9536503Z Download action repository 'oven-sh/setup-bun@v2' (SHA:0c5077e51419868618aeaa5fe8019c62421857d6)
Lint and Format Check	UNKNOWN STEP	2026-08-10T10:43:32.6708158Z Complete job name: Lint and Format Check
Lint and Format Check	UNKNOWN STEP	2026-08-10T10:43:32.7383373Z ##[group]Run actions/checkout@v6
Lint and Format Check	UNKNOWN STEP	2026-08-10T10:43:32.7384427Z with:
Lint and Format Check	UNKNOWN STEP	2026-08-10T10:43:32.7384897Z   repository: link-foundation/start
Lint and Format Check	UNKNOWN STEP	2026-08-10T10:43:32.7387820Z   token: ***
Lint and Format Check	UNKNOWN STEP	2026-08-10T10:43:32.7388227Z   ssh-strict: true
Lint and Format Check	UNKNOWN STEP	2026-08-10T10:43:32.7388652Z   ssh-user: git
Lint and Format Check	UNKNOWN STEP	2026-08-10T10:43:32.7389130Z   persist-credentials: true
Lint and Format Check	UNKNOWN STEP	2026-08-10T10:43:32.7389556Z   clean: true
Lint and Format Check	UNKNOWN STEP	2026-08-10T10:43:32.7389999Z   sparse-checkout-cone-mode: true
Lint and Format Check	UNKNOWN STEP	2026-08-10T10:43:32.7390450Z   fetch-depth: 1
Lint and Format Check	UNKNOWN STEP	2026-08-10T10:43:32.7390845Z   fetch-tags: false
Lint and Format Check	UNKNOWN STEP	2026-08-10T10:43:32.7391268Z   show-progress: true
Lint and Format Check	UNKNOWN STEP	2026-08-10T10:43:32.7391703Z   lfs: false
Lint and Format Check	UNKNOWN STEP	2026-08-10T10:43:32.7392121Z   submodules: false
Lint and Format Check	UNKNOWN STEP	2026-08-10T10:43:32.7392525Z   set-safe-directory: true
Lint and Format Check	UNKNOWN STEP	2026-08-10T10:43:32.7392962Z   allow-unsafe-pr-checkout: false
Lint and Format Check	UNKNOWN STEP	2026-08-10T10:43:32.7393755Z env:
Lint and Format Check	UNKNOWN STEP	2026-08-10T10:43:32.7394367Z   FORCE_JAVASCRIPT_ACTIONS_TO_NODE24: true
Lint and Format Check	UNKNOWN STEP	2026-08-10T10:43:32.7394873Z ##[endgroup]
Lint and Format Check	UNKNOWN STEP	2026-08-10T10:43:32.8506634Z Syncing repository: link-foundation/start
Lint and Format Check	UNKNOWN STEP	2026-08-10T10:43:32.8508769Z ##[group]Getting Git version info
Lint and Format Check	UNKNOWN STEP	2026-08-10T10:43:32.8509295Z Working directory is '/home/runner/work/start/start'
Lint and Format Check	UNKNOWN STEP	2026-08-10T10:43:32.8510124Z [command]/usr/bin/git version
Lint and Format Check	UNKNOWN STEP	2026-08-10T10:43:32.8552839Z git version 2.54.0
Lint and Format Check	UNKNOWN STEP	2026-08-10T10:43:32.8573946Z ##[endgroup]
Lint and Format Check	UNKNOWN STEP	2026-08-10T10:43:32.8590085Z Temporarily overriding HOME='/home/runner/work/_temp/7e8aed25-51eb-4f60-9756-694c87fae984' before making global git config changes
Lint and Format Check	UNKNOWN STEP	2026-08-10T10:43:32.8591773Z Adding repository directory to the temporary git global config as a safe directory
Lint and Format Check	UNKNOWN STEP	2026-08-10T10:43:32.8597889Z [command]/usr/bin/git config --global --add safe.directory /home/runner/work/start/start
Lint and Format Check	UNKNOWN STEP	2026-08-10T10:43:32.8640976Z Deleting the contents of '/home/runner/work/start/start'
Lint and Format Check	UNKNOWN STEP	2026-08-10T10:43:32.8645553Z ##[group]Determining repository object format
Lint and Format Check	UNKNOWN STEP	2026-08-10T10:43:32.8647898Z ##[endgroup]
Lint and Format Check	UNKNOWN STEP	2026-08-10T10:43:32.8648914Z ##[group]Initializing the repository
Lint and Format Check	UNKNOWN STEP	2026-08-10T10:43:32.8653679Z [command]/usr/bin/git init /home/runner/work/start/start
Lint and Format Check	UNKNOWN STEP	2026-08-10T10:43:32.8748827Z hint: Using 'master' as the name for the initial branch. This default branch name
Lint and Format Check	UNKNOWN STEP	2026-08-10T10:43:32.8750479Z hint: will change to "main" in Git 3.0. To configure the initial branch name
Lint and Format Check	UNKNOWN STEP	2026-08-10T10:43:32.8752997Z hint: to use in all of your new repositories, which will suppress this warning,
Lint and Format Check	UNKNOWN STEP	2026-08-10T10:43:32.8754314Z hint: call:
Lint and Format Check	UNKNOWN STEP	2026-08-10T10:43:32.8755899Z hint:
Lint and Format Check	UNKNOWN STEP	2026-08-10T10:43:32.8756776Z hint: 	git config --global init.defaultBranch <name>
Lint and Format Check	UNKNOWN STEP	2026-08-10T10:43:32.8759030Z hint:
Lint and Format Check	UNKNOWN STEP	2026-08-10T10:43:32.8759933Z hint: Names commonly chosen instead of 'master' are 'main', 'trunk' and
Lint and Format Check	UNKNOWN STEP	2026-08-10T10:43:32.8761333Z hint: 'development'. The just-created branch can be renamed via this command:
Lint and Format Check	UNKNOWN STEP	2026-08-10T10:43:32.8762433Z hint:
Lint and Format Check	UNKNOWN STEP	2026-08-10T10:43:32.8763187Z hint: 	git branch -m <name>
Lint and Format Check	UNKNOWN STEP	2026-08-10T10:43:32.8765040Z hint:
Lint and Format Check	UNKNOWN STEP	2026-08-10T10:43:32.8766380Z hint: Disable this message with "git config set advice.defaultBranchName false"
Lint and Format Check	UNKNOWN STEP	2026-08-10T10:43:32.8768085Z Initialized empty Git repository in /home/runner/work/start/start/.git/
Lint and Format Check	UNKNOWN STEP	2026-08-10T10:43:32.8770618Z [command]/usr/bin/git remote add origin https://github.com/link-foundation/start
Lint and Format Check	UNKNOWN STEP	2026-08-10T10:43:32.8822225Z ##[endgroup]
Lint and Format Check	UNKNOWN STEP	2026-08-10T10:43:32.8823004Z ##[group]Disabling automatic garbage collection
Lint and Format Check	UNKNOWN STEP	2026-08-10T10:43:32.8823651Z [command]/usr/bin/git config --local gc.auto 0
Lint and Format Check	UNKNOWN STEP	2026-08-10T10:43:32.8847507Z ##[endgroup]
Lint and Format Check	UNKNOWN STEP	2026-08-10T10:43:32.8848547Z ##[group]Setting up auth
Lint and Format Check	UNKNOWN STEP	2026-08-10T10:43:32.8849285Z Removing SSH command configuration
Lint and Format Check	UNKNOWN STEP	2026-08-10T10:43:32.8855039Z [command]/usr/bin/git config --local --name-only --get-regexp core\.sshCommand
Lint and Format Check	UNKNOWN STEP	2026-08-10T10:43:32.8906446Z [command]/usr/bin/git submodule foreach --recursive sh -c "git config --local --name-only --get-regexp 'core\.sshCommand' && git config --local --unset-all 'core.sshCommand' || :"
Lint and Format Check	UNKNOWN STEP	2026-08-10T10:43:32.9211791Z Removing HTTP extra header
Lint and Format Check	UNKNOWN STEP	2026-08-10T10:43:32.9213447Z [command]/usr/bin/git config --local --name-only --get-regexp http\.https\:\/\/github\.com\/\.extraheader
Lint and Format Check	UNKNOWN STEP	2026-08-10T10:43:32.9246551Z [command]/usr/bin/git submodule foreach --recursive sh -c "git config --local --name-only --get-regexp 'http\.https\:\/\/github\.com\/\.extraheader' && git config --local --unset-all 'http.https://github.com/.extraheader' || :"
Lint and Format Check	UNKNOWN STEP	2026-08-10T10:43:32.9432271Z Removing includeIf entries pointing to credentials config files
Lint and Format Check	UNKNOWN STEP	2026-08-10T10:43:32.9440142Z [command]/usr/bin/git config --local --name-only --get-regexp ^includeIf\.gitdir:
Lint and Format Check	UNKNOWN STEP	2026-08-10T10:43:32.9469691Z [command]/usr/bin/git submodule foreach --recursive git config --local --show-origin --name-only --get-regexp remote.origin.url
Lint and Format Check	UNKNOWN STEP	2026-08-10T10:43:32.9666862Z [command]/usr/bin/git config --file /home/runner/work/_temp/git-credentials-9911299a-bded-4806-8c61-e5fb0a76ab55.config http.https://github.com/.extraheader AUTHORIZATION: basic ***
Lint and Format Check	UNKNOWN STEP	2026-08-10T10:43:32.9697569Z [command]/usr/bin/git config --local includeIf.gitdir:/home/runner/work/start/start/.git.path /home/runner/work/_temp/git-credentials-9911299a-bded-4806-8c61-e5fb0a76ab55.config
Lint and Format Check	UNKNOWN STEP	2026-08-10T10:43:32.9727078Z [command]/usr/bin/git config --local includeIf.gitdir:/home/runner/work/start/start/.git/worktrees/*.path /home/runner/work/_temp/git-credentials-9911299a-bded-4806-8c61-e5fb0a76ab55.config
Lint and Format Check	UNKNOWN STEP	2026-08-10T10:43:32.9759611Z [command]/usr/bin/git config --local includeIf.gitdir:/github/workspace/.git.path /github/runner_temp/git-credentials-9911299a-bded-4806-8c61-e5fb0a76ab55.config
Lint and Format Check	UNKNOWN STEP	2026-08-10T10:43:32.9790298Z [command]/usr/bin/git config --local includeIf.gitdir:/github/workspace/.git/worktrees/*.path /github/runner_temp/git-credentials-9911299a-bded-4806-8c61-e5fb0a76ab55.config
Lint and Format Check	UNKNOWN STEP	2026-08-10T10:43:32.9819882Z ##[endgroup]
Lint and Format Check	UNKNOWN STEP	2026-08-10T10:43:32.9820682Z ##[group]Fetching the repository
Lint and Format Check	UNKNOWN STEP	2026-08-10T10:43:32.9830692Z [command]/usr/bin/git -c protocol.version=2 fetch --no-tags --prune --no-recurse-submodules --depth=1 origin +d959632b399ae343ff29114fc439650bf65122c5:refs/remotes/origin/main
Lint and Format Check	UNKNOWN STEP	2026-08-10T10:43:34.5099035Z From https://github.com/link-foundation/start
Lint and Format Check	UNKNOWN STEP	2026-08-10T10:43:34.5099898Z  * [new ref]         d959632b399ae343ff29114fc439650bf65122c5 -> origin/main
Lint and Format Check	UNKNOWN STEP	2026-08-10T10:43:34.5133840Z [command]/usr/bin/git branch --list --remote origin/main
Lint and Format Check	UNKNOWN STEP	2026-08-10T10:43:34.5156911Z   origin/main
Lint and Format Check	UNKNOWN STEP	2026-08-10T10:43:34.5163578Z [command]/usr/bin/git rev-parse refs/remotes/origin/main
Lint and Format Check	UNKNOWN STEP	2026-08-10T10:43:34.5183917Z d959632b399ae343ff29114fc439650bf65122c5
Lint and Format Check	UNKNOWN STEP	2026-08-10T10:43:34.5187251Z ##[endgroup]
Lint and Format Check	UNKNOWN STEP	2026-08-10T10:43:34.5187874Z ##[group]Determining the checkout info
Lint and Format Check	UNKNOWN STEP	2026-08-10T10:43:34.5188712Z ##[endgroup]
Lint and Format Check	UNKNOWN STEP	2026-08-10T10:43:34.5195054Z [command]/usr/bin/git sparse-checkout disable
Lint and Format Check	UNKNOWN STEP	2026-08-10T10:43:34.5249702Z [command]/usr/bin/git config --local --unset-all extensions.worktreeConfig
Lint and Format Check	UNKNOWN STEP	2026-08-10T10:43:34.5265526Z ##[group]Checking out the ref
Lint and Format Check	UNKNOWN STEP	2026-08-10T10:43:34.5270763Z [command]/usr/bin/git checkout --progress --force -B main refs/remotes/origin/main
Lint and Format Check	UNKNOWN STEP	2026-08-10T10:43:34.5760503Z Switched to a new branch 'main'
Lint and Format Check	UNKNOWN STEP	2026-08-10T10:43:34.5761144Z branch 'main' set up to track 'origin/main'.
Lint and Format Check	UNKNOWN STEP	2026-08-10T10:43:34.5770620Z ##[endgroup]
Lint and Format Check	UNKNOWN STEP	2026-08-10T10:43:34.5813435Z [command]/usr/bin/git log -1 --format=%H
Lint and Format Check	UNKNOWN STEP	2026-08-10T10:43:34.5836704Z d959632b399ae343ff29114fc439650bf65122c5
Lint and Format Check	UNKNOWN STEP	2026-08-10T10:43:34.6057850Z ##[group]Run oven-sh/setup-bun@v2
Lint and Format Check	UNKNOWN STEP	2026-08-10T10:43:34.6058130Z with:
Lint and Format Check	UNKNOWN STEP	2026-08-10T10:43:34.6058344Z   bun-version: latest
Lint and Format Check	UNKNOWN STEP	2026-08-10T10:43:34.6058547Z   no-cache: false
Lint and Format Check	UNKNOWN STEP	2026-08-10T10:43:34.6060799Z   token: ***
Lint and Format Check	UNKNOWN STEP	2026-08-10T10:43:34.6060980Z env:
Lint and Format Check	UNKNOWN STEP	2026-08-10T10:43:34.6061175Z   FORCE_JAVASCRIPT_ACTIONS_TO_NODE24: true
Lint and Format Check	UNKNOWN STEP	2026-08-10T10:43:34.6061433Z ##[endgroup]
Lint and Format Check	UNKNOWN STEP	2026-08-10T10:43:35.2766546Z Downloading a new version of Bun: https://github.com/oven-sh/bun/releases/download/bun-v1.3.14/bun-linux-x64.zip
Lint and Format Check	UNKNOWN STEP	2026-08-10T10:43:35.7297997Z [command]/usr/bin/unzip -o -q /home/runner/work/_temp/04a91204-6511-4bac-9bc5-fc96216811d5.zip
Lint and Format Check	UNKNOWN STEP	2026-08-10T10:43:36.4051687Z [command]/home/runner/.bun/bin/bun --revision
Lint and Format Check	UNKNOWN STEP	2026-08-10T10:43:36.4091167Z 1.3.14+0d9b296af
Lint and Format Check	UNKNOWN STEP	2026-08-10T10:43:36.4227028Z ##[group]Run bun install
Lint and Format Check	UNKNOWN STEP	2026-08-10T10:43:36.4227357Z ^[[36;1mbun install^[[0m
Lint and Format Check	UNKNOWN STEP	2026-08-10T10:43:36.4257966Z shell: /usr/bin/bash -e {0}
Lint and Format Check	UNKNOWN STEP	2026-08-10T10:43:36.4258215Z env:
Lint and Format Check	UNKNOWN STEP	2026-08-10T10:43:36.4258422Z   FORCE_JAVASCRIPT_ACTIONS_TO_NODE24: true
Lint and Format Check	UNKNOWN STEP	2026-08-10T10:43:36.4258686Z ##[endgroup]
Lint and Format Check	UNKNOWN STEP	2026-08-10T10:43:36.4344738Z bun install v1.3.14 (0d9b296a)
Lint and Format Check	UNKNOWN STEP	2026-08-10T10:43:36.6849833Z 
Lint and Format Check	UNKNOWN STEP	2026-08-10T10:43:36.6853320Z $ cd .. && husky .husky || true
Lint and Format Check	UNKNOWN STEP	2026-08-10T10:43:36.8486509Z 
Lint and Format Check	UNKNOWN STEP	2026-08-10T10:43:36.8487138Z + @changesets/cli@2.31.0
Lint and Format Check	UNKNOWN STEP	2026-08-10T10:43:36.8487557Z + @eslint/js@10.0.1
Lint and Format Check	UNKNOWN STEP	2026-08-10T10:43:36.8487886Z + eslint@10.3.0
Lint and Format Check	UNKNOWN STEP	2026-08-10T10:43:36.8488255Z + eslint-config-prettier@10.1.8
Lint and Format Check	UNKNOWN STEP	2026-08-10T10:43:36.8488693Z + eslint-plugin-prettier@5.5.5
Lint and Format Check	UNKNOWN STEP	2026-08-10T10:43:36.8489085Z + husky@9.1.7
Lint and Format Check	UNKNOWN STEP	2026-08-10T10:43:36.8489383Z + lint-staged@17.0.4
Lint and Format Check	UNKNOWN STEP	2026-08-10T10:43:36.8489584Z + prettier@3.8.3
Lint and Format Check	UNKNOWN STEP	2026-08-10T10:43:36.8489786Z + command-stream@0.9.4
Lint and Format Check	UNKNOWN STEP	2026-08-10T10:43:36.8489998Z + lino-objects-codec@0.4.0
Lint and Format Check	UNKNOWN STEP	2026-08-10T10:43:36.8490211Z 
Lint and Format Check	UNKNOWN STEP	2026-08-10T10:43:36.8490307Z 199 packages installed [415.00ms]
Lint and Format Check	UNKNOWN STEP	2026-08-10T10:43:36.8549006Z ##[group]Run bun run lint
Lint and Format Check	UNKNOWN STEP	2026-08-10T10:43:36.8549263Z ^[[36;1mbun run lint^[[0m
Lint and Format Check	UNKNOWN STEP	2026-08-10T10:43:36.8574708Z shell: /usr/bin/bash -e {0}
Lint and Format Check	UNKNOWN STEP	2026-08-10T10:43:36.8574949Z env:
Lint and Format Check	UNKNOWN STEP	2026-08-10T10:43:36.8575154Z   FORCE_JAVASCRIPT_ACTIONS_TO_NODE24: true
Lint and Format Check	UNKNOWN STEP	2026-08-10T10:43:36.8575551Z ##[endgroup]
Lint and Format Check	UNKNOWN STEP	2026-08-10T10:43:36.8636655Z $ eslint .
Lint and Format Check	UNKNOWN STEP	2026-08-10T10:43:39.7403142Z ##[group]Run bun run format:check
Lint and Format Check	UNKNOWN STEP	2026-08-10T10:43:39.7403427Z ^[[36;1mbun run format:check^[[0m
Lint and Format Check	UNKNOWN STEP	2026-08-10T10:43:39.7430447Z shell: /usr/bin/bash -e {0}
Lint and Format Check	UNKNOWN STEP	2026-08-10T10:43:39.7430696Z env:
Lint and Format Check	UNKNOWN STEP	2026-08-10T10:43:39.7430899Z   FORCE_JAVASCRIPT_ACTIONS_TO_NODE24: true
Lint and Format Check	UNKNOWN STEP	2026-08-10T10:43:39.7431151Z ##[endgroup]
Lint and Format Check	UNKNOWN STEP	2026-08-10T10:43:39.8741022Z $ prettier --check .
Lint and Format Check	UNKNOWN STEP	2026-08-10T10:43:39.9906338Z Checking formatting...
Lint and Format Check	UNKNOWN STEP	2026-08-10T10:43:41.4737129Z All matched files use Prettier code style!
Lint and Format Check	UNKNOWN STEP	2026-08-10T10:43:41.4905372Z ##[group]Run node scripts/check-file-size.mjs
Lint and Format Check	UNKNOWN STEP	2026-08-10T10:43:41.4905742Z ^[[36;1mnode scripts/check-file-size.mjs^[[0m
Lint and Format Check	UNKNOWN STEP	2026-08-10T10:43:41.4931395Z shell: /usr/bin/bash -e {0}
Lint and Format Check	UNKNOWN STEP	2026-08-10T10:43:41.4931635Z env:
Lint and Format Check	UNKNOWN STEP	2026-08-10T10:43:41.4931840Z   FORCE_JAVASCRIPT_ACTIONS_TO_NODE24: true
Lint and Format Check	UNKNOWN STEP	2026-08-10T10:43:41.4932097Z ##[endgroup]
Lint and Format Check	UNKNOWN STEP	2026-08-10T10:43:41.5237447Z 
Lint and Format Check	UNKNOWN STEP	2026-08-10T10:43:41.5238284Z Checking JavaScript and Rust files for maximum 1000 lines...
Lint and Format Check	UNKNOWN STEP	2026-08-10T10:43:41.5238764Z 
Lint and Format Check	UNKNOWN STEP	2026-08-10T10:43:41.5637432Z ✓ All files are within the line limit
Lint and Format Check	UNKNOWN STEP	2026-08-10T10:43:41.5637796Z 
Lint and Format Check	UNKNOWN STEP	2026-08-10T10:43:41.5753678Z Post job cleanup.
Lint and Format Check	UNKNOWN STEP	2026-08-10T10:43:41.7425656Z Post job cleanup.
Lint and Format Check	UNKNOWN STEP	2026-08-10T10:43:41.8251370Z [command]/usr/bin/git version
Lint and Format Check	UNKNOWN STEP	2026-08-10T10:43:41.8296580Z git version 2.54.0
Lint and Format Check	UNKNOWN STEP	2026-08-10T10:43:41.8344435Z Temporarily overriding HOME='/home/runner/work/_temp/38f44ecf-8568-4591-a250-57969dc0d91d' before making global git config changes
Lint and Format Check	UNKNOWN STEP	2026-08-10T10:43:41.8345755Z Adding repository directory to the temporary git global config as a safe directory
Lint and Format Check	UNKNOWN STEP	2026-08-10T10:43:41.8351546Z [command]/usr/bin/git config --global --add safe.directory /home/runner/work/start/start
Lint and Format Check	UNKNOWN STEP	2026-08-10T10:43:41.8382063Z Removing SSH command configuration
Lint and Format Check	UNKNOWN STEP	2026-08-10T10:43:41.8390046Z [command]/usr/bin/git config --local --name-only --get-regexp core\.sshCommand
Lint and Format Check	UNKNOWN STEP	2026-08-10T10:43:41.8426213Z [command]/usr/bin/git submodule foreach --recursive sh -c "git config --local --name-only --get-regexp 'core\.sshCommand' && git config --local --unset-all 'core.sshCommand' || :"
Lint and Format Check	UNKNOWN STEP	2026-08-10T10:43:41.8629392Z Removing HTTP extra header
Lint and Format Check	UNKNOWN STEP	2026-08-10T10:43:41.8637262Z [command]/usr/bin/git config --local --name-only --get-regexp http\.https\:\/\/github\.com\/\.extraheader
Lint and Format Check	UNKNOWN STEP	2026-08-10T10:43:41.8669998Z [command]/usr/bin/git submodule foreach --recursive sh -c "git config --local --name-only --get-regexp 'http\.https\:\/\/github\.com\/\.extraheader' && git config --local --unset-all 'http.https://github.com/.extraheader' || :"
Lint and Format Check	UNKNOWN STEP	2026-08-10T10:43:41.8870602Z Removing includeIf entries pointing to credentials config files
Lint and Format Check	UNKNOWN STEP	2026-08-10T10:43:41.8882204Z [command]/usr/bin/git config --local --name-only --get-regexp ^includeIf\.gitdir:
Lint and Format Check	UNKNOWN STEP	2026-08-10T10:43:41.8955212Z includeif.gitdir:/home/runner/work/start/start/.git.path
Lint and Format Check	UNKNOWN STEP	2026-08-10T10:43:41.8975476Z includeif.gitdir:/home/runner/work/start/start/.git/worktrees/*.path
Lint and Format Check	UNKNOWN STEP	2026-08-10T10:43:41.8976812Z includeif.gitdir:/github/workspace/.git.path
Lint and Format Check	UNKNOWN STEP	2026-08-10T10:43:41.8977742Z includeif.gitdir:/github/workspace/.git/worktrees/*.path
Lint and Format Check	UNKNOWN STEP	2026-08-10T10:43:41.8983676Z [command]/usr/bin/git config --local --get-all includeif.gitdir:/home/runner/work/start/start/.git.path
Lint and Format Check	UNKNOWN STEP	2026-08-10T10:43:41.9005128Z /home/runner/work/_temp/git-credentials-9911299a-bded-4806-8c61-e5fb0a76ab55.config
Lint and Format Check	UNKNOWN STEP	2026-08-10T10:43:41.9027098Z [command]/usr/bin/git config --local --unset includeif.gitdir:/home/runner/work/start/start/.git.path /home/runner/work/_temp/git-credentials-9911299a-bded-4806-8c61-e5fb0a76ab55.config
Lint and Format Check	UNKNOWN STEP	2026-08-10T10:43:41.9056901Z [command]/usr/bin/git config --local --get-all includeif.gitdir:/home/runner/work/start/start/.git/worktrees/*.path
Lint and Format Check	UNKNOWN STEP	2026-08-10T10:43:41.9088076Z /home/runner/work/_temp/git-credentials-9911299a-bded-4806-8c61-e5fb0a76ab55.config
Lint and Format Check	UNKNOWN STEP	2026-08-10T10:43:41.9106022Z [command]/usr/bin/git config --local --unset includeif.gitdir:/home/runner/work/start/start/.git/worktrees/*.path /home/runner/work/_temp/git-credentials-9911299a-bded-4806-8c61-e5fb0a76ab55.config
Lint and Format Check	UNKNOWN STEP	2026-08-10T10:43:41.9161130Z [command]/usr/bin/git config --local --get-all includeif.gitdir:/github/workspace/.git.path
Lint and Format Check	UNKNOWN STEP	2026-08-10T10:43:41.9179124Z /github/runner_temp/git-credentials-9911299a-bded-4806-8c61-e5fb0a76ab55.config
Lint and Format Check	UNKNOWN STEP	2026-08-10T10:43:41.9201185Z [command]/usr/bin/git config --local --unset includeif.gitdir:/github/workspace/.git.path /github/runner_temp/git-credentials-9911299a-bded-4806-8c61-e5fb0a76ab55.config
Lint and Format Check	UNKNOWN STEP	2026-08-10T10:43:41.9241748Z [command]/usr/bin/git config --local --get-all includeif.gitdir:/github/workspace/.git/worktrees/*.path
Lint and Format Check	UNKNOWN STEP	2026-08-10T10:43:41.9261412Z /github/runner_temp/git-credentials-9911299a-bded-4806-8c61-e5fb0a76ab55.config
Lint and Format Check	UNKNOWN STEP	2026-08-10T10:43:41.9275652Z [command]/usr/bin/git config --local --unset includeif.gitdir:/github/workspace/.git/worktrees/*.path /github/runner_temp/git-credentials-9911299a-bded-4806-8c61-e5fb0a76ab55.config
Lint and Format Check	UNKNOWN STEP	2026-08-10T10:43:41.9323870Z [command]/usr/bin/git submodule foreach --recursive git config --local --show-origin --name-only --get-regexp remote.origin.url
Lint and Format Check	UNKNOWN STEP	2026-08-10T10:43:41.9538195Z Removing credentials config '/home/runner/work/_temp/git-credentials-9911299a-bded-4806-8c61-e5fb0a76ab55.config'
Lint and Format Check	UNKNOWN STEP	2026-08-10T10:43:41.9702067Z Cleaning up orphan processes
Code Coverage (JavaScript)	UNKNOWN STEP	﻿2026-08-10T10:43:37.0752574Z Current runner version: '2.336.0'
Code Coverage (JavaScript)	UNKNOWN STEP	2026-08-10T10:43:37.0777674Z ##[group]Runner Image Provisioner
Code Coverage (JavaScript)	UNKNOWN STEP	2026-08-10T10:43:37.0778644Z Hosted Compute Agent
Code Coverage (JavaScript)	UNKNOWN STEP	2026-08-10T10:43:37.0779279Z Version: 20260707.563
Code Coverage (JavaScript)	UNKNOWN STEP	2026-08-10T10:43:37.0779884Z Commit: 02667638d2b423fbc733a8e32a88b44996a3ba6e
Code Coverage (JavaScript)	UNKNOWN STEP	2026-08-10T10:43:37.0780677Z Build Date: 2026-07-07T19:33:50Z
Code Coverage (JavaScript)	UNKNOWN STEP	2026-08-10T10:43:37.0781347Z Worker ID: {49ff37c0-15b6-48ed-a65d-299cdcf32359}
Code Coverage (JavaScript)	UNKNOWN STEP	2026-08-10T10:43:37.0782094Z Azure Region: northcentralus
Code Coverage (JavaScript)	UNKNOWN STEP	2026-08-10T10:43:37.0782755Z ##[endgroup]
Code Coverage (JavaScript)	UNKNOWN STEP	2026-08-10T10:43:37.0784177Z ##[group]Operating System
Code Coverage (JavaScript)	UNKNOWN STEP	2026-08-10T10:43:37.0784913Z Ubuntu
Code Coverage (JavaScript)	UNKNOWN STEP	2026-08-10T10:43:37.0785467Z 24.04.4
Code Coverage (JavaScript)	UNKNOWN STEP	2026-08-10T10:43:37.0785956Z LTS
Code Coverage (JavaScript)	UNKNOWN STEP	2026-08-10T10:43:37.0786762Z ##[endgroup]
Code Coverage (JavaScript)	UNKNOWN STEP	2026-08-10T10:43:37.0787667Z ##[group]Runner Image
Code Coverage (JavaScript)	UNKNOWN STEP	2026-08-10T10:43:37.0788399Z Image: ubuntu-24.04
Code Coverage (JavaScript)	UNKNOWN STEP	2026-08-10T10:43:37.0788970Z Version: 20260720.247.2
Code Coverage (JavaScript)	UNKNOWN STEP	2026-08-10T10:43:37.0790294Z Included Software: https://github.com/actions/runner-images/blob/ubuntu24/20260720.247/images/ubuntu/Ubuntu2404-Readme.md
Code Coverage (JavaScript)	UNKNOWN STEP	2026-08-10T10:43:37.0791877Z Image Release: https://github.com/actions/runner-images/releases/tag/ubuntu24%2F20260720.247
Code Coverage (JavaScript)	UNKNOWN STEP	2026-08-10T10:43:37.0792911Z ##[endgroup]
Code Coverage (JavaScript)	UNKNOWN STEP	2026-08-10T10:43:37.0795924Z ##[group]GITHUB_TOKEN Permissions
Code Coverage (JavaScript)	UNKNOWN STEP	2026-08-10T10:43:37.0798530Z Actions: write
Code Coverage (JavaScript)	UNKNOWN STEP	2026-08-10T10:43:37.0799157Z ArtifactMetadata: write
Code Coverage (JavaScript)	UNKNOWN STEP	2026-08-10T10:43:37.0799842Z Attestations: write
Code Coverage (JavaScript)	UNKNOWN STEP	2026-08-10T10:43:37.0800443Z Checks: write
Code Coverage (JavaScript)	UNKNOWN STEP	2026-08-10T10:43:37.0800995Z CodeQuality: write
Code Coverage (JavaScript)	UNKNOWN STEP	2026-08-10T10:43:37.0801641Z Contents: write
Code Coverage (JavaScript)	UNKNOWN STEP	2026-08-10T10:43:37.0802207Z CopilotRequests: write
Code Coverage (JavaScript)	UNKNOWN STEP	2026-08-10T10:43:37.0802806Z Deployments: write
Code Coverage (JavaScript)	UNKNOWN STEP	2026-08-10T10:43:37.0803418Z Discussions: write
Code Coverage (JavaScript)	UNKNOWN STEP	2026-08-10T10:43:37.0804090Z Drives: write
Code Coverage (JavaScript)	UNKNOWN STEP	2026-08-10T10:43:37.0804640Z Issues: write
Code Coverage (JavaScript)	UNKNOWN STEP	2026-08-10T10:43:37.0805221Z Metadata: read
Code Coverage (JavaScript)	UNKNOWN STEP	2026-08-10T10:43:37.0805859Z Models: read
Code Coverage (JavaScript)	UNKNOWN STEP	2026-08-10T10:43:37.0806822Z Packages: write
Code Coverage (JavaScript)	UNKNOWN STEP	2026-08-10T10:43:37.0807404Z Pages: write
Code Coverage (JavaScript)	UNKNOWN STEP	2026-08-10T10:43:37.0807938Z PullRequests: write
Code Coverage (JavaScript)	UNKNOWN STEP	2026-08-10T10:43:37.0808656Z RepositoryProjects: write
Code Coverage (JavaScript)	UNKNOWN STEP	2026-08-10T10:43:37.0809281Z SecurityEvents: write
Code Coverage (JavaScript)	UNKNOWN STEP	2026-08-10T10:43:37.0809926Z Statuses: write
Code Coverage (JavaScript)	UNKNOWN STEP	2026-08-10T10:43:37.0810479Z VulnerabilityAlerts: read
Code Coverage (JavaScript)	UNKNOWN STEP	2026-08-10T10:43:37.0811043Z ##[endgroup]
Code Coverage (JavaScript)	UNKNOWN STEP	2026-08-10T10:43:37.0813305Z Secret source: Actions
Code Coverage (JavaScript)	UNKNOWN STEP	2026-08-10T10:43:37.0814363Z Prepare workflow directory
Code Coverage (JavaScript)	UNKNOWN STEP	2026-08-10T10:43:37.1227423Z Prepare all required actions
Code Coverage (JavaScript)	UNKNOWN STEP	2026-08-10T10:43:37.1277041Z Getting action download info
Code Coverage (JavaScript)	UNKNOWN STEP	2026-08-10T10:43:37.4659615Z Download action repository 'actions/checkout@v6' (SHA:d23441a48e516b6c34aea4fa41551a30e30af803)
Code Coverage (JavaScript)	UNKNOWN STEP	2026-08-10T10:43:37.8661439Z Download action repository 'oven-sh/setup-bun@v2' (SHA:0c5077e51419868618aeaa5fe8019c62421857d6)
Code Coverage (JavaScript)	UNKNOWN STEP	2026-08-10T10:43:38.2416642Z Complete job name: Code Coverage (JavaScript)
Code Coverage (JavaScript)	UNKNOWN STEP	2026-08-10T10:43:38.3216826Z ##[group]Run actions/checkout@v6
Code Coverage (JavaScript)	UNKNOWN STEP	2026-08-10T10:43:38.3217897Z with:
Code Coverage (JavaScript)	UNKNOWN STEP	2026-08-10T10:43:38.3218419Z   repository: link-foundation/start
Code Coverage (JavaScript)	UNKNOWN STEP	2026-08-10T10:43:38.3222583Z   token: ***
Code Coverage (JavaScript)	UNKNOWN STEP	2026-08-10T10:43:38.3223070Z   ssh-strict: true
Code Coverage (JavaScript)	UNKNOWN STEP	2026-08-10T10:43:38.3223555Z   ssh-user: git
Code Coverage (JavaScript)	UNKNOWN STEP	2026-08-10T10:43:38.3224083Z   persist-credentials: true
Code Coverage (JavaScript)	UNKNOWN STEP	2026-08-10T10:43:38.3224631Z   clean: true
Code Coverage (JavaScript)	UNKNOWN STEP	2026-08-10T10:43:38.3225120Z   sparse-checkout-cone-mode: true
Code Coverage (JavaScript)	UNKNOWN STEP	2026-08-10T10:43:38.3225687Z   fetch-depth: 1
Code Coverage (JavaScript)	UNKNOWN STEP	2026-08-10T10:43:38.3226173Z   fetch-tags: false
Code Coverage (JavaScript)	UNKNOWN STEP	2026-08-10T10:43:38.3227165Z   show-progress: true
Code Coverage (JavaScript)	UNKNOWN STEP	2026-08-10T10:43:38.3227684Z   lfs: false
Code Coverage (JavaScript)	UNKNOWN STEP	2026-08-10T10:43:38.3228163Z   submodules: false
Code Coverage (JavaScript)	UNKNOWN STEP	2026-08-10T10:43:38.3228668Z   set-safe-directory: true
Code Coverage (JavaScript)	UNKNOWN STEP	2026-08-10T10:43:38.3229230Z   allow-unsafe-pr-checkout: false
Code Coverage (JavaScript)	UNKNOWN STEP	2026-08-10T10:43:38.3230117Z env:
Code Coverage (JavaScript)	UNKNOWN STEP	2026-08-10T10:43:38.3230625Z   FORCE_JAVASCRIPT_ACTIONS_TO_NODE24: true
Code Coverage (JavaScript)	UNKNOWN STEP	2026-08-10T10:43:38.3231232Z ##[endgroup]
Code Coverage (JavaScript)	UNKNOWN STEP	2026-08-10T10:43:38.4239772Z Syncing repository: link-foundation/start
Code Coverage (JavaScript)	UNKNOWN STEP	2026-08-10T10:43:38.4242151Z ##[group]Getting Git version info
Code Coverage (JavaScript)	UNKNOWN STEP	2026-08-10T10:43:38.4242953Z Working directory is '/home/runner/work/start/start'
Code Coverage (JavaScript)	UNKNOWN STEP	2026-08-10T10:43:38.4244020Z [command]/usr/bin/git version
Code Coverage (JavaScript)	UNKNOWN STEP	2026-08-10T10:43:38.4349517Z git version 2.54.0
Code Coverage (JavaScript)	UNKNOWN STEP	2026-08-10T10:43:38.4370948Z ##[endgroup]
Code Coverage (JavaScript)	UNKNOWN STEP	2026-08-10T10:43:38.4381090Z Temporarily overriding HOME='/home/runner/work/_temp/4882ab85-9a39-4ddc-a0a4-8a3fe94a7c47' before making global git config changes
Code Coverage (JavaScript)	UNKNOWN STEP	2026-08-10T10:43:38.4384038Z Adding repository directory to the temporary git global config as a safe directory
Code Coverage (JavaScript)	UNKNOWN STEP	2026-08-10T10:43:38.4387274Z [command]/usr/bin/git config --global --add safe.directory /home/runner/work/start/start
Code Coverage (JavaScript)	UNKNOWN STEP	2026-08-10T10:43:38.4453794Z Deleting the contents of '/home/runner/work/start/start'
Code Coverage (JavaScript)	UNKNOWN STEP	2026-08-10T10:43:38.4458133Z ##[group]Determining repository object format
Code Coverage (JavaScript)	UNKNOWN STEP	2026-08-10T10:43:38.4461461Z ##[endgroup]
Code Coverage (JavaScript)	UNKNOWN STEP	2026-08-10T10:43:38.4462759Z ##[group]Initializing the repository
Code Coverage (JavaScript)	UNKNOWN STEP	2026-08-10T10:43:38.4467677Z [command]/usr/bin/git init /home/runner/work/start/start
Code Coverage (JavaScript)	UNKNOWN STEP	2026-08-10T10:43:38.4612129Z hint: Using 'master' as the name for the initial branch. This default branch name
Code Coverage (JavaScript)	UNKNOWN STEP	2026-08-10T10:43:38.4614031Z hint: will change to "main" in Git 3.0. To configure the initial branch name
Code Coverage (JavaScript)	UNKNOWN STEP	2026-08-10T10:43:38.4615642Z hint: to use in all of your new repositories, which will suppress this warning,
Code Coverage (JavaScript)	UNKNOWN STEP	2026-08-10T10:43:38.4617672Z hint: call:
Code Coverage (JavaScript)	UNKNOWN STEP	2026-08-10T10:43:38.4618642Z hint:
Code Coverage (JavaScript)	UNKNOWN STEP	2026-08-10T10:43:38.4619408Z hint: 	git config --global init.defaultBranch <name>
Code Coverage (JavaScript)	UNKNOWN STEP	2026-08-10T10:43:38.4620199Z hint:
Code Coverage (JavaScript)	UNKNOWN STEP	2026-08-10T10:43:38.4620923Z hint: Names commonly chosen instead of 'master' are 'main', 'trunk' and
Code Coverage (JavaScript)	UNKNOWN STEP	2026-08-10T10:43:38.4622040Z hint: 'development'. The just-created branch can be renamed via this command:
Code Coverage (JavaScript)	UNKNOWN STEP	2026-08-10T10:43:38.4622830Z hint:
Code Coverage (JavaScript)	UNKNOWN STEP	2026-08-10T10:43:38.4623287Z hint: 	git branch -m <name>
Code Coverage (JavaScript)	UNKNOWN STEP	2026-08-10T10:43:38.4623795Z hint:
Code Coverage (JavaScript)	UNKNOWN STEP	2026-08-10T10:43:38.4624474Z hint: Disable this message with "git config set advice.defaultBranchName false"
Code Coverage (JavaScript)	UNKNOWN STEP	2026-08-10T10:43:38.4628479Z Initialized empty Git repository in /home/runner/work/start/start/.git/
Code Coverage (JavaScript)	UNKNOWN STEP	2026-08-10T10:43:38.4645186Z [command]/usr/bin/git remote add origin https://github.com/link-foundation/start
Code Coverage (JavaScript)	UNKNOWN STEP	2026-08-10T10:43:38.4730394Z ##[endgroup]
Code Coverage (JavaScript)	UNKNOWN STEP	2026-08-10T10:43:38.4732253Z ##[group]Disabling automatic garbage collection
Code Coverage (JavaScript)	UNKNOWN STEP	2026-08-10T10:43:38.4734399Z [command]/usr/bin/git config --local gc.auto 0
Code Coverage (JavaScript)	UNKNOWN STEP	2026-08-10T10:43:38.4771272Z ##[endgroup]
Code Coverage (JavaScript)	UNKNOWN STEP	2026-08-10T10:43:38.4772913Z ##[group]Setting up auth
Code Coverage (JavaScript)	UNKNOWN STEP	2026-08-10T10:43:38.4774080Z Removing SSH command configuration
Code Coverage (JavaScript)	UNKNOWN STEP	2026-08-10T10:43:38.4782204Z [command]/usr/bin/git config --local --name-only --get-regexp core\.sshCommand
Code Coverage (JavaScript)	UNKNOWN STEP	2026-08-10T10:43:38.4825381Z [command]/usr/bin/git submodule foreach --recursive sh -c "git config --local --name-only --get-regexp 'core\.sshCommand' && git config --local --unset-all 'core.sshCommand' || :"
Code Coverage (JavaScript)	UNKNOWN STEP	2026-08-10T10:43:38.5237962Z Removing HTTP extra header
Code Coverage (JavaScript)	UNKNOWN STEP	2026-08-10T10:43:38.5245162Z [command]/usr/bin/git config --local --name-only --get-regexp http\.https\:\/\/github\.com\/\.extraheader
Code Coverage (JavaScript)	UNKNOWN STEP	2026-08-10T10:43:38.5290859Z [command]/usr/bin/git submodule foreach --recursive sh -c "git config --local --name-only --get-regexp 'http\.https\:\/\/github\.com\/\.extraheader' && git config --local --unset-all 'http.https://github.com/.extraheader' || :"
Code Coverage (JavaScript)	UNKNOWN STEP	2026-08-10T10:43:38.5550507Z Removing includeIf entries pointing to credentials config files
Code Coverage (JavaScript)	UNKNOWN STEP	2026-08-10T10:43:38.5551660Z [command]/usr/bin/git config --local --name-only --get-regexp ^includeIf\.gitdir:
Code Coverage (JavaScript)	UNKNOWN STEP	2026-08-10T10:43:38.5587297Z [command]/usr/bin/git submodule foreach --recursive git config --local --show-origin --name-only --get-regexp remote.origin.url
Code Coverage (JavaScript)	UNKNOWN STEP	2026-08-10T10:43:38.5854373Z [command]/usr/bin/git config --file /home/runner/work/_temp/git-credentials-7a71f122-a75c-4ce5-a27c-f1fe436df435.config http.https://github.com/.extraheader AUTHORIZATION: basic ***
Code Coverage (JavaScript)	UNKNOWN STEP	2026-08-10T10:43:38.5900863Z [command]/usr/bin/git config --local includeIf.gitdir:/home/runner/work/start/start/.git.path /home/runner/work/_temp/git-credentials-7a71f122-a75c-4ce5-a27c-f1fe436df435.config
Code Coverage (JavaScript)	UNKNOWN STEP	2026-08-10T10:43:38.5937190Z [command]/usr/bin/git config --local includeIf.gitdir:/home/runner/work/start/start/.git/worktrees/*.path /home/runner/work/_temp/git-credentials-7a71f122-a75c-4ce5-a27c-f1fe436df435.config
Code Coverage (JavaScript)	UNKNOWN STEP	2026-08-10T10:43:38.5975218Z [command]/usr/bin/git config --local includeIf.gitdir:/github/workspace/.git.path /github/runner_temp/git-credentials-7a71f122-a75c-4ce5-a27c-f1fe436df435.config
Code Coverage (JavaScript)	UNKNOWN STEP	2026-08-10T10:43:38.6011647Z [command]/usr/bin/git config --local includeIf.gitdir:/github/workspace/.git/worktrees/*.path /github/runner_temp/git-credentials-7a71f122-a75c-4ce5-a27c-f1fe436df435.config
Code Coverage (JavaScript)	UNKNOWN STEP	2026-08-10T10:43:38.6051715Z ##[endgroup]
Code Coverage (JavaScript)	UNKNOWN STEP	2026-08-10T10:43:38.6052780Z ##[group]Fetching the repository
Code Coverage (JavaScript)	UNKNOWN STEP	2026-08-10T10:43:38.6062067Z [command]/usr/bin/git -c protocol.version=2 fetch --no-tags --prune --no-recurse-submodules --depth=1 origin +d959632b399ae343ff29114fc439650bf65122c5:refs/remotes/origin/main
Code Coverage (JavaScript)	UNKNOWN STEP	2026-08-10T10:43:39.0959139Z From https://github.com/link-foundation/start
Code Coverage (JavaScript)	UNKNOWN STEP	2026-08-10T10:43:39.0960665Z  * [new ref]         d959632b399ae343ff29114fc439650bf65122c5 -> origin/main
Code Coverage (JavaScript)	UNKNOWN STEP	2026-08-10T10:43:39.1004441Z [command]/usr/bin/git branch --list --remote origin/main
Code Coverage (JavaScript)	UNKNOWN STEP	2026-08-10T10:43:39.1035008Z   origin/main
Code Coverage (JavaScript)	UNKNOWN STEP	2026-08-10T10:43:39.1044928Z [command]/usr/bin/git rev-parse refs/remotes/origin/main
Code Coverage (JavaScript)	UNKNOWN STEP	2026-08-10T10:43:39.1071445Z d959632b399ae343ff29114fc439650bf65122c5
Code Coverage (JavaScript)	UNKNOWN STEP	2026-08-10T10:43:39.1078268Z ##[endgroup]
Code Coverage (JavaScript)	UNKNOWN STEP	2026-08-10T10:43:39.1080530Z ##[group]Determining the checkout info
Code Coverage (JavaScript)	UNKNOWN STEP	2026-08-10T10:43:39.1083226Z ##[endgroup]
Code Coverage (JavaScript)	UNKNOWN STEP	2026-08-10T10:43:39.1084553Z [command]/usr/bin/git sparse-checkout disable
Code Coverage (JavaScript)	UNKNOWN STEP	2026-08-10T10:43:39.1135660Z [command]/usr/bin/git config --local --unset-all extensions.worktreeConfig
Code Coverage (JavaScript)	UNKNOWN STEP	2026-08-10T10:43:39.1168367Z ##[group]Checking out the ref
Code Coverage (JavaScript)	UNKNOWN STEP	2026-08-10T10:43:39.1171508Z [command]/usr/bin/git checkout --progress --force -B main refs/remotes/origin/main
Code Coverage (JavaScript)	UNKNOWN STEP	2026-08-10T10:43:39.1762414Z Switched to a new branch 'main'
Code Coverage (JavaScript)	UNKNOWN STEP	2026-08-10T10:43:39.1764723Z branch 'main' set up to track 'origin/main'.
Code Coverage (JavaScript)	UNKNOWN STEP	2026-08-10T10:43:39.1778039Z ##[endgroup]
Code Coverage (JavaScript)	UNKNOWN STEP	2026-08-10T10:43:39.1824851Z [command]/usr/bin/git log -1 --format=%H
Code Coverage (JavaScript)	UNKNOWN STEP	2026-08-10T10:43:39.1853694Z d959632b399ae343ff29114fc439650bf65122c5
Code Coverage (JavaScript)	UNKNOWN STEP	2026-08-10T10:43:39.2213255Z ##[group]Run oven-sh/setup-bun@v2
Code Coverage (JavaScript)	UNKNOWN STEP	2026-08-10T10:43:39.2214436Z with:
Code Coverage (JavaScript)	UNKNOWN STEP	2026-08-10T10:43:39.2215308Z   bun-version: latest
Code Coverage (JavaScript)	UNKNOWN STEP	2026-08-10T10:43:39.2216282Z   no-cache: false
Code Coverage (JavaScript)	UNKNOWN STEP	2026-08-10T10:43:39.2227101Z   token: ***
Code Coverage (JavaScript)	UNKNOWN STEP	2026-08-10T10:43:39.2228002Z env:
Code Coverage (JavaScript)	UNKNOWN STEP	2026-08-10T10:43:39.2228935Z   FORCE_JAVASCRIPT_ACTIONS_TO_NODE24: true
Code Coverage (JavaScript)	UNKNOWN STEP	2026-08-10T10:43:39.2230171Z ##[endgroup]
Code Coverage (JavaScript)	UNKNOWN STEP	2026-08-10T10:43:39.8669017Z Downloading a new version of Bun: https://github.com/oven-sh/bun/releases/download/bun-v1.3.14/bun-linux-x64.zip
Code Coverage (JavaScript)	UNKNOWN STEP	2026-08-10T10:43:40.1260650Z [command]/usr/bin/unzip -o -q /home/runner/work/_temp/da0672ce-1022-4678-b871-632b81c0b26d.zip
Code Coverage (JavaScript)	UNKNOWN STEP	2026-08-10T10:43:40.8119505Z [command]/home/runner/.bun/bin/bun --revision
Code Coverage (JavaScript)	UNKNOWN STEP	2026-08-10T10:43:40.8169323Z 1.3.14+0d9b296af
Code Coverage (JavaScript)	UNKNOWN STEP	2026-08-10T10:43:40.8340750Z ##[group]Run bun install
Code Coverage (JavaScript)	UNKNOWN STEP	2026-08-10T10:43:40.8341082Z ^[[36;1mbun install^[[0m
Code Coverage (JavaScript)	UNKNOWN STEP	2026-08-10T10:43:40.8392476Z shell: /usr/bin/bash -e {0}
Code Coverage (JavaScript)	UNKNOWN STEP	2026-08-10T10:43:40.8392756Z env:
Code Coverage (JavaScript)	UNKNOWN STEP	2026-08-10T10:43:40.8392982Z   FORCE_JAVASCRIPT_ACTIONS_TO_NODE24: true
Code Coverage (JavaScript)	UNKNOWN STEP	2026-08-10T10:43:40.8393275Z ##[endgroup]
Code Coverage (JavaScript)	UNKNOWN STEP	2026-08-10T10:43:40.8510303Z bun install v1.3.14 (0d9b296a)
Code Coverage (JavaScript)	UNKNOWN STEP	2026-08-10T10:43:41.1495275Z 
Code Coverage (JavaScript)	UNKNOWN STEP	2026-08-10T10:43:41.1500548Z $ cd .. && husky .husky || true
Code Coverage (JavaScript)	UNKNOWN STEP	2026-08-10T10:43:43.8983747Z 
Code Coverage (JavaScript)	UNKNOWN STEP	2026-08-10T10:43:43.8984161Z + @changesets/cli@2.31.0
Code Coverage (JavaScript)	UNKNOWN STEP	2026-08-10T10:43:43.8984547Z + @eslint/js@10.0.1
Code Coverage (JavaScript)	UNKNOWN STEP	2026-08-10T10:43:43.8985208Z + eslint@10.3.0
Code Coverage (JavaScript)	UNKNOWN STEP	2026-08-10T10:43:43.8985597Z + eslint-config-prettier@10.1.8
Code Coverage (JavaScript)	UNKNOWN STEP	2026-08-10T10:43:43.8985925Z + eslint-plugin-prettier@5.5.5
Code Coverage (JavaScript)	UNKNOWN STEP	2026-08-10T10:43:43.8986219Z + husky@9.1.7
Code Coverage (JavaScript)	UNKNOWN STEP	2026-08-10T10:43:43.8986788Z + lint-staged@17.0.4
Code Coverage (JavaScript)	UNKNOWN STEP	2026-08-10T10:43:43.8987201Z + prettier@3.8.3
Code Coverage (JavaScript)	UNKNOWN STEP	2026-08-10T10:43:43.8987576Z + command-stream@0.9.4
Code Coverage (JavaScript)	UNKNOWN STEP	2026-08-10T10:43:43.8987988Z + lino-objects-codec@0.4.0
Code Coverage (JavaScript)	UNKNOWN STEP	2026-08-10T10:43:43.8988357Z 
Code Coverage (JavaScript)	UNKNOWN STEP	2026-08-10T10:43:43.8988498Z 199 packages installed [3.05s]
Code Coverage (JavaScript)	UNKNOWN STEP	2026-08-10T10:43:43.9069066Z ##[group]Run bun run test --coverage --coverage-reporter=text 2>&1 | tee coverage.txt || true
Code Coverage (JavaScript)	UNKNOWN STEP	2026-08-10T10:43:43.9069779Z ^[[36;1mbun run test --coverage --coverage-reporter=text 2>&1 | tee coverage.txt || true^[[0m
Code Coverage (JavaScript)	UNKNOWN STEP	2026-08-10T10:43:43.9070276Z ^[[36;1m# Extract coverage percentage from Bun output^[[0m
Code Coverage (JavaScript)	UNKNOWN STEP	2026-08-10T10:43:43.9071007Z ^[[36;1mCOVERAGE=$(grep -oP '\d+\.\d+(?=%)' coverage.txt | tail -1 || echo "0")^[[0m
Code Coverage (JavaScript)	UNKNOWN STEP	2026-08-10T10:43:43.9071410Z ^[[36;1mecho "Coverage: ${COVERAGE}%"^[[0m
Code Coverage (JavaScript)	UNKNOWN STEP	2026-08-10T10:43:43.9071694Z ^[[36;1m# Fail if coverage is below 45%^[[0m
Code Coverage (JavaScript)	UNKNOWN STEP	2026-08-10T10:43:43.9071964Z ^[[36;1mnode -e "^[[0m
Code Coverage (JavaScript)	UNKNOWN STEP	2026-08-10T10:43:43.9072249Z ^[[36;1m  const cov = parseFloat('${COVERAGE}');^[[0m
Code Coverage (JavaScript)	UNKNOWN STEP	2026-08-10T10:43:43.9072748Z ^[[36;1m  if (isNaN(cov)) { console.log('Could not determine coverage, skipping check'); process.exit(0); }^[[0m
Code Coverage (JavaScript)	UNKNOWN STEP	2026-08-10T10:43:43.9073360Z ^[[36;1m  if (cov >= 45) { console.log('✅ Coverage ' + cov + '% meets the 45% threshold'); }^[[0m
Code Coverage (JavaScript)	UNKNOWN STEP	2026-08-10T10:43:43.9074020Z ^[[36;1m  else { console.error('❌ Coverage ' + cov + '% is below the 45% threshold'); process.exit(1); }^[[0m
Code Coverage (JavaScript)	UNKNOWN STEP	2026-08-10T10:43:43.9074463Z ^[[36;1m"^[[0m
Code Coverage (JavaScript)	UNKNOWN STEP	2026-08-10T10:43:43.9119013Z shell: /usr/bin/bash -e {0}
Code Coverage (JavaScript)	UNKNOWN STEP	2026-08-10T10:43:43.9119352Z env:
Code Coverage (JavaScript)	UNKNOWN STEP	2026-08-10T10:43:43.9119678Z   FORCE_JAVASCRIPT_ACTIONS_TO_NODE24: true
Code Coverage (JavaScript)	UNKNOWN STEP	2026-08-10T10:43:43.9120134Z ##[endgroup]
Code Coverage (JavaScript)	UNKNOWN STEP	2026-08-10T10:43:43.9207158Z $ bun ../scripts/run-js-tests.mjs --coverage "--coverage-reporter=text"
Code Coverage (JavaScript)	UNKNOWN STEP	2026-08-10T10:43:43.9543634Z bun test v1.3.14 (0d9b296a)
Code Coverage (JavaScript)	UNKNOWN STEP	2026-08-10T10:43:43.9667074Z 
Code Coverage (JavaScript)	UNKNOWN STEP	2026-08-10T10:43:43.9668571Z ##[group]test/args-parser-control.js:
Code Coverage (JavaScript)	UNKNOWN STEP	2026-08-10T10:43:43.9959323Z (pass) control options > should parse --stop with UUID or session name [1.04ms]
Code Coverage (JavaScript)	UNKNOWN STEP	2026-08-10T10:43:43.9961005Z (pass) control options > should parse --stop=value format [0.07ms]
Code Coverage (JavaScript)	UNKNOWN STEP	2026-08-10T10:43:43.9962291Z (pass) control options > should parse --terminate with UUID or session name [0.04ms]
Code Coverage (JavaScript)	UNKNOWN STEP	2026-08-10T10:43:43.9963437Z (pass) control options > should parse --terminate=value format [0.03ms]
Code Coverage (JavaScript)	UNKNOWN STEP	2026-08-10T10:43:43.9964550Z (pass) control options > should throw error for missing --stop argument [0.39ms]
Code Coverage (JavaScript)	UNKNOWN STEP	2026-08-10T10:43:43.9965684Z (pass) control options > should throw error for empty --stop=value argument [0.06ms]
Code Coverage (JavaScript)	UNKNOWN STEP	2026-08-10T10:43:43.9967091Z (pass) control options > should throw error for missing --terminate argument [0.05ms]
Code Coverage (JavaScript)	UNKNOWN STEP	2026-08-10T10:43:43.9968330Z (pass) control options > should throw error for empty --terminate=value argument [0.05ms]
Code Coverage (JavaScript)	UNKNOWN STEP	2026-08-10T10:43:43.9969478Z (pass) control options > should reject combining query and control modes [0.09ms]
Code Coverage (JavaScript)	UNKNOWN STEP	2026-08-10T10:43:43.9970643Z (pass) control options > should reject combining upload-log with control modes [0.09ms]
Code Coverage (JavaScript)	UNKNOWN STEP	2026-08-10T10:43:43.9971781Z (pass) control options > should reject output-format with control modes [0.11ms]
Code Coverage (JavaScript)	UNKNOWN STEP	2026-08-10T10:43:43.9972867Z (pass) control options > should default control options to null [0.06ms]
Code Coverage (JavaScript)	UNKNOWN STEP	2026-08-10T10:43:43.9973590Z 
Code Coverage (JavaScript)	UNKNOWN STEP	2026-08-10T10:43:43.9974327Z ##[endgroup]
Code Coverage (JavaScript)	UNKNOWN STEP	2026-08-10T10:43:43.9974734Z 
Code Coverage (JavaScript)	UNKNOWN STEP	2026-08-10T10:43:43.9975492Z ##[group]test/args-parser-docker-cleanup.js:
Code Coverage (JavaScript)	UNKNOWN STEP	2026-08-10T10:43:43.9983940Z (pass) docker container cleanup options > should parse --auto-remove-docker-container flag [0.21ms]
Code Coverage (JavaScript)	UNKNOWN STEP	2026-08-10T10:43:43.9985337Z (pass) docker container cleanup options > should parse --always-cleanup-container flag [0.09ms]
Code Coverage (JavaScript)	UNKNOWN STEP	2026-08-10T10:43:43.9986841Z (pass) docker container cleanup options > should parse --keep-container flag [0.05ms]
Code Coverage (JavaScript)	UNKNOWN STEP	2026-08-10T10:43:43.9988150Z (pass) docker container cleanup options > should parse --keep-container-on-fail flag [0.04ms]
Code Coverage (JavaScript)	UNKNOWN STEP	2026-08-10T10:43:43.9989387Z (pass) docker container cleanup options > should default cleanup flags to false [0.05ms]
Code Coverage (JavaScript)	UNKNOWN STEP	2026-08-10T10:43:43.9990932Z (pass) docker container cleanup options > should throw error for docker cleanup options without docker isolation [0.41ms]
Code Coverage (JavaScript)	UNKNOWN STEP	2026-08-10T10:43:43.9993534Z (pass) docker container cleanup options > should throw error for docker cleanup options without isolation [0.24ms]
Code Coverage (JavaScript)	UNKNOWN STEP	2026-08-10T10:43:43.9995413Z (pass) docker container cleanup options > should work with keep-alive and auto-remove-docker-container [0.10ms]
Code Coverage (JavaScript)	UNKNOWN STEP	2026-08-10T10:43:43.9999207Z (pass) docker container cleanup options > should reject conflicting docker cleanup options [0.43ms]
Code Coverage (JavaScript)	UNKNOWN STEP	2026-08-10T10:43:44.0000247Z 
Code Coverage (JavaScript)	UNKNOWN STEP	2026-08-10T10:43:44.0000990Z ##[endgroup]
Code Coverage (JavaScript)	UNKNOWN STEP	2026-08-10T10:43:44.0001611Z 
Code Coverage (JavaScript)	UNKNOWN STEP	2026-08-10T10:43:44.0002248Z ##[group]test/args-parser-isolation-alias.js:
Code Coverage (JavaScript)	UNKNOWN STEP	2026-08-10T10:43:44.0013322Z (pass) parseArgs --isolation alias > should parse --isolation alias with value [0.22ms]
Code Coverage (JavaScript)	UNKNOWN STEP	2026-08-10T10:43:44.0014627Z (pass) parseArgs --isolation alias > should parse --isolation=value alias format [0.19ms]
Code Coverage (JavaScript)	UNKNOWN STEP	2026-08-10T10:43:44.0016009Z (pass) parseArgs --isolation alias > should parse --isolation alias before command without separator [0.06ms]
Code Coverage (JavaScript)	UNKNOWN STEP	2026-08-10T10:43:44.0017895Z (pass) parseArgs unknown wrapper options > should throw for unknown wrapper option before separator [0.09ms]
Code Coverage (JavaScript)	UNKNOWN STEP	2026-08-10T10:43:44.0019384Z (pass) parseArgs unknown wrapper options > should throw for unknown wrapper option without separator [0.12ms]
Code Coverage (JavaScript)	UNKNOWN STEP	2026-08-10T10:43:44.0020342Z 
Code Coverage (JavaScript)	UNKNOWN STEP	2026-08-10T10:43:44.0020958Z ##[endgroup]
Code Coverage (JavaScript)	UNKNOWN STEP	2026-08-10T10:43:44.0021326Z 
Code Coverage (JavaScript)	UNKNOWN STEP	2026-08-10T10:43:44.0021931Z ##[group]test/args-parser-shell.js:
Code Coverage (JavaScript)	UNKNOWN STEP	2026-08-10T10:43:44.0030654Z (pass) shell option > should default shell to auto [0.06ms]
Code Coverage (JavaScript)	UNKNOWN STEP	2026-08-10T10:43:44.0031568Z (pass) shell option > should parse --shell bash [0.07ms]
Code Coverage (JavaScript)	UNKNOWN STEP	2026-08-10T10:43:44.0032425Z (pass) shell option > should parse --shell zsh [0.06ms]
Code Coverage (JavaScript)	UNKNOWN STEP	2026-08-10T10:43:44.0033262Z (pass) shell option > should parse --shell sh [0.08ms]
Code Coverage (JavaScript)	UNKNOWN STEP	2026-08-10T10:43:44.0034073Z (pass) shell option > should parse --shell auto [0.09ms]
Code Coverage (JavaScript)	UNKNOWN STEP	2026-08-10T10:43:44.0035207Z (pass) shell option > should parse --shell=value format [0.10ms]
Code Coverage (JavaScript)	UNKNOWN STEP	2026-08-10T10:43:44.0037174Z (pass) shell option > should normalize shell to lowercase [0.15ms]
Code Coverage (JavaScript)	UNKNOWN STEP	2026-08-10T10:43:44.0039287Z (pass) shell option > should throw error for missing shell argument [0.13ms]
Code Coverage (JavaScript)	UNKNOWN STEP	2026-08-10T10:43:44.0047715Z (pass) shell option > should throw error for invalid shell [0.14ms]
Code Coverage (JavaScript)	UNKNOWN STEP	2026-08-10T10:43:44.0048730Z (pass) shell option > should list valid shells in error message [0.24ms]
Code Coverage (JavaScript)	UNKNOWN STEP	2026-08-10T10:43:44.0049724Z (pass) shell option > should work with ssh isolation [0.11ms]
Code Coverage (JavaScript)	UNKNOWN STEP	2026-08-10T10:43:44.0050627Z (pass) VALID_SHELLS > should include bash [0.04ms]
Code Coverage (JavaScript)	UNKNOWN STEP	2026-08-10T10:43:44.0051413Z (pass) VALID_SHELLS > should include zsh [0.03ms]
Code Coverage (JavaScript)	UNKNOWN STEP	2026-08-10T10:43:44.0052191Z (pass) VALID_SHELLS > should include sh [0.01ms]
Code Coverage (JavaScript)	UNKNOWN STEP	2026-08-10T10:43:44.0052959Z (pass) VALID_SHELLS > should include auto [0.02ms]
Code Coverage (JavaScript)	UNKNOWN STEP	2026-08-10T10:43:44.0053528Z 
Code Coverage (JavaScript)	UNKNOWN STEP	2026-08-10T10:43:44.0054167Z ##[endgroup]
Code Coverage (JavaScript)	UNKNOWN STEP	2026-08-10T10:43:44.0054563Z 
Code Coverage (JavaScript)	UNKNOWN STEP	2026-08-10T10:43:44.0055165Z ##[group]test/args-parser.js:
Code Coverage (JavaScript)	UNKNOWN STEP	2026-08-10T10:43:44.0084422Z (pass) parseArgs > basic command parsing > should parse simple command without options [0.08ms]
Code Coverage (JavaScript)	UNKNOWN STEP	2026-08-10T10:43:44.0107857Z (pass) parseArgs > basic command parsing > should parse command with -- separator [0.08ms]
Code Coverage (JavaScript)	UNKNOWN STEP	2026-08-10T10:43:44.0109141Z (pass) parseArgs > basic command parsing > should parse empty command correctly [0.05ms]
Code Coverage (JavaScript)	UNKNOWN STEP	2026-08-10T10:43:44.0110313Z (pass) parseArgs > isolation options > should parse --isolated with value [0.07ms]
Code Coverage (JavaScript)	UNKNOWN STEP	2026-08-10T10:43:44.0111425Z (pass) parseArgs > isolation options > should parse -i shorthand [0.10ms]
Code Coverage (JavaScript)	UNKNOWN STEP	2026-08-10T10:43:44.0112490Z (pass) parseArgs > isolation options > should parse --isolated=value format [0.10ms]
Code Coverage (JavaScript)	UNKNOWN STEP	2026-08-10T10:43:44.0113623Z (pass) parseArgs > isolation options > should normalize backend to lowercase [0.06ms]
Code Coverage (JavaScript)	UNKNOWN STEP	2026-08-10T10:43:44.0114814Z (pass) parseArgs > isolation options > should throw error for missing backend argument [0.11ms]
Code Coverage (JavaScript)	UNKNOWN STEP	2026-08-10T10:43:44.0116002Z (pass) parseArgs > attached and detached modes > should parse --attached flag [0.09ms]
Code Coverage (JavaScript)	UNKNOWN STEP	2026-08-10T10:43:44.0117339Z (pass) parseArgs > attached and detached modes > should parse -a shorthand [0.13ms]
Code Coverage (JavaScript)	UNKNOWN STEP	2026-08-10T10:43:44.0118442Z (pass) parseArgs > attached and detached modes > should parse --detached flag [0.11ms]
Code Coverage (JavaScript)	UNKNOWN STEP	2026-08-10T10:43:44.0119552Z (pass) parseArgs > attached and detached modes > should parse -d shorthand [0.05ms]
Code Coverage (JavaScript)	UNKNOWN STEP	2026-08-10T10:43:44.0121127Z (pass) parseArgs > attached and detached modes > should throw error when both --attached and --detached are set [0.11ms]
Code Coverage (JavaScript)	UNKNOWN STEP	2026-08-10T10:43:44.0122653Z (pass) parseArgs > attached and detached modes > should provide helpful error message for mode conflict [0.08ms]
Code Coverage (JavaScript)	UNKNOWN STEP	2026-08-10T10:43:44.0124072Z (pass) parseArgs > session option > should parse --session with value [0.08ms]
Code Coverage (JavaScript)	UNKNOWN STEP	2026-08-10T10:43:44.0125098Z (pass) parseArgs > session option > should parse -s shorthand [0.10ms]
Code Coverage (JavaScript)	UNKNOWN STEP	2026-08-10T10:43:44.0126104Z (pass) parseArgs > session option > should parse --session=value format [0.06ms]
Code Coverage (JavaScript)	UNKNOWN STEP	2026-08-10T10:43:44.0127449Z (pass) parseArgs > session option > should throw error for session without isolation [0.10ms]
Code Coverage (JavaScript)	UNKNOWN STEP	2026-08-10T10:43:44.0128603Z (pass) parseArgs > docker image option > should parse --image with value [0.06ms]
Code Coverage (JavaScript)	UNKNOWN STEP	2026-08-10T10:43:44.0129687Z (pass) parseArgs > docker image option > should parse --image=value format [0.08ms]
Code Coverage (JavaScript)	UNKNOWN STEP	2026-08-10T10:43:44.0130960Z (pass) parseArgs > docker image option > should use default OS-matched image for docker without --image [0.11ms]
Code Coverage (JavaScript)	UNKNOWN STEP	2026-08-10T10:43:44.0132344Z (pass) parseArgs > docker image option > should throw error for image with non-docker backend [0.10ms]
Code Coverage (JavaScript)	UNKNOWN STEP	2026-08-10T10:43:44.0133558Z (pass) parseArgs > SSH endpoint option > should parse --endpoint with value [0.05ms]
Code Coverage (JavaScript)	UNKNOWN STEP	2026-08-10T10:43:44.0134681Z (pass) parseArgs > SSH endpoint option > should parse --endpoint=value format [0.05ms]
Code Coverage (JavaScript)	UNKNOWN STEP	2026-08-10T10:43:44.0135846Z (pass) parseArgs > SSH endpoint option > should throw error for ssh without endpoint [0.08ms]
Code Coverage (JavaScript)	UNKNOWN STEP	2026-08-10T10:43:44.0137297Z (pass) parseArgs > SSH endpoint option > should throw error for endpoint with non-ssh backend [0.07ms]
Code Coverage (JavaScript)	UNKNOWN STEP	2026-08-10T10:43:44.0138477Z (pass) parseArgs > keep-alive option > should parse --keep-alive flag [0.04ms]
Code Coverage (JavaScript)	UNKNOWN STEP	2026-08-10T10:43:44.0139495Z (pass) parseArgs > keep-alive option > should parse -k shorthand [0.05ms]
Code Coverage (JavaScript)	UNKNOWN STEP	2026-08-10T10:43:44.0140563Z (pass) parseArgs > keep-alive option > should default keepAlive to false [0.10ms]
Code Coverage (JavaScript)	UNKNOWN STEP	2026-08-10T10:43:44.0141752Z (pass) parseArgs > keep-alive option > should throw error for keep-alive without isolation [0.10ms]
Code Coverage (JavaScript)	UNKNOWN STEP	2026-08-10T10:43:44.0142925Z (pass) parseArgs > keep-alive option > should work with detached mode [0.06ms]
Code Coverage (JavaScript)	UNKNOWN STEP	2026-08-10T10:43:44.0143919Z (pass) parseArgs > keep-alive option > should work with docker [0.06ms]
Code Coverage (JavaScript)	UNKNOWN STEP	2026-08-10T10:43:44.0145116Z (pass) parseArgs > command without separator > should parse command after options without separator [0.09ms]
Code Coverage (JavaScript)	UNKNOWN STEP	2026-08-10T10:43:44.0146632Z (pass) parseArgs > command without separator > should handle mixed options and command [0.10ms]
Code Coverage (JavaScript)	UNKNOWN STEP	2026-08-10T10:43:44.0147805Z (pass) parseArgs > backend validation > should accept valid backends [0.15ms]
Code Coverage (JavaScript)	UNKNOWN STEP	2026-08-10T10:43:44.0148883Z (pass) parseArgs > backend validation > should throw error for invalid backend [0.29ms]
Code Coverage (JavaScript)	UNKNOWN STEP	2026-08-10T10:43:44.0150067Z (pass) parseArgs > backend validation > should list valid backends in error message [0.13ms]
Code Coverage (JavaScript)	UNKNOWN STEP	2026-08-10T10:43:44.0151115Z (pass) validateOptions > should pass for valid options [0.19ms]
Code Coverage (JavaScript)	UNKNOWN STEP	2026-08-10T10:43:44.0152094Z (pass) validateOptions > should throw for attached and detached together [0.07ms]
Code Coverage (JavaScript)	UNKNOWN STEP	2026-08-10T10:43:44.0153113Z (pass) validateOptions > should pass for docker with image [0.10ms]
Code Coverage (JavaScript)	UNKNOWN STEP	2026-08-10T10:43:44.0154090Z (pass) generateSessionName > should generate unique session names [0.17ms]
Code Coverage (JavaScript)	UNKNOWN STEP	2026-08-10T10:43:44.0155054Z (pass) generateSessionName > should use default prefix [0.04ms]
Code Coverage (JavaScript)	UNKNOWN STEP	2026-08-10T10:43:44.0155933Z (pass) generateSessionName > should use custom prefix [0.04ms]
Code Coverage (JavaScript)	UNKNOWN STEP	2026-08-10T10:43:44.0157073Z (pass) generateSessionName > should contain timestamp-like portion [0.09ms]
Code Coverage (JavaScript)	UNKNOWN STEP	2026-08-10T10:43:44.0158078Z (pass) hasIsolation > should return true when isolated is set [0.06ms]
Code Coverage (JavaScript)	UNKNOWN STEP	2026-08-10T10:43:44.0159039Z (pass) hasIsolation > should return false when isolated is null [0.04ms]
Code Coverage (JavaScript)	UNKNOWN STEP	2026-08-10T10:43:44.0160021Z (pass) getEffectiveMode > should return attached by default [0.06ms]
Code Coverage (JavaScript)	UNKNOWN STEP	2026-08-10T10:43:44.0161055Z (pass) getEffectiveMode > should return attached when explicitly set [0.04ms]
Code Coverage (JavaScript)	UNKNOWN STEP	2026-08-10T10:43:44.0162337Z (pass) getEffectiveMode > should return detached when set [0.05ms]
Code Coverage (JavaScript)	UNKNOWN STEP	2026-08-10T10:43:44.0163238Z (pass) VALID_BACKENDS > should include screen [0.03ms]
Code Coverage (JavaScript)	UNKNOWN STEP	2026-08-10T10:43:44.0164030Z (pass) VALID_BACKENDS > should include tmux [0.03ms]
Code Coverage (JavaScript)	UNKNOWN STEP	2026-08-10T10:43:44.0164770Z (pass) VALID_BACKENDS > should include docker [0.02ms]
Code Coverage (JavaScript)	UNKNOWN STEP	2026-08-10T10:43:44.0166099Z (pass) user isolation option > should parse --isolated-user without value (auto-generated username) [0.07ms]
Code Coverage (JavaScript)	UNKNOWN STEP	2026-08-10T10:43:44.0167605Z (pass) user isolation option > should parse --isolated-user with custom username [0.08ms]
Code Coverage (JavaScript)	UNKNOWN STEP	2026-08-10T10:43:44.0168650Z (pass) user isolation option > should parse -u shorthand [0.05ms]
Code Coverage (JavaScript)	UNKNOWN STEP	2026-08-10T10:43:44.0169596Z (pass) user isolation option > should parse -u with custom username [0.07ms]
Code Coverage (JavaScript)	UNKNOWN STEP	2026-08-10T10:43:44.0170633Z (pass) user isolation option > should parse --isolated-user=value format [0.06ms]
Code Coverage (JavaScript)	UNKNOWN STEP	2026-08-10T10:43:44.0171662Z (pass) user isolation option > should work with isolation options [0.06ms]
Code Coverage (JavaScript)	UNKNOWN STEP	2026-08-10T10:43:44.0172789Z (pass) user isolation option > should work without isolation (standalone user isolation) [0.07ms]
Code Coverage (JavaScript)	UNKNOWN STEP	2026-08-10T10:43:44.0173942Z (pass) user isolation option > should accept valid usernames [0.18ms]
Code Coverage (JavaScript)	UNKNOWN STEP	2026-08-10T10:43:44.0175134Z (pass) user isolation option > should reject invalid username formats with --isolated-user=value syntax [0.18ms]
Code Coverage (JavaScript)	UNKNOWN STEP	2026-08-10T10:43:44.0176878Z (pass) user isolation option > should not consume invalid username as argument (treats as command) [0.16ms]
Code Coverage (JavaScript)	UNKNOWN STEP	2026-08-10T10:43:44.0178187Z (pass) user isolation option > should throw error for user with docker isolation [0.17ms]
Code Coverage (JavaScript)	UNKNOWN STEP	2026-08-10T10:43:44.0179341Z (pass) user isolation option > should work with tmux isolation [0.08ms]
Code Coverage (JavaScript)	UNKNOWN STEP	2026-08-10T10:43:44.0180369Z (pass) use-command-stream option > should parse --use-command-stream flag [0.05ms]
Code Coverage (JavaScript)	UNKNOWN STEP	2026-08-10T10:43:44.0181475Z (pass) use-command-stream option > should default useCommandStream to false [0.04ms]
Code Coverage (JavaScript)	UNKNOWN STEP	2026-08-10T10:43:44.0182574Z (pass) use-command-stream option > should work with other options [0.09ms]
Code Coverage (JavaScript)	UNKNOWN STEP	2026-08-10T10:43:44.0183580Z (pass) use-command-stream option > should work without other options [0.06ms]
Code Coverage (JavaScript)	UNKNOWN STEP	2026-08-10T10:43:44.0184591Z (pass) keep-user option > should parse --keep-user flag [0.06ms]
Code Coverage (JavaScript)	UNKNOWN STEP	2026-08-10T10:43:44.0185502Z (pass) keep-user option > should default keepUser to false [0.05ms]
Code Coverage (JavaScript)	UNKNOWN STEP	2026-08-10T10:43:44.0186724Z (pass) keep-user option > should throw error for keep-user without user [0.11ms]
Code Coverage (JavaScript)	UNKNOWN STEP	2026-08-10T10:43:44.0189284Z (pass) keep-user option > should work with user and isolation options [0.07ms]
Code Coverage (JavaScript)	UNKNOWN STEP	2026-08-10T10:43:44.0190518Z (pass) status option > should parse --status with UUID [0.07ms]
Code Coverage (JavaScript)	UNKNOWN STEP	2026-08-10T10:43:44.0193410Z (pass) status option > should parse --status=value format [0.05ms]
Code Coverage (JavaScript)	UNKNOWN STEP	2026-08-10T10:43:44.0194571Z (pass) status option > should throw error for missing UUID argument [0.07ms]
Code Coverage (JavaScript)	UNKNOWN STEP	2026-08-10T10:43:44.0196814Z (pass) status option > should throw error for --status with -flag as next argument [0.07ms]
Code Coverage (JavaScript)	UNKNOWN STEP	2026-08-10T10:43:44.0197898Z (pass) status option > should default status to null [0.05ms]
Code Coverage (JavaScript)	UNKNOWN STEP	2026-08-10T10:43:44.0198929Z (pass) upload-log option > should parse --upload-log with UUID or session name [0.05ms]
Code Coverage (JavaScript)	UNKNOWN STEP	2026-08-10T10:43:44.0200065Z (pass) upload-log option > should parse --upload-log=value format [0.05ms]
Code Coverage (JavaScript)	UNKNOWN STEP	2026-08-10T10:43:44.0201215Z (pass) upload-log option > should throw error for missing --upload-log argument [0.06ms]
Code Coverage (JavaScript)	UNKNOWN STEP	2026-08-10T10:43:44.0202517Z (pass) upload-log option > should throw error for empty --upload-log=value argument [0.09ms]
Code Coverage (JavaScript)	UNKNOWN STEP	2026-08-10T10:43:44.0203683Z (pass) upload-log option > should default uploadLog to null [0.04ms]
Code Coverage (JavaScript)	UNKNOWN STEP	2026-08-10T10:43:44.0204588Z (pass) list option > should parse --list flag [0.05ms]
Code Coverage (JavaScript)	UNKNOWN STEP	2026-08-10T10:43:44.0205494Z (pass) list option > should parse --list with JSON output format [0.05ms]
Code Coverage (JavaScript)	UNKNOWN STEP	2026-08-10T10:43:44.0206698Z (pass) list option > should normalize output format with --list [0.06ms]
Code Coverage (JavaScript)	UNKNOWN STEP	2026-08-10T10:43:44.0207663Z (pass) list option > should default list to false [0.08ms]
Code Coverage (JavaScript)	UNKNOWN STEP	2026-08-10T10:43:44.0208947Z (pass) output-format option > should parse --output-format with --status [0.09ms]
Code Coverage (JavaScript)	UNKNOWN STEP	2026-08-10T10:43:44.0210128Z (pass) output-format option > should parse --output-format=value format [0.09ms]
Code Coverage (JavaScript)	UNKNOWN STEP	2026-08-10T10:43:44.0211242Z (pass) output-format option > should normalize format to lowercase [0.06ms]
Code Coverage (JavaScript)	UNKNOWN STEP	2026-08-10T10:43:44.0212365Z (pass) output-format option > should throw error for missing format argument [0.10ms]
Code Coverage (JavaScript)	UNKNOWN STEP	2026-08-10T10:43:44.0213702Z (pass) output-format option > should throw error for invalid format [0.10ms]
Code Coverage (JavaScript)	UNKNOWN STEP	2026-08-10T10:43:44.0214860Z (pass) output-format option > should throw error for output-format without status [0.09ms]
Code Coverage (JavaScript)	UNKNOWN STEP	2026-08-10T10:43:44.0216035Z (pass) output-format option > should accept all valid output formats [0.11ms]
Code Coverage (JavaScript)	UNKNOWN STEP	2026-08-10T10:43:44.0217331Z (pass) output-format option > should default outputFormat to null [0.05ms]
Code Coverage (JavaScript)	UNKNOWN STEP	2026-08-10T10:43:44.0218370Z (pass) VALID_OUTPUT_FORMATS > should include links-notation [0.03ms]
Code Coverage (JavaScript)	UNKNOWN STEP	2026-08-10T10:43:44.0219290Z (pass) VALID_OUTPUT_FORMATS > should include json [0.04ms]
Code Coverage (JavaScript)	UNKNOWN STEP	2026-08-10T10:43:44.0220146Z (pass) VALID_OUTPUT_FORMATS > should include text [0.03ms]
Code Coverage (JavaScript)	UNKNOWN STEP	2026-08-10T10:43:44.0221026Z (pass) cleanup options > should parse --cleanup flag [0.05ms]
Code Coverage (JavaScript)	UNKNOWN STEP	2026-08-10T10:43:44.0221971Z (pass) cleanup options > should parse --cleanup-dry-run flag [0.05ms]
Code Coverage (JavaScript)	UNKNOWN STEP	2026-08-10T10:43:44.0222966Z (pass) cleanup options > should default cleanup to false [0.04ms]
Code Coverage (JavaScript)	UNKNOWN STEP	2026-08-10T10:43:44.0223617Z 
Code Coverage (JavaScript)	UNKNOWN STEP	2026-08-10T10:43:44.0224372Z ##[endgroup]
Code Coverage (JavaScript)	UNKNOWN STEP	2026-08-10T10:43:44.0224765Z 
Code Coverage (JavaScript)	UNKNOWN STEP	2026-08-10T10:43:44.0225323Z ##[group]test/cli.js:
Code Coverage (JavaScript)	UNKNOWN STEP	2026-08-10T10:43:44.2686999Z (pass) CLI version flag > should display version with --version [244.15ms]
Code Coverage (JavaScript)	UNKNOWN STEP	2026-08-10T10:43:44.3386208Z (pass) CLI version flag > should display version with -v [69.96ms]
Code Coverage (JavaScript)	UNKNOWN STEP	2026-08-10T10:43:44.4155694Z (pass) CLI version flag > should show correct package version [76.85ms]
Code Coverage (JavaScript)	UNKNOWN STEP	2026-08-10T10:43:44.4662521Z (pass) CLI basic behavior > should show usage when no arguments provided [50.69ms]
Code Coverage (JavaScript)	UNKNOWN STEP	2026-08-10T10:43:44.5051134Z (pass) CLI basic behavior > should show usage when no command provided after -- [38.86ms]
Code Coverage (JavaScript)	UNKNOWN STEP	2026-08-10T10:43:44.6978207Z (pass) CLI isolation output (issue #67) > should display screen session name when using screen isolation [192.66ms]
Code Coverage (JavaScript)	UNKNOWN STEP	2026-08-10T10:43:44.7941049Z (pass) CLI isolation output (issue #67) > should display tmux session name when using tmux isolation [96.31ms]
Code Coverage (JavaScript)	UNKNOWN STEP	2026-08-10T10:43:47.9291976Z (pass) CLI isolation output (issue #67) > should display docker container name when using docker isolation [3135.01ms]
Code Coverage (JavaScript)	UNKNOWN STEP	2026-08-10T10:43:47.9293254Z 
Code Coverage (JavaScript)	UNKNOWN STEP	2026-08-10T10:43:47.9294602Z ##[endgroup]
Code Coverage (JavaScript)	UNKNOWN STEP	2026-08-10T10:43:47.9295066Z 
Code Coverage (JavaScript)	UNKNOWN STEP	2026-08-10T10:43:47.9295787Z ##[group]test/command-builder-docker-cleanup.js:
Code Coverage (JavaScript)	UNKNOWN STEP	2026-08-10T10:43:47.9326628Z (pass) command-builder docker cleanup forwarding > forwards cleanup policy flags when a remaining level uses docker [0.60ms]
Code Coverage (JavaScript)	UNKNOWN STEP	2026-08-10T10:43:47.9329899Z (pass) command-builder docker cleanup forwarding > does not forward docker cleanup flags after the docker level is consumed [0.22ms]
Code Coverage (JavaScript)	UNKNOWN STEP	2026-08-10T10:43:47.9330856Z 
Code Coverage (JavaScript)	UNKNOWN STEP	2026-08-10T10:43:47.9331410Z ##[endgroup]
Code Coverage (JavaScript)	UNKNOWN STEP	2026-08-10T10:43:47.9331597Z 
Code Coverage (JavaScript)	UNKNOWN STEP	2026-08-10T10:43:47.9332054Z ##[group]test/create-github-release.mjs:
Code Coverage (JavaScript)	UNKNOWN STEP	2026-08-10T10:43:48.0067348Z (pass) create-github-release script > treats an existing GitHub release as an idempotent skip [72.18ms]
Code Coverage (JavaScript)	UNKNOWN STEP	2026-08-10T10:43:48.0718599Z (pass) create-github-release script > fails when gh api returns an unexpected error [65.16ms]
Code Coverage (JavaScript)	UNKNOWN STEP	2026-08-10T10:43:48.0719059Z 
Code Coverage (JavaScript)	UNKNOWN STEP	2026-08-10T10:43:48.0719451Z ##[endgroup]
Code Coverage (JavaScript)	UNKNOWN STEP	2026-08-10T10:43:48.0719561Z 
Code Coverage (JavaScript)	UNKNOWN STEP	2026-08-10T10:43:48.0720012Z ##[group]test/docker-autoremove.js:
Code Coverage (JavaScript)	UNKNOWN STEP	2026-08-10T10:43:48.0742553Z (pass) Docker Container Cleanup Policy > cleanup decisions > should keep abnormal containers under the default policy [0.12ms]
Code Coverage (JavaScript)	UNKNOWN STEP	2026-08-10T10:43:48.0744343Z (pass) Docker Container Cleanup Policy > cleanup decisions > should keep OOM-killed containers with keepContainerOnFail [0.05ms]
Code Coverage (JavaScript)	UNKNOWN STEP	2026-08-10T10:43:48.0745969Z (pass) Docker Container Cleanup Policy > cleanup decisions > should honor explicit always-cleanup policy [0.05ms]
Code Coverage (JavaScript)	UNKNOWN STEP	2026-08-10T10:43:48.0748141Z (pass) Docker Container Cleanup Policy > cleanup decisions > should make the detached watcher inspect OOMKilled before default cleanup [0.46ms]
Code Coverage (JavaScript)	UNKNOWN STEP	2026-08-10T10:43:48.7929044Z $ echo "test" && sleep 0.5
Code Coverage (JavaScript)	UNKNOWN STEP	2026-08-10T10:43:48.7930981Z 
Code Coverage (JavaScript)	UNKNOWN STEP	2026-08-10T10:43:49.5455969Z   ✓ Docker container auto-removed after exit (filesystem not preserved)
Code Coverage (JavaScript)	UNKNOWN STEP	2026-08-10T10:43:49.5458450Z (pass) Docker Container Cleanup Policy > auto-remove enabled > should automatically remove container when autoRemoveDockerContainer is true [1470.69ms]
Code Coverage (JavaScript)	UNKNOWN STEP	2026-08-10T10:43:50.2920763Z $ echo "test" && sleep 0.1
Code Coverage (JavaScript)	UNKNOWN STEP	2026-08-10T10:43:50.2921008Z 
Code Coverage (JavaScript)	UNKNOWN STEP	2026-08-10T10:43:50.7280071Z (pass) Docker Container Cleanup Policy > default cleanup > should remove container filesystem by default [1182.44ms]
Code Coverage (JavaScript)	UNKNOWN STEP	2026-08-10T10:43:51.4794002Z $ echo "test" && sleep 0.1
Code Coverage (JavaScript)	UNKNOWN STEP	2026-08-10T10:43:51.4794497Z 
Code Coverage (JavaScript)	UNKNOWN STEP	2026-08-10T10:43:51.7855426Z (pass) Docker Container Cleanup Policy > keep-container opt-out > should preserve container filesystem when keepContainer is true [1057.45ms]
Code Coverage (JavaScript)	UNKNOWN STEP	2026-08-10T10:43:52.5422589Z $ echo "test" && exit 7
Code Coverage (JavaScript)	UNKNOWN STEP	2026-08-10T10:43:52.5422804Z 
Code Coverage (JavaScript)	UNKNOWN STEP	2026-08-10T10:43:52.7923589Z (pass) Docker Container Cleanup Policy > keep-container opt-out > should preserve failed containers when keepContainerOnFail is true [1006.81ms]
Code Coverage (JavaScript)	UNKNOWN STEP	2026-08-10T10:43:53.5397234Z $ printf 'attached-log-line\n'
Code Coverage (JavaScript)	UNKNOWN STEP	2026-08-10T10:43:53.5397490Z 
Code Coverage (JavaScript)	UNKNOWN STEP	2026-08-10T10:43:53.6838430Z attached-log-line
Code Coverage (JavaScript)	UNKNOWN STEP	2026-08-10T10:43:53.8442685Z (pass) Docker Container Cleanup Policy > attached mode logging > should write attached docker output to the provided host log path [1051.91ms]
Code Coverage (JavaScript)	UNKNOWN STEP	2026-08-10T10:43:53.8443281Z 
Code Coverage (JavaScript)	UNKNOWN STEP	2026-08-10T10:43:53.8443692Z ##[endgroup]
Code Coverage (JavaScript)	UNKNOWN STEP	2026-08-10T10:43:53.8443822Z 
Code Coverage (JavaScript)	UNKNOWN STEP	2026-08-10T10:43:53.8444094Z ##[group]test/docker-network-integration.js:
Code Coverage (JavaScript)	UNKNOWN STEP	2026-08-10T10:43:54.8641723Z $ ping -c 1 formal-ai && wget -q --spider https://api.github.com
Code Coverage (JavaScript)	UNKNOWN STEP	2026-08-10T10:43:54.8642240Z 
Code Coverage (JavaScript)	UNKNOWN STEP	2026-08-10T10:43:55.3323921Z $ ping -c 1 formal-ai
Code Coverage (JavaScript)	UNKNOWN STEP	2026-08-10T10:43:55.3324141Z 
Code Coverage (JavaScript)	UNKNOWN STEP	2026-08-10T10:43:55.5168852Z ping: bad address 'formal-ai'
Code Coverage (JavaScript)	UNKNOWN STEP	2026-08-10T10:43:55.6321212Z (pass) Docker named network integration > reaches a private sidecar and the internet through two networks [862.53ms]
Code Coverage (JavaScript)	UNKNOWN STEP	2026-08-10T10:43:55.7331982Z $ echo should-not-run
Code Coverage (JavaScript)	UNKNOWN STEP	2026-08-10T10:43:55.7334080Z 
Code Coverage (JavaScript)	UNKNOWN STEP	2026-08-10T10:43:56.0224160Z $ echo should-not-run
Code Coverage (JavaScript)	UNKNOWN STEP	2026-08-10T10:43:56.0224482Z 
Code Coverage (JavaScript)	UNKNOWN STEP	2026-08-10T10:43:56.3180493Z $ echo should-not-run
Code Coverage (JavaScript)	UNKNOWN STEP	2026-08-10T10:43:56.3180846Z 
Code Coverage (JavaScript)	UNKNOWN STEP	2026-08-10T10:43:56.4525830Z docker: Error response from daemon: failed to set up container networking: network start-network-a57256b5-absent not found
Code Coverage (JavaScript)	UNKNOWN STEP	2026-08-10T10:43:56.4526683Z 
Code Coverage (JavaScript)	UNKNOWN STEP	2026-08-10T10:43:56.4526876Z Run 'docker run --help' for more information
Code Coverage (JavaScript)	UNKNOWN STEP	2026-08-10T10:43:56.6116903Z $ echo should-not-run
Code Coverage (JavaScript)	UNKNOWN STEP	2026-08-10T10:43:56.6117130Z 
Code Coverage (JavaScript)	UNKNOWN STEP	2026-08-10T10:43:56.6435661Z (pass) Docker named network integration > fails for a missing network without orphaning a container [1011.45ms]
Code Coverage (JavaScript)	UNKNOWN STEP	2026-08-10T10:43:56.7922421Z 
Code Coverage (JavaScript)	UNKNOWN STEP	2026-08-10T10:43:56.7923942Z ##[endgroup]
Code Coverage (JavaScript)	UNKNOWN STEP	2026-08-10T10:43:56.7924212Z 
Code Coverage (JavaScript)	UNKNOWN STEP	2026-08-10T10:43:56.7924700Z ##[group]test/docker-runtime-options.js:
Code Coverage (JavaScript)	UNKNOWN STEP	2026-08-10T10:43:56.7949223Z (pass) Docker runtime options parsing > should parse repeatable --volume and -v [0.33ms]
Code Coverage (JavaScript)	UNKNOWN STEP	2026-08-10T10:43:56.7957975Z (pass) Docker runtime options parsing > should parse --volume=value and -v=value [0.11ms]
Code Coverage (JavaScript)	UNKNOWN STEP	2026-08-10T10:43:56.7959150Z (pass) Docker runtime options parsing > should parse repeatable --mount [0.10ms]
Code Coverage (JavaScript)	UNKNOWN STEP	2026-08-10T10:43:56.7960260Z (pass) Docker runtime options parsing > should parse repeatable --env and -e [0.10ms]
Code Coverage (JavaScript)	UNKNOWN STEP	2026-08-10T10:43:56.7961370Z (pass) Docker runtime options parsing > should parse --privileged [0.05ms]
Code Coverage (JavaScript)	UNKNOWN STEP	2026-08-10T10:43:56.7962631Z (pass) Docker runtime options parsing > should parse repeatable --network forms without consuming child args [0.11ms]
Code Coverage (JavaScript)	UNKNOWN STEP	2026-08-10T10:43:56.7964128Z (pass) Docker runtime options parsing > should parse repeatable --network-alias value and equals forms [0.09ms]
Code Coverage (JavaScript)	UNKNOWN STEP	2026-08-10T10:43:56.7965491Z (pass) Docker runtime options parsing > should default runtime options to empty/false [0.07ms]
Code Coverage (JavaScript)	UNKNOWN STEP	2026-08-10T10:43:56.7966933Z (pass) Docker runtime options parsing > should throw when --volume requires an argument [0.12ms]
Code Coverage (JavaScript)	UNKNOWN STEP	2026-08-10T10:43:56.7968466Z (pass) Docker runtime options parsing > should throw when --env requires an argument [0.11ms]
Code Coverage (JavaScript)	UNKNOWN STEP	2026-08-10T10:43:56.7969750Z (pass) Docker runtime options validation > should reject --volume with non-docker backend [0.14ms]
Code Coverage (JavaScript)	UNKNOWN STEP	2026-08-10T10:43:56.7970992Z (pass) Docker runtime options validation > should reject --mount without isolation [0.12ms]
Code Coverage (JavaScript)	UNKNOWN STEP	2026-08-10T10:43:56.7972497Z (pass) Docker runtime options validation > should reject --env with non-docker backend [0.14ms]
Code Coverage (JavaScript)	UNKNOWN STEP	2026-08-10T10:43:56.7973723Z (pass) Docker runtime options validation > should reject --privileged without docker [0.14ms]
Code Coverage (JavaScript)	UNKNOWN STEP	2026-08-10T10:43:56.7974935Z (pass) Docker runtime options validation > should reject network options without docker [0.25ms]
Code Coverage (JavaScript)	UNKNOWN STEP	2026-08-10T10:43:56.7976239Z (pass) Docker runtime options validation > should accept runtime options when stack includes docker [0.25ms]
Code Coverage (JavaScript)	UNKNOWN STEP	2026-08-10T10:43:56.7979662Z (pass) buildDockerRuntimeArgs > should build empty args by default [0.04ms]
Code Coverage (JavaScript)	UNKNOWN STEP	2026-08-10T10:43:56.7980876Z (pass) buildDockerRuntimeArgs > should add --privileged first [0.05ms]
Code Coverage (JavaScript)	UNKNOWN STEP	2026-08-10T10:43:56.7982144Z (pass) buildDockerRuntimeArgs > should expand env, volumes, and mounts in order [0.07ms]
Code Coverage (JavaScript)	UNKNOWN STEP	2026-08-10T10:43:56.7983488Z (pass) buildDockerRuntimeStatusLines > should return no lines for empty options [0.12ms]
Code Coverage (JavaScript)	UNKNOWN STEP	2026-08-10T10:43:56.7984980Z (pass) buildDockerRuntimeStatusLines > should format volumes, mounts, env, and privileged lines [0.06ms]
Code Coverage (JavaScript)	UNKNOWN STEP	2026-08-10T10:43:56.7986610Z (pass) buildDockerRuntimeStatusLines > should join multiple volumes with a comma [0.05ms]
Code Coverage (JavaScript)	UNKNOWN STEP	2026-08-10T10:43:56.7987910Z (pass) buildDockerRuntimeMetadata > should null out empty collections and falsy privileged [0.09ms]
Code Coverage (JavaScript)	UNKNOWN STEP	2026-08-10T10:43:56.7989258Z (pass) buildDockerRuntimeMetadata > should pass through populated collections and privileged [0.05ms]
Code Coverage (JavaScript)	UNKNOWN STEP	2026-08-10T10:43:56.7990040Z 
Code Coverage (JavaScript)	UNKNOWN STEP	2026-08-10T10:43:56.7990455Z ##[endgroup]
Code Coverage (JavaScript)	UNKNOWN STEP	2026-08-10T10:43:56.7990633Z 
Code Coverage (JavaScript)	UNKNOWN STEP	2026-08-10T10:43:56.7991219Z ##[group]test/echo-integration.js:
Code Coverage (JavaScript)	UNKNOWN STEP	2026-08-10T10:43:56.8005018Z === Echo Integration Tests - Issue #55 ===
Code Coverage (JavaScript)	UNKNOWN STEP	2026-08-10T10:43:56.8005864Z Testing that "echo hi" works correctly across all isolation modes
Code Coverage (JavaScript)	UNKNOWN STEP	2026-08-10T10:43:56.8007055Z Coverage: No isolation, Screen (attached/detached), Tmux (attached/detached), Docker (attached/detached)
Code Coverage (JavaScript)	UNKNOWN STEP	2026-08-10T10:43:56.8007479Z 
Code Coverage (JavaScript)	UNKNOWN STEP	2026-08-10T10:43:56.9344523Z   ✓ No isolation mode: echo hi works correctly
Code Coverage (JavaScript)	UNKNOWN STEP	2026-08-10T10:43:56.9345288Z (pass) Echo Integration Tests - Issue #55 > No Isolation Mode (Direct Execution) > should execute echo hi and show output with proper formatting [67.27ms]
Code Coverage (JavaScript)	UNKNOWN STEP	2026-08-10T10:43:56.9962448Z   ✓ No isolation mode: echo with single quotes works
Code Coverage (JavaScript)	UNKNOWN STEP	2026-08-10T10:43:56.9963511Z (pass) Echo Integration Tests - Issue #55 > No Isolation Mode (Direct Execution) > should execute echo with single quotes [61.75ms]
Code Coverage (JavaScript)	UNKNOWN STEP	2026-08-10T10:43:57.0510735Z   ✓ No isolation mode: echo with double quotes works
Code Coverage (JavaScript)	UNKNOWN STEP	2026-08-10T10:43:57.0511452Z (pass) Echo Integration Tests - Issue #55 > No Isolation Mode (Direct Execution) > should execute echo with double quotes [54.87ms]
Code Coverage (JavaScript)	UNKNOWN STEP	2026-08-10T10:43:57.1048483Z   ✓ Empty line formatting is consistent
Code Coverage (JavaScript)	UNKNOWN STEP	2026-08-10T10:43:57.1049270Z (pass) Echo Integration Tests - Issue #55 > No Isolation Mode (Direct Execution) > should have consistent empty line formatting [53.72ms]
Code Coverage (JavaScript)	UNKNOWN STEP	2026-08-10T10:43:57.2753705Z   ✓ Screen isolation (attached): echo hi works correctly
Code Coverage (JavaScript)	UNKNOWN STEP	2026-08-10T10:43:57.2754908Z (pass) Echo Integration Tests - Issue #55 > Screen Isolation Mode > Attached Mode > should execute echo hi in attached screen mode with proper formatting [170.46ms]
Code Coverage (JavaScript)	UNKNOWN STEP	2026-08-10T10:43:57.4418401Z   ✓ Screen isolation (attached): echo with quotes works
Code Coverage (JavaScript)	UNKNOWN STEP	2026-08-10T10:43:57.4419820Z (pass) Echo Integration Tests - Issue #55 > Screen Isolation Mode > Attached Mode > should execute echo with quotes in attached screen mode [166.47ms]
Code Coverage (JavaScript)	UNKNOWN STEP	2026-08-10T10:43:57.6136222Z   ✓ Screen isolation (attached): finish block displays correctly
Code Coverage (JavaScript)	UNKNOWN STEP	2026-08-10T10:43:57.6138096Z (pass) Echo Integration Tests - Issue #55 > Screen Isolation Mode > Attached Mode > should show exit code and finish block in attached screen mode [171.79ms]
Code Coverage (JavaScript)	UNKNOWN STEP	2026-08-10T10:43:57.6724127Z   ✓ Screen isolation (detached): echo hi starts correctly
Code Coverage (JavaScript)	UNKNOWN STEP	2026-08-10T10:43:57.6724881Z (pass) Echo Integration Tests - Issue #55 > Screen Isolation Mode > Detached Mode > should execute echo hi in detached screen mode [58.81ms]
Code Coverage (JavaScript)	UNKNOWN STEP	2026-08-10T10:43:57.7339174Z   ✓ Screen isolation (detached): session name displayed for reattaching
Code Coverage (JavaScript)	UNKNOWN STEP	2026-08-10T10:43:57.7340129Z (pass) Echo Integration Tests - Issue #55 > Screen Isolation Mode > Detached Mode > should show session name in detached screen mode for reattaching [61.49ms]
Code Coverage (JavaScript)	UNKNOWN STEP	2026-08-10T10:43:57.7946996Z open terminal failed: not a terminal
Code Coverage (JavaScript)	UNKNOWN STEP	2026-08-10T10:43:57.7947669Z Error: Tmux session "tmux-1786358637778-qp33or" exited with code 1
Code Coverage (JavaScript)	UNKNOWN STEP	2026-08-10T10:43:57.7948680Z   ⚠ Tmux isolation (attached): skipped (no TTY available)
Code Coverage (JavaScript)	UNKNOWN STEP	2026-08-10T10:43:57.7949828Z (pass) Echo Integration Tests - Issue #55 > Tmux Isolation Mode > Attached Mode > should handle attached tmux mode (may require TTY) [60.90ms]
Code Coverage (JavaScript)	UNKNOWN STEP	2026-08-10T10:43:57.8933741Z   ✓ Tmux isolation (detached): echo hi starts correctly
Code Coverage (JavaScript)	UNKNOWN STEP	2026-08-10T10:43:57.8935222Z (pass) Echo Integration Tests - Issue #55 > Tmux Isolation Mode > Detached Mode > should execute echo hi in detached tmux mode [98.49ms]
Code Coverage (JavaScript)	UNKNOWN STEP	2026-08-10T10:43:57.9692992Z   ✓ Tmux isolation (detached): session name displayed for reattaching
Code Coverage (JavaScript)	UNKNOWN STEP	2026-08-10T10:43:57.9694433Z (pass) Echo Integration Tests - Issue #55 > Tmux Isolation Mode > Detached Mode > should show session name in detached tmux mode for reattaching [75.94ms]
Code Coverage (JavaScript)	UNKNOWN STEP	2026-08-10T10:43:58.0534354Z   ✓ Tmux isolation (detached): echo with quotes works
Code Coverage (JavaScript)	UNKNOWN STEP	2026-08-10T10:43:58.0536189Z (pass) Echo Integration Tests - Issue #55 > Tmux Isolation Mode > Detached Mode > should execute echo with quotes in detached tmux mode [84.09ms]
Code Coverage (JavaScript)	UNKNOWN STEP	2026-08-10T10:43:58.0539214Z   ⚠ no TTY available, skipping attached docker tests
Code Coverage (JavaScript)	UNKNOWN STEP	2026-08-10T10:43:58.0540754Z (pass) Echo Integration Tests - Issue #55 > Docker Isolation Mode > Attached Mode > should skip attached docker tests when no TTY is available [0.16ms]
Code Coverage (JavaScript)	UNKNOWN STEP	2026-08-10T10:43:58.9975265Z   ✓ Docker isolation (detached): echo hi starts correctly
Code Coverage (JavaScript)	UNKNOWN STEP	2026-08-10T10:43:58.9976952Z (pass) Echo Integration Tests - Issue #55 > Docker Isolation Mode > Detached Mode > should execute echo hi in detached docker mode [943.93ms]
Code Coverage (JavaScript)	UNKNOWN STEP	2026-08-10T10:43:59.9367867Z   ✓ Docker isolation (detached): session/container name displayed for reattaching
Code Coverage (JavaScript)	UNKNOWN STEP	2026-08-10T10:43:59.9369466Z (pass) Echo Integration Tests - Issue #55 > Docker Isolation Mode > Detached Mode > should show session/container name in detached docker mode for reattaching [939.25ms]
Code Coverage (JavaScript)	UNKNOWN STEP	2026-08-10T10:44:00.8767401Z   ✓ Docker isolation (detached): echo with quotes works
Code Coverage (JavaScript)	UNKNOWN STEP	2026-08-10T10:44:00.8769212Z (pass) Echo Integration Tests - Issue #55 > Docker Isolation Mode > Detached Mode > should execute echo with quotes in detached docker mode [939.60ms]
Code Coverage (JavaScript)	UNKNOWN STEP	2026-08-10T10:44:00.9442425Z   ✓ Log paths are not truncated
Code Coverage (JavaScript)	UNKNOWN STEP	2026-08-10T10:44:00.9443394Z (pass) Echo Integration Tests - Issue #55 > Output Block Formatting > should not truncate long log paths [67.89ms]
Code Coverage (JavaScript)	UNKNOWN STEP	2026-08-10T10:44:00.9977657Z   ✓ Session IDs are complete UUIDs in both blocks
Code Coverage (JavaScript)	UNKNOWN STEP	2026-08-10T10:44:00.9978826Z (pass) Echo Integration Tests - Issue #55 > Output Block Formatting > should show full session ID in both start and finish blocks [53.48ms]
Code Coverage (JavaScript)	UNKNOWN STEP	2026-08-10T10:44:01.0510333Z   ✓ Exit code formatting is consistent
Code Coverage (JavaScript)	UNKNOWN STEP	2026-08-10T10:44:01.0511085Z (pass) Echo Integration Tests - Issue #55 > Output Block Formatting > should have consistent exit code formatting [53.31ms]
Code Coverage (JavaScript)	UNKNOWN STEP	2026-08-10T10:44:01.1167918Z   ✓ Timing information is present in finish block
Code Coverage (JavaScript)	UNKNOWN STEP	2026-08-10T10:44:01.1168967Z (pass) Echo Integration Tests - Issue #55 > Output Block Formatting > should include timing information in finish block [65.70ms]
Code Coverage (JavaScript)	UNKNOWN STEP	2026-08-10T10:44:01.1169512Z 
Code Coverage (JavaScript)	UNKNOWN STEP	2026-08-10T10:44:01.1169908Z ##[endgroup]
Code Coverage (JavaScript)	UNKNOWN STEP	2026-08-10T10:44:01.1170033Z 
Code Coverage (JavaScript)	UNKNOWN STEP	2026-08-10T10:44:01.1170291Z ##[group]test/execution-control.js:
Code Coverage (JavaScript)	UNKNOWN STEP	2026-08-10T10:44:01.1212202Z (pass) execution control > should map screen stop to CTRL+C injection [0.38ms]
Code Coverage (JavaScript)	UNKNOWN STEP	2026-08-10T10:44:01.1367614Z (pass) execution control > should send stop command to a detached screen session [15.40ms]
Code Coverage (JavaScript)	UNKNOWN STEP	2026-08-10T10:44:01.1398155Z (pass) execution control > should stop a detached docker container with docker stop [1.99ms]
Code Coverage (JavaScript)	UNKNOWN STEP	2026-08-10T10:44:01.1407121Z (pass) execution control > should send docker terminate through docker kill [1.72ms]
Code Coverage (JavaScript)	UNKNOWN STEP	2026-08-10T10:44:01.1417206Z (pass) execution control > should reject non-detached records [1.29ms]
Code Coverage (JavaScript)	UNKNOWN STEP	2026-08-10T10:44:01.1418085Z (pass) process id collection > should parse a GNU Screen process id from screen -ls output [0.12ms]
Code Coverage (JavaScript)	UNKNOWN STEP	2026-08-10T10:44:01.1419610Z (pass) process id collection > should collect wrapper, screen, and descendant process IDs [0.15ms]
Code Coverage (JavaScript)	UNKNOWN STEP	2026-08-10T10:44:01.1420201Z 
Code Coverage (JavaScript)	UNKNOWN STEP	2026-08-10T10:44:01.1420612Z ##[endgroup]
Code Coverage (JavaScript)	UNKNOWN STEP	2026-08-10T10:44:01.1420738Z 
Code Coverage (JavaScript)	UNKNOWN STEP	2026-08-10T10:44:01.1422073Z ##[group]test/execution-store.js:
Code Coverage (JavaScript)	UNKNOWN STEP	2026-08-10T10:44:01.1443585Z === Execution Store Unit Tests ===
Code Coverage (JavaScript)	UNKNOWN STEP	2026-08-10T10:44:01.1449004Z (pass) ExecutionRecord > should create a new execution record with default values [0.14ms]
Code Coverage (JavaScript)	UNKNOWN STEP	2026-08-10T10:44:01.1450371Z (pass) ExecutionRecord > should create a new execution record with custom values [0.13ms]
Code Coverage (JavaScript)	UNKNOWN STEP	2026-08-10T10:44:01.1451542Z (pass) ExecutionRecord > should mark execution as completed [0.10ms]
Code Coverage (JavaScript)	UNKNOWN STEP	2026-08-10T10:44:01.1452641Z (pass) ExecutionRecord > should convert to plain object and back [0.07ms]
Code Coverage (JavaScript)	UNKNOWN STEP	2026-08-10T10:44:01.1455180Z (pass) LockManager > should acquire and release a lock [0.37ms]
Code Coverage (JavaScript)	UNKNOWN STEP	2026-08-10T10:44:01.1461547Z (pass) LockManager > should fail to acquire lock if already held by another process [0.55ms]
Code Coverage (JavaScript)	UNKNOWN STEP	2026-08-10T10:44:01.1463171Z (pass) LockManager > should detect stale locks [0.23ms]
Code Coverage (JavaScript)	UNKNOWN STEP	2026-08-10T10:44:01.1465337Z (pass) ExecutionStore > should create app folder on initialization [0.19ms]
Code Coverage (JavaScript)	UNKNOWN STEP	2026-08-10T10:44:01.1474358Z (pass) ExecutionStore > should save and retrieve an execution record [0.82ms]
Code Coverage (JavaScript)	UNKNOWN STEP	2026-08-10T10:44:01.1497827Z (pass) ExecutionStore > should update an existing record [1.52ms]
Code Coverage (JavaScript)	UNKNOWN STEP	2026-08-10T10:44:01.1515720Z (pass) ExecutionStore > should get all records [2.64ms]
Code Coverage (JavaScript)	UNKNOWN STEP	2026-08-10T10:44:01.1547744Z (pass) ExecutionStore > should get records by status [3.12ms]
Code Coverage (JavaScript)	UNKNOWN STEP	2026-08-10T10:44:01.1575907Z (pass) ExecutionStore > should get recent records [2.80ms]
Code Coverage (JavaScript)	UNKNOWN STEP	2026-08-10T10:44:01.1591246Z (pass) ExecutionStore > should delete a record [1.60ms]
Code Coverage (JavaScript)	UNKNOWN STEP	2026-08-10T10:44:01.1595726Z (pass) ExecutionStore > should return false when deleting non-existent record [0.24ms]
Code Coverage (JavaScript)	UNKNOWN STEP	2026-08-10T10:44:01.1610472Z (pass) ExecutionStore > should clear all records [1.65ms]
Code Coverage (JavaScript)	UNKNOWN STEP	2026-08-10T10:44:01.1637476Z (pass) ExecutionStore > should get statistics [2.67ms]
Code Coverage (JavaScript)	UNKNOWN STEP	2026-08-10T10:44:01.1813142Z (pass) ExecutionStore > should handle concurrent saves with locking [17.46ms]
Code Coverage (JavaScript)	UNKNOWN STEP	2026-08-10T10:44:01.1817937Z (pass) ExecutionStore > should persist data to lino file [0.58ms]
Code Coverage (JavaScript)	UNKNOWN STEP	2026-08-10T10:44:01.1822697Z (pass) isClinkInstalled > should return a boolean [0.47ms]
Code Coverage (JavaScript)	UNKNOWN STEP	2026-08-10T10:44:01.1833830Z (pass) ExecutionStore with lino-objects-codec > should properly encode and decode complex options [1.05ms]
Code Coverage (JavaScript)	UNKNOWN STEP	2026-08-10T10:44:01.1840954Z (pass) ExecutionStore with lino-objects-codec > should handle special characters in command [0.70ms]
Code Coverage (JavaScript)	UNKNOWN STEP	2026-08-10T10:44:01.1848063Z (pass) ExecutionStore with lino-objects-codec > should handle unicode characters [0.73ms]
Code Coverage (JavaScript)	UNKNOWN STEP	2026-08-10T10:44:01.1862724Z (pass) ExecutionStore verifyConsistency > should report consistency status for lino-only store [1.44ms]
Code Coverage (JavaScript)	UNKNOWN STEP	2026-08-10T10:44:01.1872705Z (pass) ExecutionStore cleanupStale > should return empty result when no stale records exist [0.94ms]
Code Coverage (JavaScript)	UNKNOWN STEP	2026-08-10T10:44:01.1881964Z (pass) ExecutionStore cleanupStale > should detect stale records with non-existent PIDs [0.90ms]
Code Coverage (JavaScript)	UNKNOWN STEP	2026-08-10T10:44:01.1890934Z (pass) ExecutionStore cleanupStale > should detect stale records that exceed max age [0.81ms]
Code Coverage (JavaScript)	UNKNOWN STEP	2026-08-10T10:44:01.1898168Z (pass) ExecutionStore cleanupStale > should not detect records within max age as stale [0.82ms]
Code Coverage (JavaScript)	UNKNOWN STEP	2026-08-10T10:44:01.1914494Z (pass) ExecutionStore cleanupStale > should clean up stale records when dryRun is false [1.61ms]
Code Coverage (JavaScript)	UNKNOWN STEP	2026-08-10T10:44:01.1925800Z (pass) ExecutionStore cleanupStale > should handle custom max age [1.10ms]
Code Coverage (JavaScript)	UNKNOWN STEP	2026-08-10T10:44:01.1926599Z 
Code Coverage (JavaScript)	UNKNOWN STEP	2026-08-10T10:44:01.1927812Z ##[endgroup]
Code Coverage (JavaScript)	UNKNOWN STEP	2026-08-10T10:44:01.1928013Z 
Code Coverage (JavaScript)	UNKNOWN STEP	2026-08-10T10:44:01.1928456Z ##[group]test/failure-handler.js:
Code Coverage (JavaScript)	UNKNOWN STEP	2026-08-10T10:44:01.1958838Z (pass) failure-handler > parseGitUrl > should parse HTTPS GitHub URL [0.56ms]
Code Coverage (JavaScript)	UNKNOWN STEP	2026-08-10T10:44:01.1960204Z (pass) failure-handler > parseGitUrl > should parse HTTPS URL with .git suffix [0.05ms]
Code Coverage (JavaScript)	UNKNOWN STEP	2026-08-10T10:44:01.1967977Z (pass) failure-handler > parseGitUrl > should parse SSH git@ URL [0.05ms]
Code Coverage (JavaScript)	UNKNOWN STEP	2026-08-10T10:44:01.1969024Z (pass) failure-handler > parseGitUrl > should parse git+https URL format [0.05ms]
Code Coverage (JavaScript)	UNKNOWN STEP	2026-08-10T10:44:01.1970104Z (pass) failure-handler > parseGitUrl > should return null for empty string [0.02ms]
Code Coverage (JavaScript)	UNKNOWN STEP	2026-08-10T10:44:01.1971211Z (pass) failure-handler > parseGitUrl > should return null for null/undefined input [0.02ms]
Code Coverage (JavaScript)	UNKNOWN STEP	2026-08-10T10:44:01.1972258Z (pass) failure-handler > parseGitUrl > should return null for non-github URL [0.02ms]
Code Coverage (JavaScript)	UNKNOWN STEP	2026-08-10T10:44:01.1973356Z (pass) failure-handler > parseGitUrl > should return null for invalid/random string [0.02ms]
Code Coverage (JavaScript)	UNKNOWN STEP	2026-08-10T10:44:01.1974533Z (pass) failure-handler > parseGitUrl > should normalize URL to https://github.com format [0.03ms]
Code Coverage (JavaScript)	UNKNOWN STEP	2026-08-10T10:44:01.1975851Z (pass) failure-handler > parseGitUrl > should handle URL with subdirectory (only owner/repo captured) [0.04ms]
Code Coverage (JavaScript)	UNKNOWN STEP	2026-08-10T10:44:01.1977462Z (pass) failure-handler > parseGitUrl > should return object with owner, repo, url keys [0.06ms]
Code Coverage (JavaScript)	UNKNOWN STEP	2026-08-10T10:44:01.1978173Z 
Code Coverage (JavaScript)	UNKNOWN STEP	2026-08-10T10:44:01.1978704Z (pass) failure-handler > handleFailure > should return early when disableAutoIssue is true [0.16ms]
Code Coverage (JavaScript)	UNKNOWN STEP	2026-08-10T10:44:01.1979455Z 
Code Coverage (JavaScript)	UNKNOWN STEP	2026-08-10T10:44:01.1979746Z Auto-issue creation disabled via START_DISABLE_AUTO_ISSUE
Code Coverage (JavaScript)	UNKNOWN STEP	2026-08-10T10:44:01.1980786Z (pass) failure-handler > handleFailure > should return early when disableAutoIssue is true (verbose mode) [0.05ms]
Code Coverage (JavaScript)	UNKNOWN STEP	2026-08-10T10:44:01.1981569Z 
Code Coverage (JavaScript)	UNKNOWN STEP	2026-08-10T10:44:01.1981954Z ##[endgroup]
Code Coverage (JavaScript)	UNKNOWN STEP	2026-08-10T10:44:01.1982129Z 
Code Coverage (JavaScript)	UNKNOWN STEP	2026-08-10T10:44:01.1982542Z ##[group]test/isolation-cleanup.js:
Code Coverage (JavaScript)	UNKNOWN STEP	2026-08-10T10:44:01.3205966Z   ✓ Screen session auto-exited (no sessions found in screen -ls)
Code Coverage (JavaScript)	UNKNOWN STEP	2026-08-10T10:44:01.3207337Z (pass) Isolation Resource Cleanup Verification > screen resource cleanup > should not list screen session after command completes (auto-exit by default) [122.58ms]
Code Coverage (JavaScript)	UNKNOWN STEP	2026-08-10T10:44:02.3336891Z   ✓ Screen session kept alive as expected with --keep-alive
Code Coverage (JavaScript)	UNKNOWN STEP	2026-08-10T10:44:02.3374995Z (pass) Isolation Resource Cleanup Verification > screen resource cleanup > should keep screen session alive when keepAlive is true [1016.83ms]
Code Coverage (JavaScript)	UNKNOWN STEP	2026-08-10T10:44:02.4644748Z   ✓ Tmux session auto-exited (no sessions found in tmux ls)
Code Coverage (JavaScript)	UNKNOWN STEP	2026-08-10T10:44:02.4646130Z (pass) Isolation Resource Cleanup Verification > tmux resource cleanup > should not list tmux session after command completes (auto-exit by default) [126.98ms]
Code Coverage (JavaScript)	UNKNOWN STEP	2026-08-10T10:44:03.4867485Z   ✓ Tmux session kept alive as expected with --keep-alive
Code Coverage (JavaScript)	UNKNOWN STEP	2026-08-10T10:44:03.4915668Z (pass) Isolation Resource Cleanup Verification > tmux resource cleanup > should keep tmux session alive when keepAlive is true [1026.99ms]
Code Coverage (JavaScript)	UNKNOWN STEP	2026-08-10T10:44:04.2215248Z $ echo "test" && sleep 0.1
Code Coverage (JavaScript)	UNKNOWN STEP	2026-08-10T10:44:04.2215477Z 
Code Coverage (JavaScript)	UNKNOWN STEP	2026-08-10T10:44:04.5453954Z   ✓ Docker container auto-exited and stopped (resources released, filesystem preserved)
Code Coverage (JavaScript)	UNKNOWN STEP	2026-08-10T10:44:04.5607670Z (pass) Isolation Resource Cleanup Verification > docker resource cleanup > should show docker container as exited after command completes (auto-exit by default) [1069.21ms]
Code Coverage (JavaScript)	UNKNOWN STEP	2026-08-10T10:44:05.2822749Z $ echo "test"
Code Coverage (JavaScript)	UNKNOWN STEP	2026-08-10T10:44:05.2823029Z 
Code Coverage (JavaScript)	UNKNOWN STEP	2026-08-10T10:44:06.4285215Z   ✓ Docker container kept running as expected with --keep-alive
Code Coverage (JavaScript)	UNKNOWN STEP	2026-08-10T10:44:06.5164520Z (pass) Isolation Resource Cleanup Verification > docker resource cleanup > should keep docker container running when keepAlive is true [1955.62ms]
Code Coverage (JavaScript)	UNKNOWN STEP	2026-08-10T10:44:06.5165517Z 
Code Coverage (JavaScript)	UNKNOWN STEP	2026-08-10T10:44:06.5166212Z ##[endgroup]
Code Coverage (JavaScript)	UNKNOWN STEP	2026-08-10T10:44:06.5167745Z 
Code Coverage (JavaScript)	UNKNOWN STEP	2026-08-10T10:44:06.5168663Z ##[group]test/isolation-log-utils.js:
Code Coverage (JavaScript)	UNKNOWN STEP	2026-08-10T10:44:06.5192033Z (pass) isolation-log-utils > getTimestamp > should return a non-empty string [0.11ms]
Code Coverage (JavaScript)	UNKNOWN STEP	2026-08-10T10:44:06.5197812Z (pass) isolation-log-utils > getTimestamp > should return a timestamp without T or Z (ISO-like but space-separated) [0.05ms]
Code Coverage (JavaScript)	UNKNOWN STEP	2026-08-10T10:44:06.5199434Z (pass) isolation-log-utils > getTimestamp > should contain date-like content (numbers and dashes) [0.08ms]
Code Coverage (JavaScript)	UNKNOWN STEP	2026-08-10T10:44:06.5200901Z (pass) isolation-log-utils > getTimestamp > should return different values on successive calls (or same within same ms) [0.05ms]
Code Coverage (JavaScript)	UNKNOWN STEP	2026-08-10T10:44:06.5201964Z (pass) isolation-log-utils > generateLogFilename > should return a string ending with .log [0.11ms]
Code Coverage (JavaScript)	UNKNOWN STEP	2026-08-10T10:44:06.5203055Z (pass) isolation-log-utils > generateLogFilename > should include the environment name in the filename [0.04ms]
Code Coverage (JavaScript)	UNKNOWN STEP	2026-08-10T10:44:06.5204007Z (pass) isolation-log-utils > generateLogFilename > should start with "start-command-" [0.03ms]
Code Coverage (JavaScript)	UNKNOWN STEP	2026-08-10T10:44:06.5205317Z (pass) isolation-log-utils > generateLogFilename > should generate unique filenames on successive calls [0.03ms]
Code Coverage (JavaScript)	UNKNOWN STEP	2026-08-10T10:44:06.5206877Z (pass) isolation-log-utils > generateLogFilename > should handle different environment names [0.10ms]
Code Coverage (JavaScript)	UNKNOWN STEP	2026-08-10T10:44:06.5208057Z (pass) isolation-log-utils > createLogHeader > should return a non-empty string [0.20ms]
Code Coverage (JavaScript)	UNKNOWN STEP	2026-08-10T10:44:06.5209211Z (pass) isolation-log-utils > createLogHeader > should include the command in the header [0.04ms]
Code Coverage (JavaScript)	UNKNOWN STEP	2026-08-10T10:44:06.5210398Z (pass) isolation-log-utils > createLogHeader > should include the environment in the header [0.03ms]
Code Coverage (JavaScript)	UNKNOWN STEP	2026-08-10T10:44:06.5211355Z (pass) isolation-log-utils > createLogHeader > should include the session name in the header [0.04ms]
Code Coverage (JavaScript)	UNKNOWN STEP	2026-08-10T10:44:06.5212014Z (pass) isolation-log-utils > createLogHeader > should include the mode in the header [0.03ms]
Code Coverage (JavaScript)	UNKNOWN STEP	2026-08-10T10:44:06.5212824Z (pass) isolation-log-utils > createLogHeader > should include image field when provided [0.05ms]
Code Coverage (JavaScript)	UNKNOWN STEP	2026-08-10T10:44:06.5213628Z (pass) isolation-log-utils > createLogHeader > should include user field when provided [0.04ms]
Code Coverage (JavaScript)	UNKNOWN STEP	2026-08-10T10:44:06.5214358Z (pass) isolation-log-utils > createLogHeader > should NOT include Image line when image is not provided [0.05ms]
Code Coverage (JavaScript)	UNKNOWN STEP	2026-08-10T10:44:06.5215158Z (pass) isolation-log-utils > createLogHeader > should contain separator line [0.04ms]
Code Coverage (JavaScript)	UNKNOWN STEP	2026-08-10T10:44:06.5215862Z (pass) isolation-log-utils > createLogFooter > should return a non-empty string [0.06ms]
Code Coverage (JavaScript)	UNKNOWN STEP	2026-08-10T10:44:06.5216903Z (pass) isolation-log-utils > createLogFooter > should include the exit code [0.04ms]
Code Coverage (JavaScript)	UNKNOWN STEP	2026-08-10T10:44:06.5217679Z (pass) isolation-log-utils > createLogFooter > should include exit code 0 [0.03ms]
Code Coverage (JavaScript)	UNKNOWN STEP	2026-08-10T10:44:06.5218283Z (pass) isolation-log-utils > createLogFooter > should include the end time [0.03ms]
Code Coverage (JavaScript)	UNKNOWN STEP	2026-08-10T10:44:06.5220587Z (pass) isolation-log-utils > createLogFooter > should contain separator line [0.03ms]
Code Coverage (JavaScript)	UNKNOWN STEP	2026-08-10T10:44:06.5221586Z (pass) isolation-log-utils > getLogDir > should return a string [0.06ms]
Code Coverage (JavaScript)	UNKNOWN STEP	2026-08-10T10:44:06.5222519Z (pass) isolation-log-utils > getLogDir > should return a non-empty path [0.04ms]
Code Coverage (JavaScript)	UNKNOWN STEP	2026-08-10T10:44:06.5223624Z (pass) isolation-log-utils > getLogDir > should use START_LOG_DIR env var when set [0.10ms]
Code Coverage (JavaScript)	UNKNOWN STEP	2026-08-10T10:44:06.5225028Z (pass) isolation-log-utils > getLogDir > should fall back to /tmp/start-command/logs when START_LOG_DIR is not set [0.09ms]
Code Coverage (JavaScript)	UNKNOWN STEP	2026-08-10T10:44:06.5226607Z (pass) isolation-log-utils > createLogPath > should return a string ending with .log [0.14ms]
Code Coverage (JavaScript)	UNKNOWN STEP	2026-08-10T10:44:06.5227683Z (pass) isolation-log-utils > createLogPath > should return an absolute path [0.06ms]
Code Coverage (JavaScript)	UNKNOWN STEP	2026-08-10T10:44:06.5228756Z (pass) isolation-log-utils > createLogPath > should include the environment name [0.05ms]
Code Coverage (JavaScript)	UNKNOWN STEP	2026-08-10T10:44:06.5229859Z (pass) isolation-log-utils > createLogPath > should be under the log directory [0.05ms]
Code Coverage (JavaScript)	UNKNOWN STEP	2026-08-10T10:44:06.5230687Z (pass) isolation-log-utils > createLogPath > should create stable isolation log path when execution id is provided [0.05ms]
Code Coverage (JavaScript)	UNKNOWN STEP	2026-08-10T10:44:06.5231903Z (pass) isolation-log-utils > createLogPath > should create stable direct log path without duplicated environment segment [0.04ms]
Code Coverage (JavaScript)	UNKNOWN STEP	2026-08-10T10:44:06.5232584Z 
Code Coverage (JavaScript)	UNKNOWN STEP	2026-08-10T10:44:06.5232891Z ##[endgroup]
Code Coverage (JavaScript)	UNKNOWN STEP	2026-08-10T10:44:06.5233011Z 
Code Coverage (JavaScript)	UNKNOWN STEP	2026-08-10T10:44:06.5233261Z ##[group]test/isolation-stacking.js:
Code Coverage (JavaScript)	UNKNOWN STEP	2026-08-10T10:44:06.5249655Z (pass) Isolation Stacking - Args Parser > parseArgs with stacked --isolated > should parse single isolation (backward compatible) [0.15ms]
Code Coverage (JavaScript)	UNKNOWN STEP	2026-08-10T10:44:06.5266978Z (pass) Isolation Stacking - Args Parser > parseArgs with stacked --isolated > should parse multi-level isolation [0.16ms]
Code Coverage (JavaScript)	UNKNOWN STEP	2026-08-10T10:44:06.5277936Z (pass) Isolation Stacking - Args Parser > parseArgs with stacked --isolated > should parse 5-level isolation [0.17ms]
Code Coverage (JavaScript)	UNKNOWN STEP	2026-08-10T10:44:06.5279214Z (pass) Isolation Stacking - Args Parser > parseArgs with stacked --isolated > should parse --isolated=value syntax [0.07ms]
Code Coverage (JavaScript)	UNKNOWN STEP	2026-08-10T10:44:06.5280800Z (pass) Isolation Stacking - Args Parser > parseArgs with stacked --image > should parse single image (backward compatible) [0.12ms]
Code Coverage (JavaScript)	UNKNOWN STEP	2026-08-10T10:44:06.5282268Z (pass) Isolation Stacking - Args Parser > parseArgs with stacked --image > should parse image sequence with placeholders [0.07ms]
Code Coverage (JavaScript)	UNKNOWN STEP	2026-08-10T10:44:06.5283371Z (pass) Isolation Stacking - Args Parser > parseArgs with stacked --image > should parse --image=value syntax [0.06ms]
Code Coverage (JavaScript)	UNKNOWN STEP	2026-08-10T10:44:06.5284869Z (pass) Isolation Stacking - Args Parser > parseArgs with stacked --endpoint > should parse single endpoint (backward compatible) [0.09ms]
Code Coverage (JavaScript)	UNKNOWN STEP	2026-08-10T10:44:06.5286009Z (pass) Isolation Stacking - Args Parser > parseArgs with stacked --endpoint > should parse endpoint sequence with placeholders [0.13ms]
Code Coverage (JavaScript)	UNKNOWN STEP	2026-08-10T10:44:06.5287451Z (pass) Isolation Stacking - Args Parser > hasStackedIsolation > should return true for multi-level [0.13ms]
Code Coverage (JavaScript)	UNKNOWN STEP	2026-08-10T10:44:06.5288739Z (pass) Isolation Stacking - Args Parser > hasStackedIsolation > should return false for single level [0.09ms]
Code Coverage (JavaScript)	UNKNOWN STEP	2026-08-10T10:44:06.5290017Z (pass) Isolation Stacking - Args Parser > hasStackedIsolation > should return false for no isolation [0.06ms]
Code Coverage (JavaScript)	UNKNOWN STEP	2026-08-10T10:44:06.5291363Z (pass) Isolation Stacking - Validation > validateOptions > should validate single backend (backward compatible) [0.27ms]
Code Coverage (JavaScript)	UNKNOWN STEP	2026-08-10T10:44:06.5292668Z (pass) Isolation Stacking - Validation > validateOptions > should validate multi-level stack [0.20ms]
Code Coverage (JavaScript)	UNKNOWN STEP	2026-08-10T10:44:06.5298967Z (pass) Isolation Stacking - Validation > validateOptions > should throw on invalid backend in stack [0.15ms]
Code Coverage (JavaScript)	UNKNOWN STEP	2026-08-10T10:44:06.5302542Z (pass) Isolation Stacking - Validation > validateOptions > should throw on missing SSH endpoint [0.09ms]
Code Coverage (JavaScript)	UNKNOWN STEP	2026-08-10T10:44:06.5303282Z (pass) Isolation Stacking - Validation > validateOptions > should throw on image/stack length mismatch [0.11ms]
Code Coverage (JavaScript)	UNKNOWN STEP	2026-08-10T10:44:06.5303997Z (pass) Isolation Stacking - Validation > validateOptions > should throw on depth exceeding limit [0.08ms]
Code Coverage (JavaScript)	UNKNOWN STEP	2026-08-10T10:44:06.5304704Z (pass) Isolation Stacking - Validation > validateOptions > should distribute single image to all levels [0.11ms]
Code Coverage (JavaScript)	UNKNOWN STEP	2026-08-10T10:44:06.5305459Z (pass) Isolation Stacking - Validation > validateOptions > should apply default docker image for each docker level [0.08ms]
Code Coverage (JavaScript)	UNKNOWN STEP	2026-08-10T10:44:06.5306245Z (pass) Isolation Stacking - Validation > validateOptions > should throw if image provided but no docker in stack [0.12ms]
Code Coverage (JavaScript)	UNKNOWN STEP	2026-08-10T10:44:06.5307460Z (pass) Isolation Stacking - Validation > validateOptions > should throw if endpoint provided but no ssh in stack [0.12ms]
Code Coverage (JavaScript)	UNKNOWN STEP	2026-08-10T10:44:06.5308179Z (pass) Isolation Stacking - Backward Compatibility > should work with existing docker command [0.08ms]
Code Coverage (JavaScript)	UNKNOWN STEP	2026-08-10T10:44:06.5308824Z (pass) Isolation Stacking - Backward Compatibility > should work with existing ssh command [0.05ms]
Code Coverage (JavaScript)	UNKNOWN STEP	2026-08-10T10:44:06.5309468Z (pass) Isolation Stacking - Backward Compatibility > should work with existing screen command [0.07ms]
Code Coverage (JavaScript)	UNKNOWN STEP	2026-08-10T10:44:06.5310085Z (pass) Isolation Stacking - Backward Compatibility > should work with -i shorthand [0.03ms]
Code Coverage (JavaScript)	UNKNOWN STEP	2026-08-10T10:44:06.5311003Z (pass) Isolation Stacking - Backward Compatibility > should work with attached mode [0.05ms]
Code Coverage (JavaScript)	UNKNOWN STEP	2026-08-10T10:44:06.5329081Z (pass) Isolation Stacking - Backward Compatibility > should work with session name [0.04ms]
Code Coverage (JavaScript)	UNKNOWN STEP	2026-08-10T10:44:06.5334900Z (pass) Isolation Stacking - Backward Compatibility > should work with session-id [0.14ms]
Code Coverage (JavaScript)	UNKNOWN STEP	2026-08-10T10:44:06.5337963Z 
Code Coverage (JavaScript)	UNKNOWN STEP	2026-08-10T10:44:06.5338422Z ##[endgroup]
Code Coverage (JavaScript)	UNKNOWN STEP	2026-08-10T10:44:06.5338545Z 
Code Coverage (JavaScript)	UNKNOWN STEP	2026-08-10T10:44:06.5338788Z ##[group]test/isolation.js:
Code Coverage (JavaScript)	UNKNOWN STEP	2026-08-10T10:44:06.5339857Z (pass) Isolation Module > wrapCommandWithUser > should return command unchanged when user is null [0.08ms]
Code Coverage (JavaScript)	UNKNOWN STEP	2026-08-10T10:44:06.5341242Z (pass) Isolation Module > wrapCommandWithUser > should wrap command with sudo when user is specified [0.10ms]
Code Coverage (JavaScript)	UNKNOWN STEP	2026-08-10T10:44:06.5342533Z (pass) Isolation Module > wrapCommandWithUser > should escape single quotes in command [0.05ms]
Code Coverage (JavaScript)	UNKNOWN STEP	2026-08-10T10:44:06.5343633Z (pass) Isolation Module > wrapCommandWithUser > should use non-interactive sudo [0.04ms]
Code Coverage (JavaScript)	UNKNOWN STEP	2026-08-10T10:44:06.5364867Z (pass) Isolation Module > isCommandAvailable > should return true for common commands (echo) [2.58ms]
Code Coverage (JavaScript)	UNKNOWN STEP	2026-08-10T10:44:06.5383592Z (pass) Isolation Module > isCommandAvailable > should return true for node [1.85ms]
Code Coverage (JavaScript)	UNKNOWN STEP	2026-08-10T10:44:06.5402594Z (pass) Isolation Module > isCommandAvailable > should return false for non-existent command [1.85ms]
Code Coverage (JavaScript)	UNKNOWN STEP	2026-08-10T10:44:06.5418651Z (pass) Isolation Module > isCommandAvailable > should return false for empty command [1.59ms]
Code Coverage (JavaScript)	UNKNOWN STEP	2026-08-10T10:44:06.5419481Z (pass) Isolation Module > hasTTY > should return a boolean [0.06ms]
Code Coverage (JavaScript)	UNKNOWN STEP	2026-08-10T10:44:06.5420829Z   hasTTY: false
Code Coverage (JavaScript)	UNKNOWN STEP	2026-08-10T10:44:06.5421301Z (pass) Isolation Module > hasTTY > should return false when running in test environment (no TTY) [0.05ms]
Code Coverage (JavaScript)	UNKNOWN STEP	2026-08-10T10:44:06.5435356Z   screen available: true
Code Coverage (JavaScript)	UNKNOWN STEP	2026-08-10T10:44:06.5436123Z (pass) Isolation Module > isolation environment checks > should check if screen is available [1.56ms]
Code Coverage (JavaScript)	UNKNOWN STEP	2026-08-10T10:44:06.5452889Z   tmux available: true
Code Coverage (JavaScript)	UNKNOWN STEP	2026-08-10T10:44:06.5453549Z (pass) Isolation Module > isolation environment checks > should check if tmux is available [1.62ms]
Code Coverage (JavaScript)	UNKNOWN STEP	2026-08-10T10:44:06.5470685Z   docker available: true
Code Coverage (JavaScript)	UNKNOWN STEP	2026-08-10T10:44:06.5471883Z (pass) Isolation Module > isolation environment checks > should check if docker is available [1.81ms]
Code Coverage (JavaScript)	UNKNOWN STEP	2026-08-10T10:44:06.5486791Z   ssh available: true
Code Coverage (JavaScript)	UNKNOWN STEP	2026-08-10T10:44:06.5487279Z (pass) Isolation Module > isolation environment checks > should check if ssh is available [1.70ms]
Code Coverage (JavaScript)	UNKNOWN STEP	2026-08-10T10:44:06.5534888Z   Detected screen version: 4.9.1
Code Coverage (JavaScript)	UNKNOWN STEP	2026-08-10T10:44:06.5535672Z (pass) Isolation Module > getScreenVersion > should return version object or null [4.80ms]
Code Coverage (JavaScript)	UNKNOWN STEP	2026-08-10T10:44:06.5565784Z (pass) Isolation Module > getScreenVersion > should cache the version result [3.05ms]
Code Coverage (JavaScript)	UNKNOWN STEP	2026-08-10T10:44:06.5594948Z   supportsLogfileOption: true
Code Coverage (JavaScript)	UNKNOWN STEP	2026-08-10T10:44:06.5595729Z (pass) Isolation Module > supportsLogfileOption > should return boolean [2.91ms]
Code Coverage (JavaScript)	UNKNOWN STEP	2026-08-10T10:44:06.5624320Z   Version 4.9.1: -Logfile supported = true
Code Coverage (JavaScript)	UNKNOWN STEP	2026-08-10T10:44:06.5625165Z (pass) Isolation Module > supportsLogfileOption > should return true for screen >= 4.5.1 [2.96ms]
Code Coverage (JavaScript)	UNKNOWN STEP	2026-08-10T10:44:06.5641145Z   Skipping: screen is installed
Code Coverage (JavaScript)	UNKNOWN STEP	2026-08-10T10:44:06.5642037Z (pass) Isolation Runner Error Handling > runInScreen > should return informative error if screen is not installed [1.70ms]
Code Coverage (JavaScript)	UNKNOWN STEP	2026-08-10T10:44:06.5657834Z   Skipping: tmux is installed
Code Coverage (JavaScript)	UNKNOWN STEP	2026-08-10T10:44:06.5658517Z (pass) Isolation Runner Error Handling > runInTmux > should return informative error if tmux is not installed [1.66ms]
Code Coverage (JavaScript)	UNKNOWN STEP	2026-08-10T10:44:06.5674695Z   Skipping: docker is installed
Code Coverage (JavaScript)	UNKNOWN STEP	2026-08-10T10:44:06.5675726Z (pass) Isolation Runner Error Handling > runInDocker > should return informative error if docker is not installed [1.66ms]
Code Coverage (JavaScript)	UNKNOWN STEP	2026-08-10T10:44:06.6761747Z (pass) Isolation Runner Error Handling > runInDocker > should require image option [108.62ms]
Code Coverage (JavaScript)	UNKNOWN STEP	2026-08-10T10:44:06.6781097Z   Skipping: ssh is installed
Code Coverage (JavaScript)	UNKNOWN STEP	2026-08-10T10:44:06.6782612Z (pass) Isolation Runner Error Handling > runInSsh > should return informative error if ssh is not installed [2.00ms]
Code Coverage (JavaScript)	UNKNOWN STEP	2026-08-10T10:44:06.6802400Z (pass) Isolation Runner Error Handling > runInSsh > should require endpoint option [2.04ms]
Code Coverage (JavaScript)	UNKNOWN STEP	2026-08-10T10:44:06.6909604Z (pass) Isolation Keep-Alive Behavior > runInScreen keep-alive messages > should include auto-exit message by default in detached mode [10.71ms]
Code Coverage (JavaScript)	UNKNOWN STEP	2026-08-10T10:44:06.7014482Z (pass) Isolation Keep-Alive Behavior > runInScreen keep-alive messages > should include keep-alive message when keepAlive is true [10.45ms]
Code Coverage (JavaScript)	UNKNOWN STEP	2026-08-10T10:44:06.7205068Z (pass) Isolation Keep-Alive Behavior > runInTmux keep-alive messages > should include auto-exit message by default in detached mode [19.09ms]
Code Coverage (JavaScript)	UNKNOWN STEP	2026-08-10T10:44:06.7412104Z (pass) Isolation Keep-Alive Behavior > runInTmux keep-alive messages > should include keep-alive message when keepAlive is true [20.24ms]
Code Coverage (JavaScript)	UNKNOWN STEP	2026-08-10T10:44:07.4575296Z $ echo test
Code Coverage (JavaScript)	UNKNOWN STEP	2026-08-10T10:44:07.4575576Z 
Code Coverage (JavaScript)	UNKNOWN STEP	2026-08-10T10:44:07.6604127Z (pass) Isolation Keep-Alive Behavior > runInDocker keep-alive messages > should include auto-exit message by default in detached mode [919.07ms]
Code Coverage (JavaScript)	UNKNOWN STEP	2026-08-10T10:44:08.3916613Z $ echo test
Code Coverage (JavaScript)	UNKNOWN STEP	2026-08-10T10:44:08.3916807Z 
Code Coverage (JavaScript)	UNKNOWN STEP	2026-08-10T10:44:08.6140026Z (pass) Isolation Keep-Alive Behavior > runInDocker keep-alive messages > should include keep-alive message when keepAlive is true [954.04ms]
Code Coverage (JavaScript)	UNKNOWN STEP	2026-08-10T10:44:08.6396209Z (pass) Isolation Runner with Available Backends > runInTmux (if available) > should run command in detached tmux session [25.60ms]
Code Coverage (JavaScript)	UNKNOWN STEP	2026-08-10T10:44:08.6399973Z (pass) Isolation Runner with Available Backends > runIsolated dispatcher > should dispatch to correct backend [0.47ms]
Code Coverage (JavaScript)	UNKNOWN STEP	2026-08-10T10:44:09.3201103Z $ echo test
Code Coverage (JavaScript)	UNKNOWN STEP	2026-08-10T10:44:09.3201523Z 
Code Coverage (JavaScript)	UNKNOWN STEP	2026-08-10T10:44:09.4462759Z test
Code Coverage (JavaScript)	UNKNOWN STEP	2026-08-10T10:44:09.5566700Z (pass) Isolation Runner with Available Backends > runIsolated dispatcher > should pass options to backend [916.60ms]
Code Coverage (JavaScript)	UNKNOWN STEP	2026-08-10T10:44:09.5568525Z (pass) Default Docker Image Detection > getDefaultDockerImage > should return a valid Docker image string [0.26ms]
Code Coverage (JavaScript)	UNKNOWN STEP	2026-08-10T10:44:09.5574852Z (pass) Default Docker Image Detection > getDefaultDockerImage > should return an image with a tag [0.09ms]
Code Coverage (JavaScript)	UNKNOWN STEP	2026-08-10T10:44:09.5576117Z (pass) Default Docker Image Detection > getDefaultDockerImage > should return a known base image [0.08ms]
Code Coverage (JavaScript)	UNKNOWN STEP	2026-08-10T10:44:09.5577223Z (pass) detectShellInEnvironment > should return the forced shell when shellPreference is not auto [0.04ms]
Code Coverage (JavaScript)	UNKNOWN STEP	2026-08-10T10:44:09.5577995Z (pass) detectShellInEnvironment > should return zsh when shellPreference is zsh [0.03ms]
Code Coverage (JavaScript)	UNKNOWN STEP	2026-08-10T10:44:09.5578656Z (pass) detectShellInEnvironment > should return sh when shellPreference is sh [0.02ms]
Code Coverage (JavaScript)	UNKNOWN STEP	2026-08-10T10:44:09.5579281Z (pass) detectShellInEnvironment > should return sh fallback when docker image is not provided [0.03ms]
Code Coverage (JavaScript)	UNKNOWN STEP	2026-08-10T10:44:09.5579943Z (pass) detectShellInEnvironment > should return sh fallback when ssh endpoint is not provided [0.02ms]
Code Coverage (JavaScript)	UNKNOWN STEP	2026-08-10T10:44:09.5580581Z (pass) detectShellInEnvironment > should return sh fallback for unknown environment [0.02ms]
Code Coverage (JavaScript)	UNKNOWN STEP	2026-08-10T10:44:10.1551148Z   Detected shell in alpine:latest: /bin/sh
Code Coverage (JavaScript)	UNKNOWN STEP	2026-08-10T10:44:10.1552105Z (pass) detectShellInEnvironment > should auto-detect shell in docker if docker is available [597.85ms]
Code Coverage (JavaScript)	UNKNOWN STEP	2026-08-10T10:44:10.1553318Z (pass) detectShellInEnvironment > should read shell preference from options.shell [0.17ms]
Code Coverage (JavaScript)	UNKNOWN STEP	2026-08-10T10:44:10.2475304Z $ echo test
Code Coverage (JavaScript)	UNKNOWN STEP	2026-08-10T10:44:10.2475564Z 
Code Coverage (JavaScript)	UNKNOWN STEP	2026-08-10T10:44:10.3731327Z   runInDocker with --shell sh result: true
Code Coverage (JavaScript)	UNKNOWN STEP	2026-08-10T10:44:10.3733324Z (pass) Shell option forwarding to isolation runners > runInDocker shell option > should accept shell option in options object [217.83ms]
Code Coverage (JavaScript)	UNKNOWN STEP	2026-08-10T10:44:10.3755377Z (pass) Shell option forwarding to isolation runners > runInSsh shell option > should accept shell option in options object [2.40ms]
Code Coverage (JavaScript)	UNKNOWN STEP	2026-08-10T10:44:10.3781240Z (pass) Shell option forwarding to isolation runners > runInSsh shell option > should use auto mode when shell option is auto [2.29ms]
Code Coverage (JavaScript)	UNKNOWN STEP	2026-08-10T10:44:10.3792092Z (pass) isInteractiveShellCommand (issue #84) > should return true for "bash" [0.06ms]
Code Coverage (JavaScript)	UNKNOWN STEP	2026-08-10T10:44:10.3793777Z (pass) isInteractiveShellCommand (issue #84) > should return true for "zsh" [0.03ms]
Code Coverage (JavaScript)	UNKNOWN STEP	2026-08-10T10:44:10.3795690Z (pass) isInteractiveShellCommand (issue #84) > should return true for "sh" [0.02ms]
Code Coverage (JavaScript)	UNKNOWN STEP	2026-08-10T10:44:10.3797563Z (pass) isInteractiveShellCommand (issue #84) > should return true for "/bin/bash" [0.03ms]
Code Coverage (JavaScript)	UNKNOWN STEP	2026-08-10T10:44:10.3799058Z (pass) isInteractiveShellCommand (issue #84) > should return true for "/usr/bin/zsh" [0.02ms]
Code Coverage (JavaScript)	UNKNOWN STEP	2026-08-10T10:44:10.3800395Z (pass) isInteractiveShellCommand (issue #84) > should return true for "bash -l" (login flag, no -c) [0.02ms]
Code Coverage (JavaScript)	UNKNOWN STEP	2026-08-10T10:44:10.3801740Z (pass) isInteractiveShellCommand (issue #84) > should return false for "bash -c echo" [0.02ms]
Code Coverage (JavaScript)	UNKNOWN STEP	2026-08-10T10:44:10.3802767Z (pass) isInteractiveShellCommand (issue #84) > should return false for "bash -c 'echo hi'" [0.02ms]
Code Coverage (JavaScript)	UNKNOWN STEP	2026-08-10T10:44:10.3803410Z (pass) isInteractiveShellCommand (issue #84) > should return false for "npm test" [0.02ms]
Code Coverage (JavaScript)	UNKNOWN STEP	2026-08-10T10:44:10.3804054Z (pass) isInteractiveShellCommand (issue #84) > should return false for "echo hello" [0.03ms]
Code Coverage (JavaScript)	UNKNOWN STEP	2026-08-10T10:44:10.3804902Z (pass) isInteractiveShellCommand (issue #84) > should return false for "ls -la" [0.03ms]
Code Coverage (JavaScript)	UNKNOWN STEP	2026-08-10T10:44:10.3805950Z (pass) isInteractiveShellCommand (issue #84) > should return false for empty string [0.02ms]
Code Coverage (JavaScript)	UNKNOWN STEP	2026-08-10T10:44:10.3807305Z (pass) isInteractiveShellCommand (issue #84) > should return false for "  " [0.07ms]
Code Coverage (JavaScript)	UNKNOWN STEP	2026-08-10T10:44:10.3807984Z 
Code Coverage (JavaScript)	UNKNOWN STEP	2026-08-10T10:44:10.3808485Z ##[endgroup]
Code Coverage (JavaScript)	UNKNOWN STEP	2026-08-10T10:44:10.3808668Z 
Code Coverage (JavaScript)	UNKNOWN STEP	2026-08-10T10:44:10.3809088Z ##[group]test/merge-changesets.mjs:
Code Coverage (JavaScript)	UNKNOWN STEP	2026-08-10T10:44:10.3868278Z Working directory: /tmp/merge-changesets-ByJTVg
Code Coverage (JavaScript)	UNKNOWN STEP	2026-08-10T10:44:10.3888450Z Changeset directory: /tmp/merge-changesets-ByJTVg/.changeset
Code Coverage (JavaScript)	UNKNOWN STEP	2026-08-10T10:44:10.3897679Z Package name: start-command
Code Coverage (JavaScript)	UNKNOWN STEP	2026-08-10T10:44:10.3898640Z Found 0 changeset file(s)
Code Coverage (JavaScript)	UNKNOWN STEP	2026-08-10T10:44:10.3899537Z No merging needed (0 or 1 changeset found)
Code Coverage (JavaScript)	UNKNOWN STEP	2026-08-10T10:44:10.3900922Z (pass) mergeChangesetsIn > does nothing with zero changesets [2.48ms]
Code Coverage (JavaScript)	UNKNOWN STEP	2026-08-10T10:44:10.3902310Z Working directory: /tmp/merge-changesets-4BbVQq
Code Coverage (JavaScript)	UNKNOWN STEP	2026-08-10T10:44:10.3903345Z Changeset directory: /tmp/merge-changesets-4BbVQq/.changeset
Code Coverage (JavaScript)	UNKNOWN STEP	2026-08-10T10:44:10.3904303Z Package name: start-command
Code Coverage (JavaScript)	UNKNOWN STEP	2026-08-10T10:44:10.3905355Z Found 1 changeset file(s)
Code Coverage (JavaScript)	UNKNOWN STEP	2026-08-10T10:44:10.3906006Z No merging needed (0 or 1 changeset found)
Code Coverage (JavaScript)	UNKNOWN STEP	2026-08-10T10:44:10.3907175Z (pass) mergeChangesetsIn > does nothing with a single changeset [0.68ms]
Code Coverage (JavaScript)	UNKNOWN STEP	2026-08-10T10:44:10.3908203Z Working directory: /tmp/merge-changesets-Mk40PL
Code Coverage (JavaScript)	UNKNOWN STEP	2026-08-10T10:44:10.3913999Z Changeset directory: /tmp/merge-changesets-Mk40PL/.changeset
Code Coverage (JavaScript)	UNKNOWN STEP	2026-08-10T10:44:10.3914762Z Package name: start-command
Code Coverage (JavaScript)	UNKNOWN STEP	2026-08-10T10:44:10.3915335Z Found 2 changeset file(s)
Code Coverage (JavaScript)	UNKNOWN STEP	2026-08-10T10:44:10.3915841Z Multiple changesets found, merging...
Code Coverage (JavaScript)	UNKNOWN STEP	2026-08-10T10:44:10.3916605Z   - b.md
Code Coverage (JavaScript)	UNKNOWN STEP	2026-08-10T10:44:10.3917096Z   - a.md
Code Coverage (JavaScript)	UNKNOWN STEP	2026-08-10T10:44:10.3917311Z 
Code Coverage (JavaScript)	UNKNOWN STEP	2026-08-10T10:44:10.3917476Z Merge summary:
Code Coverage (JavaScript)	UNKNOWN STEP	2026-08-10T10:44:10.3917939Z   Bump types found: minor, patch
Code Coverage (JavaScript)	UNKNOWN STEP	2026-08-10T10:44:10.3918453Z   Using highest: minor
Code Coverage (JavaScript)	UNKNOWN STEP	2026-08-10T10:44:10.3918901Z   Descriptions to merge: 2
Code Coverage (JavaScript)	UNKNOWN STEP	2026-08-10T10:44:10.3919185Z 
Code Coverage (JavaScript)	UNKNOWN STEP	2026-08-10T10:44:10.3919417Z Created merged changeset: merged-gold-rock.md
Code Coverage (JavaScript)	UNKNOWN STEP	2026-08-10T10:44:10.3919825Z 
Code Coverage (JavaScript)	UNKNOWN STEP	2026-08-10T10:44:10.3920036Z Removing original changeset files:
Code Coverage (JavaScript)	UNKNOWN STEP	2026-08-10T10:44:10.3920597Z   Removed: b.md
Code Coverage (JavaScript)	UNKNOWN STEP	2026-08-10T10:44:10.3921068Z   Removed: a.md
Code Coverage (JavaScript)	UNKNOWN STEP	2026-08-10T10:44:10.3921327Z 
Code Coverage (JavaScript)	UNKNOWN STEP	2026-08-10T10:44:10.3921528Z Changeset merge completed successfully
Code Coverage (JavaScript)	UNKNOWN STEP	2026-08-10T10:44:10.3921883Z 
Code Coverage (JavaScript)	UNKNOWN STEP	2026-08-10T10:44:10.3922057Z Merged changeset content:
Code Coverage (JavaScript)	UNKNOWN STEP	2026-08-10T10:44:10.3922463Z ---
Code Coverage (JavaScript)	UNKNOWN STEP	2026-08-10T10:44:10.3922829Z 'start-command': minor
Code Coverage (JavaScript)	UNKNOWN STEP	2026-08-10T10:44:10.3923219Z ---
Code Coverage (JavaScript)	UNKNOWN STEP	2026-08-10T10:44:10.3923400Z 
Code Coverage (JavaScript)	UNKNOWN STEP	2026-08-10T10:44:10.3923545Z Feature B
Code Coverage (JavaScript)	UNKNOWN STEP	2026-08-10T10:44:10.3923743Z 
Code Coverage (JavaScript)	UNKNOWN STEP	2026-08-10T10:44:10.3923890Z Fix A
Code Coverage (JavaScript)	UNKNOWN STEP	2026-08-10T10:44:10.3924092Z 
Code Coverage (JavaScript)	UNKNOWN STEP	2026-08-10T10:44:10.3924918Z (pass) mergeChangesetsIn > merges multiple changesets into a single file with the highest bump [1.48ms]
Code Coverage (JavaScript)	UNKNOWN STEP	2026-08-10T10:44:10.3925963Z Working directory: /tmp/merge-changesets-fCirU9
Code Coverage (JavaScript)	UNKNOWN STEP	2026-08-10T10:44:10.3927036Z Changeset directory: /tmp/merge-changesets-fCirU9/.changeset
Code Coverage (JavaScript)	UNKNOWN STEP	2026-08-10T10:44:10.3927728Z Package name: start-command
Code Coverage (JavaScript)	UNKNOWN STEP	2026-08-10T10:44:10.3928846Z Found 3 changeset file(s)
Code Coverage (JavaScript)	UNKNOWN STEP	2026-08-10T10:44:10.3929609Z Multiple changesets found, merging...
Code Coverage (JavaScript)	UNKNOWN STEP	2026-08-10T10:44:10.3930139Z   - b.md
Code Coverage (JavaScript)	UNKNOWN STEP	2026-08-10T10:44:10.3930509Z   - c.md
Code Coverage (JavaScript)	UNKNOWN STEP	2026-08-10T10:44:10.3930859Z   - a.md
Code Coverage (JavaScript)	UNKNOWN STEP	2026-08-10T10:44:10.3931086Z 
Code Coverage (JavaScript)	UNKNOWN STEP	2026-08-10T10:44:10.3931255Z Merge summary:
Code Coverage (JavaScript)	UNKNOWN STEP	2026-08-10T10:44:10.3931691Z   Bump types found: major, minor, patch
Code Coverage (JavaScript)	UNKNOWN STEP	2026-08-10T10:44:10.3932238Z   Using highest: major
Code Coverage (JavaScript)	UNKNOWN STEP	2026-08-10T10:44:10.3932707Z   Descriptions to merge: 3
Code Coverage (JavaScript)	UNKNOWN STEP	2026-08-10T10:44:10.3933000Z 
Code Coverage (JavaScript)	UNKNOWN STEP	2026-08-10T10:44:10.3933252Z Created merged changeset: merged-pink-wind.md
Code Coverage (JavaScript)	UNKNOWN STEP	2026-08-10T10:44:10.3933656Z 
Code Coverage (JavaScript)	UNKNOWN STEP	2026-08-10T10:44:10.3933867Z Removing original changeset files:
Code Coverage (JavaScript)	UNKNOWN STEP	2026-08-10T10:44:10.3934378Z   Removed: b.md
Code Coverage (JavaScript)	UNKNOWN STEP	2026-08-10T10:44:10.3934777Z   Removed: c.md
Code Coverage (JavaScript)	UNKNOWN STEP	2026-08-10T10:44:10.3935182Z   Removed: a.md
Code Coverage (JavaScript)	UNKNOWN STEP	2026-08-10T10:44:10.3935413Z 
Code Coverage (JavaScript)	UNKNOWN STEP	2026-08-10T10:44:10.3935633Z Changeset merge completed successfully
Code Coverage (JavaScript)	UNKNOWN STEP	2026-08-10T10:44:10.3935994Z 
Code Coverage (JavaScript)	UNKNOWN STEP	2026-08-10T10:44:10.3936187Z Merged changeset content:
Code Coverage (JavaScript)	UNKNOWN STEP	2026-08-10T10:44:10.3948069Z ---
Code Coverage (JavaScript)	UNKNOWN STEP	2026-08-10T10:44:10.3948485Z 'start-command': major
Code Coverage (JavaScript)	UNKNOWN STEP	2026-08-10T10:44:10.3948922Z ---
Code Coverage (JavaScript)	UNKNOWN STEP	2026-08-10T10:44:10.3949123Z 
Code Coverage (JavaScript)	UNKNOWN STEP	2026-08-10T10:44:10.3949289Z Breaking
Code Coverage (JavaScript)	UNKNOWN STEP	2026-08-10T10:44:10.3949494Z 
Code Coverage (JavaScript)	UNKNOWN STEP	2026-08-10T10:44:10.3949645Z Feat
Code Coverage (JavaScript)	UNKNOWN STEP	2026-08-10T10:44:10.3949837Z 
Code Coverage (JavaScript)	UNKNOWN STEP	2026-08-10T10:44:10.3949992Z Fix
Code Coverage (JavaScript)	UNKNOWN STEP	2026-08-10T10:44:10.3950180Z 
Code Coverage (JavaScript)	UNKNOWN STEP	2026-08-10T10:44:10.3950587Z (pass) mergeChangesetsIn > chooses major over minor and patch [4.39ms]
Code Coverage (JavaScript)	UNKNOWN STEP	2026-08-10T10:44:10.3951392Z Working directory: /tmp/merge-changesets-other-vl8uPK
Code Coverage (JavaScript)	UNKNOWN STEP	2026-08-10T10:44:10.3952192Z Changeset directory: /tmp/merge-changesets-other-vl8uPK/.changeset
Code Coverage (JavaScript)	UNKNOWN STEP	2026-08-10T10:44:10.3952920Z Package name: some-other-pkg
Code Coverage (JavaScript)	UNKNOWN STEP	2026-08-10T10:44:10.3953408Z Found 2 changeset file(s)
Code Coverage (JavaScript)	UNKNOWN STEP	2026-08-10T10:44:10.3953898Z Multiple changesets found, merging...
Code Coverage (JavaScript)	UNKNOWN STEP	2026-08-10T10:44:10.3954377Z   - b.md
Code Coverage (JavaScript)	UNKNOWN STEP	2026-08-10T10:44:10.3954742Z   - a.md
Code Coverage (JavaScript)	UNKNOWN STEP	2026-08-10T10:44:10.3954946Z 
Code Coverage (JavaScript)	UNKNOWN STEP	2026-08-10T10:44:10.3955120Z Merge summary:
Code Coverage (JavaScript)	UNKNOWN STEP	2026-08-10T10:44:10.3955537Z   Bump types found: minor, patch
Code Coverage (JavaScript)	UNKNOWN STEP	2026-08-10T10:44:10.3956002Z   Using highest: minor
Code Coverage (JavaScript)	UNKNOWN STEP	2026-08-10T10:44:10.3956814Z   Descriptions to merge: 2
Code Coverage (JavaScript)	UNKNOWN STEP	2026-08-10T10:44:10.3957109Z 
Code Coverage (JavaScript)	UNKNOWN STEP	2026-08-10T10:44:10.3957414Z Created merged changeset: merged-fast-wave.md
Code Coverage (JavaScript)	UNKNOWN STEP	2026-08-10T10:44:10.3957813Z 
Code Coverage (JavaScript)	UNKNOWN STEP	2026-08-10T10:44:10.3958014Z Removing original changeset files:
Code Coverage (JavaScript)	UNKNOWN STEP	2026-08-10T10:44:10.3958501Z   Removed: a.md
Code Coverage (JavaScript)	UNKNOWN STEP	2026-08-10T10:44:10.3958876Z   Removed: b.md
Code Coverage (JavaScript)	UNKNOWN STEP	2026-08-10T10:44:10.3959100Z 
Code Coverage (JavaScript)	UNKNOWN STEP	2026-08-10T10:44:10.3959297Z Changeset merge completed successfully
Code Coverage (JavaScript)	UNKNOWN STEP	2026-08-10T10:44:10.3959637Z 
Code Coverage (JavaScript)	UNKNOWN STEP	2026-08-10T10:44:10.3959821Z Merged changeset content:
Code Coverage (JavaScript)	UNKNOWN STEP	2026-08-10T10:44:10.3960247Z ---
Code Coverage (JavaScript)	UNKNOWN STEP	2026-08-10T10:44:10.3960615Z 'some-other-pkg': minor
Code Coverage (JavaScript)	UNKNOWN STEP	2026-08-10T10:44:10.3961020Z ---
Code Coverage (JavaScript)	UNKNOWN STEP	2026-08-10T10:44:10.3961208Z 
Code Coverage (JavaScript)	UNKNOWN STEP	2026-08-10T10:44:10.3961357Z A
Code Coverage (JavaScript)	UNKNOWN STEP	2026-08-10T10:44:10.3963567Z 
Code Coverage (JavaScript)	UNKNOWN STEP	2026-08-10T10:44:10.3963695Z B
Code Coverage (JavaScript)	UNKNOWN STEP	2026-08-10T10:44:10.3963845Z 
Code Coverage (JavaScript)	UNKNOWN STEP	2026-08-10T10:44:10.3964225Z (pass) mergeChangesetsIn > reads package name from package.json (no hardcoded placeholder) [1.18ms]
Code Coverage (JavaScript)	UNKNOWN STEP	2026-08-10T10:44:10.3964973Z (pass) mergeChangesetsIn > throws when .changeset directory is missing [0.67ms]
Code Coverage (JavaScript)	UNKNOWN STEP	2026-08-10T10:44:10.3965339Z 
Code Coverage (JavaScript)	UNKNOWN STEP	2026-08-10T10:44:10.3965709Z ##[endgroup]
Code Coverage (JavaScript)	UNKNOWN STEP	2026-08-10T10:44:10.3965822Z 
Code Coverage (JavaScript)	UNKNOWN STEP	2026-08-10T10:44:10.3966103Z ##[group]test/output-blocks.js:
Code Coverage (JavaScript)	UNKNOWN STEP	2026-08-10T10:44:10.3979706Z === Output Blocks Unit Tests ===
Code Coverage (JavaScript)	UNKNOWN STEP	2026-08-10T10:44:10.3990802Z (pass) output-blocks module > timeline format constants > should export timeline marker character [0.02ms]
Code Coverage (JavaScript)	UNKNOWN STEP	2026-08-10T10:44:10.3992274Z (pass) output-blocks module > timeline format constants > should export spine as alias for backward compatibility [0.01ms]
Code Coverage (JavaScript)	UNKNOWN STEP	2026-08-10T10:44:10.3993597Z (pass) output-blocks module > timeline format constants > should export result markers [0.02ms]
Code Coverage (JavaScript)	UNKNOWN STEP	2026-08-10T10:44:10.3995204Z (pass) output-blocks module > createTimelineLine > should create a line with timeline marker prefix and padded label [0.04ms]
Code Coverage (JavaScript)	UNKNOWN STEP	2026-08-10T10:44:10.3996901Z (pass) output-blocks module > createTimelineLine > should pad labels to 10 characters [0.03ms]
Code Coverage (JavaScript)	UNKNOWN STEP	2026-08-10T10:44:10.3998234Z (pass) output-blocks module > createSpineLine (deprecated alias) > should work as alias for createTimelineLine [0.03ms]
Code Coverage (JavaScript)	UNKNOWN STEP	2026-08-10T10:44:10.3999918Z (pass) output-blocks module > createEmptyTimelineLine > should create just the timeline marker character [0.02ms]
Code Coverage (JavaScript)	UNKNOWN STEP	2026-08-10T10:44:10.4001518Z (pass) output-blocks module > createEmptySpineLine (deprecated alias) > should work as alias for createEmptyTimelineLine [0.04ms]
Code Coverage (JavaScript)	UNKNOWN STEP	2026-08-10T10:44:10.4003044Z (pass) output-blocks module > createCommandLine > should create a line with $ prefix [0.03ms]
Code Coverage (JavaScript)	UNKNOWN STEP	2026-08-10T10:44:10.4004219Z (pass) output-blocks module > getResultMarker > should return success marker for exit code 0 [0.05ms]
Code Coverage (JavaScript)	UNKNOWN STEP	2026-08-10T10:44:10.4005458Z (pass) output-blocks module > getResultMarker > should return failure marker for non-zero exit codes [0.06ms]
Code Coverage (JavaScript)	UNKNOWN STEP	2026-08-10T10:44:10.4006951Z (pass) output-blocks module > parseIsolationMetadata > should parse environment and mode [0.26ms]
Code Coverage (JavaScript)	UNKNOWN STEP	2026-08-10T10:44:10.4008110Z (pass) output-blocks module > parseIsolationMetadata > should parse session name [0.06ms]
Code Coverage (JavaScript)	UNKNOWN STEP	2026-08-10T10:44:10.4009177Z (pass) output-blocks module > parseIsolationMetadata > should parse docker image [0.05ms]
Code Coverage (JavaScript)	UNKNOWN STEP	2026-08-10T10:44:10.4010316Z (pass) output-blocks module > parseIsolationMetadata > should parse all fields together [0.11ms]
Code Coverage (JavaScript)	UNKNOWN STEP	2026-08-10T10:44:10.4011533Z (pass) output-blocks module > generateIsolationLines > should generate lines for docker isolation [0.19ms]
Code Coverage (JavaScript)	UNKNOWN STEP	2026-08-10T10:44:10.4012770Z (pass) output-blocks module > generateIsolationLines > should generate lines for screen isolation [0.06ms]
Code Coverage (JavaScript)	UNKNOWN STEP	2026-08-10T10:44:10.4014096Z (pass) output-blocks module > createStartBlock > should create a start block with session and timestamp [0.14ms]
Code Coverage (JavaScript)	UNKNOWN STEP	2026-08-10T10:44:10.4015403Z (pass) output-blocks module > createStartBlock > should include empty spine line before command [0.17ms]
Code Coverage (JavaScript)	UNKNOWN STEP	2026-08-10T10:44:10.4017187Z (pass) output-blocks module > createStartBlock > should include isolation metadata when provided [0.09ms]
Code Coverage (JavaScript)	UNKNOWN STEP	2026-08-10T10:44:10.4018368Z (pass) output-blocks module > createStartBlock > should include docker metadata correctly [0.08ms]
Code Coverage (JavaScript)	UNKNOWN STEP	2026-08-10T10:44:10.4019691Z (pass) output-blocks module > createFinishBlock > should create a finish block with result marker and metadata [0.37ms]
Code Coverage (JavaScript)	UNKNOWN STEP	2026-08-10T10:44:10.4021083Z (pass) output-blocks module > createFinishBlock > should use failure marker for non-zero exit code [0.12ms]
Code Coverage (JavaScript)	UNKNOWN STEP	2026-08-10T10:44:10.4022236Z (pass) output-blocks module > createFinishBlock > should omit duration when not provided [0.06ms]
Code Coverage (JavaScript)	UNKNOWN STEP	2026-08-10T10:44:10.4023127Z (pass) output-blocks module > createFinishBlock > should repeat isolation metadata in footer [0.16ms]
Code Coverage (JavaScript)	UNKNOWN STEP	2026-08-10T10:44:10.4023840Z (pass) output-blocks module > createFinishBlock > should have log and session as the last two lines [0.12ms]
Code Coverage (JavaScript)	UNKNOWN STEP	2026-08-10T10:44:10.4024762Z (pass) output-blocks module > formatDuration > should format very small durations [0.03ms]
Code Coverage (JavaScript)	UNKNOWN STEP	2026-08-10T10:44:10.4025657Z (pass) output-blocks module > formatDuration > should format millisecond durations [0.03ms]
Code Coverage (JavaScript)	UNKNOWN STEP	2026-08-10T10:44:10.4027045Z (pass) output-blocks module > formatDuration > should format second durations [0.05ms]
Code Coverage (JavaScript)	UNKNOWN STEP	2026-08-10T10:44:10.4028066Z (pass) output-blocks module > formatDuration > should format longer durations with less precision [0.02ms]
Code Coverage (JavaScript)	UNKNOWN STEP	2026-08-10T10:44:10.4029036Z (pass) output-blocks module > escapeForLinksNotation > should not quote simple values [0.08ms]
Code Coverage (JavaScript)	UNKNOWN STEP	2026-08-10T10:44:10.4030033Z (pass) output-blocks module > escapeForLinksNotation > should quote values with spaces [0.03ms]
Code Coverage (JavaScript)	UNKNOWN STEP	2026-08-10T10:44:10.4031186Z (pass) output-blocks module > escapeForLinksNotation > should quote values with colons [0.03ms]
Code Coverage (JavaScript)	UNKNOWN STEP	2026-08-10T10:44:10.4032542Z (pass) output-blocks module > escapeForLinksNotation > should use single quotes for values with double quotes [0.05ms]
Code Coverage (JavaScript)	UNKNOWN STEP	2026-08-10T10:44:10.4033827Z (pass) output-blocks module > escapeForLinksNotation > should use double quotes for values with single quotes [0.03ms]
Code Coverage (JavaScript)	UNKNOWN STEP	2026-08-10T10:44:10.4035258Z (pass) output-blocks module > escapeForLinksNotation > should escape quotes when both types are present [0.11ms]
Code Coverage (JavaScript)	UNKNOWN STEP	2026-08-10T10:44:10.4036142Z (pass) output-blocks module > escapeForLinksNotation > should handle null values [0.44ms]
Code Coverage (JavaScript)	UNKNOWN STEP	2026-08-10T10:44:10.4037959Z (pass) output-blocks module > formatAsNestedLinksNotation > should format simple objects [0.09ms]
Code Coverage (JavaScript)	UNKNOWN STEP	2026-08-10T10:44:10.4038827Z (pass) output-blocks module > formatAsNestedLinksNotation > should quote values with spaces [0.07ms]
Code Coverage (JavaScript)	UNKNOWN STEP	2026-08-10T10:44:10.4039687Z (pass) output-blocks module > formatAsNestedLinksNotation > should handle empty objects [0.07ms]
Code Coverage (JavaScript)	UNKNOWN STEP	2026-08-10T10:44:10.4040294Z (pass) output-blocks module > formatAsNestedLinksNotation > should handle null [0.03ms]
Code Coverage (JavaScript)	UNKNOWN STEP	2026-08-10T10:44:10.4041119Z (pass) output-blocks module > formatAsNestedLinksNotation > should indent nested arrays under their parent key [0.12ms]
Code Coverage (JavaScript)	UNKNOWN STEP	2026-08-10T10:44:10.4042131Z (pass) output-blocks module > Virtual Command API > createVirtualCommandBlock > should create a command line for virtual commands [0.05ms]
Code Coverage (JavaScript)	UNKNOWN STEP	2026-08-10T10:44:10.4043163Z (pass) output-blocks module > Virtual Command API > createVirtualCommandBlock > should behave like createCommandLine [0.03ms]
Code Coverage (JavaScript)	UNKNOWN STEP	2026-08-10T10:44:10.4044086Z (pass) output-blocks module > Virtual Command API > createVirtualCommandResult > should return success marker for true [0.03ms]
Code Coverage (JavaScript)	UNKNOWN STEP	2026-08-10T10:44:10.4045000Z (pass) output-blocks module > Virtual Command API > createVirtualCommandResult > should return failure marker for false [0.02ms]
Code Coverage (JavaScript)	UNKNOWN STEP	2026-08-10T10:44:10.4045973Z (pass) output-blocks module > Virtual Command API > createTimelineSeparator > should create an empty timeline line [0.03ms]
Code Coverage (JavaScript)	UNKNOWN STEP	2026-08-10T10:44:10.4047074Z (pass) output-blocks module > Virtual Command API > createTimelineSeparator > should behave like createEmptyTimelineLine [0.02ms]
Code Coverage (JavaScript)	UNKNOWN STEP	2026-08-10T10:44:10.4048039Z (pass) output-blocks module > createStartBlock with deferCommand > should include command line by default [0.08ms]
Code Coverage (JavaScript)	UNKNOWN STEP	2026-08-10T10:44:10.4048962Z (pass) output-blocks module > createStartBlock with deferCommand > should omit command line when deferCommand is true [0.09ms]
Code Coverage (JavaScript)	UNKNOWN STEP	2026-08-10T10:44:10.4049869Z (pass) output-blocks module > createStartBlock with deferCommand > should end with empty timeline line when deferCommand is true (issue #73) [0.11ms]
Code Coverage (JavaScript)	UNKNOWN STEP	2026-08-10T10:44:10.4050992Z (pass) output-blocks module > Visual Continuity (issue #73) > virtual command block should be followed by empty line for visual separation [0.03ms]
Code Coverage (JavaScript)	UNKNOWN STEP	2026-08-10T10:44:10.4052054Z (pass) output-blocks module > Visual Continuity (issue #73) > timeline separator should be empty timeline line for visual structure [0.02ms]
Code Coverage (JavaScript)	UNKNOWN STEP	2026-08-10T10:44:10.4053387Z (pass) output-blocks module > Visual Continuity (issue #73) > start block with docker isolation should end cleanly for virtual commands [0.08ms]
Code Coverage (JavaScript)	UNKNOWN STEP	2026-08-10T10:44:10.4055074Z (pass) output-blocks module > Visual Continuity (issue #73) > output formatting follows visual continuity pattern [0.07ms]
Code Coverage (JavaScript)	UNKNOWN STEP	2026-08-10T10:44:10.4055785Z 
Code Coverage (JavaScript)	UNKNOWN STEP	2026-08-10T10:44:10.4056607Z ##[endgroup]
Code Coverage (JavaScript)	UNKNOWN STEP	2026-08-10T10:44:10.4056734Z 
Code Coverage (JavaScript)	UNKNOWN STEP	2026-08-10T10:44:10.4057072Z ##[group]test/public-exports.js:
Code Coverage (JavaScript)	UNKNOWN STEP	2026-08-10T10:44:10.4057917Z (pass) Public Exports > execution-store export > should export ExecutionStore class [0.08ms]
Code Coverage (JavaScript)	UNKNOWN STEP	2026-08-10T10:44:10.4058765Z (pass) Public Exports > execution-store export > should export ExecutionRecord class [0.04ms]
Code Coverage (JavaScript)	UNKNOWN STEP	2026-08-10T10:44:10.4059610Z (pass) Public Exports > execution-store export > should export ExecutionStatus enum [0.06ms]
Code Coverage (JavaScript)	UNKNOWN STEP	2026-08-10T10:44:10.4060742Z (pass) Public Exports > execution-store export > should export LockManager class [0.04ms]
Code Coverage (JavaScript)	UNKNOWN STEP	2026-08-10T10:44:10.4061708Z (pass) Public Exports > execution-store export > should export isClinkInstalled function [0.06ms]
Code Coverage (JavaScript)	UNKNOWN STEP	2026-08-10T10:44:10.4062697Z (pass) Public Exports > execution-store export > should export configuration constants [0.05ms]
Code Coverage (JavaScript)	UNKNOWN STEP	2026-08-10T10:44:10.4082589Z (pass) Public Exports > execution-store export > should allow creating and using ExecutionStore instance [2.62ms]
Code Coverage (JavaScript)	UNKNOWN STEP	2026-08-10T10:44:10.4083219Z 
Code Coverage (JavaScript)	UNKNOWN STEP	2026-08-10T10:44:10.4084010Z ##[endgroup]
Code Coverage (JavaScript)	UNKNOWN STEP	2026-08-10T10:44:10.4084232Z 
Code Coverage (JavaScript)	UNKNOWN STEP	2026-08-10T10:44:10.4084665Z ##[group]test/publish-to-crates.mjs:
Code Coverage (JavaScript)	UNKNOWN STEP	2026-08-10T10:44:10.6762166Z (pass) publish-to-crates script > reports success without a token when the version is already published [257.31ms]
Code Coverage (JavaScript)	UNKNOWN STEP	2026-08-10T10:44:10.7574053Z (pass) publish-to-crates script > fails clearly when a missing version needs a crates token [81.21ms]
Code Coverage (JavaScript)	UNKNOWN STEP	2026-08-10T10:44:10.8608448Z (pass) publish-to-crates script > publishes a missing version with cargo publish [103.26ms]
Code Coverage (JavaScript)	UNKNOWN STEP	2026-08-10T10:44:10.8622231Z 
Code Coverage (JavaScript)	UNKNOWN STEP	2026-08-10T10:44:10.8623396Z ##[endgroup]
Code Coverage (JavaScript)	UNKNOWN STEP	2026-08-10T10:44:10.8625093Z 
Code Coverage (JavaScript)	UNKNOWN STEP	2026-08-10T10:44:10.8625701Z ##[group]test/regression-138.js:
Code Coverage (JavaScript)	UNKNOWN STEP	2026-08-10T10:44:10.9332930Z invalid reference format
Code Coverage (JavaScript)	UNKNOWN STEP	2026-08-10T10:44:10.9352226Z (pass) docker pull is recorded in the session log (issue #138) > writes prep markers and the docker error into the log on a failed pull [71.63ms]
Code Coverage (JavaScript)	UNKNOWN STEP	2026-08-10T10:44:11.4295572Z latest: Pulling from library/hello-world
Code Coverage (JavaScript)	UNKNOWN STEP	2026-08-10T10:44:11.5474795Z 4f55086f7dd0: Pulling fs layer
Code Coverage (JavaScript)	UNKNOWN STEP	2026-08-10T10:44:11.6471224Z 4f55086f7dd0: Download complete
Code Coverage (JavaScript)	UNKNOWN STEP	2026-08-10T10:44:11.6537776Z 4f55086f7dd0: Pull complete
Code Coverage (JavaScript)	UNKNOWN STEP	2026-08-10T10:44:11.6572264Z Digest: sha256:7f4da0fc94bcece205a8c0b6f4d11c8196924654ffe5c4d1aa439b7f632048b2
Code Coverage (JavaScript)	UNKNOWN STEP	2026-08-10T10:44:11.6587634Z Status: Downloaded newer image for hello-world:latest
Code Coverage (JavaScript)	UNKNOWN STEP	2026-08-10T10:44:11.6595372Z docker.io/library/hello-world:latest
Code Coverage (JavaScript)	UNKNOWN STEP	2026-08-10T10:44:11.6793857Z (pass) docker pull is recorded in the session log (issue #138) > tees real pull output and an "Image ready" marker into the log [744.14ms]
Code Coverage (JavaScript)	UNKNOWN STEP	2026-08-10T10:44:11.7455591Z invalid reference format
Code Coverage (JavaScript)	UNKNOWN STEP	2026-08-10T10:44:11.7468546Z (pass) docker pull is recorded in the session log (issue #138) > does not write prep markers when no logPath is given (backward compat) [67.46ms]
Code Coverage (JavaScript)	UNKNOWN STEP	2026-08-10T10:44:11.7472272Z (pass) runInDocker threads logPath into dockerPullImage (issue #138) > source passes options.logPath to dockerPullImage [0.42ms]
Code Coverage (JavaScript)	UNKNOWN STEP	2026-08-10T10:44:11.7474014Z (pass) runInDocker threads logPath into dockerPullImage (issue #138) > dockerPullImage tees output and writes prep markers in source [0.11ms]
Code Coverage (JavaScript)	UNKNOWN STEP	2026-08-10T10:44:11.7475047Z 
Code Coverage (JavaScript)	UNKNOWN STEP	2026-08-10T10:44:11.7475687Z ##[endgroup]
Code Coverage (JavaScript)	UNKNOWN STEP	2026-08-10T10:44:11.7475900Z 
Code Coverage (JavaScript)	UNKNOWN STEP	2026-08-10T10:44:11.7476578Z ##[group]test/regression-150.js:
Code Coverage (JavaScript)	UNKNOWN STEP	2026-08-10T10:44:11.7516235Z (pass) anchored log footer parsing (issue #150) > ignores an `Exit Code:` substring inside the command output [1.32ms]
Code Coverage (JavaScript)	UNKNOWN STEP	2026-08-10T10:44:11.7518867Z (pass) anchored log footer parsing (issue #150) > ignores a bare `Exit Code:` line without the footer block around it [0.30ms]
Code Coverage (JavaScript)	UNKNOWN STEP	2026-08-10T10:44:11.7521247Z (pass) anchored log footer parsing (issue #150) > ignores an `Exit Code:` substring in the middle of a line [0.25ms]
Code Coverage (JavaScript)	UNKNOWN STEP	2026-08-10T10:44:11.7524284Z (pass) anchored log footer parsing (issue #150) > reads the real footer that `start` appends [0.25ms]
Code Coverage (JavaScript)	UNKNOWN STEP	2026-08-10T10:44:11.7527148Z (pass) anchored log footer parsing (issue #150) > reads the real footer even when the output forged one earlier [0.26ms]
Code Coverage (JavaScript)	UNKNOWN STEP	2026-08-10T10:44:11.7530783Z (pass) anchored log footer parsing (issue #150) > reads negative and multi-digit codes, and tolerates CRLF logs [0.35ms]
Code Coverage (JavaScript)	UNKNOWN STEP	2026-08-10T10:44:11.7534428Z (pass) anchored log footer parsing (issue #150) > returns null for a log without a footer and for a missing file [0.37ms]
Code Coverage (JavaScript)	UNKNOWN STEP	2026-08-10T10:44:11.7561279Z (pass) anchored log footer parsing (issue #150) > finds the footer at the end of a large log without reading it all [2.65ms]
Code Coverage (JavaScript)	UNKNOWN STEP	2026-08-10T10:44:11.7565281Z (pass) anchored log footer parsing (issue #150) > drops the partial first line of the tail so it cannot be a line start [0.40ms]
Code Coverage (JavaScript)	UNKNOWN STEP	2026-08-10T10:44:11.7810772Z (pass) detached status is not derailed by forged output (issue #150) > keeps an executing record executing when only the output claims an exit code [24.45ms]
Code Coverage (JavaScript)	UNKNOWN STEP	2026-08-10T10:44:11.8032868Z (pass) detached status is not derailed by forged output (issue #150) > marks the record executed once the genuine footer is appended [22.20ms]
Code Coverage (JavaScript)	UNKNOWN STEP	2026-08-10T10:44:11.8034008Z 
Code Coverage (JavaScript)	UNKNOWN STEP	2026-08-10T10:44:11.8034372Z ##[endgroup]
Code Coverage (JavaScript)	UNKNOWN STEP	2026-08-10T10:44:11.8034498Z 
Code Coverage (JavaScript)	UNKNOWN STEP	2026-08-10T10:44:11.8034762Z ##[group]test/regression-84.js:
Code Coverage (JavaScript)	UNKNOWN STEP	2026-08-10T10:44:11.8051029Z (pass) isInteractiveShellCommand additional cases (issue #84) > should return true for "bash --norc" [0.05ms]
Code Coverage (JavaScript)	UNKNOWN STEP	2026-08-10T10:44:11.8052946Z (pass) isInteractiveShellCommand additional cases (issue #84) > should return true for "zsh --no-rcs" [0.03ms]
Code Coverage (JavaScript)	UNKNOWN STEP	2026-08-10T10:44:11.8054581Z (pass) isInteractiveShellCommand additional cases (issue #84) > should return true for "bash -i" (interactive flag, no -c) [0.03ms]
Code Coverage (JavaScript)	UNKNOWN STEP	2026-08-10T10:44:11.8056197Z (pass) isInteractiveShellCommand additional cases (issue #84) > should return true for "fish" [0.04ms]
Code Coverage (JavaScript)	UNKNOWN STEP	2026-08-10T10:44:11.8057742Z (pass) isInteractiveShellCommand additional cases (issue #84) > should return true for "dash" [0.04ms]
Code Coverage (JavaScript)	UNKNOWN STEP	2026-08-10T10:44:11.8058952Z (pass) isInteractiveShellCommand additional cases (issue #84) > should return true for "/usr/local/bin/bash" [0.06ms]
Code Coverage (JavaScript)	UNKNOWN STEP	2026-08-10T10:44:11.8060282Z (pass) isInteractiveShellCommand additional cases (issue #84) > should return false for 'bash -c "echo hello"' [0.05ms]
Code Coverage (JavaScript)	UNKNOWN STEP	2026-08-10T10:44:11.8061343Z (pass) Regression: No Shell-Inside-Shell (issue #84) > should pass "bash" with -i flag, not wrap in shell -c [0.18ms]
Code Coverage (JavaScript)	UNKNOWN STEP	2026-08-10T10:44:11.8062218Z (pass) Regression: No Shell-Inside-Shell (issue #84) > should pass "zsh" with -i flag, not wrap in shell -c [0.09ms]
Code Coverage (JavaScript)	UNKNOWN STEP	2026-08-10T10:44:11.8063567Z (pass) Regression: No Shell-Inside-Shell (issue #84) > should pass "sh" directly without -i (sh does not use -i flag), not wrap in shell -c [0.06ms]
Code Coverage (JavaScript)	UNKNOWN STEP	2026-08-10T10:44:11.8065064Z (pass) Regression: No Shell-Inside-Shell (issue #84) > should pass "/bin/bash" with -i flag, not wrap in shell -c [0.10ms]
Code Coverage (JavaScript)	UNKNOWN STEP	2026-08-10T10:44:11.8066674Z (pass) Regression: No Shell-Inside-Shell (issue #84) > should pass "bash --norc" with -i flag (workaround for broken .bashrc) [0.06ms]
Code Coverage (JavaScript)	UNKNOWN STEP	2026-08-10T10:44:11.8067704Z (pass) Regression: No Shell-Inside-Shell (issue #84) > should pass "bash -l" directly (login shell, already has its own init) [0.07ms]
Code Coverage (JavaScript)	UNKNOWN STEP	2026-08-10T10:44:11.8068650Z (pass) Regression: No Shell-Inside-Shell (issue #84) > should still wrap non-shell commands in shell -c (guard against over-broad fix) [0.06ms]
Code Coverage (JavaScript)	UNKNOWN STEP	2026-08-10T10:44:11.8069584Z (pass) Regression: No Shell-Inside-Shell (issue #84) > should still wrap "npm test" in shell -c (guard against over-broad fix) [0.05ms]
Code Coverage (JavaScript)	UNKNOWN STEP	2026-08-10T10:44:11.8070415Z (pass) Regression: No Shell-Inside-Shell (issue #84) > should not treat "bash -c something" as bare shell [0.04ms]
Code Coverage (JavaScript)	UNKNOWN STEP	2026-08-10T10:44:11.8071165Z (pass) Regression: No Shell-Inside-Shell (issue #84) > should not duplicate -i if user already passes "bash -i" [0.05ms]
Code Coverage (JavaScript)	UNKNOWN STEP	2026-08-10T10:44:11.8623027Z (pass) Docker daemon availability check (issue #84) > isDockerAvailable should return a boolean [56.04ms]
Code Coverage (JavaScript)	UNKNOWN STEP	2026-08-10T10:44:11.8624075Z (pass) Docker daemon availability check (issue #84) > runInDocker error message for non-running daemon should be actionable [0.12ms]
Code Coverage (JavaScript)	UNKNOWN STEP	2026-08-10T10:44:11.8642589Z (pass) Docker not installed check (issue #84) > isDockerInstalled should return a boolean [1.86ms]
Code Coverage (JavaScript)	UNKNOWN STEP	2026-08-10T10:44:11.8643904Z (pass) Docker not installed check (issue #84) > runInDocker error message for missing docker binary should be actionable [0.06ms]
Code Coverage (JavaScript)	UNKNOWN STEP	2026-08-10T10:44:11.8659763Z (pass) Docker not installed check (issue #84) > isDockerInstalled should return false consistently when docker binary is absent (mock) [1.62ms]
Code Coverage (JavaScript)	UNKNOWN STEP	2026-08-10T10:44:11.8661371Z (pass) Post-fix regression hint: --norc suggestion (issue #84) > should suggest --norc for bare bash that exits quickly [0.12ms]
Code Coverage (JavaScript)	UNKNOWN STEP	2026-08-10T10:44:11.8662834Z (pass) Post-fix regression hint: --norc suggestion (issue #84) > should suggest --no-rcs for bare zsh that exits quickly [0.06ms]
Code Coverage (JavaScript)	UNKNOWN STEP	2026-08-10T10:44:11.8664321Z (pass) Post-fix regression hint: --norc suggestion (issue #84) > should suggest --norc for /bin/bash path that exits quickly [0.05ms]
Code Coverage (JavaScript)	UNKNOWN STEP	2026-08-10T10:44:11.8666288Z (pass) Post-fix regression hint: --norc suggestion (issue #84) > should suggest --norc for bare sh that exits quickly [0.04ms]
Code Coverage (JavaScript)	UNKNOWN STEP	2026-08-10T10:44:11.8667857Z (pass) Post-fix regression hint: --norc suggestion (issue #84) > should confirm workaround: bash --norc is detected as bare shell [0.04ms]
Code Coverage (JavaScript)	UNKNOWN STEP	2026-08-10T10:44:11.8668668Z 
Code Coverage (JavaScript)	UNKNOWN STEP	2026-08-10T10:44:11.8669164Z ##[endgroup]
Code Coverage (JavaScript)	UNKNOWN STEP	2026-08-10T10:44:11.8669725Z 
Code Coverage (JavaScript)	UNKNOWN STEP	2026-08-10T10:44:11.8670141Z ##[group]test/regression-89.js:
Code Coverage (JavaScript)	UNKNOWN STEP	2026-08-10T10:44:11.8683406Z (pass) Virtual docker pull output before Docker error (issue #89) > should show "$ docker pull <image>" line when Docker is not installed and image is specified [0.16ms]
Code Coverage (JavaScript)	UNKNOWN STEP	2026-08-10T10:44:11.8685235Z (pass) Virtual docker pull output before Docker error (issue #89) > should show "$ docker pull <image>" before the error message (issue #89) [0.21ms]
Code Coverage (JavaScript)	UNKNOWN STEP	2026-08-10T10:44:11.8686847Z (pass) Virtual docker pull output before Docker error (issue #89) > should output "$ docker pull <image>" in the correct format ($ prefix, no extra prefix) [0.09ms]
Code Coverage (JavaScript)	UNKNOWN STEP	2026-08-10T10:44:11.8689469Z (pass) runInDocker virtual pull output contract (issue #89) > runInDocker should output docker pull command but NOT ✗/│ markers before returning (issue #89) [0.23ms]
Code Coverage (JavaScript)	UNKNOWN STEP	2026-08-10T10:44:11.8690076Z 
Code Coverage (JavaScript)	UNKNOWN STEP	2026-08-10T10:44:11.8690336Z ##[endgroup]
Code Coverage (JavaScript)	UNKNOWN STEP	2026-08-10T10:44:11.8690454Z 
Code Coverage (JavaScript)	UNKNOWN STEP	2026-08-10T10:44:11.8702590Z ##[group]test/regression-91.js:
Code Coverage (JavaScript)	UNKNOWN STEP	2026-08-10T10:44:11.8703497Z (pass) isShellInvocationWithArgs (issue #91) > should return true for "bash -i -c nvm --version" [0.03ms]
Code Coverage (JavaScript)	UNKNOWN STEP	2026-08-10T10:44:11.8704745Z (pass) isShellInvocationWithArgs (issue #91) > should return true for 'bash -c "echo hello"' [0.05ms]
Code Coverage (JavaScript)	UNKNOWN STEP	2026-08-10T10:44:11.8705902Z (pass) isShellInvocationWithArgs (issue #91) > should return true for "bash -c echo hello" [0.04ms]
Code Coverage (JavaScript)	UNKNOWN STEP	2026-08-10T10:44:11.8707300Z (pass) isShellInvocationWithArgs (issue #91) > should return true for "zsh -c nvm --version" [0.03ms]
Code Coverage (JavaScript)	UNKNOWN STEP	2026-08-10T10:44:11.8708396Z (pass) isShellInvocationWithArgs (issue #91) > should return true for "sh -c ls" [0.03ms]
Code Coverage (JavaScript)	UNKNOWN STEP	2026-08-10T10:44:11.8709496Z (pass) isShellInvocationWithArgs (issue #91) > should return true for "/bin/bash -c echo hi" [0.03ms]
Code Coverage (JavaScript)	UNKNOWN STEP	2026-08-10T10:44:11.8710643Z (pass) isShellInvocationWithArgs (issue #91) > should return false for bare "bash" (no -c) [0.03ms]
Code Coverage (JavaScript)	UNKNOWN STEP	2026-08-10T10:44:11.8711435Z (pass) isShellInvocationWithArgs (issue #91) > should return false for "bash -i" (no -c) [0.03ms]
Code Coverage (JavaScript)	UNKNOWN STEP	2026-08-10T10:44:11.8712277Z (pass) isShellInvocationWithArgs (issue #91) > should return false for "bash --norc" (no -c) [0.03ms]
Code Coverage (JavaScript)	UNKNOWN STEP	2026-08-10T10:44:11.8713304Z (pass) isShellInvocationWithArgs (issue #91) > should return false for non-shell commands [0.04ms]
Code Coverage (JavaScript)	UNKNOWN STEP	2026-08-10T10:44:11.8714336Z (pass) buildShellWithArgsCmdArgs (issue #91) > should reconstruct "bash -i -c nvm --version" correctly [0.09ms]
Code Coverage (JavaScript)	UNKNOWN STEP	2026-08-10T10:44:11.8715238Z (pass) buildShellWithArgsCmdArgs (issue #91) > should reconstruct "bash -c echo hello" correctly [0.10ms]
Code Coverage (JavaScript)	UNKNOWN STEP	2026-08-10T10:44:11.8716235Z (pass) buildShellWithArgsCmdArgs (issue #91) > should handle single-word script "bash -c ls" [0.04ms]
Code Coverage (JavaScript)	UNKNOWN STEP	2026-08-10T10:44:11.8717613Z (pass) buildShellWithArgsCmdArgs (issue #91) > should handle zsh with -c [0.04ms]
Code Coverage (JavaScript)	UNKNOWN STEP	2026-08-10T10:44:11.8718728Z (pass) buildShellWithArgsCmdArgs (issue #91) > should handle /bin/bash -i -c with multi-word script [0.05ms]
Code Coverage (JavaScript)	UNKNOWN STEP	2026-08-10T10:44:11.8720126Z (pass) buildShellWithArgsCmdArgs (issue #91) > should not include -c argument inside script argument (no double -c) [0.06ms]
Code Coverage (JavaScript)	UNKNOWN STEP	2026-08-10T10:44:11.8721873Z (pass) Regression: No Double-Wrapping for Shell With -c (issue #91) > should pass "bash -i -c nvm --version" directly without outer shell wrapper [0.19ms]
Code Coverage (JavaScript)	UNKNOWN STEP	2026-08-10T10:44:11.8723599Z (pass) Regression: No Double-Wrapping for Shell With -c (issue #91) > should pass "zsh -c nvm --version" directly without outer shell wrapper [0.09ms]
Code Coverage (JavaScript)	UNKNOWN STEP	2026-08-10T10:44:11.8725355Z (pass) Regression: No Double-Wrapping for Shell With -c (issue #91) > should pass "bash -c echo hello" directly [0.05ms]
Code Coverage (JavaScript)	UNKNOWN STEP	2026-08-10T10:44:11.8726898Z (pass) Regression: No Double-Wrapping for Shell With -c (issue #91) > should not introduce a second bash layer (no shell-inside-shell) [0.05ms]
Code Coverage (JavaScript)	UNKNOWN STEP	2026-08-10T10:44:11.8728285Z (pass) Regression: No Double-Wrapping for Shell With -c (issue #91) > should still handle bare "bash" with -i (regression guard for issue #84) [0.06ms]
Code Coverage (JavaScript)	UNKNOWN STEP	2026-08-10T10:44:11.8730079Z (pass) Regression: No Double-Wrapping for Shell With -c (issue #91) > should still wrap non-shell commands in outer shell -c (guard against over-broad fix) [0.04ms]
Code Coverage (JavaScript)	UNKNOWN STEP	2026-08-10T10:44:11.8731216Z (pass) Regression: No Double-Wrapping for Shell With -c (issue #91) > should still wrap "npm test" in outer shell -c [0.04ms]
Code Coverage (JavaScript)	UNKNOWN STEP	2026-08-10T10:44:11.8732110Z (pass) isShellInvocationWithArgs is mutually exclusive with isInteractiveShellCommand > "bash" is not both bare-shell and shell-with-args [0.04ms]
Code Coverage (JavaScript)	UNKNOWN STEP	2026-08-10T10:44:11.8733078Z (pass) isShellInvocationWithArgs is mutually exclusive with isInteractiveShellCommand > "bash -i" is not both bare-shell and shell-with-args
Code Coverage (JavaScript)	UNKNOWN STEP	2026-08-10T10:44:11.8734091Z (pass) isShellInvocationWithArgs is mutually exclusive with isInteractiveShellCommand > "bash --norc" is not both bare-shell and shell-with-args [0.04ms]
Code Coverage (JavaScript)	UNKNOWN STEP	2026-08-10T10:44:11.8735117Z (pass) isShellInvocationWithArgs is mutually exclusive with isInteractiveShellCommand > "bash -i -c nvm --version" is not both bare-shell and shell-with-args
Code Coverage (JavaScript)	UNKNOWN STEP	2026-08-10T10:44:11.8736891Z (pass) isShellInvocationWithArgs is mutually exclusive with isInteractiveShellCommand > "bash -c echo hi" is not both bare-shell and shell-with-args
Code Coverage (JavaScript)	UNKNOWN STEP	2026-08-10T10:44:11.8738998Z (pass) isShellInvocationWithArgs is mutually exclusive with isInteractiveShellCommand > "zsh -c ls" is not both bare-shell and shell-with-args [0.02ms]
Code Coverage (JavaScript)	UNKNOWN STEP	2026-08-10T10:44:11.8740495Z (pass) isShellInvocationWithArgs is mutually exclusive with isInteractiveShellCommand > "nvm --version" is not both bare-shell and shell-with-args
Code Coverage (JavaScript)	UNKNOWN STEP	2026-08-10T10:44:11.8741461Z (pass) isShellInvocationWithArgs is mutually exclusive with isInteractiveShellCommand > "echo hello" is not both bare-shell and shell-with-args
Code Coverage (JavaScript)	UNKNOWN STEP	2026-08-10T10:44:11.8742518Z (pass) buildDisplayCommand (issue #91 display fix) > should quote the -c script argument when it contains spaces [0.07ms]
Code Coverage (JavaScript)	UNKNOWN STEP	2026-08-10T10:44:11.8743484Z (pass) buildDisplayCommand (issue #91 display fix) > should quote the -c script argument for plain "bash -c echo hello" [0.04ms]
Code Coverage (JavaScript)	UNKNOWN STEP	2026-08-10T10:44:11.8744232Z (pass) buildDisplayCommand (issue #91 display fix) > should not double-quote if script has no spaces [0.03ms]
Code Coverage (JavaScript)	UNKNOWN STEP	2026-08-10T10:44:11.8745323Z (pass) buildDisplayCommand (issue #91 display fix) > should return command unchanged for non-shell-with-args commands [0.03ms]
Code Coverage (JavaScript)	UNKNOWN STEP	2026-08-10T10:44:11.8746836Z (pass) buildDisplayCommand (issue #91 display fix) > should return command unchanged for bare shell invocations [0.02ms]
Code Coverage (JavaScript)	UNKNOWN STEP	2026-08-10T10:44:11.8747523Z (pass) buildDisplayCommand (issue #91 display fix) > should handle zsh -c with spaces [0.03ms]
Code Coverage (JavaScript)	UNKNOWN STEP	2026-08-10T10:44:11.8747868Z 
Code Coverage (JavaScript)	UNKNOWN STEP	2026-08-10T10:44:11.8748130Z ##[endgroup]
Code Coverage (JavaScript)	UNKNOWN STEP	2026-08-10T10:44:11.8748238Z 
Code Coverage (JavaScript)	UNKNOWN STEP	2026-08-10T10:44:11.8748486Z ##[group]test/release-name.mjs:
Code Coverage (JavaScript)	UNKNOWN STEP	2026-08-10T10:44:11.8748891Z (pass) releaseTag > uses plain "v${version}" when no prefix is given [0.04ms]
Code Coverage (JavaScript)	UNKNOWN STEP	2026-08-10T10:44:11.8749507Z (pass) releaseTag > prepends known language prefixes [0.03ms]
Code Coverage (JavaScript)	UNKNOWN STEP	2026-08-10T10:44:11.8749917Z (pass) releaseTag > passes arbitrary prefixes through [0.08ms]
Code Coverage (JavaScript)	UNKNOWN STEP	2026-08-10T10:44:11.8750756Z (pass) releaseName > returns bare version when prefix is empty (preserves pre-issue-108 behaviour) [0.07ms]
Code Coverage (JavaScript)	UNKNOWN STEP	2026-08-10T10:44:11.8751395Z (pass) releaseName > decorates known language prefixes with human titles [0.06ms]
Code Coverage (JavaScript)	UNKNOWN STEP	2026-08-10T10:44:11.8751917Z (pass) releaseName > falls back to "${prefix}${version}" for unknown prefixes [0.03ms]
Code Coverage (JavaScript)	UNKNOWN STEP	2026-08-10T10:44:11.8752881Z (pass) release badge helpers > strips plain and language-prefixed v tags before building badge versions [0.29ms]
Code Coverage (JavaScript)	UNKNOWN STEP	2026-08-10T10:44:11.8754229Z (pass) release badge helpers > escapes shields.io static badge path delimiters in prerelease versions [0.10ms]
Code Coverage (JavaScript)	UNKNOWN STEP	2026-08-10T10:44:11.8755071Z (pass) release badge helpers > builds an exact npm version badge without leaking the js tag prefix [0.14ms]
Code Coverage (JavaScript)	UNKNOWN STEP	2026-08-10T10:44:11.8755953Z (pass) release badge helpers > builds an exact crates.io version badge without leaking the rust tag prefix [0.07ms]
Code Coverage (JavaScript)	UNKNOWN STEP	2026-08-10T10:44:11.8756880Z (pass) extractChangelogEntry > extracts a Changesets-style JavaScript entry [0.36ms]
Code Coverage (JavaScript)	UNKNOWN STEP	2026-08-10T10:44:11.8757962Z (pass) extractChangelogEntry > extracts a Keep-a-Changelog-style Rust entry [0.09ms]
Code Coverage (JavaScript)	UNKNOWN STEP	2026-08-10T10:44:11.8758822Z 
Code Coverage (JavaScript)	UNKNOWN STEP	2026-08-10T10:44:11.8759236Z ##[endgroup]
Code Coverage (JavaScript)	UNKNOWN STEP	2026-08-10T10:44:11.8759431Z 
Code Coverage (JavaScript)	UNKNOWN STEP	2026-08-10T10:44:11.8759845Z ##[group]test/run-js-tests.mjs:
Code Coverage (JavaScript)	UNKNOWN STEP	2026-08-10T10:44:11.8767064Z (pass) run-js-tests timeout defaults > adds a 30 second timeout when no timeout is supplied [0.08ms]
Code Coverage (JavaScript)	UNKNOWN STEP	2026-08-10T10:44:11.8768001Z (pass) run-js-tests timeout defaults > preserves an explicit long timeout flag [0.03ms]
Code Coverage (JavaScript)	UNKNOWN STEP	2026-08-10T10:44:11.8768583Z (pass) run-js-tests timeout defaults > preserves an explicit inline timeout flag [0.07ms]
Code Coverage (JavaScript)	UNKNOWN STEP	2026-08-10T10:44:11.8769113Z (pass) run-js-tests timeout defaults > preserves Bun short timeout flag [0.04ms]
Code Coverage (JavaScript)	UNKNOWN STEP	2026-08-10T10:44:11.8769415Z 
Code Coverage (JavaScript)	UNKNOWN STEP	2026-08-10T10:44:11.8769670Z ##[endgroup]
Code Coverage (JavaScript)	UNKNOWN STEP	2026-08-10T10:44:11.8769780Z 
Code Coverage (JavaScript)	UNKNOWN STEP	2026-08-10T10:44:11.8770013Z ##[group]test/screen-integration.js:
Code Coverage (JavaScript)	UNKNOWN STEP	2026-08-10T10:44:11.8893865Z (pass) Screen Integration Tests > runInScreen (if available) > should run command in detached screen session [10.74ms]
Code Coverage (JavaScript)	UNKNOWN STEP	2026-08-10T10:44:12.1643862Z (pass) Screen Integration Tests > runInScreen (if available) > should stream detached screen output to the tracked CLI log path [275.41ms]
Code Coverage (JavaScript)	UNKNOWN STEP	2026-08-10T10:44:12.2780961Z hello
Code Coverage (JavaScript)	UNKNOWN STEP	2026-08-10T10:44:12.2783755Z   Captured output: "hello"
Code Coverage (JavaScript)	UNKNOWN STEP	2026-08-10T10:44:12.2784854Z (pass) Screen Integration Tests > runInScreen (if available) > should run command in attached mode and capture output (issue #15) [114.15ms]
Code Coverage (JavaScript)	UNKNOWN STEP	2026-08-10T10:44:12.3907816Z line1
Code Coverage (JavaScript)	UNKNOWN STEP	2026-08-10T10:44:12.3908223Z line2
Code Coverage (JavaScript)	UNKNOWN STEP	2026-08-10T10:44:12.3908647Z line3
Code Coverage (JavaScript)	UNKNOWN STEP	2026-08-10T10:44:12.3909044Z   Captured multi-line output: "line1
Code Coverage (JavaScript)	UNKNOWN STEP	2026-08-10T10:44:12.3909582Z \nline2
Code Coverage (JavaScript)	UNKNOWN STEP	2026-08-10T10:44:12.3909888Z \nline3"
Code Coverage (JavaScript)	UNKNOWN STEP	2026-08-10T10:44:12.3910535Z (pass) Screen Integration Tests > runInScreen (if available) > should handle multi-line output in attached mode [112.46ms]
Code Coverage (JavaScript)	UNKNOWN STEP	2026-08-10T10:44:12.5031506Z hello
Code Coverage (JavaScript)	UNKNOWN STEP	2026-08-10T10:44:12.5032362Z   Captured quoted output: "hello"
Code Coverage (JavaScript)	UNKNOWN STEP	2026-08-10T10:44:12.5033449Z (pass) Screen Integration Tests > runInScreen (if available) > should capture output from commands with quoted strings (issue #25) [112.35ms]
Code Coverage (JavaScript)	UNKNOWN STEP	2026-08-10T10:44:12.6158296Z hello from attached mode
Code Coverage (JavaScript)	UNKNOWN STEP	2026-08-10T10:44:12.6159094Z   Captured complex quote output: "hello from attached mode"
Code Coverage (JavaScript)	UNKNOWN STEP	2026-08-10T10:44:12.6160204Z (pass) Screen Integration Tests > runInScreen (if available) > should capture output from commands with complex quoted strings [112.64ms]
Code Coverage (JavaScript)	UNKNOWN STEP	2026-08-10T10:44:12.7287683Z quick command output
Code Coverage (JavaScript)	UNKNOWN STEP	2026-08-10T10:44:12.7288451Z   Verified output capture: "quick command output"
Code Coverage (JavaScript)	UNKNOWN STEP	2026-08-10T10:44:12.7289913Z (pass) Screen Integration Tests > runInScreen (if available) > should always return output property in attached mode (issue #25 fix verification) [112.93ms]
Code Coverage (JavaScript)	UNKNOWN STEP	2026-08-10T10:44:12.8413512Z v22.23.1
Code Coverage (JavaScript)	UNKNOWN STEP	2026-08-10T10:44:12.8414005Z   Captured version output: "v22.23.1"
Code Coverage (JavaScript)	UNKNOWN STEP	2026-08-10T10:44:12.8415159Z (pass) Screen Integration Tests > runInScreen (if available) > should capture output from version-flag commands (issue #96) [112.55ms]
Code Coverage (JavaScript)	UNKNOWN STEP	2026-08-10T10:44:12.9537955Z /bin/bash: line 1: nonexistent_command_12345: command not found
Code Coverage (JavaScript)	UNKNOWN STEP	2026-08-10T10:44:12.9538953Z   Captured exit code: 127
Code Coverage (JavaScript)	UNKNOWN STEP	2026-08-10T10:44:12.9539786Z (pass) Screen Integration Tests > runInScreen (if available) > should capture exit code from failed commands (issue #96) [112.41ms]
Code Coverage (JavaScript)	UNKNOWN STEP	2026-08-10T10:44:13.0663706Z stderr-test
Code Coverage (JavaScript)	UNKNOWN STEP	2026-08-10T10:44:13.0664451Z   Captured stderr output: "stderr-test"
Code Coverage (JavaScript)	UNKNOWN STEP	2026-08-10T10:44:13.0665419Z (pass) Screen Integration Tests > runInScreen (if available) > should capture stderr output in screen isolation (issue #96) [112.62ms]
Code Coverage (JavaScript)	UNKNOWN STEP	2026-08-10T10:44:13.1787250Z line1
Code Coverage (JavaScript)	UNKNOWN STEP	2026-08-10T10:44:13.1787685Z line2
Code Coverage (JavaScript)	UNKNOWN STEP	2026-08-10T10:44:13.1788106Z line3
Code Coverage (JavaScript)	UNKNOWN STEP	2026-08-10T10:44:13.1788410Z   Multi-line output with exit code 0: verified
Code Coverage (JavaScript)	UNKNOWN STEP	2026-08-10T10:44:13.1789667Z (pass) Screen Integration Tests > runInScreen (if available) > should capture multi-line output with correct exit code (issue #96) [112.34ms]
Code Coverage (JavaScript)	UNKNOWN STEP	2026-08-10T10:44:13.1790431Z 
Code Coverage (JavaScript)	UNKNOWN STEP	2026-08-10T10:44:13.1791194Z ##[endgroup]
Code Coverage (JavaScript)	UNKNOWN STEP	2026-08-10T10:44:13.1791420Z 
Code Coverage (JavaScript)	UNKNOWN STEP	2026-08-10T10:44:13.1791895Z ##[group]test/sequence-parser.js:
Code Coverage (JavaScript)	UNKNOWN STEP	2026-08-10T10:44:13.1805606Z (pass) Sequence Parser > parseSequence > should parse single value [0.04ms]
Code Coverage (JavaScript)	UNKNOWN STEP	2026-08-10T10:44:13.1806769Z (pass) Sequence Parser > parseSequence > should parse space-separated sequence [0.04ms]
Code Coverage (JavaScript)	UNKNOWN STEP	2026-08-10T10:44:13.1807850Z (pass) Sequence Parser > parseSequence > should parse sequence with underscores as null [0.04ms]
Code Coverage (JavaScript)	UNKNOWN STEP	2026-08-10T10:44:13.1808860Z (pass) Sequence Parser > parseSequence > should handle all underscores [0.04ms]
Code Coverage (JavaScript)	UNKNOWN STEP	2026-08-10T10:44:13.1809745Z (pass) Sequence Parser > parseSequence > should handle empty string [0.03ms]
Code Coverage (JavaScript)	UNKNOWN STEP	2026-08-10T10:44:13.1810629Z (pass) Sequence Parser > parseSequence > should handle null/undefined [0.06ms]
Code Coverage (JavaScript)	UNKNOWN STEP	2026-08-10T10:44:13.1811488Z (pass) Sequence Parser > parseSequence > should trim whitespace [0.05ms]
Code Coverage (JavaScript)	UNKNOWN STEP	2026-08-10T10:44:13.1812439Z (pass) Sequence Parser > parseSequence > should handle multiple spaces between values [0.05ms]
Code Coverage (JavaScript)	UNKNOWN STEP	2026-08-10T10:44:13.1813449Z (pass) Sequence Parser > formatSequence > should format array with values [0.05ms]
Code Coverage (JavaScript)	UNKNOWN STEP	2026-08-10T10:44:13.1814470Z (pass) Sequence Parser > formatSequence > should format array with nulls as underscores [0.04ms]
Code Coverage (JavaScript)	UNKNOWN STEP	2026-08-10T10:44:13.1815455Z (pass) Sequence Parser > formatSequence > should handle empty array [0.02ms]
Code Coverage (JavaScript)	UNKNOWN STEP	2026-08-10T10:44:13.1816292Z (pass) Sequence Parser > formatSequence > should handle non-array [0.03ms]
Code Coverage (JavaScript)	UNKNOWN STEP	2026-08-10T10:44:13.1817369Z (pass) Sequence Parser > shiftSequence > should remove first element [0.06ms]
Code Coverage (JavaScript)	UNKNOWN STEP	2026-08-10T10:44:13.1818196Z (pass) Sequence Parser > shiftSequence > should handle nulls [0.04ms]
Code Coverage (JavaScript)	UNKNOWN STEP	2026-08-10T10:44:13.1819015Z (pass) Sequence Parser > shiftSequence > should handle single element [0.03ms]
Code Coverage (JavaScript)	UNKNOWN STEP	2026-08-10T10:44:13.1819870Z (pass) Sequence Parser > shiftSequence > should handle empty array [0.03ms]
Code Coverage (JavaScript)	UNKNOWN STEP	2026-08-10T10:44:13.1820816Z (pass) Sequence Parser > isSequence > should return true for space-separated values [0.03ms]
Code Coverage (JavaScript)	UNKNOWN STEP	2026-08-10T10:44:13.1821799Z (pass) Sequence Parser > isSequence > should return false for single value [0.02ms]
Code Coverage (JavaScript)	UNKNOWN STEP	2026-08-10T10:44:13.1822715Z (pass) Sequence Parser > isSequence > should return false for non-string [0.05ms]
Code Coverage (JavaScript)	UNKNOWN STEP	2026-08-10T10:44:13.1823731Z (pass) Sequence Parser > distributeOption > should replicate single value for all levels [0.09ms]
Code Coverage (JavaScript)	UNKNOWN STEP	2026-08-10T10:44:13.1824837Z (pass) Sequence Parser > distributeOption > should parse sequence with matching length [0.04ms]
Code Coverage (JavaScript)	UNKNOWN STEP	2026-08-10T10:44:13.1825879Z (pass) Sequence Parser > distributeOption > should throw on length mismatch [0.05ms]
Code Coverage (JavaScript)	UNKNOWN STEP	2026-08-10T10:44:13.1827035Z (pass) Sequence Parser > distributeOption > should handle null/undefined value [0.04ms]
Code Coverage (JavaScript)	UNKNOWN STEP	2026-08-10T10:44:13.1827924Z (pass) Sequence Parser > getValueAtLevel > should get value at valid index [0.06ms]
Code Coverage (JavaScript)	UNKNOWN STEP	2026-08-10T10:44:13.1828415Z (pass) Sequence Parser > getValueAtLevel > should handle nulls [0.04ms]
Code Coverage (JavaScript)	UNKNOWN STEP	2026-08-10T10:44:13.1828917Z (pass) Sequence Parser > getValueAtLevel > should return null for out of bounds [0.04ms]
Code Coverage (JavaScript)	UNKNOWN STEP	2026-08-10T10:44:13.1829468Z (pass) Sequence Parser > getValueAtLevel > should handle non-array [0.04ms]
Code Coverage (JavaScript)	UNKNOWN STEP	2026-08-10T10:44:13.1829983Z (pass) Sequence Parser > formatIsolationChain > should format simple chain [0.13ms]
Code Coverage (JavaScript)	UNKNOWN STEP	2026-08-10T10:44:13.1830504Z (pass) Sequence Parser > formatIsolationChain > should add SSH endpoint [0.05ms]
Code Coverage (JavaScript)	UNKNOWN STEP	2026-08-10T10:44:13.1831054Z (pass) Sequence Parser > formatIsolationChain > should add Docker image short name [0.05ms]
Code Coverage (JavaScript)	UNKNOWN STEP	2026-08-10T10:44:13.1831610Z (pass) Sequence Parser > formatIsolationChain > should handle placeholders [0.04ms]
Code Coverage (JavaScript)	UNKNOWN STEP	2026-08-10T10:44:13.1832134Z (pass) Sequence Parser > formatIsolationChain > should handle empty array [0.02ms]
Code Coverage (JavaScript)	UNKNOWN STEP	2026-08-10T10:44:13.1832654Z (pass) Sequence Parser > buildNextLevelOptions > should shift all stacks [0.12ms]
Code Coverage (JavaScript)	UNKNOWN STEP	2026-08-10T10:44:13.1833347Z (pass) Sequence Parser > buildNextLevelOptions > should handle last level [0.06ms]
Code Coverage (JavaScript)	UNKNOWN STEP	2026-08-10T10:44:13.1833664Z 
Code Coverage (JavaScript)	UNKNOWN STEP	2026-08-10T10:44:13.1833921Z ##[endgroup]
Code Coverage (JavaScript)	UNKNOWN STEP	2026-08-10T10:44:13.1834039Z 
Code Coverage (JavaScript)	UNKNOWN STEP	2026-08-10T10:44:13.1834278Z ##[group]test/session-name-status.js:
Code Coverage (JavaScript)	UNKNOWN STEP	2026-08-10T10:44:13.1845313Z === Session Name Status Tests (Issue #101) ===
Code Coverage (JavaScript)	UNKNOWN STEP	2026-08-10T10:44:13.2401830Z (pass) Issue #101: --status with session name lookup > ExecutionStore.get() session name lookup > should find record by UUID [0.99ms]
Code Coverage (JavaScript)	UNKNOWN STEP	2026-08-10T10:44:13.2409883Z (pass) Issue #101: --status with session name lookup > ExecutionStore.get() session name lookup > should find record by session name [0.85ms]
Code Coverage (JavaScript)	UNKNOWN STEP	2026-08-10T10:44:13.2425697Z (pass) Issue #101: --status with session name lookup > ExecutionStore.get() session name lookup > should prefer UUID match over session name [1.57ms]
Code Coverage (JavaScript)	UNKNOWN STEP	2026-08-10T10:44:13.2427929Z (pass) Issue #101: --status with session name lookup > ExecutionStore.get() session name lookup > should return null for non-existent session name [0.17ms]
Code Coverage (JavaScript)	UNKNOWN STEP	2026-08-10T10:44:13.2434551Z (pass) Issue #101: --status with session name lookup > ExecutionStore.get() session name lookup > should return null for record without session name [0.68ms]
Code Coverage (JavaScript)	UNKNOWN STEP	2026-08-10T10:44:13.2481587Z (pass) Issue #101: --status with session name lookup > queryStatus() with session name > should query status by session name [4.72ms]
Code Coverage (JavaScript)	UNKNOWN STEP	2026-08-10T10:44:13.2483185Z (pass) Issue #101: --status with session name lookup > queryStatus() with session name > should show error for non-existent session name [0.20ms]
Code Coverage (JavaScript)	UNKNOWN STEP	2026-08-10T10:44:13.3096720Z (pass) Issue #101: --status with session name lookup > CLI --status with session name > should query by session name via CLI [61.21ms]
Code Coverage (JavaScript)	UNKNOWN STEP	2026-08-10T10:44:13.3520254Z (pass) Issue #101: --status with session name lookup > CLI --status with session name > should show error for non-existent session name via CLI [42.35ms]
Code Coverage (JavaScript)	UNKNOWN STEP	2026-08-10T10:44:13.3521661Z (pass) Issue #101: Detached status enrichment > isDetachedSessionAlive() > should return null for non-detached records [0.14ms]
Code Coverage (JavaScript)	UNKNOWN STEP	2026-08-10T10:44:13.3523009Z (pass) Issue #101: Detached status enrichment > isDetachedSessionAlive() > should return null for records without session name [0.05ms]
Code Coverage (JavaScript)	UNKNOWN STEP	2026-08-10T10:44:13.3563364Z (pass) Issue #101: Detached status enrichment > isDetachedSessionAlive() > should return false for non-existent screen session [4.21ms]
Code Coverage (JavaScript)	UNKNOWN STEP	2026-08-10T10:44:13.3784675Z (pass) Issue #101: Detached status enrichment > isDetachedSessionAlive() > should return false for non-existent docker container [21.97ms]
Code Coverage (JavaScript)	UNKNOWN STEP	2026-08-10T10:44:13.3786225Z (pass) Issue #101: Detached status enrichment > enrichDetachedStatus() > should not modify non-detached records [0.17ms]
Code Coverage (JavaScript)	UNKNOWN STEP	2026-08-10T10:44:13.3829338Z (pass) Issue #101: Detached status enrichment > enrichDetachedStatus() > should mark non-running detached session as executed [4.39ms]
Code Coverage (JavaScript)	UNKNOWN STEP	2026-08-10T10:44:13.3974637Z (pass) Issue #101: Detached status enrichment > enrichDetachedStatus() > Issue #134: completed record with a lingering live session > keeps the recorded exit code when the session is still listed [14.43ms]
Code Coverage (JavaScript)	UNKNOWN STEP	2026-08-10T10:44:13.4115503Z (pass) Issue #101: Detached status enrichment > enrichDetachedStatus() > Issue #134: completed record with a lingering live session > honors the log footer exit code even without a recorded exit code [13.90ms]
Code Coverage (JavaScript)	UNKNOWN STEP	2026-08-10T10:44:13.4258339Z (pass) Issue #101: Detached status enrichment > enrichDetachedStatus() > Issue #134: completed record with a lingering live session > flips to executing only when there is no terminal record at all [14.40ms]
Code Coverage (JavaScript)	UNKNOWN STEP	2026-08-10T10:44:13.4487486Z (pass) Issue #136: detached docker session liveness > reports unknown (null) — not false — when the container is not visible yet [22.91ms]
Code Coverage (JavaScript)	UNKNOWN STEP	2026-08-10T10:44:13.4709055Z (pass) Issue #136: detached docker session liveness > keeps the record executing while the container is not visible yet [22.22ms]
Code Coverage (JavaScript)	UNKNOWN STEP	2026-08-10T10:44:13.7455314Z (pass) Issue #136: detached docker session liveness > keeps a running container executing [274.53ms]
Code Coverage (JavaScript)	UNKNOWN STEP	2026-08-10T10:44:14.0074897Z (pass) Issue #136: detached docker session liveness > resolves a stopped container to its real exit code, never the -1 sentinel [261.94ms]
Code Coverage (JavaScript)	UNKNOWN STEP	2026-08-10T10:44:14.0157517Z (pass) Issue #144: detached docker OOMKilled status signal > surfaces oomKilled in status output even when Docker exit code is 0 [8.30ms]
Code Coverage (JavaScript)	UNKNOWN STEP	2026-08-10T10:44:14.0186245Z (pass) Issue #144: detached docker OOMKilled status signal > surfaces oomKilled in list output [2.92ms]
Code Coverage (JavaScript)	UNKNOWN STEP	2026-08-10T10:44:14.0215533Z (pass) Issue #148: detached docker OOMKilled terminal status when the container is gone > makes an OOM-killed session terminal once its container is gone [2.90ms]
Code Coverage (JavaScript)	UNKNOWN STEP	2026-08-10T10:44:14.0242938Z (pass) Issue #148: detached docker OOMKilled terminal status when the container is gone > uses the container exit code, not 137, for a stopped OOM-flagged container [2.70ms]
Code Coverage (JavaScript)	UNKNOWN STEP	2026-08-10T10:44:14.0271701Z (pass) Issue #151: OOMKilled is an observation, not a verdict > keeps a running container executing while exposing oomKilled [2.91ms]
Code Coverage (JavaScript)	UNKNOWN STEP	2026-08-10T10:44:14.0289798Z (pass) Issue #151: OOMKilled is an observation, not a verdict > never synthesizes 137 for a running container that reports exit code 137 [1.78ms]
Code Coverage (JavaScript)	UNKNOWN STEP	2026-08-10T10:44:14.0317715Z (pass) Issue #151: OOMKilled is an observation, not a verdict > reports the container exit code 0 once an OOM-flagged container finishes [2.76ms]
Code Coverage (JavaScript)	UNKNOWN STEP	2026-08-10T10:44:14.0345074Z (pass) Issue #151: OOMKilled is an observation, not a verdict > prefers the log footer exit code over the OOM fallback when the container is gone [2.73ms]
Code Coverage (JavaScript)	UNKNOWN STEP	2026-08-10T10:44:14.0373207Z (pass) Issue #151: OOMKilled is an observation, not a verdict > keeps the list output executing for an OOM-flagged running container [2.82ms]
Code Coverage (JavaScript)	UNKNOWN STEP	2026-08-10T10:44:14.0375015Z (pass) Issue #105: attachCurrentTime for executing status > should add currentTime to serialization when status is executing [0.18ms]
Code Coverage (JavaScript)	UNKNOWN STEP	2026-08-10T10:44:14.0376990Z (pass) Issue #105: attachCurrentTime for executing status > should not add currentTime when status is executed [0.06ms]
Code Coverage (JavaScript)	UNKNOWN STEP	2026-08-10T10:44:14.0378777Z (pass) Issue #105: attachCurrentTime for executing status > should not mutate the original record [0.05ms]
Code Coverage (JavaScript)	UNKNOWN STEP	2026-08-10T10:44:14.0380619Z (pass) Issue #105: attachCurrentTime for executing status > should place currentTime right after startTime in serialization order [0.08ms]
Code Coverage (JavaScript)	UNKNOWN STEP	2026-08-10T10:44:14.0382335Z (pass) Issue #105: attachCurrentTime for executing status > should handle null record gracefully [0.02ms]
Code Coverage (JavaScript)	UNKNOWN STEP	2026-08-10T10:44:14.0383231Z 
Code Coverage (JavaScript)	UNKNOWN STEP	2026-08-10T10:44:14.0383972Z ##[endgroup]
Code Coverage (JavaScript)	UNKNOWN STEP	2026-08-10T10:44:14.0384295Z 
Code Coverage (JavaScript)	UNKNOWN STEP	2026-08-10T10:44:14.0384743Z ##[group]test/ssh-integration.js:
Code Coverage (JavaScript)	UNKNOWN STEP	2026-08-10T10:44:14.4071040Z   SSH to localhost not available, integration tests will be skipped
Code Coverage (JavaScript)	UNKNOWN STEP	2026-08-10T10:44:14.4071841Z   Skipping: SSH to localhost not available
Code Coverage (JavaScript)	UNKNOWN STEP	2026-08-10T10:44:14.4072825Z (pass) SSH Integration Tests > runInSsh with real SSH connection > should execute simple command in attached mode [0.37ms]
Code Coverage (JavaScript)	UNKNOWN STEP	2026-08-10T10:44:14.4073812Z   Skipping: SSH to localhost not available
Code Coverage (JavaScript)	UNKNOWN STEP	2026-08-10T10:44:14.4074696Z (pass) SSH Integration Tests > runInSsh with real SSH connection > should execute command with arguments [0.17ms]
Code Coverage (JavaScript)	UNKNOWN STEP	2026-08-10T10:44:14.4075649Z   Skipping: SSH to localhost not available
Code Coverage (JavaScript)	UNKNOWN STEP	2026-08-10T10:44:14.4076865Z (pass) SSH Integration Tests > runInSsh with real SSH connection > should handle command failure with non-zero exit code [0.11ms]
Code Coverage (JavaScript)	UNKNOWN STEP	2026-08-10T10:44:14.4077900Z   Skipping: SSH to localhost not available
Code Coverage (JavaScript)	UNKNOWN STEP	2026-08-10T10:44:14.4078821Z (pass) SSH Integration Tests > runInSsh with real SSH connection > should execute command in detached mode [0.14ms]
Code Coverage (JavaScript)	UNKNOWN STEP	2026-08-10T10:44:14.4079745Z   Skipping: SSH to localhost not available
Code Coverage (JavaScript)	UNKNOWN STEP	2026-08-10T10:44:14.4080650Z (pass) SSH Integration Tests > runInSsh with real SSH connection > should handle multiple sequential commands [0.13ms]
Code Coverage (JavaScript)	UNKNOWN STEP	2026-08-10T10:44:14.4081603Z   Skipping: SSH to localhost not available
Code Coverage (JavaScript)	UNKNOWN STEP	2026-08-10T10:44:14.4082569Z (pass) SSH Integration Tests > runInSsh with real SSH connection > should handle command with environment variables [0.09ms]
Code Coverage (JavaScript)	UNKNOWN STEP	2026-08-10T10:44:14.4083547Z   Skipping: SSH to localhost not available
Code Coverage (JavaScript)	UNKNOWN STEP	2026-08-10T10:44:14.4084357Z (pass) SSH Integration Tests > runInSsh with real SSH connection > should handle special characters in command [0.14ms]
Code Coverage (JavaScript)	UNKNOWN STEP	2026-08-10T10:44:14.4084923Z   Skipping: SSH to localhost not available
Code Coverage (JavaScript)	UNKNOWN STEP	2026-08-10T10:44:14.4085423Z (pass) SSH Integration Tests > runInSsh with real SSH connection > should work with custom session name [0.11ms]
Code Coverage (JavaScript)	UNKNOWN STEP	2026-08-10T10:44:14.4086122Z   Note: SSH connection error handling is tested via unit tests
Code Coverage (JavaScript)	UNKNOWN STEP	2026-08-10T10:44:14.4100106Z (pass) SSH Integration Tests > SSH error handling > should fail gracefully with invalid endpoint [2.02ms]
Code Coverage (JavaScript)	UNKNOWN STEP	2026-08-10T10:44:14.5607941Z   Skipping: SSH to localhost not available
Code Coverage (JavaScript)	UNKNOWN STEP	2026-08-10T10:44:14.5608974Z (pass) SSH CLI Integration > should work through CLI with --isolated ssh --endpoint [0.22ms]
Code Coverage (JavaScript)	UNKNOWN STEP	2026-08-10T10:44:14.5609839Z 
Code Coverage (JavaScript)	UNKNOWN STEP	2026-08-10T10:44:14.5610566Z ##[endgroup]
Code Coverage (JavaScript)	UNKNOWN STEP	2026-08-10T10:44:14.5610794Z 
Code Coverage (JavaScript)	UNKNOWN STEP	2026-08-10T10:44:14.5611274Z ##[group]test/status-query.js:
Code Coverage (JavaScript)	UNKNOWN STEP	2026-08-10T10:44:14.5628095Z === Status Query Integration Tests ===
Code Coverage (JavaScript)	UNKNOWN STEP	2026-08-10T10:44:14.6204923Z (pass) --status query functionality > links-notation format (default) > should output status in links-notation indented format by default [57.17ms]
Code Coverage (JavaScript)	UNKNOWN STEP	2026-08-10T10:44:14.6765159Z (pass) --status query functionality > links-notation format (default) > should output status in links-notation format with explicit flag [56.05ms]
Code Coverage (JavaScript)	UNKNOWN STEP	2026-08-10T10:44:14.7332264Z (pass) --status query functionality > json format > should output status in JSON format [56.71ms]
Code Coverage (JavaScript)	UNKNOWN STEP	2026-08-10T10:44:14.7901699Z (pass) --status query functionality > text format > should output status in human-readable text format [56.90ms]
Code Coverage (JavaScript)	UNKNOWN STEP	2026-08-10T10:44:14.8461959Z (pass) --status query functionality > error handling > should show error for non-existent UUID [56.00ms]
Code Coverage (JavaScript)	UNKNOWN STEP	2026-08-10T10:44:14.8876031Z (pass) --status query functionality > error handling > should show error when tracking is disabled [41.41ms]
Code Coverage (JavaScript)	UNKNOWN STEP	2026-08-10T10:44:14.9505504Z (pass) --status query functionality > --list query functionality > should output all tracked executions in links-notation format by default [62.94ms]
Code Coverage (JavaScript)	UNKNOWN STEP	2026-08-10T10:44:15.0144401Z (pass) --status query functionality > --list query functionality > should output all tracked executions in JSON format [63.88ms]
Code Coverage (JavaScript)	UNKNOWN STEP	2026-08-10T10:44:15.0606069Z (pass) --status query functionality > --list query functionality > should show count zero when no records are stored [46.12ms]
Code Coverage (JavaScript)	UNKNOWN STEP	2026-08-10T10:44:15.1069782Z (pass) --status query functionality > --list query functionality > should show error when tracking is disabled [46.35ms]
Code Coverage (JavaScript)	UNKNOWN STEP	2026-08-10T10:44:15.1712527Z (pass) --status query functionality > --upload-log functionality > should run gh-upload-log with the stored execution log path [64.31ms]
Code Coverage (JavaScript)	UNKNOWN STEP	2026-08-10T10:44:15.2324022Z (pass) --status query functionality > --upload-log functionality > should install gh-upload-log when it is missing before uploading [61.09ms]
Code Coverage (JavaScript)	UNKNOWN STEP	2026-08-10T10:44:15.2884675Z (pass) --status query functionality > --upload-log functionality > should show an error when the stored log file is missing [56.09ms]
Code Coverage (JavaScript)	UNKNOWN STEP	2026-08-10T10:44:15.3457867Z (pass) --status query functionality > executing status > should show executing status for ongoing commands [57.29ms]
Code Coverage (JavaScript)	UNKNOWN STEP	2026-08-10T10:44:15.4092890Z (pass) --status query functionality > executing status > should include currentTime for executing commands (JSON) [63.51ms]
Code Coverage (JavaScript)	UNKNOWN STEP	2026-08-10T10:44:15.4730616Z (pass) --status query functionality > executing status > should not include currentTime for completed commands (JSON) [63.72ms]
Code Coverage (JavaScript)	UNKNOWN STEP	2026-08-10T10:44:15.5314710Z (pass) --status query functionality > executing status > should include currentTime in links-notation for executing commands [58.38ms]
Code Coverage (JavaScript)	UNKNOWN STEP	2026-08-10T10:44:15.6014032Z (pass) --status query functionality > executing status > should indent nested process ID arrays in links-notation [69.87ms]
Code Coverage (JavaScript)	UNKNOWN STEP	2026-08-10T10:44:15.6592424Z (pass) --status query functionality > executing status > should include Current Time in text format for executing commands [57.87ms]
Code Coverage (JavaScript)	UNKNOWN STEP	2026-08-10T10:44:15.7156021Z (pass) --status query functionality > executing status > should not include Current Time in text format for completed commands [56.36ms]
Code Coverage (JavaScript)	UNKNOWN STEP	2026-08-10T10:44:15.7157133Z 
Code Coverage (JavaScript)	UNKNOWN STEP	2026-08-10T10:44:15.7158012Z ##[endgroup]
Code Coverage (JavaScript)	UNKNOWN STEP	2026-08-10T10:44:15.7158215Z 
Code Coverage (JavaScript)	UNKNOWN STEP	2026-08-10T10:44:15.7158522Z ##[group]test/substitution.js:
Code Coverage (JavaScript)	UNKNOWN STEP	2026-08-10T10:44:15.7181324Z === Substitution Engine Unit Tests ===
Code Coverage (JavaScript)	UNKNOWN STEP	2026-08-10T10:44:15.7181603Z 
Code Coverage (JavaScript)	UNKNOWN STEP	2026-08-10T10:44:15.7190362Z ✓ Loaded 48 substitution rules
Code Coverage (JavaScript)	UNKNOWN STEP	2026-08-10T10:44:15.7190851Z 
Code Coverage (JavaScript)	UNKNOWN STEP	2026-08-10T10:44:15.7191141Z ✓ Test: loadDefaultSubstitutions() returns array of rules
Code Coverage (JavaScript)	UNKNOWN STEP	2026-08-10T10:44:15.7191956Z ✓ Test: Rules have correct structure (pattern, replacement, regex)
Code Coverage (JavaScript)	UNKNOWN STEP	2026-08-10T10:44:15.7192331Z 
Code Coverage (JavaScript)	UNKNOWN STEP	2026-08-10T10:44:15.7192522Z === Pattern Matching Tests ===
Code Coverage (JavaScript)	UNKNOWN STEP	2026-08-10T10:44:15.7192839Z 
Code Coverage (JavaScript)	UNKNOWN STEP	2026-08-10T10:44:15.7198956Z ✓ PASS: Basic npm install
Code Coverage (JavaScript)	UNKNOWN STEP	2026-08-10T10:44:15.7199943Z   Input:  "install gh-upload-log npm package"
Code Coverage (JavaScript)	UNKNOWN STEP	2026-08-10T10:44:15.7200783Z   Output: "npm install gh-upload-log"
Code Coverage (JavaScript)	UNKNOWN STEP	2026-08-10T10:44:15.7201334Z 
Code Coverage (JavaScript)	UNKNOWN STEP	2026-08-10T10:44:15.7201865Z ✓ PASS: npm install with version
Code Coverage (JavaScript)	UNKNOWN STEP	2026-08-10T10:44:15.7202715Z   Input:  "install 0.0.1 version of gh-upload-log npm package"
Code Coverage (JavaScript)	UNKNOWN STEP	2026-08-10T10:44:15.7203553Z   Output: "npm install gh-upload-log@0.0.1"
Code Coverage (JavaScript)	UNKNOWN STEP	2026-08-10T10:44:15.7203975Z 
Code Coverage (JavaScript)	UNKNOWN STEP	2026-08-10T10:44:15.7204317Z ✓ PASS: Global npm install
Code Coverage (JavaScript)	UNKNOWN STEP	2026-08-10T10:44:15.7204922Z   Input:  "install lodash npm package globally"
Code Coverage (JavaScript)	UNKNOWN STEP	2026-08-10T10:44:15.7205654Z   Output: "npm install -g lodash"
Code Coverage (JavaScript)	UNKNOWN STEP	2026-08-10T10:44:15.7206188Z 
Code Coverage (JavaScript)	UNKNOWN STEP	2026-08-10T10:44:15.7207798Z ✓ PASS: Global npm install with version
Code Coverage (JavaScript)	UNKNOWN STEP	2026-08-10T10:44:15.7208854Z   Input:  "install 4.17.21 version of lodash npm package globally"
Code Coverage (JavaScript)	UNKNOWN STEP	2026-08-10T10:44:15.7209777Z   Output: "npm install -g lodash@4.17.21"
Code Coverage (JavaScript)	UNKNOWN STEP	2026-08-10T10:44:15.7210417Z 
Code Coverage (JavaScript)	UNKNOWN STEP	2026-08-10T10:44:15.7210761Z ✓ PASS: npm uninstall
Code Coverage (JavaScript)	UNKNOWN STEP	2026-08-10T10:44:15.7211268Z   Input:  "uninstall lodash npm package"
Code Coverage (JavaScript)	UNKNOWN STEP	2026-08-10T10:44:15.7211798Z   Output: "npm uninstall lodash"
Code Coverage (JavaScript)	UNKNOWN STEP	2026-08-10T10:44:15.7212137Z 
Code Coverage (JavaScript)	UNKNOWN STEP	2026-08-10T10:44:15.7212427Z ✓ PASS: Git clone with URL
Code Coverage (JavaScript)	UNKNOWN STEP	2026-08-10T10:44:15.7213041Z   Input:  "clone https://github.com/user/repo repository"
Code Coverage (JavaScript)	UNKNOWN STEP	2026-08-10T10:44:15.7213999Z   Output: "git clone https://github.com/user/repo"
Code Coverage (JavaScript)	UNKNOWN STEP	2026-08-10T10:44:15.7214402Z 
Code Coverage (JavaScript)	UNKNOWN STEP	2026-08-10T10:44:15.7214700Z ✓ PASS: Git clone with SSH URL
Code Coverage (JavaScript)	UNKNOWN STEP	2026-08-10T10:44:15.7215338Z   Input:  "clone git@github.com:user/repo.git repository"
Code Coverage (JavaScript)	UNKNOWN STEP	2026-08-10T10:44:15.7215949Z   Output: "git clone git@github.com:user/repo.git"
Code Coverage (JavaScript)	UNKNOWN STEP	2026-08-10T10:44:15.7216561Z 
Code Coverage (JavaScript)	UNKNOWN STEP	2026-08-10T10:44:15.7216969Z ✓ PASS: Git checkout branch
Code Coverage (JavaScript)	UNKNOWN STEP	2026-08-10T10:44:15.7217417Z   Input:  "checkout main branch"
Code Coverage (JavaScript)	UNKNOWN STEP	2026-08-10T10:44:15.7217830Z   Output: "git checkout main"
Code Coverage (JavaScript)	UNKNOWN STEP	2026-08-10T10:44:15.7218065Z 
Code Coverage (JavaScript)	UNKNOWN STEP	2026-08-10T10:44:15.7218204Z ✓ PASS: Git create branch
Code Coverage (JavaScript)	UNKNOWN STEP	2026-08-10T10:44:15.7218662Z   Input:  "create feature-x branch"
Code Coverage (JavaScript)	UNKNOWN STEP	2026-08-10T10:44:15.7219130Z   Output: "git checkout -b feature-x"
Code Coverage (JavaScript)	UNKNOWN STEP	2026-08-10T10:44:15.7219431Z 
Code Coverage (JavaScript)	UNKNOWN STEP	2026-08-10T10:44:15.7219627Z ✓ PASS: List files
Code Coverage (JavaScript)	UNKNOWN STEP	2026-08-10T10:44:15.7219960Z   Input:  "list files"
Code Coverage (JavaScript)	UNKNOWN STEP	2026-08-10T10:44:15.7220309Z   Output: "ls -la"
Code Coverage (JavaScript)	UNKNOWN STEP	2026-08-10T10:44:15.7220434Z 
Code Coverage (JavaScript)	UNKNOWN STEP	2026-08-10T10:44:15.7220569Z ✓ PASS: Show working directory
Code Coverage (JavaScript)	UNKNOWN STEP	2026-08-10T10:44:15.7220820Z   Input:  "show current directory"
Code Coverage (JavaScript)	UNKNOWN STEP	2026-08-10T10:44:15.7221076Z   Output: "pwd"
Code Coverage (JavaScript)	UNKNOWN STEP	2026-08-10T10:44:15.7221191Z 
Code Coverage (JavaScript)	UNKNOWN STEP	2026-08-10T10:44:15.7221311Z ✓ PASS: Create directory
Code Coverage (JavaScript)	UNKNOWN STEP	2026-08-10T10:44:15.7221551Z   Input:  "create my-project directory"
Code Coverage (JavaScript)	UNKNOWN STEP	2026-08-10T10:44:15.7221832Z   Output: "mkdir -p my-project"
Code Coverage (JavaScript)	UNKNOWN STEP	2026-08-10T10:44:15.7221987Z 
Code Coverage (JavaScript)	UNKNOWN STEP	2026-08-10T10:44:15.7222105Z ✓ PASS: pip install
Code Coverage (JavaScript)	UNKNOWN STEP	2026-08-10T10:44:15.7222328Z   Input:  "install requests python package"
Code Coverage (JavaScript)	UNKNOWN STEP	2026-08-10T10:44:15.7222612Z   Output: "pip install requests"
Code Coverage (JavaScript)	UNKNOWN STEP	2026-08-10T10:44:15.7222769Z 
Code Coverage (JavaScript)	UNKNOWN STEP	2026-08-10T10:44:15.7222926Z ✓ PASS: Non-matching command (pass through)
Code Coverage (JavaScript)	UNKNOWN STEP	2026-08-10T10:44:15.7223210Z   Input:  "echo hello world"
Code Coverage (JavaScript)	UNKNOWN STEP	2026-08-10T10:44:15.7223445Z   Output: "echo hello world"
Code Coverage (JavaScript)	UNKNOWN STEP	2026-08-10T10:44:15.7223584Z 
Code Coverage (JavaScript)	UNKNOWN STEP	2026-08-10T10:44:15.7223730Z ✓ PASS: Regular npm command (pass through)
Code Coverage (JavaScript)	UNKNOWN STEP	2026-08-10T10:44:15.7223996Z   Input:  "npm test"
Code Coverage (JavaScript)	UNKNOWN STEP	2026-08-10T10:44:15.7224198Z   Output: "npm test"
Code Coverage (JavaScript)	UNKNOWN STEP	2026-08-10T10:44:15.7224316Z 
Code Coverage (JavaScript)	UNKNOWN STEP	2026-08-10T10:44:15.7224416Z === Pattern Specificity Tests ===
Code Coverage (JavaScript)	UNKNOWN STEP	2026-08-10T10:44:15.7224580Z 
Code Coverage (JavaScript)	UNKNOWN STEP	2026-08-10T10:44:15.7224918Z ✓ Test: Pattern specificity works correctly
Code Coverage (JavaScript)	UNKNOWN STEP	2026-08-10T10:44:15.7225348Z   Input:  "install 1.0.0 version of express npm package globally"
Code Coverage (JavaScript)	UNKNOWN STEP	2026-08-10T10:44:15.7225949Z   Output: "npm install -g express@1.0.0"
Code Coverage (JavaScript)	UNKNOWN STEP	2026-08-10T10:44:15.7226282Z 
Code Coverage (JavaScript)	UNKNOWN STEP	2026-08-10T10:44:15.7226644Z === Variable Extraction Tests ===
Code Coverage (JavaScript)	UNKNOWN STEP	2026-08-10T10:44:15.7227252Z 
Code Coverage (JavaScript)	UNKNOWN STEP	2026-08-10T10:44:15.7227669Z ✓ Test: Variable extraction and substitution works correctly
Code Coverage (JavaScript)	UNKNOWN STEP	2026-08-10T10:44:15.7228190Z   Pattern matched: "install $packageName npm package"
Code Coverage (JavaScript)	UNKNOWN STEP	2026-08-10T10:44:15.7228515Z   Variables in pattern: [packageName]
Code Coverage (JavaScript)	UNKNOWN STEP	2026-08-10T10:44:15.7228793Z   Result command: "npm install my-package"
Code Coverage (JavaScript)	UNKNOWN STEP	2026-08-10T10:44:15.7228980Z 
Code Coverage (JavaScript)	UNKNOWN STEP	2026-08-10T10:44:15.7229082Z === processCommand Integration Tests ===
Code Coverage (JavaScript)	UNKNOWN STEP	2026-08-10T10:44:15.7229268Z 
Code Coverage (JavaScript)	UNKNOWN STEP	2026-08-10T10:44:15.7229425Z ✓ Test: processCommand applies substitutions
Code Coverage (JavaScript)	UNKNOWN STEP	2026-08-10T10:44:15.7229701Z   Input:  "list files"
Code Coverage (JavaScript)	UNKNOWN STEP	2026-08-10T10:44:15.7229909Z   Output: "ls -la"
Code Coverage (JavaScript)	UNKNOWN STEP	2026-08-10T10:44:15.7230103Z   Matched: true
Code Coverage (JavaScript)	UNKNOWN STEP	2026-08-10T10:44:15.7230219Z 
Code Coverage (JavaScript)	UNKNOWN STEP	2026-08-10T10:44:15.7230443Z ✓ Test: processCommand passes through non-matching commands
Code Coverage (JavaScript)	UNKNOWN STEP	2026-08-10T10:44:15.7230766Z   Input:  "echo test"
Code Coverage (JavaScript)	UNKNOWN STEP	2026-08-10T10:44:15.7230967Z   Output: "echo test"
Code Coverage (JavaScript)	UNKNOWN STEP	2026-08-10T10:44:15.7231164Z   Matched: false
Code Coverage (JavaScript)	UNKNOWN STEP	2026-08-10T10:44:15.7231283Z 
Code Coverage (JavaScript)	UNKNOWN STEP	2026-08-10T10:44:15.7231369Z === Test Summary ===
Code Coverage (JavaScript)	UNKNOWN STEP	2026-08-10T10:44:15.7231589Z Pattern Matching: 15/15 tests passed
Code Coverage (JavaScript)	UNKNOWN STEP	2026-08-10T10:44:15.7231846Z Total Tests: 22/22 passed
Code Coverage (JavaScript)	UNKNOWN STEP	2026-08-10T10:44:15.7232096Z 
Code Coverage (JavaScript)	UNKNOWN STEP	2026-08-10T10:44:15.7232318Z ✓ All tests passed!
Code Coverage (JavaScript)	UNKNOWN STEP	2026-08-10T10:44:15.7232563Z 
Code Coverage (JavaScript)	UNKNOWN STEP	2026-08-10T10:44:15.7232567Z 
Code Coverage (JavaScript)	UNKNOWN STEP	2026-08-10T10:44:15.7232836Z ##[endgroup]
Code Coverage (JavaScript)	UNKNOWN STEP	2026-08-10T10:44:15.7233005Z 
Code Coverage (JavaScript)	UNKNOWN STEP	2026-08-10T10:44:15.7233451Z ##[group]test/user-manager.js:
Code Coverage (JavaScript)	UNKNOWN STEP	2026-08-10T10:44:15.7326161Z (pass) user-manager > getCurrentUser > should return a non-empty string [7.62ms]
Code Coverage (JavaScript)	UNKNOWN STEP	2026-08-10T10:44:15.7344923Z (pass) user-manager > getCurrentUser > should return a valid username format [1.91ms]
Code Coverage (JavaScript)	UNKNOWN STEP	2026-08-10T10:44:15.7363087Z (pass) user-manager > getCurrentUserGroups > should return an array [1.81ms]
Code Coverage (JavaScript)	UNKNOWN STEP	2026-08-10T10:44:15.7380676Z (pass) user-manager > getCurrentUserGroups > should return at least one group (the primary group) [1.74ms]
Code Coverage (JavaScript)	UNKNOWN STEP	2026-08-10T10:44:15.7398441Z (pass) user-manager > getCurrentUserGroups > should return groups as strings [1.73ms]
Code Coverage (JavaScript)	UNKNOWN STEP	2026-08-10T10:44:15.7450955Z (pass) user-manager > userExists > should return true for current user [5.17ms]
Code Coverage (JavaScript)	UNKNOWN STEP	2026-08-10T10:44:15.7478257Z (pass) user-manager > userExists > should return false for non-existent user [2.82ms]
Code Coverage (JavaScript)	UNKNOWN STEP	2026-08-10T10:44:15.7500898Z (pass) user-manager > userExists > should return true for root user (on Unix) [2.26ms]
Code Coverage (JavaScript)	UNKNOWN STEP	2026-08-10T10:44:15.7549410Z (pass) user-manager > groupExists > should return true for root group (on Unix) [4.83ms]
Code Coverage (JavaScript)	UNKNOWN STEP	2026-08-10T10:44:15.7574278Z (pass) user-manager > groupExists > should return false for non-existent group [2.48ms]
Code Coverage (JavaScript)	UNKNOWN STEP	2026-08-10T10:44:15.7575426Z (pass) user-manager > generateIsolatedUsername > should generate unique usernames [0.10ms]
Code Coverage (JavaScript)	UNKNOWN STEP	2026-08-10T10:44:15.7576789Z (pass) user-manager > generateIsolatedUsername > should use default prefix [0.03ms]
Code Coverage (JavaScript)	UNKNOWN STEP	2026-08-10T10:44:15.7577436Z (pass) user-manager > generateIsolatedUsername > should use custom prefix [0.03ms]
Code Coverage (JavaScript)	UNKNOWN STEP	2026-08-10T10:44:15.7578069Z (pass) user-manager > generateIsolatedUsername > should generate valid username (no special chars) [0.04ms]
Code Coverage (JavaScript)	UNKNOWN STEP	2026-08-10T10:44:15.7578748Z (pass) user-manager > generateIsolatedUsername > should not exceed 31 characters [0.02ms]
Code Coverage (JavaScript)	UNKNOWN STEP	2026-08-10T10:44:15.7579367Z (pass) user-manager > generateIsolatedUsername > should handle long prefix by truncating [0.03ms]
Code Coverage (JavaScript)	UNKNOWN STEP	2026-08-10T10:44:15.7603305Z (pass) user-manager > getUserInfo > should return exists: false for non-existent user [2.55ms]
Code Coverage (JavaScript)	UNKNOWN STEP	2026-08-10T10:44:15.7715402Z (pass) user-manager > getUserInfo > should return user info for current user [11.15ms]
Code Coverage (JavaScript)	UNKNOWN STEP	2026-08-10T10:44:15.7799098Z (pass) user-manager > getUserInfo > should include uid for existing user [8.36ms]
Code Coverage (JavaScript)	UNKNOWN STEP	2026-08-10T10:44:15.7800862Z (pass) args-parser user isolation options > --isolated-user option (user isolation) > should parse --isolated-user flag [0.18ms]
Code Coverage (JavaScript)	UNKNOWN STEP	2026-08-10T10:44:15.7802633Z (pass) args-parser user isolation options > --isolated-user option (user isolation) > should parse --isolated-user with custom username [0.08ms]
Code Coverage (JavaScript)	UNKNOWN STEP	2026-08-10T10:44:15.7804087Z (pass) args-parser user isolation options > --isolated-user option (user isolation) > should parse --isolated-user=value format [0.06ms]
Code Coverage (JavaScript)	UNKNOWN STEP	2026-08-10T10:44:15.7805322Z (pass) args-parser user isolation options > --isolated-user option (user isolation) > should parse -u shorthand [0.05ms]
Code Coverage (JavaScript)	UNKNOWN STEP	2026-08-10T10:44:15.7806676Z (pass) args-parser user isolation options > --isolated-user option (user isolation) > should parse -u with custom username [0.05ms]
Code Coverage (JavaScript)	UNKNOWN STEP	2026-08-10T10:44:15.7809670Z (pass) args-parser user isolation options > --isolated-user option (user isolation) > should work with isolation options [0.10ms]
Code Coverage (JavaScript)	UNKNOWN STEP	2026-08-10T10:44:15.7811383Z (pass) args-parser user isolation options > --isolated-user option (user isolation) > should throw error when used with docker isolation [0.12ms]
Code Coverage (JavaScript)	UNKNOWN STEP	2026-08-10T10:44:15.7813106Z (pass) args-parser user isolation options > --isolated-user option (user isolation) > should validate custom username format [0.08ms]
Code Coverage (JavaScript)	UNKNOWN STEP	2026-08-10T10:44:15.7814731Z (pass) args-parser user isolation options > --isolated-user option (user isolation) > should validate custom username length [0.16ms]
Code Coverage (JavaScript)	UNKNOWN STEP	2026-08-10T10:44:15.7816934Z (pass) args-parser user isolation options > --isolated-user option (user isolation) > should work with screen isolation and custom username [0.09ms]
Code Coverage (JavaScript)	UNKNOWN STEP	2026-08-10T10:44:15.7818624Z (pass) args-parser user isolation options > --isolated-user option (user isolation) > should work with tmux isolation [0.08ms]
Code Coverage (JavaScript)	UNKNOWN STEP	2026-08-10T10:44:15.7820134Z (pass) args-parser user isolation options > --keep-user option > should parse --keep-user with --isolated-user [0.07ms]
Code Coverage (JavaScript)	UNKNOWN STEP	2026-08-10T10:44:15.7821603Z (pass) args-parser user isolation options > --keep-user option > should throw error when used without --isolated-user [0.06ms]
Code Coverage (JavaScript)	UNKNOWN STEP	2026-08-10T10:44:15.7822471Z 
Code Coverage (JavaScript)	UNKNOWN STEP	2026-08-10T10:44:15.7822965Z ##[endgroup]
Code Coverage (JavaScript)	UNKNOWN STEP	2026-08-10T10:44:15.7823151Z 
Code Coverage (JavaScript)	UNKNOWN STEP	2026-08-10T10:44:15.7823534Z ##[group]test/version.js:
Code Coverage (JavaScript)	UNKNOWN STEP	2026-08-10T10:44:15.8482847Z (pass) Version Flag Tests > Basic version flag > should show version with --version [64.13ms]
Code Coverage (JavaScript)	UNKNOWN STEP	2026-08-10T10:44:15.9123834Z (pass) Version Flag Tests > Basic version flag > should show version with -v [64.09ms]
Code Coverage (JavaScript)	UNKNOWN STEP	2026-08-10T10:44:15.9790364Z (pass) Version Flag Tests > Basic version flag > should show version with --version -- (trailing separator) [66.61ms]
Code Coverage (JavaScript)	UNKNOWN STEP	2026-08-10T10:44:16.0554100Z (pass) Version Flag Tests > Runtime detection > should show Bun version when running with Bun [76.38ms]
Code Coverage (JavaScript)	UNKNOWN STEP	2026-08-10T10:44:16.1206571Z (pass) Version Flag Tests > OS version detection > should show OS information [65.19ms]
Code Coverage (JavaScript)	UNKNOWN STEP	2026-08-10T10:44:16.1919782Z (pass) Version Flag Tests > OS version detection > should show macOS ProductVersion on darwin [71.38ms]
Code Coverage (JavaScript)	UNKNOWN STEP	2026-08-10T10:44:16.2593060Z (pass) Version Flag Tests > Tool version detection > should detect screen version if installed [67.26ms]
Code Coverage (JavaScript)	UNKNOWN STEP	2026-08-10T10:44:16.3343623Z (pass) Version Flag Tests > Tool version detection > should detect tmux version if installed [75.03ms]
Code Coverage (JavaScript)	UNKNOWN STEP	2026-08-10T10:44:16.4137478Z (pass) Version Flag Tests > Tool version detection > should detect docker version if installed [79.41ms]
Code Coverage (JavaScript)	UNKNOWN STEP	2026-08-10T10:44:16.4855438Z (pass) Version Flag Tests > Verbose mode > should show verbose output with --version --verbose [71.76ms]
Code Coverage (JavaScript)	UNKNOWN STEP	2026-08-10T10:44:16.5510709Z (pass) Version Flag Tests > Verbose mode > should show verbose output with --version --debug [65.55ms]
Code Coverage (JavaScript)	UNKNOWN STEP	2026-08-10T10:44:16.6149309Z (pass) Version Flag Tests > Verbose mode > should show verbose output with START_VERBOSE=1 [63.81ms]
Code Coverage (JavaScript)	UNKNOWN STEP	2026-08-10T10:44:16.6556209Z (pass) Version Flag Tests > Error cases > should error with "No command provided" for $ -- [40.69ms]
Code Coverage (JavaScript)	UNKNOWN STEP	2026-08-10T10:44:16.6973769Z (pass) Version Flag Tests > Error cases > should error with "No command provided" for no args [41.70ms]
Code Coverage (JavaScript)	UNKNOWN STEP	2026-08-10T10:44:16.6974787Z 
Code Coverage (JavaScript)	UNKNOWN STEP	2026-08-10T10:44:16.6975635Z ##[endgroup]
Code Coverage (JavaScript)	UNKNOWN STEP	2026-08-10T10:44:16.6976883Z ----------------------------------------|---------|---------|-------------------
Code Coverage (JavaScript)	UNKNOWN STEP	2026-08-10T10:44:16.7038213Z File                                    | % Funcs | % Lines | Uncovered Line #s
Code Coverage (JavaScript)	UNKNOWN STEP	2026-08-10T10:44:16.7039002Z ----------------------------------------|---------|---------|-------------------
Code Coverage (JavaScript)	UNKNOWN STEP	2026-08-10T10:44:16.7720888Z All files                               |   92.60 |   88.09 |
Code Coverage (JavaScript)	UNKNOWN STEP	2026-08-10T10:44:16.7721795Z  src/lib/args-parser.js                 |   94.44 |   93.54 | 91-101,263,319-320,336-337,371-372,415-416,512-513,521-522,528-529,546-548,769-770,772,848-850,853-855,936-938
Code Coverage (JavaScript)	UNKNOWN STEP	2026-08-10T10:44:16.7722597Z  src/lib/command-builder.js             |   33.33 |   64.89 | 22,42-46,50-54,61,64,67,70,76,80,84,89,92,95,103,118-119,128,137-140,149-152
Code Coverage (JavaScript)	UNKNOWN STEP	2026-08-10T10:44:16.7723214Z  src/lib/docker-cleanup.js              |   94.74 |   97.20 | 21,52,100,104,108
Code Coverage (JavaScript)	UNKNOWN STEP	2026-08-10T10:44:16.7723665Z  src/lib/docker-network-lifecycle.js    |  100.00 |   96.88 | 
Code Coverage (JavaScript)	UNKNOWN STEP	2026-08-10T10:44:16.7724098Z  src/lib/docker-network-options.js      |  100.00 |   95.00 | 7-8
Code Coverage (JavaScript)	UNKNOWN STEP	2026-08-10T10:44:16.7724789Z  src/lib/docker-utils.js                |  100.00 |   65.82 | 29,34,49,52-57,60-62,65-67,70-76,79-82,85,102,141-154,157-158,177,240,246,249,251-256,291,304,317,323-328,331-332,334
Code Coverage (JavaScript)	UNKNOWN STEP	2026-08-10T10:44:16.7725655Z  src/lib/execution-control.js           |   92.31 |   74.44 | 72,98,109,125-132,134-142,144-149,163-164,176-178,196-201,211-213,219-231,241-243,245,273,278-281,291-296
Code Coverage (JavaScript)	UNKNOWN STEP	2026-08-10T10:44:16.7727408Z  src/lib/execution-store.js             |   84.31 |   69.20 | 34,43,170-171,173-176,178,204,214,230,238-241,258,293,309,314,318-319,341-355,364-381,390-399,409-420,429-436,449,472,608-609,632,653,668,684,692,720,723-726,728,730-733,735-737,740-745,748-760,762-764,774-798
Code Coverage (JavaScript)	UNKNOWN STEP	2026-08-10T10:44:16.7729362Z  src/lib/failure-handler.js             |   33.33 |   14.43 | 30,33,35-38,40,43-49,52-64,68-71,74-82,91-225,259-263,272-278,288-309,320-327,340-383
Code Coverage (JavaScript)	UNKNOWN STEP	2026-08-10T10:44:16.7730429Z  src/lib/isolation-log-utils.js         |   88.24 |   76.19 | 90-96,112-113,183-203
Code Coverage (JavaScript)	UNKNOWN STEP	2026-08-10T10:44:16.7732653Z  src/lib/isolation.js                   |   81.82 |   64.13 | 82,105-107,114,116-121,128,130,132-146,150-155,222-227,252-256,269-274,291-294,298-322,345-350,352-375,377,379-383,396-401,411,413-414,416,419-423,425-434,436-439,441,443-445,447-458,460-463,465-484,486,488-492,610-613,615-620,638-646,668,687-693,702,753,767,771,780-785,787,794,798-805,822,824-827,838,846-847,850-860,871-875,903-904,906-910,926-928
Code Coverage (JavaScript)	UNKNOWN STEP	2026-08-10T10:44:16.7734800Z  src/lib/output-blocks.js               |  100.00 |   93.20 | 152-153,161,199-207,211,396,398-399
Code Coverage (JavaScript)	UNKNOWN STEP	2026-08-10T10:44:16.7736573Z  src/lib/screen-isolation.js            |   86.67 |   67.32 | 55-57,61-65,80,86,89,94-97,183-193,210-216,230-235,244,264-272,274,278-280,282-288,297,306,312,315-320,354-362,364-366,368-378,399-403,443-447,467-469,475,478-482,484-488
Code Coverage (JavaScript)	UNKNOWN STEP	2026-08-10T10:44:16.7738033Z  src/lib/sequence-parser.js             |   92.31 |   81.15 | 22,125-142,175,179-180
Code Coverage (JavaScript)	UNKNOWN STEP	2026-08-10T10:44:16.7738799Z  src/lib/shell-utils.js                 |  100.00 |   96.77 | 
Code Coverage (JavaScript)	UNKNOWN STEP	2026-08-10T10:44:16.7739809Z  src/lib/status-formatter.js            |   84.38 |   87.41 | 77,142-147,155-156,159-164,166-168,403,444,523,569-573,586-598,607-613,625,636-637,652,671,684
Code Coverage (JavaScript)	UNKNOWN STEP	2026-08-10T10:44:16.7741054Z  src/lib/substitution.js                |  100.00 |   80.31 | 60-61,76-77,84-86,148-151,229-233,235,248-254,267-272,297-302,308-309
Code Coverage (JavaScript)	UNKNOWN STEP	2026-08-10T10:44:16.7742150Z  src/lib/user-manager.js                |   58.33 |   26.56 | 23,40-43,100-174,188-215,228-276,289-349,399,408-412
Code Coverage (JavaScript)	UNKNOWN STEP	2026-08-10T10:44:16.7742957Z  test/args-parser-control.js            |  100.00 |  100.00 | 
Code Coverage (JavaScript)	UNKNOWN STEP	2026-08-10T10:44:16.7743600Z  test/args-parser-docker-cleanup.js     |  100.00 |  100.00 | 
Code Coverage (JavaScript)	UNKNOWN STEP	2026-08-10T10:44:16.7744255Z  test/args-parser-isolation-alias.js    |  100.00 |  100.00 | 
Code Coverage (JavaScript)	UNKNOWN STEP	2026-08-10T10:44:16.7744892Z  test/args-parser-shell.js              |  100.00 |  100.00 | 
Code Coverage (JavaScript)	UNKNOWN STEP	2026-08-10T10:44:16.7745483Z  test/args-parser.js                    |  100.00 |  100.00 | 
Code Coverage (JavaScript)	UNKNOWN STEP	2026-08-10T10:44:16.7746751Z  test/cli.js                            |  100.00 |   96.14 | 140-141,166-167,195-198
Code Coverage (JavaScript)	UNKNOWN STEP	2026-08-10T10:44:16.7747443Z  test/command-builder-docker-cleanup.js |  100.00 |  100.00 | 
Code Coverage (JavaScript)	UNKNOWN STEP	2026-08-10T10:44:16.7748115Z  test/create-github-release.mjs         |  100.00 |  100.00 | 
Code Coverage (JavaScript)	UNKNOWN STEP	2026-08-10T10:44:16.7748915Z  test/docker-autoremove.js              |  100.00 |   92.14 | 29,89-92,143,158-161,208,221-224,257,277-280,315,337-340
Code Coverage (JavaScript)	UNKNOWN STEP	2026-08-10T10:44:16.7749972Z  test/docker-network-integration.js     |  100.00 |   96.61 | 28,51,59
Code Coverage (JavaScript)	UNKNOWN STEP	2026-08-10T10:44:16.7750670Z  test/docker-runtime-options.js         |  100.00 |  100.00 | 
Code Coverage (JavaScript)	UNKNOWN STEP	2026-08-10T10:44:16.7751629Z  test/echo-integration.js               |   86.96 |   84.81 | 260-261,263-264,406-407,409-410,421-426,531-534,536-537,547,549-573,575,577-592,594,596-614
Code Coverage (JavaScript)	UNKNOWN STEP	2026-08-10T10:44:16.7752587Z  test/execution-control.js              |  100.00 |   99.61 | 
Code Coverage (JavaScript)	UNKNOWN STEP	2026-08-10T10:44:16.7753192Z  test/execution-store.js                |  100.00 |  100.00 | 
Code Coverage (JavaScript)	UNKNOWN STEP	2026-08-10T10:44:16.7753791Z  test/failure-handler.js                |  100.00 |  100.00 | 
Code Coverage (JavaScript)	UNKNOWN STEP	2026-08-10T10:44:16.7754621Z  test/isolation-cleanup.js              |  100.00 |   91.34 | 30,37-38,92-93,123-125,141-142,196-197,227,253-256,282,314,332-335
Code Coverage (JavaScript)	UNKNOWN STEP	2026-08-10T10:44:16.7755484Z  test/isolation-log-utils.js            |  100.00 |   99.00 | 192
Code Coverage (JavaScript)	UNKNOWN STEP	2026-08-10T10:44:16.7756207Z  test/isolation-stacking.js             |  100.00 |  100.00 | 
Code Coverage (JavaScript)	UNKNOWN STEP	2026-08-10T10:44:16.7757731Z  test/isolation.js                      |  100.00 |   88.51 | 141,143-147,197,199-203,225,227-231,242,244-248,259,261-267,274-275,281-282,304,306-313,345-346,373-374,403-404,431-432,465-468,495-498,542-543,584-587,669-670,707-708
Code Coverage (JavaScript)	UNKNOWN STEP	2026-08-10T10:44:16.7759092Z  test/merge-changesets.mjs              |  100.00 |  100.00 | 
Code Coverage (JavaScript)	UNKNOWN STEP	2026-08-10T10:44:16.7759730Z  test/output-blocks.js                  |  100.00 |  100.00 | 
Code Coverage (JavaScript)	UNKNOWN STEP	2026-08-10T10:44:16.7760363Z  test/public-exports.js                 |  100.00 |  100.00 | 
Code Coverage (JavaScript)	UNKNOWN STEP	2026-08-10T10:44:16.7761010Z  test/publish-to-crates.mjs             |  100.00 |  100.00 | 
Code Coverage (JavaScript)	UNKNOWN STEP	2026-08-10T10:44:16.7761770Z  test/regression-138.js                 |   92.31 |   89.93 | 58-60,95-97,103-105,123-125,154-156
Code Coverage (JavaScript)	UNKNOWN STEP	2026-08-10T10:44:16.7762532Z  test/regression-150.js                 |  100.00 |  100.00 | 
Code Coverage (JavaScript)	UNKNOWN STEP	2026-08-10T10:44:16.7763166Z  test/regression-84.js                  |  100.00 |  100.00 | 
Code Coverage (JavaScript)	UNKNOWN STEP	2026-08-10T10:44:16.7763815Z  test/regression-89.js                  |   81.82 |   98.80 | 36
Code Coverage (JavaScript)	UNKNOWN STEP	2026-08-10T10:44:16.7764487Z  test/regression-91.js                  |  100.00 |   99.05 | 60-61
Code Coverage (JavaScript)	UNKNOWN STEP	2026-08-10T10:44:16.7765158Z  test/release-name.mjs                  |  100.00 |  100.00 | 
Code Coverage (JavaScript)	UNKNOWN STEP	2026-08-10T10:44:16.7765797Z  test/run-js-tests.mjs                  |  100.00 |  100.00 | 
Code Coverage (JavaScript)	UNKNOWN STEP	2026-08-10T10:44:16.7766951Z  test/screen-integration.js             |  100.00 |   92.36 | 27,35-36,61-62,140-141,165-166,190-191,213-214,236-237,259-260,286-287,310-311,330-331
Code Coverage (JavaScript)	UNKNOWN STEP	2026-08-10T10:44:16.7767973Z  test/sequence-parser.js                |  100.00 |  100.00 | 
Code Coverage (JavaScript)	UNKNOWN STEP	2026-08-10T10:44:16.7768919Z  test/session-name-status.js            |  100.00 |   96.04 | 89,103-117,143,360,415,435,447,471,496,560,568,580,595-596,611,628-629
Code Coverage (JavaScript)	UNKNOWN STEP	2026-08-10T10:44:16.7770781Z  test/ssh-integration.js                |   96.43 |   45.59 | 23,48,54-57,69-71,84,86-89,91-95,103,105-108,110-113,121,123-126,128-136,144,146-151,153-169,177,179-185,187-190,198,200-203,205-208,216,218-221,223-226,234,236-241,243-247,279-280,288,291-309,314-315,317,319-327
Code Coverage (JavaScript)	UNKNOWN STEP	2026-08-10T10:44:16.7772410Z  test/status-query.js                   |  100.00 |   97.32 | 58-62,288-289,435-438
Code Coverage (JavaScript)	UNKNOWN STEP	2026-08-10T10:44:16.7773193Z  test/substitution.js                   |   66.67 |   92.02 | 139-147,222-225,227-228
Code Coverage (JavaScript)	UNKNOWN STEP	2026-08-10T10:44:16.7773952Z  test/user-manager.js                   |  100.00 |   97.64 | 33-34,66-67,146-147
Code Coverage (JavaScript)	UNKNOWN STEP	2026-08-10T10:44:16.7774919Z  test/version.js                        |  100.00 |   83.33 | 38-43,103,105-108,128-130,133-137,140-147,177,179-182,206,208-211,235,237-240
Code Coverage (JavaScript)	UNKNOWN STEP	2026-08-10T10:44:16.7775937Z  ../scripts/merge-changesets.mjs        |   86.67 |   84.40 | 46-56,69-70,72,77,185-188,201-203,282,329-338
Code Coverage (JavaScript)	UNKNOWN STEP	2026-08-10T10:44:16.7777122Z  ../scripts/release-name.mjs            |  100.00 |   93.51 | 72,74-75,101
Code Coverage (JavaScript)	UNKNOWN STEP	2026-08-10T10:44:16.7777930Z  ../scripts/run-js-tests.mjs            |   28.57 |   34.45 | 29-40,44-62,66-74,78-97,104,120-135
Code Coverage (JavaScript)	UNKNOWN STEP	2026-08-10T10:44:16.7778787Z ----------------------------------------|---------|---------|-------------------
Code Coverage (JavaScript)	UNKNOWN STEP	2026-08-10T10:44:16.7779365Z 
Code Coverage (JavaScript)	UNKNOWN STEP	2026-08-10T10:44:16.7779487Z  715 pass
Code Coverage (JavaScript)	UNKNOWN STEP	2026-08-10T10:44:16.7779758Z  0 fail
Code Coverage (JavaScript)	UNKNOWN STEP	2026-08-10T10:44:16.7780027Z  588 expect() calls
Code Coverage (JavaScript)	UNKNOWN STEP	2026-08-10T10:44:16.7780359Z Ran 715 tests across 38 files. [32.82s]
Code Coverage (JavaScript)	UNKNOWN STEP	2026-08-10T10:44:16.7831549Z Coverage: %
Code Coverage (JavaScript)	UNKNOWN STEP	2026-08-10T10:44:16.8126013Z Could not determine coverage, skipping check
Code Coverage (JavaScript)	UNKNOWN STEP	2026-08-10T10:44:16.8250009Z Post job cleanup.
Code Coverage (JavaScript)	UNKNOWN STEP	2026-08-10T10:44:17.0146268Z Post job cleanup.
Code Coverage (JavaScript)	UNKNOWN STEP	2026-08-10T10:44:17.1075045Z [command]/usr/bin/git version
Code Coverage (JavaScript)	UNKNOWN STEP	2026-08-10T10:44:17.1122444Z git version 2.54.0
Code Coverage (JavaScript)	UNKNOWN STEP	2026-08-10T10:44:17.1202303Z Temporarily overriding HOME='/home/runner/work/_temp/d15eea8f-32e6-4926-98a1-b524ff8f10b2' before making global git config changes
Code Coverage (JavaScript)	UNKNOWN STEP	2026-08-10T10:44:17.1203737Z Adding repository directory to the temporary git global config as a safe directory
Code Coverage (JavaScript)	UNKNOWN STEP	2026-08-10T10:44:17.1209169Z [command]/usr/bin/git config --global --add safe.directory /home/runner/work/start/start
Code Coverage (JavaScript)	UNKNOWN STEP	2026-08-10T10:44:17.1250791Z Removing SSH command configuration
Code Coverage (JavaScript)	UNKNOWN STEP	2026-08-10T10:44:17.1259032Z [command]/usr/bin/git config --local --name-only --get-regexp core\.sshCommand
Code Coverage (JavaScript)	UNKNOWN STEP	2026-08-10T10:44:17.1300404Z [command]/usr/bin/git submodule foreach --recursive sh -c "git config --local --name-only --get-regexp 'core\.sshCommand' && git config --local --unset-all 'core.sshCommand' || :"
Code Coverage (JavaScript)	UNKNOWN STEP	2026-08-10T10:44:17.1564892Z Removing HTTP extra header
Code Coverage (JavaScript)	UNKNOWN STEP	2026-08-10T10:44:17.1565766Z [command]/usr/bin/git config --local --name-only --get-regexp http\.https\:\/\/github\.com\/\.extraheader
Code Coverage (JavaScript)	UNKNOWN STEP	2026-08-10T10:44:17.1604993Z [command]/usr/bin/git submodule foreach --recursive sh -c "git config --local --name-only --get-regexp 'http\.https\:\/\/github\.com\/\.extraheader' && git config --local --unset-all 'http.https://github.com/.extraheader' || :"
Code Coverage (JavaScript)	UNKNOWN STEP	2026-08-10T10:44:17.1884090Z Removing includeIf entries pointing to credentials config files
Code Coverage (JavaScript)	UNKNOWN STEP	2026-08-10T10:44:17.1892787Z [command]/usr/bin/git config --local --name-only --get-regexp ^includeIf\.gitdir:
Code Coverage (JavaScript)	UNKNOWN STEP	2026-08-10T10:44:17.1928263Z includeif.gitdir:/home/runner/work/start/start/.git.path
Code Coverage (JavaScript)	UNKNOWN STEP	2026-08-10T10:44:17.1929319Z includeif.gitdir:/home/runner/work/start/start/.git/worktrees/*.path
Code Coverage (JavaScript)	UNKNOWN STEP	2026-08-10T10:44:17.1930350Z includeif.gitdir:/github/workspace/.git.path
Code Coverage (JavaScript)	UNKNOWN STEP	2026-08-10T10:44:17.1931282Z includeif.gitdir:/github/workspace/.git/worktrees/*.path
Code Coverage (JavaScript)	UNKNOWN STEP	2026-08-10T10:44:17.1939168Z [command]/usr/bin/git config --local --get-all includeif.gitdir:/home/runner/work/start/start/.git.path
Code Coverage (JavaScript)	UNKNOWN STEP	2026-08-10T10:44:17.1968576Z /home/runner/work/_temp/git-credentials-7a71f122-a75c-4ce5-a27c-f1fe436df435.config
Code Coverage (JavaScript)	UNKNOWN STEP	2026-08-10T10:44:17.1985585Z [command]/usr/bin/git config --local --unset includeif.gitdir:/home/runner/work/start/start/.git.path /home/runner/work/_temp/git-credentials-7a71f122-a75c-4ce5-a27c-f1fe436df435.config
Code Coverage (JavaScript)	UNKNOWN STEP	2026-08-10T10:44:17.2033051Z [command]/usr/bin/git config --local --get-all includeif.gitdir:/home/runner/work/start/start/.git/worktrees/*.path
Code Coverage (JavaScript)	UNKNOWN STEP	2026-08-10T10:44:17.2073121Z /home/runner/work/_temp/git-credentials-7a71f122-a75c-4ce5-a27c-f1fe436df435.config
Code Coverage (JavaScript)	UNKNOWN STEP	2026-08-10T10:44:17.2087139Z [command]/usr/bin/git config --local --unset includeif.gitdir:/home/runner/work/start/start/.git/worktrees/*.path /home/runner/work/_temp/git-credentials-7a71f122-a75c-4ce5-a27c-f1fe436df435.config
Code Coverage (JavaScript)	UNKNOWN STEP	2026-08-10T10:44:17.2134312Z [command]/usr/bin/git config --local --get-all includeif.gitdir:/github/workspace/.git.path
Code Coverage (JavaScript)	UNKNOWN STEP	2026-08-10T10:44:17.2162117Z /github/runner_temp/git-credentials-7a71f122-a75c-4ce5-a27c-f1fe436df435.config
Code Coverage (JavaScript)	UNKNOWN STEP	2026-08-10T10:44:17.2172259Z [command]/usr/bin/git config --local --unset includeif.gitdir:/github/workspace/.git.path /github/runner_temp/git-credentials-7a71f122-a75c-4ce5-a27c-f1fe436df435.config
Code Coverage (JavaScript)	UNKNOWN STEP	2026-08-10T10:44:17.2214019Z [command]/usr/bin/git config --local --get-all includeif.gitdir:/github/workspace/.git/worktrees/*.path
Code Coverage (JavaScript)	UNKNOWN STEP	2026-08-10T10:44:17.2242447Z /github/runner_temp/git-credentials-7a71f122-a75c-4ce5-a27c-f1fe436df435.config
Code Coverage (JavaScript)	UNKNOWN STEP	2026-08-10T10:44:17.2253741Z [command]/usr/bin/git config --local --unset includeif.gitdir:/github/workspace/.git/worktrees/*.path /github/runner_temp/git-credentials-7a71f122-a75c-4ce5-a27c-f1fe436df435.config
Code Coverage (JavaScript)	UNKNOWN STEP	2026-08-10T10:44:17.2294690Z [command]/usr/bin/git submodule foreach --recursive git config --local --show-origin --name-only --get-regexp remote.origin.url
Code Coverage (JavaScript)	UNKNOWN STEP	2026-08-10T10:44:17.2526794Z Removing credentials config '/home/runner/work/_temp/git-credentials-7a71f122-a75c-4ce5-a27c-f1fe436df435.config'
Code Coverage (JavaScript)	UNKNOWN STEP	2026-08-10T10:44:17.2703890Z Cleaning up orphan processes
Test (Bun on macos-latest)	UNKNOWN STEP	﻿2026-08-10T10:43:31.2278240Z Current runner version: '2.336.0'
Test (Bun on macos-latest)	UNKNOWN STEP	2026-08-10T10:43:31.2295440Z ##[group]Runner Image Provisioner
Test (Bun on macos-latest)	UNKNOWN STEP	2026-08-10T10:43:31.2295980Z Hosted Compute Agent
Test (Bun on macos-latest)	UNKNOWN STEP	2026-08-10T10:43:31.2296330Z Version: 20260707.563
Test (Bun on macos-latest)	UNKNOWN STEP	2026-08-10T10:43:31.2296740Z Commit: 02667638d2b423fbc733a8e32a88b44996a3ba6e
Test (Bun on macos-latest)	UNKNOWN STEP	2026-08-10T10:43:31.2297200Z Build Date: 2026-07-07T19:33:50Z
Test (Bun on macos-latest)	UNKNOWN STEP	2026-08-10T10:43:31.2297640Z Worker ID: {575f3e48-cbd3-4241-b9be-d3b05e738db5}
Test (Bun on macos-latest)	UNKNOWN STEP	2026-08-10T10:43:31.2298090Z Azure Region: westus
Test (Bun on macos-latest)	UNKNOWN STEP	2026-08-10T10:43:31.2298460Z ##[endgroup]
Test (Bun on macos-latest)	UNKNOWN STEP	2026-08-10T10:43:31.2299310Z ##[group]Operating System
Test (Bun on macos-latest)	UNKNOWN STEP	2026-08-10T10:43:31.2299770Z macOS
Test (Bun on macos-latest)	UNKNOWN STEP	2026-08-10T10:43:31.2300090Z 26.5.2
Test (Bun on macos-latest)	UNKNOWN STEP	2026-08-10T10:43:31.2300420Z 25F84
Test (Bun on macos-latest)	UNKNOWN STEP	2026-08-10T10:43:31.2300750Z ##[endgroup]
Test (Bun on macos-latest)	UNKNOWN STEP	2026-08-10T10:43:31.2301100Z ##[group]Runner Image
Test (Bun on macos-latest)	UNKNOWN STEP	2026-08-10T10:43:31.2301480Z Image: macos-26-arm64
Test (Bun on macos-latest)	UNKNOWN STEP	2026-08-10T10:43:31.2301910Z Version: 20260728.0273.1
Test (Bun on macos-latest)	UNKNOWN STEP	2026-08-10T10:43:31.2302780Z Included Software: https://github.com/actions/runner-images/blob/macos-26-arm64/20260728.0273/images/macos/macos-26-arm64-Readme.md
Test (Bun on macos-latest)	UNKNOWN STEP	2026-08-10T10:43:31.2303800Z Image Release: https://github.com/actions/runner-images/releases/tag/macos-26-arm64%2F20260728.0273
Test (Bun on macos-latest)	UNKNOWN STEP	2026-08-10T10:43:31.2304450Z ##[endgroup]
Test (Bun on macos-latest)	UNKNOWN STEP	2026-08-10T10:43:31.2306490Z ##[group]GITHUB_TOKEN Permissions
Test (Bun on macos-latest)	UNKNOWN STEP	2026-08-10T10:43:31.2307720Z Actions: write
Test (Bun on macos-latest)	UNKNOWN STEP	2026-08-10T10:43:31.2308100Z ArtifactMetadata: write
Test (Bun on macos-latest)	UNKNOWN STEP	2026-08-10T10:43:31.2308470Z Attestations: write
Test (Bun on macos-latest)	UNKNOWN STEP	2026-08-10T10:43:31.2308840Z Checks: write
Test (Bun on macos-latest)	UNKNOWN STEP	2026-08-10T10:43:31.2309200Z CodeQuality: write
Test (Bun on macos-latest)	UNKNOWN STEP	2026-08-10T10:43:31.2309670Z Contents: write
Test (Bun on macos-latest)	UNKNOWN STEP	2026-08-10T10:43:31.2310030Z CopilotRequests: write
Test (Bun on macos-latest)	UNKNOWN STEP	2026-08-10T10:43:31.2310410Z Deployments: write
Test (Bun on macos-latest)	UNKNOWN STEP	2026-08-10T10:43:31.2310770Z Discussions: write
Test (Bun on macos-latest)	UNKNOWN STEP	2026-08-10T10:43:31.2311130Z Drives: write
Test (Bun on macos-latest)	UNKNOWN STEP	2026-08-10T10:43:31.2311460Z Issues: write
Test (Bun on macos-latest)	UNKNOWN STEP	2026-08-10T10:43:31.2311800Z Metadata: read
Test (Bun on macos-latest)	UNKNOWN STEP	2026-08-10T10:43:31.2312190Z Models: read
Test (Bun on macos-latest)	UNKNOWN STEP	2026-08-10T10:43:31.2312540Z Packages: write
Test (Bun on macos-latest)	UNKNOWN STEP	2026-08-10T10:43:31.2312880Z Pages: write
Test (Bun on macos-latest)	UNKNOWN STEP	2026-08-10T10:43:31.2313260Z PullRequests: write
Test (Bun on macos-latest)	UNKNOWN STEP	2026-08-10T10:43:31.2313700Z RepositoryProjects: write
Test (Bun on macos-latest)	UNKNOWN STEP	2026-08-10T10:43:31.2314100Z SecurityEvents: write
Test (Bun on macos-latest)	UNKNOWN STEP	2026-08-10T10:43:31.2314640Z Statuses: write
Test (Bun on macos-latest)	UNKNOWN STEP	2026-08-10T10:43:31.2315010Z VulnerabilityAlerts: read
Test (Bun on macos-latest)	UNKNOWN STEP	2026-08-10T10:43:31.2315400Z ##[endgroup]
Test (Bun on macos-latest)	UNKNOWN STEP	2026-08-10T10:43:31.2317040Z Secret source: Actions
Test (Bun on macos-latest)	UNKNOWN STEP	2026-08-10T10:43:31.2317680Z Prepare workflow directory
Test (Bun on macos-latest)	UNKNOWN STEP	2026-08-10T10:43:31.2707920Z Prepare all required actions
Test (Bun on macos-latest)	UNKNOWN STEP	2026-08-10T10:43:31.2748320Z Getting action download info
Test (Bun on macos-latest)	UNKNOWN STEP	2026-08-10T10:43:31.5542100Z Download action repository 'actions/checkout@v6' (SHA:d23441a48e516b6c34aea4fa41551a30e30af803)
Test (Bun on macos-latest)	UNKNOWN STEP	2026-08-10T10:43:31.7927090Z Download action repository 'oven-sh/setup-bun@v2' (SHA:0c5077e51419868618aeaa5fe8019c62421857d6)
Test (Bun on macos-latest)	UNKNOWN STEP	2026-08-10T10:43:32.7221160Z Download action repository 'actions/setup-dotnet@v5' (SHA:26b0ec14cb23fa6904739307f278c14f94c95bf1)
Test (Bun on macos-latest)	UNKNOWN STEP	2026-08-10T10:43:33.8624140Z Complete job name: Test (Bun on macos-latest)
Test (Bun on macos-latest)	UNKNOWN STEP	2026-08-10T10:43:33.9380240Z ##[group]Run actions/checkout@v6
Test (Bun on macos-latest)	UNKNOWN STEP	2026-08-10T10:43:33.9381200Z with:
Test (Bun on macos-latest)	UNKNOWN STEP	2026-08-10T10:43:33.9381770Z   repository: link-foundation/start
Test (Bun on macos-latest)	UNKNOWN STEP	2026-08-10T10:43:33.9387490Z   token: ***
Test (Bun on macos-latest)	UNKNOWN STEP	2026-08-10T10:43:33.9388000Z   ssh-strict: true
Test (Bun on macos-latest)	UNKNOWN STEP	2026-08-10T10:43:33.9388520Z   ssh-user: git
Test (Bun on macos-latest)	UNKNOWN STEP	2026-08-10T10:43:33.9389060Z   persist-credentials: true
Test (Bun on macos-latest)	UNKNOWN STEP	2026-08-10T10:43:33.9389640Z   clean: true
Test (Bun on macos-latest)	UNKNOWN STEP	2026-08-10T10:43:33.9390170Z   sparse-checkout-cone-mode: true
Test (Bun on macos-latest)	UNKNOWN STEP	2026-08-10T10:43:33.9390810Z   fetch-depth: 1
Test (Bun on macos-latest)	UNKNOWN STEP	2026-08-10T10:43:33.9391330Z   fetch-tags: false
Test (Bun on macos-latest)	UNKNOWN STEP	2026-08-10T10:43:33.9391950Z   show-progress: true
Test (Bun on macos-latest)	UNKNOWN STEP	2026-08-10T10:43:33.9392490Z   lfs: false
Test (Bun on macos-latest)	UNKNOWN STEP	2026-08-10T10:43:33.9392990Z   submodules: false
Test (Bun on macos-latest)	UNKNOWN STEP	2026-08-10T10:43:33.9393530Z   set-safe-directory: true
Test (Bun on macos-latest)	UNKNOWN STEP	2026-08-10T10:43:33.9394150Z   allow-unsafe-pr-checkout: false
Test (Bun on macos-latest)	UNKNOWN STEP	2026-08-10T10:43:33.9395360Z env:
Test (Bun on macos-latest)	UNKNOWN STEP	2026-08-10T10:43:33.9395920Z   FORCE_JAVASCRIPT_ACTIONS_TO_NODE24: true
Test (Bun on macos-latest)	UNKNOWN STEP	2026-08-10T10:43:33.9396600Z ##[endgroup]
Test (Bun on macos-latest)	UNKNOWN STEP	2026-08-10T10:43:34.3495190Z Syncing repository: link-foundation/start
Test (Bun on macos-latest)	UNKNOWN STEP	2026-08-10T10:43:34.3502090Z ##[group]Getting Git version info
Test (Bun on macos-latest)	UNKNOWN STEP	2026-08-10T10:43:34.3503460Z Working directory is '/Users/runner/work/start/start'
Test (Bun on macos-latest)	UNKNOWN STEP	2026-08-10T10:43:34.3506130Z [command]/opt/homebrew/bin/git version
Test (Bun on macos-latest)	UNKNOWN STEP	2026-08-10T10:43:34.5111230Z git version 2.55.0
Test (Bun on macos-latest)	UNKNOWN STEP	2026-08-10T10:43:34.5142440Z ##[endgroup]
Test (Bun on macos-latest)	UNKNOWN STEP	2026-08-10T10:43:34.5208190Z Copying '/Users/runner/.gitconfig' to '/Users/runner/work/_temp/95d62e21-4cd1-4635-b578-2b3da25f5d56/.gitconfig'
Test (Bun on macos-latest)	UNKNOWN STEP	2026-08-10T10:43:34.5210470Z Temporarily overriding HOME='/Users/runner/work/_temp/95d62e21-4cd1-4635-b578-2b3da25f5d56' before making global git config changes
Test (Bun on macos-latest)	UNKNOWN STEP	2026-08-10T10:43:34.5212210Z Adding repository directory to the temporary git global config as a safe directory
Test (Bun on macos-latest)	UNKNOWN STEP	2026-08-10T10:43:34.5212940Z [command]/opt/homebrew/bin/git config --global --add safe.directory /Users/runner/work/start/start
Test (Bun on macos-latest)	UNKNOWN STEP	2026-08-10T10:43:34.5274500Z Deleting the contents of '/Users/runner/work/start/start'
Test (Bun on macos-latest)	UNKNOWN STEP	2026-08-10T10:43:34.5281930Z ##[group]Determining repository object format
Test (Bun on macos-latest)	UNKNOWN STEP	2026-08-10T10:43:34.5285300Z ##[endgroup]
Test (Bun on macos-latest)	UNKNOWN STEP	2026-08-10T10:43:34.5291050Z ##[group]Initializing the repository
Test (Bun on macos-latest)	UNKNOWN STEP	2026-08-10T10:43:34.5293960Z [command]/opt/homebrew/bin/git init /Users/runner/work/start/start
Test (Bun on macos-latest)	UNKNOWN STEP	2026-08-10T10:43:34.5603820Z hint: Using 'master' as the name for the initial branch. This default branch name
Test (Bun on macos-latest)	UNKNOWN STEP	2026-08-10T10:43:34.5607340Z hint: will change to "main" in Git 3.0. To configure the initial branch name
Test (Bun on macos-latest)	UNKNOWN STEP	2026-08-10T10:43:34.5609130Z hint: to use in all of your new repositories, which will suppress this warning,
Test (Bun on macos-latest)	UNKNOWN STEP	2026-08-10T10:43:34.5610160Z hint: call:
Test (Bun on macos-latest)	UNKNOWN STEP	2026-08-10T10:43:34.5610620Z hint:
Test (Bun on macos-latest)	UNKNOWN STEP	2026-08-10T10:43:34.5611300Z hint: 	git config --global init.defaultBranch <name>
Test (Bun on macos-latest)	UNKNOWN STEP	2026-08-10T10:43:34.5612050Z hint:
Test (Bun on macos-latest)	UNKNOWN STEP	2026-08-10T10:43:34.5612770Z hint: Names commonly chosen instead of 'master' are 'main', 'trunk' and
Test (Bun on macos-latest)	UNKNOWN STEP	2026-08-10T10:43:34.5613920Z hint: 'development'. The just-created branch can be renamed via this command:
Test (Bun on macos-latest)	UNKNOWN STEP	2026-08-10T10:43:34.5614860Z hint:
Test (Bun on macos-latest)	UNKNOWN STEP	2026-08-10T10:43:34.5615400Z hint: 	git branch -m <name>
Test (Bun on macos-latest)	UNKNOWN STEP	2026-08-10T10:43:34.5616020Z hint:
Test (Bun on macos-latest)	UNKNOWN STEP	2026-08-10T10:43:34.5616800Z hint: Disable this message with "git config set advice.defaultBranchName false"
Test (Bun on macos-latest)	UNKNOWN STEP	2026-08-10T10:43:34.5618040Z Initialized empty Git repository in /Users/runner/work/start/start/.git/
Test (Bun on macos-latest)	UNKNOWN STEP	2026-08-10T10:43:34.5620480Z [command]/opt/homebrew/bin/git remote add origin https://github.com/link-foundation/start
Test (Bun on macos-latest)	UNKNOWN STEP	2026-08-10T10:43:34.5718890Z ##[endgroup]
Test (Bun on macos-latest)	UNKNOWN STEP	2026-08-10T10:43:34.5719520Z ##[group]Disabling automatic garbage collection
Test (Bun on macos-latest)	UNKNOWN STEP	2026-08-10T10:43:34.5720160Z [command]/opt/homebrew/bin/git config --local gc.auto 0
Test (Bun on macos-latest)	UNKNOWN STEP	2026-08-10T10:43:34.5806570Z ##[endgroup]
Test (Bun on macos-latest)	UNKNOWN STEP	2026-08-10T10:43:34.5822660Z ##[group]Setting up auth
Test (Bun on macos-latest)	UNKNOWN STEP	2026-08-10T10:43:34.5826950Z Removing SSH command configuration
Test (Bun on macos-latest)	UNKNOWN STEP	2026-08-10T10:43:34.5829010Z [command]/opt/homebrew/bin/git config --local --name-only --get-regexp core\.sshCommand
Test (Bun on macos-latest)	UNKNOWN STEP	2026-08-10T10:43:34.5888580Z [command]/opt/homebrew/bin/git submodule foreach --recursive sh -c "git config --local --name-only --get-regexp 'core\.sshCommand' && git config --local --unset-all 'core.sshCommand' || :"
Test (Bun on macos-latest)	UNKNOWN STEP	2026-08-10T10:43:34.7896100Z Removing HTTP extra header
Test (Bun on macos-latest)	UNKNOWN STEP	2026-08-10T10:43:34.7899840Z [command]/opt/homebrew/bin/git config --local --name-only --get-regexp http\.https\:\/\/github\.com\/\.extraheader
Test (Bun on macos-latest)	UNKNOWN STEP	2026-08-10T10:43:34.7976450Z [command]/opt/homebrew/bin/git submodule foreach --recursive sh -c "git config --local --name-only --get-regexp 'http\.https\:\/\/github\.com\/\.extraheader' && git config --local --unset-all 'http.https://github.com/.extraheader' || :"
Test (Bun on macos-latest)	UNKNOWN STEP	2026-08-10T10:43:34.9063830Z Removing includeIf entries pointing to credentials config files
Test (Bun on macos-latest)	UNKNOWN STEP	2026-08-10T10:43:34.9066510Z [command]/opt/homebrew/bin/git config --local --name-only --get-regexp ^includeIf\.gitdir:
Test (Bun on macos-latest)	UNKNOWN STEP	2026-08-10T10:43:34.9147150Z [command]/opt/homebrew/bin/git submodule foreach --recursive git config --local --show-origin --name-only --get-regexp remote.origin.url
Test (Bun on macos-latest)	UNKNOWN STEP	2026-08-10T10:43:35.0452980Z [command]/opt/homebrew/bin/git config --file /Users/runner/work/_temp/git-credentials-71762f89-9af8-4dec-8c00-14fb26d1ed6a.config http.https://github.com/.extraheader AUTHORIZATION: basic ***
Test (Bun on macos-latest)	UNKNOWN STEP	2026-08-10T10:43:35.0540510Z [command]/opt/homebrew/bin/git config --local includeIf.gitdir:/Users/runner/work/start/start/.git.path /Users/runner/work/_temp/git-credentials-71762f89-9af8-4dec-8c00-14fb26d1ed6a.config
Test (Bun on macos-latest)	UNKNOWN STEP	2026-08-10T10:43:35.0612480Z [command]/opt/homebrew/bin/git config --local includeIf.gitdir:/Users/runner/work/start/start/.git/worktrees/*.path /Users/runner/work/_temp/git-credentials-71762f89-9af8-4dec-8c00-14fb26d1ed6a.config
Test (Bun on macos-latest)	UNKNOWN STEP	2026-08-10T10:43:35.0781190Z [command]/opt/homebrew/bin/git config --local includeIf.gitdir:/github/workspace/.git.path /github/runner_temp/git-credentials-71762f89-9af8-4dec-8c00-14fb26d1ed6a.config
Test (Bun on macos-latest)	UNKNOWN STEP	2026-08-10T10:43:35.0905130Z [command]/opt/homebrew/bin/git config --local includeIf.gitdir:/github/workspace/.git/worktrees/*.path /github/runner_temp/git-credentials-71762f89-9af8-4dec-8c00-14fb26d1ed6a.config
Test (Bun on macos-latest)	UNKNOWN STEP	2026-08-10T10:43:35.1084790Z ##[endgroup]
Test (Bun on macos-latest)	UNKNOWN STEP	2026-08-10T10:43:35.1086200Z ##[group]Fetching the repository
Test (Bun on macos-latest)	UNKNOWN STEP	2026-08-10T10:43:35.1095820Z [command]/opt/homebrew/bin/git -c protocol.version=2 fetch --no-tags --prune --no-recurse-submodules --depth=1 origin +d959632b399ae343ff29114fc439650bf65122c5:refs/remotes/origin/main
Test (Bun on macos-latest)	UNKNOWN STEP	2026-08-10T10:43:36.5015720Z From https://github.com/link-foundation/start
Test (Bun on macos-latest)	UNKNOWN STEP	2026-08-10T10:43:36.5016630Z  * [new ref]         d959632b399ae343ff29114fc439650bf65122c5 -> origin/main
Test (Bun on macos-latest)	UNKNOWN STEP	2026-08-10T10:43:36.5035000Z [command]/opt/homebrew/bin/git branch --list --remote origin/main
Test (Bun on macos-latest)	UNKNOWN STEP	2026-08-10T10:43:36.5182800Z   origin/main
Test (Bun on macos-latest)	UNKNOWN STEP	2026-08-10T10:43:36.5190520Z [command]/opt/homebrew/bin/git rev-parse refs/remotes/origin/main
Test (Bun on macos-latest)	UNKNOWN STEP	2026-08-10T10:43:36.5259780Z d959632b399ae343ff29114fc439650bf65122c5
Test (Bun on macos-latest)	UNKNOWN STEP	2026-08-10T10:43:36.5266800Z ##[endgroup]
Test (Bun on macos-latest)	UNKNOWN STEP	2026-08-10T10:43:36.5270230Z ##[group]Determining the checkout info
Test (Bun on macos-latest)	UNKNOWN STEP	2026-08-10T10:43:36.5271620Z ##[endgroup]
Test (Bun on macos-latest)	UNKNOWN STEP	2026-08-10T10:43:36.5280640Z [command]/opt/homebrew/bin/git sparse-checkout disable
Test (Bun on macos-latest)	UNKNOWN STEP	2026-08-10T10:43:36.5609990Z [command]/opt/homebrew/bin/git config --local --unset-all extensions.worktreeConfig
Test (Bun on macos-latest)	UNKNOWN STEP	2026-08-10T10:43:36.5862600Z ##[group]Checking out the ref
Test (Bun on macos-latest)	UNKNOWN STEP	2026-08-10T10:43:36.5877830Z [command]/opt/homebrew/bin/git checkout --progress --force -B main refs/remotes/origin/main
Test (Bun on macos-latest)	UNKNOWN STEP	2026-08-10T10:43:37.5452610Z Switched to a new branch 'main'
Test (Bun on macos-latest)	UNKNOWN STEP	2026-08-10T10:43:37.5464350Z branch 'main' set up to track 'origin/main'.
Test (Bun on macos-latest)	UNKNOWN STEP	2026-08-10T10:43:37.5575490Z ##[endgroup]
Test (Bun on macos-latest)	UNKNOWN STEP	2026-08-10T10:43:37.5702240Z [command]/opt/homebrew/bin/git log -1 --format=%H
Test (Bun on macos-latest)	UNKNOWN STEP	2026-08-10T10:43:37.5755650Z d959632b399ae343ff29114fc439650bf65122c5
Test (Bun on macos-latest)	UNKNOWN STEP	2026-08-10T10:43:37.6060090Z ##[group]Run oven-sh/setup-bun@v2
Test (Bun on macos-latest)	UNKNOWN STEP	2026-08-10T10:43:37.6060410Z with:
Test (Bun on macos-latest)	UNKNOWN STEP	2026-08-10T10:43:37.6060560Z   bun-version: latest
Test (Bun on macos-latest)	UNKNOWN STEP	2026-08-10T10:43:37.6060720Z   no-cache: false
Test (Bun on macos-latest)	UNKNOWN STEP	2026-08-10T10:43:37.6062500Z   token: ***
Test (Bun on macos-latest)	UNKNOWN STEP	2026-08-10T10:43:37.6062640Z env:
Test (Bun on macos-latest)	UNKNOWN STEP	2026-08-10T10:43:37.6062900Z   FORCE_JAVASCRIPT_ACTIONS_TO_NODE24: true
Test (Bun on macos-latest)	UNKNOWN STEP	2026-08-10T10:43:37.6063280Z ##[endgroup]
Test (Bun on macos-latest)	UNKNOWN STEP	2026-08-10T10:43:38.6303300Z Downloading a new version of Bun: https://github.com/oven-sh/bun/releases/download/bun-v1.3.14/bun-darwin-aarch64.zip
Test (Bun on macos-latest)	UNKNOWN STEP	2026-08-10T10:43:39.4372330Z [command]/usr/bin/unzip -o -q /Users/runner/work/_temp/9d790eee-6ba0-4f3a-b4c4-23556d65d2eb.zip
Test (Bun on macos-latest)	UNKNOWN STEP	2026-08-10T10:43:40.3368620Z [command]/Users/runner/.bun/bin/bun --revision
Test (Bun on macos-latest)	UNKNOWN STEP	2026-08-10T10:43:40.3471460Z 1.3.14+0d9b296af
Test (Bun on macos-latest)	UNKNOWN STEP	2026-08-10T10:43:40.4706150Z ##[group]Run brew install screen tmux
Test (Bun on macos-latest)	UNKNOWN STEP	2026-08-10T10:43:40.4706880Z ^[[36;1mbrew install screen tmux^[[0m
Test (Bun on macos-latest)	UNKNOWN STEP	2026-08-10T10:43:40.4777790Z shell: /bin/bash -e {0}
Test (Bun on macos-latest)	UNKNOWN STEP	2026-08-10T10:43:40.4777990Z env:
Test (Bun on macos-latest)	UNKNOWN STEP	2026-08-10T10:43:40.4778280Z   FORCE_JAVASCRIPT_ACTIONS_TO_NODE24: true
Test (Bun on macos-latest)	UNKNOWN STEP	2026-08-10T10:43:40.4778540Z ##[endgroup]
Test (Bun on macos-latest)	UNKNOWN STEP	2026-08-10T10:43:44.4232710Z ##[warning]The following taps are not trusted:
Test (Bun on macos-latest)	UNKNOWN STEP	  aws/tap
Test (Bun on macos-latest)	UNKNOWN STEP	
Test (Bun on macos-latest)	UNKNOWN STEP	Homebrew is currently ignoring formulae, casks and commands from these taps because tap trust is required.
Test (Bun on macos-latest)	UNKNOWN STEP	
Test (Bun on macos-latest)	UNKNOWN STEP	Untap them with:
Test (Bun on macos-latest)	UNKNOWN STEP	  brew untap aws/tap
Test (Bun on macos-latest)	UNKNOWN STEP	Trust specific formulae, casks and commands with:
Test (Bun on macos-latest)	UNKNOWN STEP	  brew trust --formula <user>/<tap>/<formula>
Test (Bun on macos-latest)	UNKNOWN STEP	  brew trust --cask <user>/<tap>/<cask>
Test (Bun on macos-latest)	UNKNOWN STEP	  brew trust --command <user>/<tap>/<command>
Test (Bun on macos-latest)	UNKNOWN STEP	Whole-tap trust is broader and includes all current and future formulae,
Test (Bun on macos-latest)	UNKNOWN STEP	casks and commands from the listed taps. Trust whole taps with:
Test (Bun on macos-latest)	UNKNOWN STEP	  brew trust aws/tap
Test (Bun on macos-latest)	UNKNOWN STEP	To disable trust checks:
Test (Bun on macos-latest)	UNKNOWN STEP	  export HOMEBREW_NO_REQUIRE_TAP_TRUST=1
Test (Bun on macos-latest)	UNKNOWN STEP	This is not recommended and will be removed in a later release.
Test (Bun on macos-latest)	UNKNOWN STEP	For more information, see:
Test (Bun on macos-latest)	UNKNOWN STEP	  https://docs.brew.sh/Tap-Trust
Test (Bun on macos-latest)	UNKNOWN STEP	2026-08-10T10:43:45.0710300Z ^[[34m==>^[[0m ^[[1mWould install 2 formulae:^[[0m
Test (Bun on macos-latest)	UNKNOWN STEP	2026-08-10T10:43:45.0809350Z screen tmux
Test (Bun on macos-latest)	UNKNOWN STEP	2026-08-10T10:43:45.0911780Z ^[[34m==>^[[0m ^[[1mDownloading https://ghcr.io/v2/homebrew/core/screen/manifests/5.0.2^[[0m
Test (Bun on macos-latest)	UNKNOWN STEP	2026-08-10T10:43:45.7174770Z ^[[34m==>^[[0m ^[[1mDownloading https://ghcr.io/v2/homebrew/core/tmux/manifests/3.7b^[[0m
Test (Bun on macos-latest)	UNKNOWN STEP	2026-08-10T10:43:46.1436190Z ^[[34m==>^[[0m ^[[1mWould install 3 dependencies for tmux:^[[0m
Test (Bun on macos-latest)	UNKNOWN STEP	2026-08-10T10:43:46.1437710Z libevent
Test (Bun on macos-latest)	UNKNOWN STEP	2026-08-10T10:43:46.1438490Z ncurses
Test (Bun on macos-latest)	UNKNOWN STEP	2026-08-10T10:43:46.1439310Z utf8proc
Test (Bun on macos-latest)	UNKNOWN STEP	2026-08-10T10:43:46.1465030Z ^[[32m==>^[[0m ^[[1mFetching downloads for: ^[[32mscreen^[[39m and ^[[32mtmux^[[39m^[[0m
Test (Bun on macos-latest)	UNKNOWN STEP	2026-08-10T10:43:46.7413860Z ✔︎ Bottle Manifest libevent (2.1.13)
Test (Bun on macos-latest)	UNKNOWN STEP	2026-08-10T10:43:46.8146930Z ✔︎ Bottle tmux (3.7b)
Test (Bun on macos-latest)	UNKNOWN STEP	2026-08-10T10:43:46.8254700Z ✔︎ Bottle Manifest ncurses (6.6)
Test (Bun on macos-latest)	UNKNOWN STEP	2026-08-10T10:43:46.8375680Z ✔︎ Bottle libevent (2.1.13)
Test (Bun on macos-latest)	UNKNOWN STEP	2026-08-10T10:43:46.8978550Z ✔︎ Bottle screen (5.0.2)
Test (Bun on macos-latest)	UNKNOWN STEP	2026-08-10T10:43:47.1462770Z ✔︎ Bottle Manifest utf8proc (2.11.3)
Test (Bun on macos-latest)	UNKNOWN STEP	2026-08-10T10:43:47.2125380Z ✔︎ Bottle utf8proc (2.11.3)
Test (Bun on macos-latest)	UNKNOWN STEP	2026-08-10T10:43:47.6100830Z ✔︎ Bottle ncurses (6.6)
Test (Bun on macos-latest)	UNKNOWN STEP	2026-08-10T10:43:47.6180450Z ^[[34m==>^[[0m ^[[1mPouring screen--5.0.2.arm64_tahoe.bottle.tar.gz^[[0m
Test (Bun on macos-latest)	UNKNOWN STEP	2026-08-10T10:43:47.8243310Z 🍺  /opt/homebrew/Cellar/screen/5.0.2: 29 files, 931.3KB
Test (Bun on macos-latest)	UNKNOWN STEP	2026-08-10T10:43:47.8359570Z ^[[32m==>^[[0m ^[[1mInstalling dependencies for tmux:^[[0m ^[[32mlibevent^[[39m, ^[[32mncurses^[[39m and ^[[32mutf8proc^[[39m^[[0m
Test (Bun on macos-latest)	UNKNOWN STEP	2026-08-10T10:43:47.8362020Z ^[[32m==>^[[0m ^[[1mInstalling tmux dependency: ^[[32mlibevent^[[39m^[[0m
Test (Bun on macos-latest)	UNKNOWN STEP	2026-08-10T10:43:47.8500780Z ^[[34m==>^[[0m ^[[1mPouring libevent--2.1.13.arm64_tahoe.bottle.tar.gz^[[0m
Test (Bun on macos-latest)	UNKNOWN STEP	2026-08-10T10:43:47.9400500Z 🍺  /opt/homebrew/Cellar/libevent/2.1.13: 58 files, 2.3MB
Test (Bun on macos-latest)	UNKNOWN STEP	2026-08-10T10:43:47.9405180Z ^[[32m==>^[[0m ^[[1mInstalling tmux dependency: ^[[32mncurses^[[39m^[[0m
Test (Bun on macos-latest)	UNKNOWN STEP	2026-08-10T10:43:47.9424960Z ^[[34m==>^[[0m ^[[1mPouring ncurses--6.6.arm64_tahoe.bottle.tar.gz^[[0m
Test (Bun on macos-latest)	UNKNOWN STEP	2026-08-10T10:43:48.7737530Z 🍺  /opt/homebrew/Cellar/ncurses/6.6: 4,086 files, 10.3MB
Test (Bun on macos-latest)	UNKNOWN STEP	2026-08-10T10:43:48.7739370Z ^[[32m==>^[[0m ^[[1mInstalling tmux dependency: ^[[32mutf8proc^[[39m^[[0m
Test (Bun on macos-latest)	UNKNOWN STEP	2026-08-10T10:43:48.7764060Z ^[[34m==>^[[0m ^[[1mPouring utf8proc--2.11.3.arm64_tahoe.bottle.1.tar.gz^[[0m
Test (Bun on macos-latest)	UNKNOWN STEP	2026-08-10T10:43:48.8041270Z 🍺  /opt/homebrew/Cellar/utf8proc/2.11.3: 15 files, 456.7KB
Test (Bun on macos-latest)	UNKNOWN STEP	2026-08-10T10:43:48.8042950Z ^[[32m==>^[[0m ^[[1mInstalling ^[[32mtmux^[[39m^[[0m
Test (Bun on macos-latest)	UNKNOWN STEP	2026-08-10T10:43:48.8044420Z ^[[34m==>^[[0m ^[[1mPouring tmux--3.7b.arm64_tahoe.bottle.tar.gz^[[0m
Test (Bun on macos-latest)	UNKNOWN STEP	2026-08-10T10:43:48.8383850Z ^[[34m==>^[[0m ^[[1mCaveats^[[0m
Test (Bun on macos-latest)	UNKNOWN STEP	2026-08-10T10:43:48.8384780Z Example configuration has been installed to:
Test (Bun on macos-latest)	UNKNOWN STEP	2026-08-10T10:43:48.8385610Z   /opt/homebrew/opt/tmux/share/tmux
Test (Bun on macos-latest)	UNKNOWN STEP	2026-08-10T10:43:48.8386520Z ^[[34m==>^[[0m ^[[1mSummary^[[0m
Test (Bun on macos-latest)	UNKNOWN STEP	2026-08-10T10:43:48.8387910Z 🍺  /opt/homebrew/Cellar/tmux/3.7b: 9 files, 1.4MB
Test (Bun on macos-latest)	UNKNOWN STEP	2026-08-10T10:43:48.8397970Z ^[[32m==>^[[0m ^[[1mCaveats^[[0m
Test (Bun on macos-latest)	UNKNOWN STEP	2026-08-10T10:43:48.8400140Z ^[[34m==>^[[0m ^[[1mtmux^[[0m
Test (Bun on macos-latest)	UNKNOWN STEP	2026-08-10T10:43:48.8401680Z Example configuration has been installed to:
Test (Bun on macos-latest)	UNKNOWN STEP	2026-08-10T10:43:48.8402510Z   /opt/homebrew/opt/tmux/share/tmux
Test (Bun on macos-latest)	UNKNOWN STEP	2026-08-10T10:43:48.8874820Z ##[group]Run actions/setup-dotnet@v5
Test (Bun on macos-latest)	UNKNOWN STEP	2026-08-10T10:43:48.8875130Z with:
Test (Bun on macos-latest)	UNKNOWN STEP	2026-08-10T10:43:48.8875350Z   dotnet-version: 8.0.x
Test (Bun on macos-latest)	UNKNOWN STEP	2026-08-10T10:43:48.8875580Z   cache: false
Test (Bun on macos-latest)	UNKNOWN STEP	2026-08-10T10:43:48.8875840Z env:
Test (Bun on macos-latest)	UNKNOWN STEP	2026-08-10T10:43:48.8876060Z   FORCE_JAVASCRIPT_ACTIONS_TO_NODE24: true
Test (Bun on macos-latest)	UNKNOWN STEP	2026-08-10T10:43:48.8876400Z ##[endgroup]
Test (Bun on macos-latest)	UNKNOWN STEP	2026-08-10T10:43:49.1167190Z [command]/Users/runner/work/_actions/actions/setup-dotnet/v5/externals/install-dotnet.sh --skip-non-versioned-files --runtime dotnet --channel LTS
Test (Bun on macos-latest)	UNKNOWN STEP	2026-08-10T10:43:49.8213630Z dotnet-install: .NET Core Runtime with version '10.0.10' is already installed.
Test (Bun on macos-latest)	UNKNOWN STEP	2026-08-10T10:43:49.8255240Z [command]/Users/runner/work/_actions/actions/setup-dotnet/v5/externals/install-dotnet.sh --skip-non-versioned-files --channel 8.0
Test (Bun on macos-latest)	UNKNOWN STEP	2026-08-10T10:43:50.4727540Z dotnet-install: .NET Core SDK with version '8.0.423' is already installed.
Test (Bun on macos-latest)	UNKNOWN STEP	2026-08-10T10:43:50.5382660Z ##[group]Run dotnet tool install --global clink
Test (Bun on macos-latest)	UNKNOWN STEP	2026-08-10T10:43:50.5382990Z ^[[36;1mdotnet tool install --global clink^[[0m
Test (Bun on macos-latest)	UNKNOWN STEP	2026-08-10T10:43:50.5422230Z shell: /bin/bash -e {0}
Test (Bun on macos-latest)	UNKNOWN STEP	2026-08-10T10:43:50.5422440Z env:
Test (Bun on macos-latest)	UNKNOWN STEP	2026-08-10T10:43:50.5422650Z   FORCE_JAVASCRIPT_ACTIONS_TO_NODE24: true
Test (Bun on macos-latest)	UNKNOWN STEP	2026-08-10T10:43:50.5422880Z   DOTNET_ROOT: /Users/runner/.dotnet
Test (Bun on macos-latest)	UNKNOWN STEP	2026-08-10T10:43:50.5423080Z ##[endgroup]
Test (Bun on macos-latest)	UNKNOWN STEP	2026-08-10T10:43:53.7537300Z Skipping NuGet package signature verification.
Test (Bun on macos-latest)	UNKNOWN STEP	2026-08-10T10:43:54.0647800Z You can invoke the tool using the following command: clink
Test (Bun on macos-latest)	UNKNOWN STEP	2026-08-10T10:43:54.0649230Z Tool 'clink' (version '2.5.0') was successfully installed.
Test (Bun on macos-latest)	UNKNOWN STEP	2026-08-10T10:43:54.0901310Z ##[group]Run echo "$HOME/.dotnet/tools" >> $GITHUB_PATH
Test (Bun on macos-latest)	UNKNOWN STEP	2026-08-10T10:43:54.0901840Z ^[[36;1mecho "$HOME/.dotnet/tools" >> $GITHUB_PATH^[[0m
Test (Bun on macos-latest)	UNKNOWN STEP	2026-08-10T10:43:54.0977950Z shell: /bin/bash -e {0}
Test (Bun on macos-latest)	UNKNOWN STEP	2026-08-10T10:43:54.0978500Z env:
Test (Bun on macos-latest)	UNKNOWN STEP	2026-08-10T10:43:54.0979030Z   FORCE_JAVASCRIPT_ACTIONS_TO_NODE24: true
Test (Bun on macos-latest)	UNKNOWN STEP	2026-08-10T10:43:54.0979800Z   DOTNET_ROOT: /Users/runner/.dotnet
Test (Bun on macos-latest)	UNKNOWN STEP	2026-08-10T10:43:54.0980330Z ##[endgroup]
Test (Bun on macos-latest)	UNKNOWN STEP	2026-08-10T10:43:54.1564190Z ##[group]Run bun install
Test (Bun on macos-latest)	UNKNOWN STEP	2026-08-10T10:43:54.1564510Z ^[[36;1mbun install^[[0m
Test (Bun on macos-latest)	UNKNOWN STEP	2026-08-10T10:43:54.1600460Z shell: /bin/bash -e {0}
Test (Bun on macos-latest)	UNKNOWN STEP	2026-08-10T10:43:54.1600780Z env:
Test (Bun on macos-latest)	UNKNOWN STEP	2026-08-10T10:43:54.1601020Z   FORCE_JAVASCRIPT_ACTIONS_TO_NODE24: true
Test (Bun on macos-latest)	UNKNOWN STEP	2026-08-10T10:43:54.1601330Z   DOTNET_ROOT: /Users/runner/.dotnet
Test (Bun on macos-latest)	UNKNOWN STEP	2026-08-10T10:43:54.1601560Z ##[endgroup]
Test (Bun on macos-latest)	UNKNOWN STEP	2026-08-10T10:43:54.2804880Z bun install v1.3.14 (0d9b296a)
Test (Bun on macos-latest)	UNKNOWN STEP	2026-08-10T10:43:54.8145060Z 
Test (Bun on macos-latest)	UNKNOWN STEP	2026-08-10T10:43:54.8194700Z $ cd .. && husky .husky || true
Test (Bun on macos-latest)	UNKNOWN STEP	2026-08-10T10:43:55.3550770Z 
Test (Bun on macos-latest)	UNKNOWN STEP	2026-08-10T10:43:55.3552130Z + @changesets/cli@2.31.0
Test (Bun on macos-latest)	UNKNOWN STEP	2026-08-10T10:43:55.3552910Z + @eslint/js@10.0.1
Test (Bun on macos-latest)	UNKNOWN STEP	2026-08-10T10:43:55.3553380Z + eslint@10.3.0
Test (Bun on macos-latest)	UNKNOWN STEP	2026-08-10T10:43:55.3554180Z + eslint-config-prettier@10.1.8
Test (Bun on macos-latest)	UNKNOWN STEP	2026-08-10T10:43:55.3554830Z + eslint-plugin-prettier@5.5.5
Test (Bun on macos-latest)	UNKNOWN STEP	2026-08-10T10:43:55.3555670Z + husky@9.1.7
Test (Bun on macos-latest)	UNKNOWN STEP	2026-08-10T10:43:55.3556340Z + lint-staged@17.0.4
Test (Bun on macos-latest)	UNKNOWN STEP	2026-08-10T10:43:55.3556830Z + prettier@3.8.3
Test (Bun on macos-latest)	UNKNOWN STEP	2026-08-10T10:43:55.3557410Z + command-stream@0.9.4
Test (Bun on macos-latest)	UNKNOWN STEP	2026-08-10T10:43:55.3558520Z + lino-objects-codec@0.4.0
Test (Bun on macos-latest)	UNKNOWN STEP	2026-08-10T10:43:55.3558840Z 
Test (Bun on macos-latest)	UNKNOWN STEP	2026-08-10T10:43:55.3559390Z 199 packages installed [1143.00ms]
Test (Bun on macos-latest)	UNKNOWN STEP	2026-08-10T10:43:55.3641760Z ##[group]Run bun run test
Test (Bun on macos-latest)	UNKNOWN STEP	2026-08-10T10:43:55.3642020Z ^[[36;1mbun run test^[[0m
Test (Bun on macos-latest)	UNKNOWN STEP	2026-08-10T10:43:55.3679070Z shell: /bin/bash -e {0}
Test (Bun on macos-latest)	UNKNOWN STEP	2026-08-10T10:43:55.3679270Z env:
Test (Bun on macos-latest)	UNKNOWN STEP	2026-08-10T10:43:55.3679500Z   FORCE_JAVASCRIPT_ACTIONS_TO_NODE24: true
Test (Bun on macos-latest)	UNKNOWN STEP	2026-08-10T10:43:55.3679740Z   DOTNET_ROOT: /Users/runner/.dotnet
Test (Bun on macos-latest)	UNKNOWN STEP	2026-08-10T10:43:55.3679980Z ##[endgroup]
Test (Bun on macos-latest)	UNKNOWN STEP	2026-08-10T10:43:55.4052000Z $ bun ../scripts/run-js-tests.mjs
Test (Bun on macos-latest)	UNKNOWN STEP	2026-08-10T10:43:55.6098590Z bun test v1.3.14 (0d9b296a)
Test (Bun on macos-latest)	UNKNOWN STEP	2026-08-10T10:43:55.6191870Z 
Test (Bun on macos-latest)	UNKNOWN STEP	2026-08-10T10:43:55.6192710Z ##[group]test/args-parser-control.js:
Test (Bun on macos-latest)	UNKNOWN STEP	2026-08-10T10:43:55.6540240Z (pass) control options > should parse --stop with UUID or session name [1.75ms]
Test (Bun on macos-latest)	UNKNOWN STEP	2026-08-10T10:43:55.6543590Z (pass) control options > should parse --stop=value format [0.34ms]
Test (Bun on macos-latest)	UNKNOWN STEP	2026-08-10T10:43:55.6547120Z (pass) control options > should parse --terminate with UUID or session name [0.08ms]
Test (Bun on macos-latest)	UNKNOWN STEP	2026-08-10T10:43:55.6548370Z (pass) control options > should parse --terminate=value format [0.05ms]
Test (Bun on macos-latest)	UNKNOWN STEP	2026-08-10T10:43:55.6563890Z (pass) control options > should throw error for missing --stop argument [2.03ms]
Test (Bun on macos-latest)	UNKNOWN STEP	2026-08-10T10:43:55.6565690Z (pass) control options > should throw error for empty --stop=value argument [0.07ms]
Test (Bun on macos-latest)	UNKNOWN STEP	2026-08-10T10:43:55.6568230Z (pass) control options > should throw error for missing --terminate argument [0.03ms]
Test (Bun on macos-latest)	UNKNOWN STEP	2026-08-10T10:43:55.6568840Z (pass) control options > should throw error for empty --terminate=value argument [0.03ms]
Test (Bun on macos-latest)	UNKNOWN STEP	2026-08-10T10:43:55.6570470Z (pass) control options > should reject combining query and control modes [0.16ms]
Test (Bun on macos-latest)	UNKNOWN STEP	2026-08-10T10:43:55.6571500Z (pass) control options > should reject combining upload-log with control modes [0.03ms]
Test (Bun on macos-latest)	UNKNOWN STEP	2026-08-10T10:43:55.6576110Z (pass) control options > should reject output-format with control modes [0.08ms]
Test (Bun on macos-latest)	UNKNOWN STEP	2026-08-10T10:43:55.6600170Z (pass) control options > should default control options to null [0.03ms]
Test (Bun on macos-latest)	UNKNOWN STEP	2026-08-10T10:43:55.6601140Z 
Test (Bun on macos-latest)	UNKNOWN STEP	2026-08-10T10:43:55.6602030Z ##[endgroup]
Test (Bun on macos-latest)	UNKNOWN STEP	2026-08-10T10:43:55.6602470Z 
Test (Bun on macos-latest)	UNKNOWN STEP	2026-08-10T10:43:55.6603130Z ##[group]test/args-parser-docker-cleanup.js:
Test (Bun on macos-latest)	UNKNOWN STEP	2026-08-10T10:43:55.6606940Z (pass) docker container cleanup options > should parse --auto-remove-docker-container flag [0.36ms]
Test (Bun on macos-latest)	UNKNOWN STEP	2026-08-10T10:43:55.6608680Z (pass) docker container cleanup options > should parse --always-cleanup-container flag [0.03ms]
Test (Bun on macos-latest)	UNKNOWN STEP	2026-08-10T10:43:55.6610430Z (pass) docker container cleanup options > should parse --keep-container flag [0.02ms]
Test (Bun on macos-latest)	UNKNOWN STEP	2026-08-10T10:43:55.6612000Z (pass) docker container cleanup options > should parse --keep-container-on-fail flag [0.02ms]
Test (Bun on macos-latest)	UNKNOWN STEP	2026-08-10T10:43:55.6613490Z (pass) docker container cleanup options > should default cleanup flags to false [0.02ms]
Test (Bun on macos-latest)	UNKNOWN STEP	2026-08-10T10:43:55.6626040Z (pass) docker container cleanup options > should throw error for docker cleanup options without docker isolation [1.05ms]
Test (Bun on macos-latest)	UNKNOWN STEP	2026-08-10T10:43:55.6627090Z (pass) docker container cleanup options > should throw error for docker cleanup options without isolation [0.17ms]
Test (Bun on macos-latest)	UNKNOWN STEP	2026-08-10T10:43:55.6628020Z (pass) docker container cleanup options > should work with keep-alive and auto-remove-docker-container [0.12ms]
Test (Bun on macos-latest)	UNKNOWN STEP	2026-08-10T10:43:55.6628800Z (pass) docker container cleanup options > should reject conflicting docker cleanup options [0.57ms]
Test (Bun on macos-latest)	UNKNOWN STEP	2026-08-10T10:43:55.6629150Z 
Test (Bun on macos-latest)	UNKNOWN STEP	2026-08-10T10:43:55.6629530Z ##[endgroup]
Test (Bun on macos-latest)	UNKNOWN STEP	2026-08-10T10:43:55.6629640Z 
Test (Bun on macos-latest)	UNKNOWN STEP	2026-08-10T10:43:55.6629890Z ##[group]test/args-parser-isolation-alias.js:
Test (Bun on macos-latest)	UNKNOWN STEP	2026-08-10T10:43:55.6642350Z (pass) parseArgs --isolation alias > should parse --isolation alias with value [0.07ms]
Test (Bun on macos-latest)	UNKNOWN STEP	2026-08-10T10:43:55.6643170Z (pass) parseArgs --isolation alias > should parse --isolation=value alias format [0.08ms]
Test (Bun on macos-latest)	UNKNOWN STEP	2026-08-10T10:43:55.6645190Z (pass) parseArgs --isolation alias > should parse --isolation alias before command without separator [0.05ms]
Test (Bun on macos-latest)	UNKNOWN STEP	2026-08-10T10:43:55.6646020Z (pass) parseArgs unknown wrapper options > should throw for unknown wrapper option before separator [0.07ms]
Test (Bun on macos-latest)	UNKNOWN STEP	2026-08-10T10:43:55.6647230Z (pass) parseArgs unknown wrapper options > should throw for unknown wrapper option without separator [0.11ms]
Test (Bun on macos-latest)	UNKNOWN STEP	2026-08-10T10:43:55.6648650Z 
Test (Bun on macos-latest)	UNKNOWN STEP	2026-08-10T10:43:55.6649100Z ##[endgroup]
Test (Bun on macos-latest)	UNKNOWN STEP	2026-08-10T10:43:55.6649190Z 
Test (Bun on macos-latest)	UNKNOWN STEP	2026-08-10T10:43:55.6649430Z ##[group]test/args-parser-shell.js:
Test (Bun on macos-latest)	UNKNOWN STEP	2026-08-10T10:43:55.6660720Z (pass) shell option > should default shell to auto [0.05ms]
Test (Bun on macos-latest)	UNKNOWN STEP	2026-08-10T10:43:55.6661780Z (pass) shell option > should parse --shell bash [0.05ms]
Test (Bun on macos-latest)	UNKNOWN STEP	2026-08-10T10:43:55.6662710Z (pass) shell option > should parse --shell zsh [0.03ms]
Test (Bun on macos-latest)	UNKNOWN STEP	2026-08-10T10:43:55.6663600Z (pass) shell option > should parse --shell sh [0.02ms]
Test (Bun on macos-latest)	UNKNOWN STEP	2026-08-10T10:43:55.6673250Z (pass) shell option > should parse --shell auto [1.27ms]
Test (Bun on macos-latest)	UNKNOWN STEP	2026-08-10T10:43:55.6674470Z (pass) shell option > should parse --shell=value format [0.20ms]
Test (Bun on macos-latest)	UNKNOWN STEP	2026-08-10T10:43:55.6675630Z (pass) shell option > should normalize shell to lowercase [0.07ms]
Test (Bun on macos-latest)	UNKNOWN STEP	2026-08-10T10:43:55.6677530Z (pass) shell option > should throw error for missing shell argument [0.18ms]
Test (Bun on macos-latest)	UNKNOWN STEP	2026-08-10T10:43:55.6678740Z (pass) shell option > should throw error for invalid shell [0.09ms]
Test (Bun on macos-latest)	UNKNOWN STEP	2026-08-10T10:43:55.6681350Z (pass) shell option > should list valid shells in error message [0.31ms]
Test (Bun on macos-latest)	UNKNOWN STEP	2026-08-10T10:43:55.6682430Z (pass) shell option > should work with ssh isolation [0.12ms]
Test (Bun on macos-latest)	UNKNOWN STEP	2026-08-10T10:43:55.6682790Z (pass) VALID_SHELLS > should include bash [0.03ms]
Test (Bun on macos-latest)	UNKNOWN STEP	2026-08-10T10:43:55.6683200Z (pass) VALID_SHELLS > should include zsh [0.03ms]
Test (Bun on macos-latest)	UNKNOWN STEP	2026-08-10T10:43:55.6683500Z (pass) VALID_SHELLS > should include sh [0.02ms]
Test (Bun on macos-latest)	UNKNOWN STEP	2026-08-10T10:43:55.6684130Z (pass) VALID_SHELLS > should include auto [0.04ms]
Test (Bun on macos-latest)	UNKNOWN STEP	2026-08-10T10:43:55.6684430Z 
Test (Bun on macos-latest)	UNKNOWN STEP	2026-08-10T10:43:55.6684930Z ##[endgroup]
Test (Bun on macos-latest)	UNKNOWN STEP	2026-08-10T10:43:55.6685030Z 
Test (Bun on macos-latest)	UNKNOWN STEP	2026-08-10T10:43:55.6685250Z ##[group]test/args-parser.js:
Test (Bun on macos-latest)	UNKNOWN STEP	2026-08-10T10:43:55.6776170Z (pass) parseArgs > basic command parsing > should parse simple command without options [0.16ms]
Test (Bun on macos-latest)	UNKNOWN STEP	2026-08-10T10:43:55.6783280Z (pass) parseArgs > basic command parsing > should parse command with -- separator [0.07ms]
Test (Bun on macos-latest)	UNKNOWN STEP	2026-08-10T10:43:55.6795570Z (pass) parseArgs > basic command parsing > should parse empty command correctly [0.11ms]
Test (Bun on macos-latest)	UNKNOWN STEP	2026-08-10T10:43:55.6797310Z (pass) parseArgs > isolation options > should parse --isolated with value [0.12ms]
Test (Bun on macos-latest)	UNKNOWN STEP	2026-08-10T10:43:55.6800270Z (pass) parseArgs > isolation options > should parse -i shorthand [0.06ms]
Test (Bun on macos-latest)	UNKNOWN STEP	2026-08-10T10:43:55.6800980Z (pass) parseArgs > isolation options > should parse --isolated=value format [0.15ms]
Test (Bun on macos-latest)	UNKNOWN STEP	2026-08-10T10:43:55.6801550Z (pass) parseArgs > isolation options > should normalize backend to lowercase [0.06ms]
Test (Bun on macos-latest)	UNKNOWN STEP	2026-08-10T10:43:55.6802190Z (pass) parseArgs > isolation options > should throw error for missing backend argument [0.20ms]
Test (Bun on macos-latest)	UNKNOWN STEP	2026-08-10T10:43:55.6802840Z (pass) parseArgs > attached and detached modes > should parse --attached flag [0.14ms]
Test (Bun on macos-latest)	UNKNOWN STEP	2026-08-10T10:43:55.6803410Z (pass) parseArgs > attached and detached modes > should parse -a shorthand [0.08ms]
Test (Bun on macos-latest)	UNKNOWN STEP	2026-08-10T10:43:55.6803990Z (pass) parseArgs > attached and detached modes > should parse --detached flag [0.06ms]
Test (Bun on macos-latest)	UNKNOWN STEP	2026-08-10T10:43:55.6809990Z (pass) parseArgs > attached and detached modes > should parse -d shorthand [0.07ms]
Test (Bun on macos-latest)	UNKNOWN STEP	2026-08-10T10:43:55.6810680Z (pass) parseArgs > attached and detached modes > should throw error when both --attached and --detached are set [0.36ms]
Test (Bun on macos-latest)	UNKNOWN STEP	2026-08-10T10:43:55.6811350Z (pass) parseArgs > attached and detached modes > should provide helpful error message for mode conflict [0.22ms]
Test (Bun on macos-latest)	UNKNOWN STEP	2026-08-10T10:43:55.6812150Z (pass) parseArgs > session option > should parse --session with value [0.14ms]
Test (Bun on macos-latest)	UNKNOWN STEP	2026-08-10T10:43:55.6814590Z (pass) parseArgs > session option > should parse -s shorthand [0.22ms]
Test (Bun on macos-latest)	UNKNOWN STEP	2026-08-10T10:43:55.6815150Z (pass) parseArgs > session option > should parse --session=value format [0.13ms]
Test (Bun on macos-latest)	UNKNOWN STEP	2026-08-10T10:43:55.6815710Z (pass) parseArgs > session option > should throw error for session without isolation [0.07ms]
Test (Bun on macos-latest)	UNKNOWN STEP	2026-08-10T10:43:55.6816340Z (pass) parseArgs > docker image option > should parse --image with value [0.03ms]
Test (Bun on macos-latest)	UNKNOWN STEP	2026-08-10T10:43:55.6816820Z (pass) parseArgs > docker image option > should parse --image=value format [0.21ms]
Test (Bun on macos-latest)	UNKNOWN STEP	2026-08-10T10:43:55.6818480Z (pass) parseArgs > docker image option > should use default OS-matched image for docker without --image [0.33ms]
Test (Bun on macos-latest)	UNKNOWN STEP	2026-08-10T10:43:55.6823550Z (pass) parseArgs > docker image option > should throw error for image with non-docker backend [0.16ms]
Test (Bun on macos-latest)	UNKNOWN STEP	2026-08-10T10:43:55.6825440Z (pass) parseArgs > SSH endpoint option > should parse --endpoint with value [0.10ms]
Test (Bun on macos-latest)	UNKNOWN STEP	2026-08-10T10:43:55.6827050Z (pass) parseArgs > SSH endpoint option > should parse --endpoint=value format [0.06ms]
Test (Bun on macos-latest)	UNKNOWN STEP	2026-08-10T10:43:55.6828720Z (pass) parseArgs > SSH endpoint option > should throw error for ssh without endpoint [0.24ms]
Test (Bun on macos-latest)	UNKNOWN STEP	2026-08-10T10:43:55.6830570Z (pass) parseArgs > SSH endpoint option > should throw error for endpoint with non-ssh backend [0.21ms]
Test (Bun on macos-latest)	UNKNOWN STEP	2026-08-10T10:43:55.6831150Z (pass) parseArgs > keep-alive option > should parse --keep-alive flag [0.07ms]
Test (Bun on macos-latest)	UNKNOWN STEP	2026-08-10T10:43:55.6831930Z (pass) parseArgs > keep-alive option > should parse -k shorthand [0.13ms]
Test (Bun on macos-latest)	UNKNOWN STEP	2026-08-10T10:43:55.6832540Z (pass) parseArgs > keep-alive option > should default keepAlive to false [0.05ms]
Test (Bun on macos-latest)	UNKNOWN STEP	2026-08-10T10:43:55.6833220Z (pass) parseArgs > keep-alive option > should throw error for keep-alive without isolation [0.12ms]
Test (Bun on macos-latest)	UNKNOWN STEP	2026-08-10T10:43:55.6833800Z (pass) parseArgs > keep-alive option > should work with detached mode [0.05ms]
Test (Bun on macos-latest)	UNKNOWN STEP	2026-08-10T10:43:55.6834250Z (pass) parseArgs > keep-alive option > should work with docker [0.06ms]
Test (Bun on macos-latest)	UNKNOWN STEP	2026-08-10T10:43:55.6835510Z (pass) parseArgs > command without separator > should parse command after options without separator [0.06ms]
Test (Bun on macos-latest)	UNKNOWN STEP	2026-08-10T10:43:55.6836370Z (pass) parseArgs > command without separator > should handle mixed options and command [0.05ms]
Test (Bun on macos-latest)	UNKNOWN STEP	2026-08-10T10:43:55.6836910Z (pass) parseArgs > backend validation > should accept valid backends [0.42ms]
Test (Bun on macos-latest)	UNKNOWN STEP	2026-08-10T10:43:55.6837410Z (pass) parseArgs > backend validation > should throw error for invalid backend [0.30ms]
Test (Bun on macos-latest)	UNKNOWN STEP	2026-08-10T10:43:55.6838410Z (pass) parseArgs > backend validation > should list valid backends in error message [0.28ms]
Test (Bun on macos-latest)	UNKNOWN STEP	2026-08-10T10:43:55.6838880Z (pass) validateOptions > should pass for valid options [0.40ms]
Test (Bun on macos-latest)	UNKNOWN STEP	2026-08-10T10:43:55.6840090Z (pass) validateOptions > should throw for attached and detached together [0.12ms]
Test (Bun on macos-latest)	UNKNOWN STEP	2026-08-10T10:43:55.6845640Z (pass) validateOptions > should pass for docker with image [1.08ms]
Test (Bun on macos-latest)	UNKNOWN STEP	2026-08-10T10:43:55.6852740Z (pass) generateSessionName > should generate unique session names [0.68ms]
Test (Bun on macos-latest)	UNKNOWN STEP	2026-08-10T10:43:55.6853980Z (pass) generateSessionName > should use default prefix [0.05ms]
Test (Bun on macos-latest)	UNKNOWN STEP	2026-08-10T10:43:55.6855190Z (pass) generateSessionName > should use custom prefix [0.03ms]
Test (Bun on macos-latest)	UNKNOWN STEP	2026-08-10T10:43:55.6866870Z (pass) generateSessionName > should contain timestamp-like portion [0.10ms]
Test (Bun on macos-latest)	UNKNOWN STEP	2026-08-10T10:43:55.6867770Z (pass) hasIsolation > should return true when isolated is set [0.12ms]
Test (Bun on macos-latest)	UNKNOWN STEP	2026-08-10T10:43:55.6870870Z (pass) hasIsolation > should return false when isolated is null [0.01ms]
Test (Bun on macos-latest)	UNKNOWN STEP	2026-08-10T10:43:55.6872210Z (pass) getEffectiveMode > should return attached by default [0.02ms]
Test (Bun on macos-latest)	UNKNOWN STEP	2026-08-10T10:43:55.6876300Z (pass) getEffectiveMode > should return attached when explicitly set [0.01ms]
Test (Bun on macos-latest)	UNKNOWN STEP	2026-08-10T10:43:55.6882550Z (pass) getEffectiveMode > should return detached when set
Test (Bun on macos-latest)	UNKNOWN STEP	2026-08-10T10:43:55.6883750Z (pass) VALID_BACKENDS > should include screen [0.02ms]
Test (Bun on macos-latest)	UNKNOWN STEP	2026-08-10T10:43:55.6884590Z (pass) VALID_BACKENDS > should include tmux
Test (Bun on macos-latest)	UNKNOWN STEP	2026-08-10T10:43:55.6885400Z (pass) VALID_BACKENDS > should include docker
Test (Bun on macos-latest)	UNKNOWN STEP	2026-08-10T10:43:55.6886910Z (pass) user isolation option > should parse --isolated-user without value (auto-generated username) [0.05ms]
Test (Bun on macos-latest)	UNKNOWN STEP	2026-08-10T10:43:55.6888560Z (pass) user isolation option > should parse --isolated-user with custom username [0.05ms]
Test (Bun on macos-latest)	UNKNOWN STEP	2026-08-10T10:43:55.6889800Z (pass) user isolation option > should parse -u shorthand [0.02ms]
Test (Bun on macos-latest)	UNKNOWN STEP	2026-08-10T10:43:55.6890990Z (pass) user isolation option > should parse -u with custom username [0.10ms]
Test (Bun on macos-latest)	UNKNOWN STEP	2026-08-10T10:43:55.6892320Z (pass) user isolation option > should parse --isolated-user=value format [0.03ms]
Test (Bun on macos-latest)	UNKNOWN STEP	2026-08-10T10:43:55.6893600Z (pass) user isolation option > should work with isolation options [0.03ms]
Test (Bun on macos-latest)	UNKNOWN STEP	2026-08-10T10:43:55.6896510Z (pass) user isolation option > should work without isolation (standalone user isolation) [0.13ms]
Test (Bun on macos-latest)	UNKNOWN STEP	2026-08-10T10:43:55.6897980Z (pass) user isolation option > should accept valid usernames [0.40ms]
Test (Bun on macos-latest)	UNKNOWN STEP	2026-08-10T10:43:55.6899540Z (pass) user isolation option > should reject invalid username formats with --isolated-user=value syntax [0.25ms]
Test (Bun on macos-latest)	UNKNOWN STEP	2026-08-10T10:43:55.6901500Z (pass) user isolation option > should not consume invalid username as argument (treats as command) [0.07ms]
Test (Bun on macos-latest)	UNKNOWN STEP	2026-08-10T10:43:55.6903300Z (pass) user isolation option > should throw error for user with docker isolation [0.51ms]
Test (Bun on macos-latest)	UNKNOWN STEP	2026-08-10T10:43:55.6904570Z (pass) user isolation option > should work with tmux isolation [0.09ms]
Test (Bun on macos-latest)	UNKNOWN STEP	2026-08-10T10:43:55.6905840Z (pass) use-command-stream option > should parse --use-command-stream flag [0.05ms]
Test (Bun on macos-latest)	UNKNOWN STEP	2026-08-10T10:43:55.6907240Z (pass) use-command-stream option > should default useCommandStream to false [0.06ms]
Test (Bun on macos-latest)	UNKNOWN STEP	2026-08-10T10:43:55.6908770Z (pass) use-command-stream option > should work with other options [0.06ms]
Test (Bun on macos-latest)	UNKNOWN STEP	2026-08-10T10:43:55.6910030Z (pass) use-command-stream option > should work without other options [0.04ms]
Test (Bun on macos-latest)	UNKNOWN STEP	2026-08-10T10:43:55.6911210Z (pass) keep-user option > should parse --keep-user flag [0.04ms]
Test (Bun on macos-latest)	UNKNOWN STEP	2026-08-10T10:43:55.6912270Z (pass) keep-user option > should default keepUser to false [0.03ms]
Test (Bun on macos-latest)	UNKNOWN STEP	2026-08-10T10:43:55.6913470Z (pass) keep-user option > should throw error for keep-user without user [0.26ms]
Test (Bun on macos-latest)	UNKNOWN STEP	2026-08-10T10:43:55.6914720Z (pass) keep-user option > should work with user and isolation options [0.08ms]
Test (Bun on macos-latest)	UNKNOWN STEP	2026-08-10T10:43:55.6915990Z (pass) status option > should parse --status with UUID [0.03ms]
Test (Bun on macos-latest)	UNKNOWN STEP	2026-08-10T10:43:55.6917060Z (pass) status option > should parse --status=value format [0.02ms]
Test (Bun on macos-latest)	UNKNOWN STEP	2026-08-10T10:43:55.6918300Z (pass) status option > should throw error for missing UUID argument [0.14ms]
Test (Bun on macos-latest)	UNKNOWN STEP	2026-08-10T10:43:55.6920440Z (pass) status option > should throw error for --status with -flag as next argument [0.12ms]
Test (Bun on macos-latest)	UNKNOWN STEP	2026-08-10T10:43:55.6921690Z (pass) status option > should default status to null [0.13ms]
Test (Bun on macos-latest)	UNKNOWN STEP	2026-08-10T10:43:55.6923130Z (pass) upload-log option > should parse --upload-log with UUID or session name [0.04ms]
Test (Bun on macos-latest)	UNKNOWN STEP	2026-08-10T10:43:55.6924420Z (pass) upload-log option > should parse --upload-log=value format [0.04ms]
Test (Bun on macos-latest)	UNKNOWN STEP	2026-08-10T10:43:55.6925820Z (pass) upload-log option > should throw error for missing --upload-log argument [0.05ms]
Test (Bun on macos-latest)	UNKNOWN STEP	2026-08-10T10:43:55.6927370Z (pass) upload-log option > should throw error for empty --upload-log=value argument [0.07ms]
Test (Bun on macos-latest)	UNKNOWN STEP	2026-08-10T10:43:55.6928830Z (pass) upload-log option > should default uploadLog to null [0.03ms]
Test (Bun on macos-latest)	UNKNOWN STEP	2026-08-10T10:43:55.6929840Z (pass) list option > should parse --list flag [0.04ms]
Test (Bun on macos-latest)	UNKNOWN STEP	2026-08-10T10:43:55.6930980Z (pass) list option > should parse --list with JSON output format [0.06ms]
Test (Bun on macos-latest)	UNKNOWN STEP	2026-08-10T10:43:55.6931460Z (pass) list option > should normalize output format with --list [0.05ms]
Test (Bun on macos-latest)	UNKNOWN STEP	2026-08-10T10:43:55.6931940Z (pass) list option > should default list to false [0.03ms]
Test (Bun on macos-latest)	UNKNOWN STEP	2026-08-10T10:43:55.6932630Z (pass) output-format option > should parse --output-format with --status [0.06ms]
Test (Bun on macos-latest)	UNKNOWN STEP	2026-08-10T10:43:55.6933210Z (pass) output-format option > should parse --output-format=value format [0.05ms]
Test (Bun on macos-latest)	UNKNOWN STEP	2026-08-10T10:43:55.6933720Z (pass) output-format option > should normalize format to lowercase [0.04ms]
Test (Bun on macos-latest)	UNKNOWN STEP	2026-08-10T10:43:55.6934210Z (pass) output-format option > should throw error for missing format argument [0.11ms]
Test (Bun on macos-latest)	UNKNOWN STEP	2026-08-10T10:43:55.6934760Z (pass) output-format option > should throw error for invalid format [0.13ms]
Test (Bun on macos-latest)	UNKNOWN STEP	2026-08-10T10:43:55.6935260Z (pass) output-format option > should throw error for output-format without status [0.08ms]
Test (Bun on macos-latest)	UNKNOWN STEP	2026-08-10T10:43:55.6936220Z (pass) output-format option > should accept all valid output formats [0.14ms]
Test (Bun on macos-latest)	UNKNOWN STEP	2026-08-10T10:43:55.6936720Z (pass) output-format option > should default outputFormat to null [0.03ms]
Test (Bun on macos-latest)	UNKNOWN STEP	2026-08-10T10:43:55.6937150Z (pass) VALID_OUTPUT_FORMATS > should include links-notation [0.05ms]
Test (Bun on macos-latest)	UNKNOWN STEP	2026-08-10T10:43:55.6937510Z (pass) VALID_OUTPUT_FORMATS > should include json [0.03ms]
Test (Bun on macos-latest)	UNKNOWN STEP	2026-08-10T10:43:55.6938240Z (pass) VALID_OUTPUT_FORMATS > should include text [0.02ms]
Test (Bun on macos-latest)	UNKNOWN STEP	2026-08-10T10:43:55.6938640Z (pass) cleanup options > should parse --cleanup flag [0.05ms]
Test (Bun on macos-latest)	UNKNOWN STEP	2026-08-10T10:43:55.6939030Z (pass) cleanup options > should parse --cleanup-dry-run flag [0.04ms]
Test (Bun on macos-latest)	UNKNOWN STEP	2026-08-10T10:43:55.6939450Z (pass) cleanup options > should default cleanup to false [0.04ms]
Test (Bun on macos-latest)	UNKNOWN STEP	2026-08-10T10:43:55.6939650Z 
Test (Bun on macos-latest)	UNKNOWN STEP	2026-08-10T10:43:55.6940020Z ##[endgroup]
Test (Bun on macos-latest)	UNKNOWN STEP	2026-08-10T10:43:55.6940110Z 
Test (Bun on macos-latest)	UNKNOWN STEP	2026-08-10T10:43:55.6940320Z ##[group]test/cli.js:
Test (Bun on macos-latest)	UNKNOWN STEP	2026-08-10T10:43:55.8385580Z (pass) CLI version flag > should display version with --version [139.01ms]
Test (Bun on macos-latest)	UNKNOWN STEP	2026-08-10T10:43:55.9464230Z (pass) CLI version flag > should display version with -v [108.26ms]
Test (Bun on macos-latest)	UNKNOWN STEP	2026-08-10T10:43:56.0867690Z (pass) CLI version flag > should show correct package version [140.18ms]
Test (Bun on macos-latest)	UNKNOWN STEP	2026-08-10T10:43:56.1408390Z (pass) CLI basic behavior > should show usage when no arguments provided [54.08ms]
Test (Bun on macos-latest)	UNKNOWN STEP	2026-08-10T10:43:56.1971000Z (pass) CLI basic behavior > should show usage when no command provided after -- [56.15ms]
Test (Bun on macos-latest)	UNKNOWN STEP	2026-08-10T10:43:57.2701730Z (pass) CLI isolation output (issue #67) > should display screen session name when using screen isolation [1072.43ms]
Test (Bun on macos-latest)	UNKNOWN STEP	2026-08-10T10:43:57.7900380Z (pass) CLI isolation output (issue #67) > should display tmux session name when using tmux isolation [519.64ms]
Test (Bun on macos-latest)	UNKNOWN STEP	2026-08-10T10:43:57.7960150Z (pass) CLI isolation output (issue #67) > should display docker container name when using docker isolation [5.93ms]
Test (Bun on macos-latest)	UNKNOWN STEP	2026-08-10T10:43:57.7962230Z   Skipping: docker not available or cannot run Linux images
Test (Bun on macos-latest)	UNKNOWN STEP	2026-08-10T10:43:57.7963100Z 
Test (Bun on macos-latest)	UNKNOWN STEP	2026-08-10T10:43:57.7964150Z ##[endgroup]
Test (Bun on macos-latest)	UNKNOWN STEP	2026-08-10T10:43:57.7964500Z 
Test (Bun on macos-latest)	UNKNOWN STEP	2026-08-10T10:43:57.7965250Z ##[group]test/command-builder-docker-cleanup.js:
Test (Bun on macos-latest)	UNKNOWN STEP	2026-08-10T10:43:57.8000600Z (pass) command-builder docker cleanup forwarding > forwards cleanup policy flags when a remaining level uses docker [0.31ms]
Test (Bun on macos-latest)	UNKNOWN STEP	2026-08-10T10:43:57.8002670Z (pass) command-builder docker cleanup forwarding > does not forward docker cleanup flags after the docker level is consumed [0.07ms]
Test (Bun on macos-latest)	UNKNOWN STEP	2026-08-10T10:43:57.8003190Z 
Test (Bun on macos-latest)	UNKNOWN STEP	2026-08-10T10:43:57.8003810Z ##[endgroup]
Test (Bun on macos-latest)	UNKNOWN STEP	2026-08-10T10:43:57.8003990Z 
Test (Bun on macos-latest)	UNKNOWN STEP	2026-08-10T10:43:57.8004290Z ##[group]test/create-github-release.mjs:
Test (Bun on macos-latest)	UNKNOWN STEP	2026-08-10T10:43:57.9809390Z (pass) create-github-release script > treats an existing GitHub release as an idempotent skip [178.15ms]
Test (Bun on macos-latest)	UNKNOWN STEP	2026-08-10T10:43:58.1995420Z (pass) create-github-release script > fails when gh api returns an unexpected error [218.58ms]
Test (Bun on macos-latest)	UNKNOWN STEP	2026-08-10T10:43:58.1995950Z 
Test (Bun on macos-latest)	UNKNOWN STEP	2026-08-10T10:43:58.1997540Z ##[endgroup]
Test (Bun on macos-latest)	UNKNOWN STEP	2026-08-10T10:43:58.1998150Z 
Test (Bun on macos-latest)	UNKNOWN STEP	2026-08-10T10:43:58.1998640Z ##[group]test/docker-autoremove.js:
Test (Bun on macos-latest)	UNKNOWN STEP	2026-08-10T10:43:58.2130990Z (pass) Docker Container Cleanup Policy > cleanup decisions > should keep abnormal containers under the default policy [0.14ms]
Test (Bun on macos-latest)	UNKNOWN STEP	2026-08-10T10:43:58.2145030Z (pass) Docker Container Cleanup Policy > cleanup decisions > should keep OOM-killed containers with keepContainerOnFail [0.04ms]
Test (Bun on macos-latest)	UNKNOWN STEP	2026-08-10T10:43:58.2146350Z (pass) Docker Container Cleanup Policy > cleanup decisions > should honor explicit always-cleanup policy [0.02ms]
Test (Bun on macos-latest)	UNKNOWN STEP	2026-08-10T10:43:58.2149760Z (pass) Docker Container Cleanup Policy > cleanup decisions > should make the detached watcher inspect OOMKilled before default cleanup [1.47ms]
Test (Bun on macos-latest)	UNKNOWN STEP	2026-08-10T10:43:58.2245940Z (pass) Docker Container Cleanup Policy > auto-remove enabled > should automatically remove container when autoRemoveDockerContainer is true [12.95ms]
Test (Bun on macos-latest)	UNKNOWN STEP	2026-08-10T10:43:58.2246730Z   Skipping: docker not available, daemon not running, or Linux containers not supported
Test (Bun on macos-latest)	UNKNOWN STEP	2026-08-10T10:43:58.2307100Z (pass) Docker Container Cleanup Policy > default cleanup > should remove container filesystem by default [6.13ms]
Test (Bun on macos-latest)	UNKNOWN STEP	2026-08-10T10:43:58.2308190Z   Skipping: docker not available, daemon not running, or Linux containers not supported
Test (Bun on macos-latest)	UNKNOWN STEP	2026-08-10T10:43:58.2500470Z (pass) Docker Container Cleanup Policy > keep-container opt-out > should preserve container filesystem when keepContainer is true [18.24ms]
Test (Bun on macos-latest)	UNKNOWN STEP	2026-08-10T10:43:58.2501320Z   Skipping: docker not available, daemon not running, or Linux containers not supported
Test (Bun on macos-latest)	UNKNOWN STEP	2026-08-10T10:43:58.2583370Z (pass) Docker Container Cleanup Policy > keep-container opt-out > should preserve failed containers when keepContainerOnFail is true [7.57ms]
Test (Bun on macos-latest)	UNKNOWN STEP	2026-08-10T10:43:58.2584270Z   Skipping: docker not available, daemon not running, or Linux containers not supported
Test (Bun on macos-latest)	UNKNOWN STEP	2026-08-10T10:43:58.2669530Z (pass) Docker Container Cleanup Policy > attached mode logging > should write attached docker output to the provided host log path [9.59ms]
Test (Bun on macos-latest)	UNKNOWN STEP	2026-08-10T10:43:58.2670580Z   Skipping: docker not available, daemon not running, or Linux containers not supported
Test (Bun on macos-latest)	UNKNOWN STEP	2026-08-10T10:43:58.2671340Z 
Test (Bun on macos-latest)	UNKNOWN STEP	2026-08-10T10:43:58.2672480Z ##[endgroup]
Test (Bun on macos-latest)	UNKNOWN STEP	2026-08-10T10:43:58.2673190Z 
Test (Bun on macos-latest)	UNKNOWN STEP	2026-08-10T10:43:58.2673870Z ##[group]test/docker-network-integration.js:
Test (Bun on macos-latest)	UNKNOWN STEP	2026-08-10T10:43:58.2915910Z (pass) Docker named network integration > reaches a private sidecar and the internet through two networks [0.17ms]
Test (Bun on macos-latest)	UNKNOWN STEP	2026-08-10T10:43:58.2981620Z (pass) Docker named network integration > fails for a missing network without orphaning a container [0.23ms]
Test (Bun on macos-latest)	UNKNOWN STEP	2026-08-10T10:43:58.2986270Z 
Test (Bun on macos-latest)	UNKNOWN STEP	2026-08-10T10:43:58.2988820Z ##[endgroup]
Test (Bun on macos-latest)	UNKNOWN STEP	2026-08-10T10:43:58.2989520Z 
Test (Bun on macos-latest)	UNKNOWN STEP	2026-08-10T10:43:58.2990810Z ##[group]test/docker-runtime-options.js:
Test (Bun on macos-latest)	UNKNOWN STEP	2026-08-10T10:43:58.3004700Z (pass) Docker runtime options parsing > should parse repeatable --volume and -v [0.73ms]
Test (Bun on macos-latest)	UNKNOWN STEP	2026-08-10T10:43:58.3006570Z (pass) Docker runtime options parsing > should parse --volume=value and -v=value [0.05ms]
Test (Bun on macos-latest)	UNKNOWN STEP	2026-08-10T10:43:58.3008510Z (pass) Docker runtime options parsing > should parse repeatable --mount [0.03ms]
Test (Bun on macos-latest)	UNKNOWN STEP	2026-08-10T10:43:58.3010010Z (pass) Docker runtime options parsing > should parse repeatable --env and -e [0.05ms]
Test (Bun on macos-latest)	UNKNOWN STEP	2026-08-10T10:43:58.3011440Z (pass) Docker runtime options parsing > should parse --privileged [0.02ms]
Test (Bun on macos-latest)	UNKNOWN STEP	2026-08-10T10:43:58.3014600Z (pass) Docker runtime options parsing > should parse repeatable --network forms without consuming child args [0.04ms]
Test (Bun on macos-latest)	UNKNOWN STEP	2026-08-10T10:43:58.3016580Z (pass) Docker runtime options parsing > should parse repeatable --network-alias value and equals forms [0.02ms]
Test (Bun on macos-latest)	UNKNOWN STEP	2026-08-10T10:43:58.3018490Z (pass) Docker runtime options parsing > should default runtime options to empty/false [0.02ms]
Test (Bun on macos-latest)	UNKNOWN STEP	2026-08-10T10:43:58.3020020Z (pass) Docker runtime options parsing > should throw when --volume requires an argument [0.10ms]
Test (Bun on macos-latest)	UNKNOWN STEP	2026-08-10T10:43:58.3021650Z (pass) Docker runtime options parsing > should throw when --env requires an argument [0.04ms]
Test (Bun on macos-latest)	UNKNOWN STEP	2026-08-10T10:43:58.3023230Z (pass) Docker runtime options validation > should reject --volume with non-docker backend [0.04ms]
Test (Bun on macos-latest)	UNKNOWN STEP	2026-08-10T10:43:58.3024790Z (pass) Docker runtime options validation > should reject --mount without isolation [0.29ms]
Test (Bun on macos-latest)	UNKNOWN STEP	2026-08-10T10:43:58.3026660Z (pass) Docker runtime options validation > should reject --env with non-docker backend [0.05ms]
Test (Bun on macos-latest)	UNKNOWN STEP	2026-08-10T10:43:58.3028220Z (pass) Docker runtime options validation > should reject --privileged without docker [0.07ms]
Test (Bun on macos-latest)	UNKNOWN STEP	2026-08-10T10:43:58.3029730Z (pass) Docker runtime options validation > should reject network options without docker [0.08ms]
Test (Bun on macos-latest)	UNKNOWN STEP	2026-08-10T10:43:58.3031580Z (pass) Docker runtime options validation > should accept runtime options when stack includes docker [0.27ms]
Test (Bun on macos-latest)	UNKNOWN STEP	2026-08-10T10:43:58.3033380Z (pass) buildDockerRuntimeArgs > should build empty args by default [0.10ms]
Test (Bun on macos-latest)	UNKNOWN STEP	2026-08-10T10:43:58.3035380Z (pass) buildDockerRuntimeArgs > should add --privileged first [0.02ms]
Test (Bun on macos-latest)	UNKNOWN STEP	2026-08-10T10:43:58.3036920Z (pass) buildDockerRuntimeArgs > should expand env, volumes, and mounts in order [0.05ms]
Test (Bun on macos-latest)	UNKNOWN STEP	2026-08-10T10:43:58.3038410Z (pass) buildDockerRuntimeStatusLines > should return no lines for empty options [0.05ms]
Test (Bun on macos-latest)	UNKNOWN STEP	2026-08-10T10:43:58.3040030Z (pass) buildDockerRuntimeStatusLines > should format volumes, mounts, env, and privileged lines [0.02ms]
Test (Bun on macos-latest)	UNKNOWN STEP	2026-08-10T10:43:58.3041800Z (pass) buildDockerRuntimeStatusLines > should join multiple volumes with a comma [0.01ms]
Test (Bun on macos-latest)	UNKNOWN STEP	2026-08-10T10:43:58.3043490Z (pass) buildDockerRuntimeMetadata > should null out empty collections and falsy privileged [0.03ms]
Test (Bun on macos-latest)	UNKNOWN STEP	2026-08-10T10:43:58.3046490Z (pass) buildDockerRuntimeMetadata > should pass through populated collections and privileged [0.02ms]
Test (Bun on macos-latest)	UNKNOWN STEP	2026-08-10T10:43:58.3047470Z 
Test (Bun on macos-latest)	UNKNOWN STEP	2026-08-10T10:43:58.3048240Z ##[endgroup]
Test (Bun on macos-latest)	UNKNOWN STEP	2026-08-10T10:43:58.3048480Z 
Test (Bun on macos-latest)	UNKNOWN STEP	2026-08-10T10:43:58.3049070Z ##[group]test/echo-integration.js:
Test (Bun on macos-latest)	UNKNOWN STEP	2026-08-10T10:43:58.3079580Z === Echo Integration Tests - Issue #55 ===
Test (Bun on macos-latest)	UNKNOWN STEP	2026-08-10T10:43:58.3080890Z Testing that "echo hi" works correctly across all isolation modes
Test (Bun on macos-latest)	UNKNOWN STEP	2026-08-10T10:43:58.3082440Z Coverage: No isolation, Screen (attached/detached), Tmux (attached/detached), Docker (attached/detached)
Test (Bun on macos-latest)	UNKNOWN STEP	2026-08-10T10:43:58.3083330Z 
Test (Bun on macos-latest)	UNKNOWN STEP	2026-08-10T10:43:58.3942610Z (pass) Echo Integration Tests - Issue #55 > No Isolation Mode (Direct Execution) > should execute echo hi and show output with proper formatting [62.12ms]
Test (Bun on macos-latest)	UNKNOWN STEP	2026-08-10T10:43:58.3962060Z   ✓ No isolation mode: echo hi works correctly
Test (Bun on macos-latest)	UNKNOWN STEP	2026-08-10T10:43:58.4634750Z (pass) Echo Integration Tests - Issue #55 > No Isolation Mode (Direct Execution) > should execute echo with single quotes [68.81ms]
Test (Bun on macos-latest)	UNKNOWN STEP	2026-08-10T10:43:58.4636770Z   ✓ No isolation mode: echo with single quotes works
Test (Bun on macos-latest)	UNKNOWN STEP	2026-08-10T10:43:58.5288690Z (pass) Echo Integration Tests - Issue #55 > No Isolation Mode (Direct Execution) > should execute echo with double quotes [65.52ms]
Test (Bun on macos-latest)	UNKNOWN STEP	2026-08-10T10:43:58.5291490Z   ✓ No isolation mode: echo with double quotes works
Test (Bun on macos-latest)	UNKNOWN STEP	2026-08-10T10:43:58.5819840Z (pass) Echo Integration Tests - Issue #55 > No Isolation Mode (Direct Execution) > should have consistent empty line formatting [53.03ms]
Test (Bun on macos-latest)	UNKNOWN STEP	2026-08-10T10:43:58.5822200Z   ✓ Empty line formatting is consistent
Test (Bun on macos-latest)	UNKNOWN STEP	2026-08-10T10:43:58.7818260Z (pass) Echo Integration Tests - Issue #55 > Screen Isolation Mode > Attached Mode > should execute echo hi in attached screen mode with proper formatting [199.84ms]
Test (Bun on macos-latest)	UNKNOWN STEP	2026-08-10T10:43:58.7820800Z   ✓ Screen isolation (attached): echo hi works correctly
Test (Bun on macos-latest)	UNKNOWN STEP	2026-08-10T10:43:58.9738620Z (pass) Echo Integration Tests - Issue #55 > Screen Isolation Mode > Attached Mode > should execute echo with quotes in attached screen mode [192.04ms]
Test (Bun on macos-latest)	UNKNOWN STEP	2026-08-10T10:43:58.9739650Z   ✓ Screen isolation (attached): echo with quotes works
Test (Bun on macos-latest)	UNKNOWN STEP	2026-08-10T10:43:59.1810920Z (pass) Echo Integration Tests - Issue #55 > Screen Isolation Mode > Attached Mode > should show exit code and finish block in attached screen mode [207.04ms]
Test (Bun on macos-latest)	UNKNOWN STEP	2026-08-10T10:43:59.1812170Z   ✓ Screen isolation (attached): finish block displays correctly
Test (Bun on macos-latest)	UNKNOWN STEP	2026-08-10T10:43:59.3024820Z (pass) Echo Integration Tests - Issue #55 > Screen Isolation Mode > Detached Mode > should execute echo hi in detached screen mode [121.11ms]
Test (Bun on macos-latest)	UNKNOWN STEP	2026-08-10T10:43:59.3025670Z   ✓ Screen isolation (detached): echo hi starts correctly
Test (Bun on macos-latest)	UNKNOWN STEP	2026-08-10T10:43:59.3769200Z (pass) Echo Integration Tests - Issue #55 > Screen Isolation Mode > Detached Mode > should show session name in detached screen mode for reattaching [74.49ms]
Test (Bun on macos-latest)	UNKNOWN STEP	2026-08-10T10:43:59.3771530Z   ✓ Screen isolation (detached): session name displayed for reattaching
Test (Bun on macos-latest)	UNKNOWN STEP	2026-08-10T10:43:59.4445080Z open terminal failed: not a terminal
Test (Bun on macos-latest)	UNKNOWN STEP	2026-08-10T10:43:59.4446520Z   ⚠ Tmux isolation (attached): skipped (no TTY available)
Test (Bun on macos-latest)	UNKNOWN STEP	2026-08-10T10:43:59.4448120Z Error: Tmux session "tmux-1786358639413-odu9xz" exited with code 1
Test (Bun on macos-latest)	UNKNOWN STEP	2026-08-10T10:43:59.4450350Z (pass) Echo Integration Tests - Issue #55 > Tmux Isolation Mode > Attached Mode > should handle attached tmux mode (may require TTY) [67.72ms]
Test (Bun on macos-latest)	UNKNOWN STEP	2026-08-10T10:43:59.5479090Z (pass) Echo Integration Tests - Issue #55 > Tmux Isolation Mode > Detached Mode > should execute echo hi in detached tmux mode [102.46ms]
Test (Bun on macos-latest)	UNKNOWN STEP	2026-08-10T10:43:59.5481120Z   ✓ Tmux isolation (detached): echo hi starts correctly
Test (Bun on macos-latest)	UNKNOWN STEP	2026-08-10T10:43:59.6476240Z (pass) Echo Integration Tests - Issue #55 > Tmux Isolation Mode > Detached Mode > should show session name in detached tmux mode for reattaching [100.32ms]
Test (Bun on macos-latest)	UNKNOWN STEP	2026-08-10T10:43:59.6477300Z   ✓ Tmux isolation (detached): session name displayed for reattaching
Test (Bun on macos-latest)	UNKNOWN STEP	2026-08-10T10:43:59.7505820Z (pass) Echo Integration Tests - Issue #55 > Tmux Isolation Mode > Detached Mode > should execute echo with quotes in detached tmux mode [102.92ms]
Test (Bun on macos-latest)	UNKNOWN STEP	2026-08-10T10:43:59.7506640Z   ✓ Tmux isolation (detached): echo with quotes works
Test (Bun on macos-latest)	UNKNOWN STEP	2026-08-10T10:43:59.7512180Z   ⚠ docker not available or cannot run Linux containers, skipping docker tests
Test (Bun on macos-latest)	UNKNOWN STEP	2026-08-10T10:43:59.7513020Z (pass) Echo Integration Tests - Issue #55 > Docker Isolation Mode > should skip docker tests when docker is not available or cannot run Linux containers [0.15ms]
Test (Bun on macos-latest)	UNKNOWN STEP	2026-08-10T10:43:59.7984270Z (pass) Echo Integration Tests - Issue #55 > Output Block Formatting > should not truncate long log paths [47.67ms]
Test (Bun on macos-latest)	UNKNOWN STEP	2026-08-10T10:43:59.7986200Z   ✓ Log paths are not truncated
Test (Bun on macos-latest)	UNKNOWN STEP	2026-08-10T10:43:59.8441270Z (pass) Echo Integration Tests - Issue #55 > Output Block Formatting > should show full session ID in both start and finish blocks [45.65ms]
Test (Bun on macos-latest)	UNKNOWN STEP	2026-08-10T10:43:59.8443250Z   ✓ Session IDs are complete UUIDs in both blocks
Test (Bun on macos-latest)	UNKNOWN STEP	2026-08-10T10:43:59.8897530Z (pass) Echo Integration Tests - Issue #55 > Output Block Formatting > should have consistent exit code formatting [45.59ms]
Test (Bun on macos-latest)	UNKNOWN STEP	2026-08-10T10:43:59.8899360Z   ✓ Exit code formatting is consistent
Test (Bun on macos-latest)	UNKNOWN STEP	2026-08-10T10:43:59.9337490Z (pass) Echo Integration Tests - Issue #55 > Output Block Formatting > should include timing information in finish block [43.94ms]
Test (Bun on macos-latest)	UNKNOWN STEP	2026-08-10T10:43:59.9339470Z   ✓ Timing information is present in finish block
Test (Bun on macos-latest)	UNKNOWN STEP	2026-08-10T10:43:59.9340050Z 
Test (Bun on macos-latest)	UNKNOWN STEP	2026-08-10T10:43:59.9341190Z ##[endgroup]
Test (Bun on macos-latest)	UNKNOWN STEP	2026-08-10T10:43:59.9341570Z 
Test (Bun on macos-latest)	UNKNOWN STEP	2026-08-10T10:43:59.9342350Z ##[group]test/execution-control.js:
Test (Bun on macos-latest)	UNKNOWN STEP	2026-08-10T10:43:59.9390260Z (pass) execution control > should map screen stop to CTRL+C injection [0.37ms]
Test (Bun on macos-latest)	UNKNOWN STEP	2026-08-10T10:43:59.9513630Z (pass) execution control > should send stop command to a detached screen session [12.29ms]
Test (Bun on macos-latest)	UNKNOWN STEP	2026-08-10T10:43:59.9546470Z (pass) execution control > should stop a detached docker container with docker stop [3.25ms]
Test (Bun on macos-latest)	UNKNOWN STEP	2026-08-10T10:43:59.9570040Z (pass) execution control > should send docker terminate through docker kill [2.29ms]
Test (Bun on macos-latest)	UNKNOWN STEP	2026-08-10T10:43:59.9585330Z (pass) execution control > should reject non-detached records [1.54ms]
Test (Bun on macos-latest)	UNKNOWN STEP	2026-08-10T10:43:59.9586460Z (pass) process id collection > should parse a GNU Screen process id from screen -ls output [0.10ms]
Test (Bun on macos-latest)	UNKNOWN STEP	2026-08-10T10:43:59.9587250Z (pass) process id collection > should collect wrapper, screen, and descendant process IDs [0.12ms]
Test (Bun on macos-latest)	UNKNOWN STEP	2026-08-10T10:43:59.9587690Z 
Test (Bun on macos-latest)	UNKNOWN STEP	2026-08-10T10:43:59.9588200Z ##[endgroup]
Test (Bun on macos-latest)	UNKNOWN STEP	2026-08-10T10:43:59.9588360Z 
Test (Bun on macos-latest)	UNKNOWN STEP	2026-08-10T10:43:59.9588670Z ##[group]test/execution-store.js:
Test (Bun on macos-latest)	UNKNOWN STEP	2026-08-10T10:43:59.9615710Z === Execution Store Unit Tests ===
Test (Bun on macos-latest)	UNKNOWN STEP	2026-08-10T10:43:59.9629110Z (pass) ExecutionRecord > should create a new execution record with default values [1.11ms]
Test (Bun on macos-latest)	UNKNOWN STEP	2026-08-10T10:43:59.9630720Z (pass) ExecutionRecord > should create a new execution record with custom values [0.06ms]
Test (Bun on macos-latest)	UNKNOWN STEP	2026-08-10T10:43:59.9632050Z (pass) ExecutionRecord > should mark execution as completed [0.04ms]
Test (Bun on macos-latest)	UNKNOWN STEP	2026-08-10T10:43:59.9633320Z (pass) ExecutionRecord > should convert to plain object and back [0.04ms]
Test (Bun on macos-latest)	UNKNOWN STEP	2026-08-10T10:43:59.9637430Z (pass) LockManager > should acquire and release a lock [0.71ms]
Test (Bun on macos-latest)	UNKNOWN STEP	2026-08-10T10:43:59.9646520Z (pass) LockManager > should fail to acquire lock if already held by another process [0.69ms]
Test (Bun on macos-latest)	UNKNOWN STEP	2026-08-10T10:43:59.9647920Z (pass) LockManager > should detect stale locks [0.20ms]
Test (Bun on macos-latest)	UNKNOWN STEP	2026-08-10T10:43:59.9649160Z (pass) ExecutionStore > should create app folder on initialization [0.13ms]
Test (Bun on macos-latest)	UNKNOWN STEP	2026-08-10T10:43:59.9654380Z (pass) ExecutionStore > should save and retrieve an execution record [0.69ms]
Test (Bun on macos-latest)	UNKNOWN STEP	2026-08-10T10:43:59.9676620Z (pass) ExecutionStore > should update an existing record [2.16ms]
Test (Bun on macos-latest)	UNKNOWN STEP	2026-08-10T10:43:59.9716240Z (pass) ExecutionStore > should get all records [3.73ms]
Test (Bun on macos-latest)	UNKNOWN STEP	2026-08-10T10:43:59.9770830Z (pass) ExecutionStore > should get records by status [3.07ms]
Test (Bun on macos-latest)	UNKNOWN STEP	2026-08-10T10:43:59.9785070Z (pass) ExecutionStore > should get recent records [2.33ms]
Test (Bun on macos-latest)	UNKNOWN STEP	2026-08-10T10:43:59.9800440Z (pass) ExecutionStore > should delete a record [3.14ms]
Test (Bun on macos-latest)	UNKNOWN STEP	2026-08-10T10:43:59.9805210Z (pass) ExecutionStore > should return false when deleting non-existent record [0.59ms]
Test (Bun on macos-latest)	UNKNOWN STEP	2026-08-10T10:43:59.9835370Z (pass) ExecutionStore > should clear all records [2.86ms]
Test (Bun on macos-latest)	UNKNOWN STEP	2026-08-10T10:43:59.9870690Z (pass) ExecutionStore > should get statistics [2.32ms]
Test (Bun on macos-latest)	UNKNOWN STEP	2026-08-10T10:44:00.0044740Z (pass) ExecutionStore > should handle concurrent saves with locking [11.67ms]
Test (Bun on macos-latest)	UNKNOWN STEP	2026-08-10T10:44:00.0050380Z (pass) ExecutionStore > should persist data to lino file [1.16ms]
Test (Bun on macos-latest)	UNKNOWN STEP	2026-08-10T10:44:00.0603410Z (pass) isClinkInstalled > should return a boolean [61.34ms]
Test (Bun on macos-latest)	UNKNOWN STEP	2026-08-10T10:44:00.0677330Z (pass) ExecutionStore with lino-objects-codec > should properly encode and decode complex options [7.41ms]
Test (Bun on macos-latest)	UNKNOWN STEP	2026-08-10T10:44:00.0688600Z (pass) ExecutionStore with lino-objects-codec > should handle special characters in command [1.18ms]
Test (Bun on macos-latest)	UNKNOWN STEP	2026-08-10T10:44:00.0703620Z (pass) ExecutionStore with lino-objects-codec > should handle unicode characters [1.47ms]
Test (Bun on macos-latest)	UNKNOWN STEP	2026-08-10T10:44:00.0729760Z (pass) ExecutionStore verifyConsistency > should report consistency status for lino-only store [2.59ms]
Test (Bun on macos-latest)	UNKNOWN STEP	2026-08-10T10:44:00.0741990Z (pass) ExecutionStore cleanupStale > should return empty result when no stale records exist [1.08ms]
Test (Bun on macos-latest)	UNKNOWN STEP	2026-08-10T10:44:00.0761230Z (pass) ExecutionStore cleanupStale > should detect stale records with non-existent PIDs [2.04ms]
Test (Bun on macos-latest)	UNKNOWN STEP	2026-08-10T10:44:00.0773880Z (pass) ExecutionStore cleanupStale > should detect stale records that exceed max age [0.99ms]
Test (Bun on macos-latest)	UNKNOWN STEP	2026-08-10T10:44:00.0791620Z (pass) ExecutionStore cleanupStale > should not detect records within max age as stale [1.29ms]
Test (Bun on macos-latest)	UNKNOWN STEP	2026-08-10T10:44:00.0824120Z (pass) ExecutionStore cleanupStale > should clean up stale records when dryRun is false [3.69ms]
Test (Bun on macos-latest)	UNKNOWN STEP	2026-08-10T10:44:00.0847810Z (pass) ExecutionStore cleanupStale > should handle custom max age [2.62ms]
Test (Bun on macos-latest)	UNKNOWN STEP	2026-08-10T10:44:00.0848730Z 
Test (Bun on macos-latest)	UNKNOWN STEP	2026-08-10T10:44:00.0854350Z ##[endgroup]
Test (Bun on macos-latest)	UNKNOWN STEP	2026-08-10T10:44:00.0854480Z 
Test (Bun on macos-latest)	UNKNOWN STEP	2026-08-10T10:44:00.0854790Z ##[group]test/failure-handler.js:
Test (Bun on macos-latest)	UNKNOWN STEP	2026-08-10T10:44:00.0896780Z (pass) failure-handler > parseGitUrl > should parse HTTPS GitHub URL [0.87ms]
Test (Bun on macos-latest)	UNKNOWN STEP	2026-08-10T10:44:00.0897690Z 
Test (Bun on macos-latest)	UNKNOWN STEP	2026-08-10T10:44:00.0897700Z 
Test (Bun on macos-latest)	UNKNOWN STEP	2026-08-10T10:44:00.0898190Z Auto-issue creation disabled via START_DISABLE_AUTO_ISSUE
Test (Bun on macos-latest)	UNKNOWN STEP	2026-08-10T10:44:00.0901240Z (pass) failure-handler > parseGitUrl > should parse HTTPS URL with .git suffix [0.04ms]
Test (Bun on macos-latest)	UNKNOWN STEP	2026-08-10T10:44:00.0902960Z (pass) failure-handler > parseGitUrl > should parse SSH git@ URL [0.02ms]
Test (Bun on macos-latest)	UNKNOWN STEP	2026-08-10T10:44:00.0906210Z (pass) failure-handler > parseGitUrl > should parse git+https URL format [0.01ms]
Test (Bun on macos-latest)	UNKNOWN STEP	2026-08-10T10:44:00.0907600Z (pass) failure-handler > parseGitUrl > should return null for empty string
Test (Bun on macos-latest)	UNKNOWN STEP	2026-08-10T10:44:00.0908930Z (pass) failure-handler > parseGitUrl > should return null for null/undefined input [0.01ms]
Test (Bun on macos-latest)	UNKNOWN STEP	2026-08-10T10:44:00.0910420Z (pass) failure-handler > parseGitUrl > should return null for non-github URL
Test (Bun on macos-latest)	UNKNOWN STEP	2026-08-10T10:44:00.0911760Z (pass) failure-handler > parseGitUrl > should return null for invalid/random string
Test (Bun on macos-latest)	UNKNOWN STEP	2026-08-10T10:44:00.0913410Z (pass) failure-handler > parseGitUrl > should normalize URL to https://github.com format [0.01ms]
Test (Bun on macos-latest)	UNKNOWN STEP	2026-08-10T10:44:00.0915220Z (pass) failure-handler > parseGitUrl > should handle URL with subdirectory (only owner/repo captured) [0.01ms]
Test (Bun on macos-latest)	UNKNOWN STEP	2026-08-10T10:44:00.0917330Z (pass) failure-handler > parseGitUrl > should return object with owner, repo, url keys [0.14ms]
Test (Bun on macos-latest)	UNKNOWN STEP	2026-08-10T10:44:00.0919150Z (pass) failure-handler > handleFailure > should return early when disableAutoIssue is true [0.09ms]
Test (Bun on macos-latest)	UNKNOWN STEP	2026-08-10T10:44:00.0921080Z (pass) failure-handler > handleFailure > should return early when disableAutoIssue is true (verbose mode) [0.03ms]
Test (Bun on macos-latest)	UNKNOWN STEP	2026-08-10T10:44:00.0922310Z 
Test (Bun on macos-latest)	UNKNOWN STEP	2026-08-10T10:44:00.0923050Z ##[endgroup]
Test (Bun on macos-latest)	UNKNOWN STEP	2026-08-10T10:44:00.0923200Z 
Test (Bun on macos-latest)	UNKNOWN STEP	2026-08-10T10:44:00.0923470Z ##[group]test/isolation-cleanup.js:
Test (Bun on macos-latest)	UNKNOWN STEP	2026-08-10T10:44:00.3893590Z   ✓ Screen session auto-exited (no sessions found in screen -ls)
Test (Bun on macos-latest)	UNKNOWN STEP	2026-08-10T10:44:00.3894450Z (pass) Isolation Resource Cleanup Verification > screen resource cleanup > should not list screen session after command completes (auto-exit by default) [297.99ms]
Test (Bun on macos-latest)	UNKNOWN STEP	2026-08-10T10:44:01.4314030Z   ✓ Screen session kept alive as expected with --keep-alive
Test (Bun on macos-latest)	UNKNOWN STEP	2026-08-10T10:44:01.4490720Z (pass) Isolation Resource Cleanup Verification > screen resource cleanup > should keep screen session alive when keepAlive is true [1058.95ms]
Test (Bun on macos-latest)	UNKNOWN STEP	2026-08-10T10:44:01.7871820Z (pass) Isolation Resource Cleanup Verification > tmux resource cleanup > should not list tmux session after command completes (auto-exit by default) [337.89ms]
Test (Bun on macos-latest)	UNKNOWN STEP	2026-08-10T10:44:01.7874080Z   ✓ Tmux session auto-exited (no sessions found in tmux ls)
Test (Bun on macos-latest)	UNKNOWN STEP	2026-08-10T10:44:02.8561430Z   ✓ Tmux session kept alive as expected with --keep-alive
Test (Bun on macos-latest)	UNKNOWN STEP	2026-08-10T10:44:02.8671890Z (pass) Isolation Resource Cleanup Verification > tmux resource cleanup > should keep tmux session alive when keepAlive is true [1079.52ms]
Test (Bun on macos-latest)	UNKNOWN STEP	2026-08-10T10:44:02.8757810Z (pass) Isolation Resource Cleanup Verification > docker resource cleanup > should show docker container as exited after command completes (auto-exit by default) [8.52ms]
Test (Bun on macos-latest)	UNKNOWN STEP	2026-08-10T10:44:02.8760020Z   Skipping: docker not available, daemon not running, or Linux containers not supported
Test (Bun on macos-latest)	UNKNOWN STEP	2026-08-10T10:44:02.8808700Z (pass) Isolation Resource Cleanup Verification > docker resource cleanup > should keep docker container running when keepAlive is true [5.09ms]
Test (Bun on macos-latest)	UNKNOWN STEP	2026-08-10T10:44:02.8810890Z   Skipping: docker not available, daemon not running, or Linux containers not supported
Test (Bun on macos-latest)	UNKNOWN STEP	2026-08-10T10:44:02.8811650Z 
Test (Bun on macos-latest)	UNKNOWN STEP	2026-08-10T10:44:02.8812550Z ##[endgroup]
Test (Bun on macos-latest)	UNKNOWN STEP	2026-08-10T10:44:02.8812790Z 
Test (Bun on macos-latest)	UNKNOWN STEP	2026-08-10T10:44:02.8813340Z ##[group]test/isolation-log-utils.js:
Test (Bun on macos-latest)	UNKNOWN STEP	2026-08-10T10:44:02.8841370Z (pass) isolation-log-utils > getTimestamp > should return a non-empty string [0.10ms]
Test (Bun on macos-latest)	UNKNOWN STEP	2026-08-10T10:44:02.8843390Z (pass) isolation-log-utils > getTimestamp > should return a timestamp without T or Z (ISO-like but space-separated) [0.03ms]
Test (Bun on macos-latest)	UNKNOWN STEP	2026-08-10T10:44:02.8845360Z (pass) isolation-log-utils > getTimestamp > should contain date-like content (numbers and dashes) [0.08ms]
Test (Bun on macos-latest)	UNKNOWN STEP	2026-08-10T10:44:02.8848970Z (pass) isolation-log-utils > getTimestamp > should return different values on successive calls (or same within same ms) [0.02ms]
Test (Bun on macos-latest)	UNKNOWN STEP	2026-08-10T10:44:02.8851170Z (pass) isolation-log-utils > generateLogFilename > should return a string ending with .log [0.04ms]
Test (Bun on macos-latest)	UNKNOWN STEP	2026-08-10T10:44:02.8853090Z (pass) isolation-log-utils > generateLogFilename > should include the environment name in the filename [0.02ms]
Test (Bun on macos-latest)	UNKNOWN STEP	2026-08-10T10:44:02.8855430Z (pass) isolation-log-utils > generateLogFilename > should start with "start-command-" [0.02ms]
Test (Bun on macos-latest)	UNKNOWN STEP	2026-08-10T10:44:02.8856230Z (pass) isolation-log-utils > generateLogFilename > should generate unique filenames on successive calls [0.02ms]
Test (Bun on macos-latest)	UNKNOWN STEP	2026-08-10T10:44:02.8857070Z (pass) isolation-log-utils > generateLogFilename > should handle different environment names [0.06ms]
Test (Bun on macos-latest)	UNKNOWN STEP	2026-08-10T10:44:02.8857700Z (pass) isolation-log-utils > createLogHeader > should return a non-empty string [0.06ms]
Test (Bun on macos-latest)	UNKNOWN STEP	2026-08-10T10:44:02.8858560Z (pass) isolation-log-utils > createLogHeader > should include the command in the header [0.02ms]
Test (Bun on macos-latest)	UNKNOWN STEP	2026-08-10T10:44:02.8859200Z (pass) isolation-log-utils > createLogHeader > should include the environment in the header [0.01ms]
Test (Bun on macos-latest)	UNKNOWN STEP	2026-08-10T10:44:02.8859890Z (pass) isolation-log-utils > createLogHeader > should include the session name in the header
Test (Bun on macos-latest)	UNKNOWN STEP	2026-08-10T10:44:02.8860490Z (pass) isolation-log-utils > createLogHeader > should include the mode in the header
Test (Bun on macos-latest)	UNKNOWN STEP	2026-08-10T10:44:02.8861270Z (pass) isolation-log-utils > createLogHeader > should include image field when provided [0.02ms]
Test (Bun on macos-latest)	UNKNOWN STEP	2026-08-10T10:44:02.8861930Z (pass) isolation-log-utils > createLogHeader > should include user field when provided [0.02ms]
Test (Bun on macos-latest)	UNKNOWN STEP	2026-08-10T10:44:02.8862610Z (pass) isolation-log-utils > createLogHeader > should NOT include Image line when image is not provided [0.02ms]
Test (Bun on macos-latest)	UNKNOWN STEP	2026-08-10T10:44:02.8863350Z (pass) isolation-log-utils > createLogHeader > should contain separator line [0.01ms]
Test (Bun on macos-latest)	UNKNOWN STEP	2026-08-10T10:44:02.8864130Z (pass) isolation-log-utils > createLogFooter > should return a non-empty string [0.02ms]
Test (Bun on macos-latest)	UNKNOWN STEP	2026-08-10T10:44:02.8864730Z (pass) isolation-log-utils > createLogFooter > should include the exit code [0.01ms]
Test (Bun on macos-latest)	UNKNOWN STEP	2026-08-10T10:44:02.8865250Z (pass) isolation-log-utils > createLogFooter > should include exit code 0 [0.01ms]
Test (Bun on macos-latest)	UNKNOWN STEP	2026-08-10T10:44:02.8866390Z (pass) isolation-log-utils > createLogFooter > should include the end time
Test (Bun on macos-latest)	UNKNOWN STEP	2026-08-10T10:44:02.8866910Z (pass) isolation-log-utils > createLogFooter > should contain separator line
Test (Bun on macos-latest)	UNKNOWN STEP	2026-08-10T10:44:02.8867390Z (pass) isolation-log-utils > getLogDir > should return a string [0.04ms]
Test (Bun on macos-latest)	UNKNOWN STEP	2026-08-10T10:44:02.8867860Z (pass) isolation-log-utils > getLogDir > should return a non-empty path [0.02ms]
Test (Bun on macos-latest)	UNKNOWN STEP	2026-08-10T10:44:02.8868360Z (pass) isolation-log-utils > getLogDir > should use START_LOG_DIR env var when set [0.05ms]
Test (Bun on macos-latest)	UNKNOWN STEP	2026-08-10T10:44:02.8868990Z (pass) isolation-log-utils > getLogDir > should fall back to /tmp/start-command/logs when START_LOG_DIR is not set [0.03ms]
Test (Bun on macos-latest)	UNKNOWN STEP	2026-08-10T10:44:02.8869660Z (pass) isolation-log-utils > createLogPath > should return a string ending with .log [0.04ms]
Test (Bun on macos-latest)	UNKNOWN STEP	2026-08-10T10:44:02.8870230Z (pass) isolation-log-utils > createLogPath > should return an absolute path [0.01ms]
Test (Bun on macos-latest)	UNKNOWN STEP	2026-08-10T10:44:02.8870730Z (pass) isolation-log-utils > createLogPath > should include the environment name [0.01ms]
Test (Bun on macos-latest)	UNKNOWN STEP	2026-08-10T10:44:02.8871250Z (pass) isolation-log-utils > createLogPath > should be under the log directory [0.02ms]
Test (Bun on macos-latest)	UNKNOWN STEP	2026-08-10T10:44:02.8871880Z (pass) isolation-log-utils > createLogPath > should create stable isolation log path when execution id is provided [0.02ms]
Test (Bun on macos-latest)	UNKNOWN STEP	2026-08-10T10:44:02.8872660Z (pass) isolation-log-utils > createLogPath > should create stable direct log path without duplicated environment segment [0.02ms]
Test (Bun on macos-latest)	UNKNOWN STEP	2026-08-10T10:44:02.8873040Z 
Test (Bun on macos-latest)	UNKNOWN STEP	2026-08-10T10:44:02.8873340Z ##[endgroup]
Test (Bun on macos-latest)	UNKNOWN STEP	2026-08-10T10:44:02.8873420Z 
Test (Bun on macos-latest)	UNKNOWN STEP	2026-08-10T10:44:02.8873610Z ##[group]test/isolation-stacking.js:
Test (Bun on macos-latest)	UNKNOWN STEP	2026-08-10T10:44:02.8884220Z (pass) Isolation Stacking - Args Parser > parseArgs with stacked --isolated > should parse single isolation (backward compatible) [0.21ms]
Test (Bun on macos-latest)	UNKNOWN STEP	2026-08-10T10:44:02.8887520Z (pass) Isolation Stacking - Args Parser > parseArgs with stacked --isolated > should parse multi-level isolation [0.18ms]
Test (Bun on macos-latest)	UNKNOWN STEP	2026-08-10T10:44:02.8889600Z (pass) Isolation Stacking - Args Parser > parseArgs with stacked --isolated > should parse 5-level isolation [0.11ms]
Test (Bun on macos-latest)	UNKNOWN STEP	2026-08-10T10:44:02.8891790Z (pass) Isolation Stacking - Args Parser > parseArgs with stacked --isolated > should parse --isolated=value syntax [0.06ms]
Test (Bun on macos-latest)	UNKNOWN STEP	2026-08-10T10:44:02.8894550Z (pass) Isolation Stacking - Args Parser > parseArgs with stacked --image > should parse single image (backward compatible) [0.07ms]
Test (Bun on macos-latest)	UNKNOWN STEP	2026-08-10T10:44:02.8896710Z (pass) Isolation Stacking - Args Parser > parseArgs with stacked --image > should parse image sequence with placeholders [0.08ms]
Test (Bun on macos-latest)	UNKNOWN STEP	2026-08-10T10:44:02.8898750Z (pass) Isolation Stacking - Args Parser > parseArgs with stacked --image > should parse --image=value syntax [0.07ms]
Test (Bun on macos-latest)	UNKNOWN STEP	2026-08-10T10:44:02.8900850Z (pass) Isolation Stacking - Args Parser > parseArgs with stacked --endpoint > should parse single endpoint (backward compatible) [0.06ms]
Test (Bun on macos-latest)	UNKNOWN STEP	2026-08-10T10:44:02.8903290Z (pass) Isolation Stacking - Args Parser > parseArgs with stacked --endpoint > should parse endpoint sequence with placeholders [0.08ms]
Test (Bun on macos-latest)	UNKNOWN STEP	2026-08-10T10:44:02.8905260Z (pass) Isolation Stacking - Args Parser > hasStackedIsolation > should return true for multi-level [0.17ms]
Test (Bun on macos-latest)	UNKNOWN STEP	2026-08-10T10:44:02.8907290Z (pass) Isolation Stacking - Args Parser > hasStackedIsolation > should return false for single level [0.06ms]
Test (Bun on macos-latest)	UNKNOWN STEP	2026-08-10T10:44:02.8908160Z (pass) Isolation Stacking - Args Parser > hasStackedIsolation > should return false for no isolation [0.04ms]
Test (Bun on macos-latest)	UNKNOWN STEP	2026-08-10T10:44:02.8908960Z (pass) Isolation Stacking - Validation > validateOptions > should validate single backend (backward compatible) [0.25ms]
Test (Bun on macos-latest)	UNKNOWN STEP	2026-08-10T10:44:02.8909740Z (pass) Isolation Stacking - Validation > validateOptions > should validate multi-level stack [0.13ms]
Test (Bun on macos-latest)	UNKNOWN STEP	2026-08-10T10:44:02.8910530Z (pass) Isolation Stacking - Validation > validateOptions > should throw on invalid backend in stack [0.18ms]
Test (Bun on macos-latest)	UNKNOWN STEP	2026-08-10T10:44:02.8911190Z (pass) Isolation Stacking - Validation > validateOptions > should throw on missing SSH endpoint [0.11ms]
Test (Bun on macos-latest)	UNKNOWN STEP	2026-08-10T10:44:02.8912670Z (pass) Isolation Stacking - Validation > validateOptions > should throw on image/stack length mismatch [0.08ms]
Test (Bun on macos-latest)	UNKNOWN STEP	2026-08-10T10:44:02.8913350Z (pass) Isolation Stacking - Validation > validateOptions > should throw on depth exceeding limit [0.08ms]
Test (Bun on macos-latest)	UNKNOWN STEP	2026-08-10T10:44:02.8913980Z (pass) Isolation Stacking - Validation > validateOptions > should distribute single image to all levels [0.09ms]
Test (Bun on macos-latest)	UNKNOWN STEP	2026-08-10T10:44:02.8914660Z (pass) Isolation Stacking - Validation > validateOptions > should apply default docker image for each docker level [0.05ms]
Test (Bun on macos-latest)	UNKNOWN STEP	2026-08-10T10:44:02.8915370Z (pass) Isolation Stacking - Validation > validateOptions > should throw if image provided but no docker in stack [0.06ms]
Test (Bun on macos-latest)	UNKNOWN STEP	2026-08-10T10:44:02.8916070Z (pass) Isolation Stacking - Validation > validateOptions > should throw if endpoint provided but no ssh in stack [0.10ms]
Test (Bun on macos-latest)	UNKNOWN STEP	2026-08-10T10:44:02.8916710Z (pass) Isolation Stacking - Backward Compatibility > should work with existing docker command [0.07ms]
Test (Bun on macos-latest)	UNKNOWN STEP	2026-08-10T10:44:02.8917290Z (pass) Isolation Stacking - Backward Compatibility > should work with existing ssh command [0.06ms]
Test (Bun on macos-latest)	UNKNOWN STEP	2026-08-10T10:44:02.8917870Z (pass) Isolation Stacking - Backward Compatibility > should work with existing screen command [0.06ms]
Test (Bun on macos-latest)	UNKNOWN STEP	2026-08-10T10:44:02.8918470Z (pass) Isolation Stacking - Backward Compatibility > should work with -i shorthand [0.04ms]
Test (Bun on macos-latest)	UNKNOWN STEP	2026-08-10T10:44:02.8919050Z (pass) Isolation Stacking - Backward Compatibility > should work with attached mode [0.04ms]
Test (Bun on macos-latest)	UNKNOWN STEP	2026-08-10T10:44:02.8919660Z (pass) Isolation Stacking - Backward Compatibility > should work with session name [0.03ms]
Test (Bun on macos-latest)	UNKNOWN STEP	2026-08-10T10:44:02.8920290Z (pass) Isolation Stacking - Backward Compatibility > should work with session-id [0.14ms]
Test (Bun on macos-latest)	UNKNOWN STEP	2026-08-10T10:44:02.8920570Z 
Test (Bun on macos-latest)	UNKNOWN STEP	2026-08-10T10:44:02.8920890Z ##[endgroup]
Test (Bun on macos-latest)	UNKNOWN STEP	2026-08-10T10:44:02.8920970Z 
Test (Bun on macos-latest)	UNKNOWN STEP	2026-08-10T10:44:02.8921380Z ##[group]test/isolation.js:
Test (Bun on macos-latest)	UNKNOWN STEP	2026-08-10T10:44:02.8952700Z (pass) Isolation Module > wrapCommandWithUser > should return command unchanged when user is null [0.03ms]
Test (Bun on macos-latest)	UNKNOWN STEP	2026-08-10T10:44:02.8954680Z (pass) Isolation Module > wrapCommandWithUser > should wrap command with sudo when user is specified [0.05ms]
Test (Bun on macos-latest)	UNKNOWN STEP	2026-08-10T10:44:02.8956380Z (pass) Isolation Module > wrapCommandWithUser > should escape single quotes in command [0.02ms]
Test (Bun on macos-latest)	UNKNOWN STEP	2026-08-10T10:44:02.8958190Z (pass) Isolation Module > wrapCommandWithUser > should use non-interactive sudo [0.01ms]
Test (Bun on macos-latest)	UNKNOWN STEP	2026-08-10T10:44:02.9031480Z (pass) Isolation Module > isCommandAvailable > should return true for common commands (echo) [7.86ms]
Test (Bun on macos-latest)	UNKNOWN STEP	2026-08-10T10:44:02.9141320Z (pass) Isolation Module > isCommandAvailable > should return true for node [11.01ms]
Test (Bun on macos-latest)	UNKNOWN STEP	2026-08-10T10:44:02.9242410Z (pass) Isolation Module > isCommandAvailable > should return false for non-existent command [10.02ms]
Test (Bun on macos-latest)	UNKNOWN STEP	2026-08-10T10:44:02.9307130Z (pass) Isolation Module > isCommandAvailable > should return false for empty command [6.47ms]
Test (Bun on macos-latest)	UNKNOWN STEP	2026-08-10T10:44:02.9314930Z (pass) Isolation Module > hasTTY > should return a boolean [0.90ms]
Test (Bun on macos-latest)	UNKNOWN STEP	2026-08-10T10:44:02.9316340Z (pass) Isolation Module > hasTTY > should return false when running in test environment (no TTY) [0.04ms]
Test (Bun on macos-latest)	UNKNOWN STEP	2026-08-10T10:44:02.9317360Z   hasTTY: false
Test (Bun on macos-latest)	UNKNOWN STEP	2026-08-10T10:44:02.9407230Z (pass) Isolation Module > isolation environment checks > should check if screen is available [9.06ms]
Test (Bun on macos-latest)	UNKNOWN STEP	2026-08-10T10:44:02.9408380Z   screen available: true
Test (Bun on macos-latest)	UNKNOWN STEP	2026-08-10T10:44:02.9482080Z (pass) Isolation Module > isolation environment checks > should check if tmux is available [7.45ms]
Test (Bun on macos-latest)	UNKNOWN STEP	2026-08-10T10:44:02.9483270Z   tmux available: true
Test (Bun on macos-latest)	UNKNOWN STEP	2026-08-10T10:44:02.9553170Z (pass) Isolation Module > isolation environment checks > should check if docker is available [7.08ms]
Test (Bun on macos-latest)	UNKNOWN STEP	2026-08-10T10:44:02.9554480Z   docker available: false
Test (Bun on macos-latest)	UNKNOWN STEP	2026-08-10T10:44:02.9651820Z (pass) Isolation Module > isolation environment checks > should check if ssh is available [9.99ms]
Test (Bun on macos-latest)	UNKNOWN STEP	2026-08-10T10:44:02.9652390Z   ssh available: true
Test (Bun on macos-latest)	UNKNOWN STEP	2026-08-10T10:44:02.9932640Z (pass) Isolation Module > getScreenVersion > should return version object or null [27.94ms]
Test (Bun on macos-latest)	UNKNOWN STEP	2026-08-10T10:44:02.9933760Z   Detected screen version: 5.0.2
Test (Bun on macos-latest)	UNKNOWN STEP	2026-08-10T10:44:03.0029770Z (pass) Isolation Module > getScreenVersion > should cache the version result [9.71ms]
Test (Bun on macos-latest)	UNKNOWN STEP	2026-08-10T10:44:03.0126370Z (pass) Isolation Module > supportsLogfileOption > should return boolean [9.50ms]
Test (Bun on macos-latest)	UNKNOWN STEP	2026-08-10T10:44:03.0127470Z   supportsLogfileOption: true
Test (Bun on macos-latest)	UNKNOWN STEP	2026-08-10T10:44:03.0225160Z (pass) Isolation Module > supportsLogfileOption > should return true for screen >= 4.5.1 [9.98ms]
Test (Bun on macos-latest)	UNKNOWN STEP	2026-08-10T10:44:03.0226750Z   Version 5.0.2: -Logfile supported = true
Test (Bun on macos-latest)	UNKNOWN STEP	2026-08-10T10:44:03.0284830Z (pass) Isolation Runner Error Handling > runInScreen > should return informative error if screen is not installed [5.98ms]
Test (Bun on macos-latest)	UNKNOWN STEP	2026-08-10T10:44:03.0286100Z   Skipping: screen is installed
Test (Bun on macos-latest)	UNKNOWN STEP	2026-08-10T10:44:03.0354440Z (pass) Isolation Runner Error Handling > runInTmux > should return informative error if tmux is not installed [6.95ms]
Test (Bun on macos-latest)	UNKNOWN STEP	2026-08-10T10:44:03.0355710Z   Skipping: tmux is installed
Test (Bun on macos-latest)	UNKNOWN STEP	2026-08-10T10:44:03.0559570Z (pass) Isolation Runner Error Handling > runInDocker > should return informative error if docker is not installed [20.57ms]
Test (Bun on macos-latest)	UNKNOWN STEP	2026-08-10T10:44:03.0560050Z $ docker pull alpine
Test (Bun on macos-latest)	UNKNOWN STEP	2026-08-10T10:44:03.0660980Z (pass) Isolation Runner Error Handling > runInDocker > should require image option [9.85ms]
Test (Bun on macos-latest)	UNKNOWN STEP	2026-08-10T10:44:03.0661830Z 
Test (Bun on macos-latest)	UNKNOWN STEP	2026-08-10T10:44:03.0761810Z (pass) Isolation Runner Error Handling > runInSsh > should return informative error if ssh is not installed [9.72ms]
Test (Bun on macos-latest)	UNKNOWN STEP	2026-08-10T10:44:03.0762400Z   Skipping: docker not installed
Test (Bun on macos-latest)	UNKNOWN STEP	2026-08-10T10:44:03.0862130Z   Skipping: ssh is installed
Test (Bun on macos-latest)	UNKNOWN STEP	2026-08-10T10:44:03.0964760Z (pass) Isolation Runner Error Handling > runInSsh > should require endpoint option [11.18ms]
Test (Bun on macos-latest)	UNKNOWN STEP	2026-08-10T10:44:03.1601740Z (pass) Isolation Keep-Alive Behavior > runInScreen keep-alive messages > should include auto-exit message by default in detached mode [72.88ms]
Test (Bun on macos-latest)	UNKNOWN STEP	2026-08-10T10:44:03.2022700Z (pass) Isolation Keep-Alive Behavior > runInScreen keep-alive messages > should include keep-alive message when keepAlive is true [41.57ms]
Test (Bun on macos-latest)	UNKNOWN STEP	2026-08-10T10:44:03.2606740Z (pass) Isolation Keep-Alive Behavior > runInTmux keep-alive messages > should include auto-exit message by default in detached mode [59.14ms]
Test (Bun on macos-latest)	UNKNOWN STEP	2026-08-10T10:44:03.3104800Z (pass) Isolation Keep-Alive Behavior > runInTmux keep-alive messages > should include keep-alive message when keepAlive is true [49.33ms]
Test (Bun on macos-latest)	UNKNOWN STEP	2026-08-10T10:44:03.3164520Z (pass) Isolation Keep-Alive Behavior > runInDocker keep-alive messages > should include auto-exit message by default in detached mode [6.19ms]
Test (Bun on macos-latest)	UNKNOWN STEP	2026-08-10T10:44:03.3165240Z   Skipping: docker not available, daemon not running, or Linux containers not supported
Test (Bun on macos-latest)	UNKNOWN STEP	2026-08-10T10:44:03.3247660Z (pass) Isolation Keep-Alive Behavior > runInDocker keep-alive messages > should include keep-alive message when keepAlive is true [7.74ms]
Test (Bun on macos-latest)	UNKNOWN STEP	2026-08-10T10:44:03.3248350Z   Skipping: docker not available, daemon not running, or Linux containers not supported
Test (Bun on macos-latest)	UNKNOWN STEP	2026-08-10T10:44:03.4180260Z (pass) Isolation Runner with Available Backends > runInTmux (if available) > should run command in detached tmux session [93.45ms]
Test (Bun on macos-latest)	UNKNOWN STEP	2026-08-10T10:44:03.4280690Z (pass) Isolation Runner with Available Backends > runIsolated dispatcher > should dispatch to correct backend [0.31ms]
Test (Bun on macos-latest)	UNKNOWN STEP	2026-08-10T10:44:03.4382680Z (pass) Isolation Runner with Available Backends > runIsolated dispatcher > should pass options to backend [14.50ms]
Test (Bun on macos-latest)	UNKNOWN STEP	2026-08-10T10:44:03.4383180Z $ docker pull alpine:latest
Test (Bun on macos-latest)	UNKNOWN STEP	2026-08-10T10:44:03.4483540Z (pass) Default Docker Image Detection > getDefaultDockerImage > should return a valid Docker image string [0.09ms]
Test (Bun on macos-latest)	UNKNOWN STEP	2026-08-10T10:44:03.4483940Z 
Test (Bun on macos-latest)	UNKNOWN STEP	2026-08-10T10:44:03.4490980Z (pass) Default Docker Image Detection > getDefaultDockerImage > should return an image with a tag [0.04ms]
Test (Bun on macos-latest)	UNKNOWN STEP	2026-08-10T10:44:03.4495760Z   Skipping: docker not installed
Test (Bun on macos-latest)	UNKNOWN STEP	2026-08-10T10:44:03.4507160Z (pass) Default Docker Image Detection > getDefaultDockerImage > should return a known base image [0.04ms]
Test (Bun on macos-latest)	UNKNOWN STEP	2026-08-10T10:44:03.4507980Z (pass) detectShellInEnvironment > should return the forced shell when shellPreference is not auto [0.14ms]
Test (Bun on macos-latest)	UNKNOWN STEP	2026-08-10T10:44:03.4508830Z (pass) detectShellInEnvironment > should return zsh when shellPreference is zsh [0.02ms]
Test (Bun on macos-latest)	UNKNOWN STEP	2026-08-10T10:44:03.4513550Z (pass) detectShellInEnvironment > should return sh when shellPreference is sh [0.01ms]
Test (Bun on macos-latest)	UNKNOWN STEP	2026-08-10T10:44:03.4514380Z (pass) detectShellInEnvironment > should return sh fallback when docker image is not provided [0.01ms]
Test (Bun on macos-latest)	UNKNOWN STEP	2026-08-10T10:44:03.4515100Z (pass) detectShellInEnvironment > should return sh fallback when ssh endpoint is not provided
Test (Bun on macos-latest)	UNKNOWN STEP	2026-08-10T10:44:03.4515680Z (pass) detectShellInEnvironment > should return sh fallback for unknown environment
Test (Bun on macos-latest)	UNKNOWN STEP	2026-08-10T10:44:03.4516230Z (pass) detectShellInEnvironment > should auto-detect shell in docker if docker is available [12.71ms]
Test (Bun on macos-latest)	UNKNOWN STEP	2026-08-10T10:44:03.4516830Z (pass) detectShellInEnvironment > should read shell preference from options.shell [0.08ms]
Test (Bun on macos-latest)	UNKNOWN STEP	2026-08-10T10:44:03.4565730Z (pass) Shell option forwarding to isolation runners > runInDocker shell option > should accept shell option in options object [11.12ms]
Test (Bun on macos-latest)	UNKNOWN STEP	2026-08-10T10:44:03.4566280Z   Skipping: docker not installed
Test (Bun on macos-latest)	UNKNOWN STEP	2026-08-10T10:44:03.4639330Z (pass) Shell option forwarding to isolation runners > runInSsh shell option > should accept shell option in options object [7.27ms]
Test (Bun on macos-latest)	UNKNOWN STEP	2026-08-10T10:44:03.4715240Z (pass) Shell option forwarding to isolation runners > runInSsh shell option > should use auto mode when shell option is auto [7.57ms]
Test (Bun on macos-latest)	UNKNOWN STEP	2026-08-10T10:44:03.4716390Z (pass) isInteractiveShellCommand (issue #84) > should return true for "bash" [0.24ms]
Test (Bun on macos-latest)	UNKNOWN STEP	2026-08-10T10:44:03.4717820Z (pass) isInteractiveShellCommand (issue #84) > should return true for "zsh" [0.04ms]
Test (Bun on macos-latest)	UNKNOWN STEP	2026-08-10T10:44:03.4719330Z (pass) isInteractiveShellCommand (issue #84) > should return true for "sh" [0.03ms]
Test (Bun on macos-latest)	UNKNOWN STEP	2026-08-10T10:44:03.4720800Z (pass) isInteractiveShellCommand (issue #84) > should return true for "/bin/bash" [0.03ms]
Test (Bun on macos-latest)	UNKNOWN STEP	2026-08-10T10:44:03.4723180Z (pass) isInteractiveShellCommand (issue #84) > should return true for "/usr/bin/zsh" [0.03ms]
Test (Bun on macos-latest)	UNKNOWN STEP	2026-08-10T10:44:03.4724840Z (pass) isInteractiveShellCommand (issue #84) > should return true for "bash -l" (login flag, no -c) [0.03ms]
Test (Bun on macos-latest)	UNKNOWN STEP	2026-08-10T10:44:03.4725900Z (pass) isInteractiveShellCommand (issue #84) > should return false for "bash -c echo" [0.03ms]
Test (Bun on macos-latest)	UNKNOWN STEP	2026-08-10T10:44:03.4726490Z (pass) isInteractiveShellCommand (issue #84) > should return false for "bash -c 'echo hi'" [0.04ms]
Test (Bun on macos-latest)	UNKNOWN STEP	2026-08-10T10:44:03.4727030Z (pass) isInteractiveShellCommand (issue #84) > should return false for "npm test" [0.03ms]
Test (Bun on macos-latest)	UNKNOWN STEP	2026-08-10T10:44:03.4727560Z (pass) isInteractiveShellCommand (issue #84) > should return false for "echo hello" [0.03ms]
Test (Bun on macos-latest)	UNKNOWN STEP	2026-08-10T10:44:03.4728080Z (pass) isInteractiveShellCommand (issue #84) > should return false for "ls -la" [0.03ms]
Test (Bun on macos-latest)	UNKNOWN STEP	2026-08-10T10:44:03.4728600Z (pass) isInteractiveShellCommand (issue #84) > should return false for empty string [0.06ms]
Test (Bun on macos-latest)	UNKNOWN STEP	2026-08-10T10:44:03.4729110Z (pass) isInteractiveShellCommand (issue #84) > should return false for "  " [0.03ms]
Test (Bun on macos-latest)	UNKNOWN STEP	2026-08-10T10:44:03.4729370Z 
Test (Bun on macos-latest)	UNKNOWN STEP	2026-08-10T10:44:03.4729740Z ##[endgroup]
Test (Bun on macos-latest)	UNKNOWN STEP	2026-08-10T10:44:03.4729820Z 
Test (Bun on macos-latest)	UNKNOWN STEP	2026-08-10T10:44:03.4730010Z ##[group]test/merge-changesets.mjs:
Test (Bun on macos-latest)	UNKNOWN STEP	2026-08-10T10:44:03.4802710Z Working directory: /var/folders/df/djsxfhc17x95674wsm_g8s980000gn/T/merge-changesets-uBErqD
Test (Bun on macos-latest)	UNKNOWN STEP	2026-08-10T10:44:03.4805090Z Changeset directory: /var/folders/df/djsxfhc17x95674wsm_g8s980000gn/T/merge-changesets-uBErqD/.changeset
Test (Bun on macos-latest)	UNKNOWN STEP	2026-08-10T10:44:03.4806450Z Package name: start-command
Test (Bun on macos-latest)	UNKNOWN STEP	2026-08-10T10:44:03.4807120Z Found 0 changeset file(s)
Test (Bun on macos-latest)	UNKNOWN STEP	2026-08-10T10:44:03.4808210Z No merging needed (0 or 1 changeset found)
Test (Bun on macos-latest)	UNKNOWN STEP	2026-08-10T10:44:03.4809710Z (pass) mergeChangesetsIn > does nothing with zero changesets [2.05ms]
Test (Bun on macos-latest)	UNKNOWN STEP	2026-08-10T10:44:03.4819170Z Working directory: /var/folders/df/djsxfhc17x95674wsm_g8s980000gn/T/merge-changesets-DjJM0Z
Test (Bun on macos-latest)	UNKNOWN STEP	2026-08-10T10:44:03.4819800Z Changeset directory: /var/folders/df/djsxfhc17x95674wsm_g8s980000gn/T/merge-changesets-DjJM0Z/.changeset
Test (Bun on macos-latest)	UNKNOWN STEP	2026-08-10T10:44:03.4820220Z Package name: start-command
Test (Bun on macos-latest)	UNKNOWN STEP	2026-08-10T10:44:03.4820470Z Found 1 changeset file(s)
Test (Bun on macos-latest)	UNKNOWN STEP	2026-08-10T10:44:03.4820750Z No merging needed (0 or 1 changeset found)
Test (Bun on macos-latest)	UNKNOWN STEP	2026-08-10T10:44:03.4825870Z (pass) mergeChangesetsIn > does nothing with a single changeset [1.64ms]
Test (Bun on macos-latest)	UNKNOWN STEP	2026-08-10T10:44:03.4836020Z Working directory: /var/folders/df/djsxfhc17x95674wsm_g8s980000gn/T/merge-changesets-MO1MNk
Test (Bun on macos-latest)	UNKNOWN STEP	2026-08-10T10:44:03.4837750Z Changeset directory: /var/folders/df/djsxfhc17x95674wsm_g8s980000gn/T/merge-changesets-MO1MNk/.changeset
Test (Bun on macos-latest)	UNKNOWN STEP	2026-08-10T10:44:03.4838910Z Package name: start-command
Test (Bun on macos-latest)	UNKNOWN STEP	2026-08-10T10:44:03.4839480Z Found 2 changeset file(s)
Test (Bun on macos-latest)	UNKNOWN STEP	2026-08-10T10:44:03.4840080Z Multiple changesets found, merging...
Test (Bun on macos-latest)	UNKNOWN STEP	2026-08-10T10:44:03.4840630Z   - b.md
Test (Bun on macos-latest)	UNKNOWN STEP	2026-08-10T10:44:03.4840990Z   - a.md
Test (Bun on macos-latest)	UNKNOWN STEP	2026-08-10T10:44:03.4841210Z 
Test (Bun on macos-latest)	UNKNOWN STEP	2026-08-10T10:44:03.4841380Z Merge summary:
Test (Bun on macos-latest)	UNKNOWN STEP	2026-08-10T10:44:03.4841880Z   Bump types found: minor, patch
Test (Bun on macos-latest)	UNKNOWN STEP	2026-08-10T10:44:03.4842430Z   Using highest: minor
Test (Bun on macos-latest)	UNKNOWN STEP	2026-08-10T10:44:03.4842950Z   Descriptions to merge: 2
Test (Bun on macos-latest)	UNKNOWN STEP	2026-08-10T10:44:03.4844540Z 
Test (Bun on macos-latest)	UNKNOWN STEP	2026-08-10T10:44:03.4845260Z Created merged changeset: merged-calm-rock.md
Test (Bun on macos-latest)	UNKNOWN STEP	2026-08-10T10:44:03.4845970Z 
Test (Bun on macos-latest)	UNKNOWN STEP	2026-08-10T10:44:03.4846160Z Removing original changeset files:
Test (Bun on macos-latest)	UNKNOWN STEP	2026-08-10T10:44:03.4846450Z   Removed: b.md
Test (Bun on macos-latest)	UNKNOWN STEP	2026-08-10T10:44:03.4846670Z   Removed: a.md
Test (Bun on macos-latest)	UNKNOWN STEP	2026-08-10T10:44:03.4846850Z 
Test (Bun on macos-latest)	UNKNOWN STEP	2026-08-10T10:44:03.4847020Z Changeset merge completed successfully
Test (Bun on macos-latest)	UNKNOWN STEP	2026-08-10T10:44:03.4847820Z 
Test (Bun on macos-latest)	UNKNOWN STEP	2026-08-10T10:44:03.4848240Z Merged changeset content:
Test (Bun on macos-latest)	UNKNOWN STEP	2026-08-10T10:44:03.4848740Z ---
Test (Bun on macos-latest)	UNKNOWN STEP	2026-08-10T10:44:03.4849160Z 'start-command': minor
Test (Bun on macos-latest)	UNKNOWN STEP	2026-08-10T10:44:03.4849580Z ---
Test (Bun on macos-latest)	UNKNOWN STEP	2026-08-10T10:44:03.4849780Z 
Test (Bun on macos-latest)	UNKNOWN STEP	2026-08-10T10:44:03.4849930Z Feature B
Test (Bun on macos-latest)	UNKNOWN STEP	2026-08-10T10:44:03.4850150Z 
Test (Bun on macos-latest)	UNKNOWN STEP	2026-08-10T10:44:03.4850300Z Fix A
Test (Bun on macos-latest)	UNKNOWN STEP	2026-08-10T10:44:03.4850500Z 
Test (Bun on macos-latest)	UNKNOWN STEP	2026-08-10T10:44:03.4852520Z (pass) mergeChangesetsIn > merges multiple changesets into a single file with the highest bump [2.71ms]
Test (Bun on macos-latest)	UNKNOWN STEP	2026-08-10T10:44:03.4863690Z Working directory: /var/folders/df/djsxfhc17x95674wsm_g8s980000gn/T/merge-changesets-HCEEND
Test (Bun on macos-latest)	UNKNOWN STEP	2026-08-10T10:44:03.4865680Z Changeset directory: /var/folders/df/djsxfhc17x95674wsm_g8s980000gn/T/merge-changesets-HCEEND/.changeset
Test (Bun on macos-latest)	UNKNOWN STEP	2026-08-10T10:44:03.4866110Z Package name: start-command
Test (Bun on macos-latest)	UNKNOWN STEP	2026-08-10T10:44:03.4866310Z Found 3 changeset file(s)
Test (Bun on macos-latest)	UNKNOWN STEP	2026-08-10T10:44:03.4866510Z Multiple changesets found, merging...
Test (Bun on macos-latest)	UNKNOWN STEP	2026-08-10T10:44:03.4866710Z   - b.md
Test (Bun on macos-latest)	UNKNOWN STEP	2026-08-10T10:44:03.4866840Z   - c.md
Test (Bun on macos-latest)	UNKNOWN STEP	2026-08-10T10:44:03.4866970Z   - a.md
Test (Bun on macos-latest)	UNKNOWN STEP	2026-08-10T10:44:03.4867190Z 
Test (Bun on macos-latest)	UNKNOWN STEP	2026-08-10T10:44:03.4867340Z Merge summary:
Test (Bun on macos-latest)	UNKNOWN STEP	2026-08-10T10:44:03.4867630Z   Bump types found: major, patch, minor
Test (Bun on macos-latest)	UNKNOWN STEP	2026-08-10T10:44:03.4867960Z   Using highest: major
Test (Bun on macos-latest)	UNKNOWN STEP	2026-08-10T10:44:03.4868260Z   Descriptions to merge: 3
Test (Bun on macos-latest)	UNKNOWN STEP	2026-08-10T10:44:03.4869380Z 
Test (Bun on macos-latest)	UNKNOWN STEP	2026-08-10T10:44:03.4869660Z Created merged changeset: merged-good-bird.md
Test (Bun on macos-latest)	UNKNOWN STEP	2026-08-10T10:44:03.4869930Z 
Test (Bun on macos-latest)	UNKNOWN STEP	2026-08-10T10:44:03.4870060Z Removing original changeset files:
Test (Bun on macos-latest)	UNKNOWN STEP	2026-08-10T10:44:03.4870450Z   Removed: b.md
Test (Bun on macos-latest)	UNKNOWN STEP	2026-08-10T10:44:03.4871730Z   Removed: a.md
Test (Bun on macos-latest)	UNKNOWN STEP	2026-08-10T10:44:03.4872240Z   Removed: c.md
Test (Bun on macos-latest)	UNKNOWN STEP	2026-08-10T10:44:03.4872520Z 
Test (Bun on macos-latest)	UNKNOWN STEP	2026-08-10T10:44:03.4872850Z Changeset merge completed successfully
Test (Bun on macos-latest)	UNKNOWN STEP	2026-08-10T10:44:03.4873260Z 
Test (Bun on macos-latest)	UNKNOWN STEP	2026-08-10T10:44:03.4873500Z Merged changeset content:
Test (Bun on macos-latest)	UNKNOWN STEP	2026-08-10T10:44:03.4873950Z ---
Test (Bun on macos-latest)	UNKNOWN STEP	2026-08-10T10:44:03.4874370Z 'start-command': major
Test (Bun on macos-latest)	UNKNOWN STEP	2026-08-10T10:44:03.4874790Z ---
Test (Bun on macos-latest)	UNKNOWN STEP	2026-08-10T10:44:03.4874990Z 
Test (Bun on macos-latest)	UNKNOWN STEP	2026-08-10T10:44:03.4875150Z Breaking
Test (Bun on macos-latest)	UNKNOWN STEP	2026-08-10T10:44:03.4875370Z 
Test (Bun on macos-latest)	UNKNOWN STEP	2026-08-10T10:44:03.4875520Z Fix
Test (Bun on macos-latest)	UNKNOWN STEP	2026-08-10T10:44:03.4875710Z 
Test (Bun on macos-latest)	UNKNOWN STEP	2026-08-10T10:44:03.4875860Z Feat
Test (Bun on macos-latest)	UNKNOWN STEP	2026-08-10T10:44:03.4876050Z 
Test (Bun on macos-latest)	UNKNOWN STEP	2026-08-10T10:44:03.4876950Z (pass) mergeChangesetsIn > chooses major over minor and patch [2.39ms]
Test (Bun on macos-latest)	UNKNOWN STEP	2026-08-10T10:44:03.4888860Z Working directory: /var/folders/df/djsxfhc17x95674wsm_g8s980000gn/T/merge-changesets-other-zO6OaP
Test (Bun on macos-latest)	UNKNOWN STEP	2026-08-10T10:44:03.4890680Z Changeset directory: /var/folders/df/djsxfhc17x95674wsm_g8s980000gn/T/merge-changesets-other-zO6OaP/.changeset
Test (Bun on macos-latest)	UNKNOWN STEP	2026-08-10T10:44:03.4892010Z Package name: some-other-pkg
Test (Bun on macos-latest)	UNKNOWN STEP	2026-08-10T10:44:03.4892960Z Found 2 changeset file(s)
Test (Bun on macos-latest)	UNKNOWN STEP	2026-08-10T10:44:03.4893210Z Multiple changesets found, merging...
Test (Bun on macos-latest)	UNKNOWN STEP	2026-08-10T10:44:03.4893400Z   - b.md
Test (Bun on macos-latest)	UNKNOWN STEP	2026-08-10T10:44:03.4893520Z   - a.md
Test (Bun on macos-latest)	UNKNOWN STEP	2026-08-10T10:44:03.4893590Z 
Test (Bun on macos-latest)	UNKNOWN STEP	2026-08-10T10:44:03.4893650Z Merge summary:
Test (Bun on macos-latest)	UNKNOWN STEP	2026-08-10T10:44:03.4893830Z   Bump types found: patch, minor
Test (Bun on macos-latest)	UNKNOWN STEP	2026-08-10T10:44:03.4894030Z   Using highest: minor
Test (Bun on macos-latest)	UNKNOWN STEP	2026-08-10T10:44:03.4894480Z   Descriptions to merge: 2
Test (Bun on macos-latest)	UNKNOWN STEP	2026-08-10T10:44:03.4894660Z 
Test (Bun on macos-latest)	UNKNOWN STEP	2026-08-10T10:44:03.4894790Z Created merged changeset: merged-dark-door.md
Test (Bun on macos-latest)	UNKNOWN STEP	2026-08-10T10:44:03.4894950Z 
Test (Bun on macos-latest)	UNKNOWN STEP	2026-08-10T10:44:03.4895060Z Removing original changeset files:
Test (Bun on macos-latest)	UNKNOWN STEP	2026-08-10T10:44:03.4895250Z   Removed: b.md
Test (Bun on macos-latest)	UNKNOWN STEP	2026-08-10T10:44:03.4895380Z   Removed: a.md
Test (Bun on macos-latest)	UNKNOWN STEP	2026-08-10T10:44:03.4895470Z 
Test (Bun on macos-latest)	UNKNOWN STEP	2026-08-10T10:44:03.4895570Z Changeset merge completed successfully
Test (Bun on macos-latest)	UNKNOWN STEP	2026-08-10T10:44:03.4895710Z 
Test (Bun on macos-latest)	UNKNOWN STEP	2026-08-10T10:44:03.4895800Z Merged changeset content:
Test (Bun on macos-latest)	UNKNOWN STEP	2026-08-10T10:44:03.4895950Z ---
Test (Bun on macos-latest)	UNKNOWN STEP	2026-08-10T10:44:03.4896100Z 'some-other-pkg': minor
Test (Bun on macos-latest)	UNKNOWN STEP	2026-08-10T10:44:03.4896260Z ---
Test (Bun on macos-latest)	UNKNOWN STEP	2026-08-10T10:44:03.4896330Z 
Test (Bun on macos-latest)	UNKNOWN STEP	2026-08-10T10:44:03.4896430Z B
Test (Bun on macos-latest)	UNKNOWN STEP	2026-08-10T10:44:03.4896510Z 
Test (Bun on macos-latest)	UNKNOWN STEP	2026-08-10T10:44:03.4896560Z A
Test (Bun on macos-latest)	UNKNOWN STEP	2026-08-10T10:44:03.4896630Z 
Test (Bun on macos-latest)	UNKNOWN STEP	2026-08-10T10:44:03.4903680Z (pass) mergeChangesetsIn > reads package name from package.json (no hardcoded placeholder) [2.67ms]
Test (Bun on macos-latest)	UNKNOWN STEP	2026-08-10T10:44:03.4921620Z (pass) mergeChangesetsIn > throws when .changeset directory is missing [1.70ms]
Test (Bun on macos-latest)	UNKNOWN STEP	2026-08-10T10:44:03.4921910Z 
Test (Bun on macos-latest)	UNKNOWN STEP	2026-08-10T10:44:03.4922190Z ##[endgroup]
Test (Bun on macos-latest)	UNKNOWN STEP	2026-08-10T10:44:03.4922270Z 
Test (Bun on macos-latest)	UNKNOWN STEP	2026-08-10T10:44:03.4922460Z ##[group]test/output-blocks.js:
Test (Bun on macos-latest)	UNKNOWN STEP	2026-08-10T10:44:03.4942420Z === Output Blocks Unit Tests ===
Test (Bun on macos-latest)	UNKNOWN STEP	2026-08-10T10:44:03.4945240Z (pass) output-blocks module > timeline format constants > should export timeline marker character [0.01ms]
Test (Bun on macos-latest)	UNKNOWN STEP	2026-08-10T10:44:03.4947420Z (pass) output-blocks module > timeline format constants > should export spine as alias for backward compatibility
Test (Bun on macos-latest)	UNKNOWN STEP	2026-08-10T10:44:03.4949010Z (pass) output-blocks module > timeline format constants > should export result markers
Test (Bun on macos-latest)	UNKNOWN STEP	2026-08-10T10:44:03.4950770Z (pass) output-blocks module > createTimelineLine > should create a line with timeline marker prefix and padded label [0.04ms]
Test (Bun on macos-latest)	UNKNOWN STEP	2026-08-10T10:44:03.4953390Z (pass) output-blocks module > createTimelineLine > should pad labels to 10 characters [0.02ms]
Test (Bun on macos-latest)	UNKNOWN STEP	2026-08-10T10:44:03.4955240Z (pass) output-blocks module > createSpineLine (deprecated alias) > should work as alias for createTimelineLine [0.03ms]
Test (Bun on macos-latest)	UNKNOWN STEP	2026-08-10T10:44:03.4957190Z (pass) output-blocks module > createEmptyTimelineLine > should create just the timeline marker character [0.01ms]
Test (Bun on macos-latest)	UNKNOWN STEP	2026-08-10T10:44:03.4959190Z (pass) output-blocks module > createEmptySpineLine (deprecated alias) > should work as alias for createEmptyTimelineLine [0.01ms]
Test (Bun on macos-latest)	UNKNOWN STEP	2026-08-10T10:44:03.4961000Z (pass) output-blocks module > createCommandLine > should create a line with $ prefix [0.01ms]
Test (Bun on macos-latest)	UNKNOWN STEP	2026-08-10T10:44:03.4962800Z (pass) output-blocks module > getResultMarker > should return success marker for exit code 0 [0.02ms]
Test (Bun on macos-latest)	UNKNOWN STEP	2026-08-10T10:44:03.4963650Z (pass) output-blocks module > getResultMarker > should return failure marker for non-zero exit codes [0.01ms]
Test (Bun on macos-latest)	UNKNOWN STEP	2026-08-10T10:44:03.4964460Z (pass) output-blocks module > parseIsolationMetadata > should parse environment and mode [0.12ms]
Test (Bun on macos-latest)	UNKNOWN STEP	2026-08-10T10:44:03.4965120Z (pass) output-blocks module > parseIsolationMetadata > should parse session name [0.03ms]
Test (Bun on macos-latest)	UNKNOWN STEP	2026-08-10T10:44:03.4966190Z (pass) output-blocks module > parseIsolationMetadata > should parse docker image [0.02ms]
Test (Bun on macos-latest)	UNKNOWN STEP	2026-08-10T10:44:03.4966880Z (pass) output-blocks module > parseIsolationMetadata > should parse all fields together [0.04ms]
Test (Bun on macos-latest)	UNKNOWN STEP	2026-08-10T10:44:03.4967510Z (pass) output-blocks module > generateIsolationLines > should generate lines for docker isolation [0.08ms]
Test (Bun on macos-latest)	UNKNOWN STEP	2026-08-10T10:44:03.4968130Z (pass) output-blocks module > generateIsolationLines > should generate lines for screen isolation [0.02ms]
Test (Bun on macos-latest)	UNKNOWN STEP	2026-08-10T10:44:03.4968760Z (pass) output-blocks module > createStartBlock > should create a start block with session and timestamp [0.07ms]
Test (Bun on macos-latest)	UNKNOWN STEP	2026-08-10T10:44:03.4969380Z (pass) output-blocks module > createStartBlock > should include empty spine line before command [0.03ms]
Test (Bun on macos-latest)	UNKNOWN STEP	2026-08-10T10:44:03.4969990Z (pass) output-blocks module > createStartBlock > should include isolation metadata when provided [0.03ms]
Test (Bun on macos-latest)	UNKNOWN STEP	2026-08-10T10:44:03.4970580Z (pass) output-blocks module > createStartBlock > should include docker metadata correctly [0.03ms]
Test (Bun on macos-latest)	UNKNOWN STEP	2026-08-10T10:44:03.4971630Z (pass) output-blocks module > createFinishBlock > should create a finish block with result marker and metadata [0.10ms]
Test (Bun on macos-latest)	UNKNOWN STEP	2026-08-10T10:44:03.4972880Z (pass) output-blocks module > createFinishBlock > should use failure marker for non-zero exit code [0.04ms]
Test (Bun on macos-latest)	UNKNOWN STEP	2026-08-10T10:44:03.4973590Z (pass) output-blocks module > createFinishBlock > should omit duration when not provided [0.02ms]
Test (Bun on macos-latest)	UNKNOWN STEP	2026-08-10T10:44:03.4974290Z (pass) output-blocks module > createFinishBlock > should repeat isolation metadata in footer [0.05ms]
Test (Bun on macos-latest)	UNKNOWN STEP	2026-08-10T10:44:03.4975000Z (pass) output-blocks module > createFinishBlock > should have log and session as the last two lines [0.03ms]
Test (Bun on macos-latest)	UNKNOWN STEP	2026-08-10T10:44:03.4975570Z (pass) output-blocks module > formatDuration > should format very small durations [0.01ms]
Test (Bun on macos-latest)	UNKNOWN STEP	2026-08-10T10:44:03.4976110Z (pass) output-blocks module > formatDuration > should format millisecond durations [0.01ms]
Test (Bun on macos-latest)	UNKNOWN STEP	2026-08-10T10:44:03.4976680Z (pass) output-blocks module > formatDuration > should format second durations [0.01ms]
Test (Bun on macos-latest)	UNKNOWN STEP	2026-08-10T10:44:03.4977240Z (pass) output-blocks module > formatDuration > should format longer durations with less precision [0.01ms]
Test (Bun on macos-latest)	UNKNOWN STEP	2026-08-10T10:44:03.4977820Z (pass) output-blocks module > escapeForLinksNotation > should not quote simple values [0.02ms]
Test (Bun on macos-latest)	UNKNOWN STEP	2026-08-10T10:44:03.4978380Z (pass) output-blocks module > escapeForLinksNotation > should quote values with spaces [0.02ms]
Test (Bun on macos-latest)	UNKNOWN STEP	2026-08-10T10:44:03.4978900Z (pass) output-blocks module > escapeForLinksNotation > should quote values with colons
Test (Bun on macos-latest)	UNKNOWN STEP	2026-08-10T10:44:03.4979500Z (pass) output-blocks module > escapeForLinksNotation > should use single quotes for values with double quotes [0.01ms]
Test (Bun on macos-latest)	UNKNOWN STEP	2026-08-10T10:44:03.4980270Z (pass) output-blocks module > escapeForLinksNotation > should use double quotes for values with single quotes
Test (Bun on macos-latest)	UNKNOWN STEP	2026-08-10T10:44:03.4981560Z (pass) output-blocks module > escapeForLinksNotation > should escape quotes when both types are present [0.03ms]
Test (Bun on macos-latest)	UNKNOWN STEP	2026-08-10T10:44:03.4982330Z (pass) output-blocks module > escapeForLinksNotation > should handle null values [0.01ms]
Test (Bun on macos-latest)	UNKNOWN STEP	2026-08-10T10:44:03.4982930Z (pass) output-blocks module > formatAsNestedLinksNotation > should format simple objects [0.04ms]
Test (Bun on macos-latest)	UNKNOWN STEP	2026-08-10T10:44:03.4983580Z (pass) output-blocks module > formatAsNestedLinksNotation > should quote values with spaces [0.01ms]
Test (Bun on macos-latest)	UNKNOWN STEP	2026-08-10T10:44:03.4984230Z (pass) output-blocks module > formatAsNestedLinksNotation > should handle empty objects [0.01ms]
Test (Bun on macos-latest)	UNKNOWN STEP	2026-08-10T10:44:03.4984780Z (pass) output-blocks module > formatAsNestedLinksNotation > should handle null
Test (Bun on macos-latest)	UNKNOWN STEP	2026-08-10T10:44:03.4985380Z (pass) output-blocks module > formatAsNestedLinksNotation > should indent nested arrays under their parent key [0.04ms]
Test (Bun on macos-latest)	UNKNOWN STEP	2026-08-10T10:44:03.4986190Z (pass) output-blocks module > Virtual Command API > createVirtualCommandBlock > should create a command line for virtual commands [0.01ms]
Test (Bun on macos-latest)	UNKNOWN STEP	2026-08-10T10:44:03.4987000Z (pass) output-blocks module > Virtual Command API > createVirtualCommandBlock > should behave like createCommandLine [0.01ms]
Test (Bun on macos-latest)	UNKNOWN STEP	2026-08-10T10:44:03.4987880Z (pass) output-blocks module > Virtual Command API > createVirtualCommandResult > should return success marker for true [0.01ms]
Test (Bun on macos-latest)	UNKNOWN STEP	2026-08-10T10:44:03.4988590Z (pass) output-blocks module > Virtual Command API > createVirtualCommandResult > should return failure marker for false
Test (Bun on macos-latest)	UNKNOWN STEP	2026-08-10T10:44:03.4989320Z (pass) output-blocks module > Virtual Command API > createTimelineSeparator > should create an empty timeline line [0.01ms]
Test (Bun on macos-latest)	UNKNOWN STEP	2026-08-10T10:44:03.4990040Z (pass) output-blocks module > Virtual Command API > createTimelineSeparator > should behave like createEmptyTimelineLine
Test (Bun on macos-latest)	UNKNOWN STEP	2026-08-10T10:44:03.4990820Z (pass) output-blocks module > createStartBlock with deferCommand > should include command line by default [0.01ms]
Test (Bun on macos-latest)	UNKNOWN STEP	2026-08-10T10:44:03.4991530Z (pass) output-blocks module > createStartBlock with deferCommand > should omit command line when deferCommand is true [0.02ms]
Test (Bun on macos-latest)	UNKNOWN STEP	2026-08-10T10:44:03.4992790Z (pass) output-blocks module > createStartBlock with deferCommand > should end with empty timeline line when deferCommand is true (issue #73) [0.04ms]
Test (Bun on macos-latest)	UNKNOWN STEP	2026-08-10T10:44:03.4993660Z (pass) output-blocks module > Visual Continuity (issue #73) > virtual command block should be followed by empty line for visual separation
Test (Bun on macos-latest)	UNKNOWN STEP	2026-08-10T10:44:03.4994440Z (pass) output-blocks module > Visual Continuity (issue #73) > timeline separator should be empty timeline line for visual structure
Test (Bun on macos-latest)	UNKNOWN STEP	2026-08-10T10:44:03.4995230Z (pass) output-blocks module > Visual Continuity (issue #73) > start block with docker isolation should end cleanly for virtual commands [0.02ms]
Test (Bun on macos-latest)	UNKNOWN STEP	2026-08-10T10:44:03.4995970Z (pass) output-blocks module > Visual Continuity (issue #73) > output formatting follows visual continuity pattern [0.02ms]
Test (Bun on macos-latest)	UNKNOWN STEP	2026-08-10T10:44:03.4996540Z 
Test (Bun on macos-latest)	UNKNOWN STEP	2026-08-10T10:44:03.4996850Z ##[endgroup]
Test (Bun on macos-latest)	UNKNOWN STEP	2026-08-10T10:44:03.4996940Z 
Test (Bun on macos-latest)	UNKNOWN STEP	2026-08-10T10:44:03.4997110Z ##[group]test/public-exports.js:
Test (Bun on macos-latest)	UNKNOWN STEP	2026-08-10T10:44:03.4997550Z (pass) Public Exports > execution-store export > should export ExecutionStore class [0.03ms]
Test (Bun on macos-latest)	UNKNOWN STEP	2026-08-10T10:44:03.4998080Z (pass) Public Exports > execution-store export > should export ExecutionRecord class [0.02ms]
Test (Bun on macos-latest)	UNKNOWN STEP	2026-08-10T10:44:03.4998610Z (pass) Public Exports > execution-store export > should export ExecutionStatus enum [0.02ms]
Test (Bun on macos-latest)	UNKNOWN STEP	2026-08-10T10:44:03.4999120Z (pass) Public Exports > execution-store export > should export LockManager class [0.01ms]
Test (Bun on macos-latest)	UNKNOWN STEP	2026-08-10T10:44:03.4999660Z (pass) Public Exports > execution-store export > should export isClinkInstalled function [0.01ms]
Test (Bun on macos-latest)	UNKNOWN STEP	2026-08-10T10:44:03.5000210Z (pass) Public Exports > execution-store export > should export configuration constants [0.02ms]
Test (Bun on macos-latest)	UNKNOWN STEP	2026-08-10T10:44:03.9292160Z (pass) Public Exports > execution-store export > should allow creating and using ExecutionStore instance [430.61ms]
Test (Bun on macos-latest)	UNKNOWN STEP	2026-08-10T10:44:03.9296620Z 
Test (Bun on macos-latest)	UNKNOWN STEP	2026-08-10T10:44:03.9296970Z ##[endgroup]
Test (Bun on macos-latest)	UNKNOWN STEP	2026-08-10T10:44:03.9297060Z 
Test (Bun on macos-latest)	UNKNOWN STEP	2026-08-10T10:44:03.9297250Z ##[group]test/publish-to-crates.mjs:
Test (Bun on macos-latest)	UNKNOWN STEP	2026-08-10T10:44:04.1877900Z (pass) publish-to-crates script > reports success without a token when the version is already published [244.94ms]
Test (Bun on macos-latest)	UNKNOWN STEP	2026-08-10T10:44:04.3511270Z (pass) publish-to-crates script > fails clearly when a missing version needs a crates token [158.92ms]
Test (Bun on macos-latest)	UNKNOWN STEP	2026-08-10T10:44:04.5587840Z (pass) publish-to-crates script > publishes a missing version with cargo publish [211.89ms]
Test (Bun on macos-latest)	UNKNOWN STEP	2026-08-10T10:44:04.5588710Z 
Test (Bun on macos-latest)	UNKNOWN STEP	2026-08-10T10:44:04.5589320Z ##[endgroup]
Test (Bun on macos-latest)	UNKNOWN STEP	2026-08-10T10:44:04.5589570Z 
Test (Bun on macos-latest)	UNKNOWN STEP	2026-08-10T10:44:04.5590060Z ##[group]test/regression-138.js:
Test (Bun on macos-latest)	UNKNOWN STEP	2026-08-10T10:44:04.5658880Z   Skipping: docker daemon not available
Test (Bun on macos-latest)	UNKNOWN STEP	2026-08-10T10:44:04.5706320Z (pass) docker pull is recorded in the session log (issue #138) > writes prep markers and the docker error into the log on a failed pull [5.71ms]
Test (Bun on macos-latest)	UNKNOWN STEP	2026-08-10T10:44:04.5708550Z (pass) docker pull is recorded in the session log (issue #138) > tees real pull output and an "Image ready" marker into the log [4.66ms]
Test (Bun on macos-latest)	UNKNOWN STEP	2026-08-10T10:44:04.5709930Z   Skipping: docker daemon not available
Test (Bun on macos-latest)	UNKNOWN STEP	2026-08-10T10:44:04.5779650Z (pass) docker pull is recorded in the session log (issue #138) > does not write prep markers when no logPath is given (backward compat) [7.23ms]
Test (Bun on macos-latest)	UNKNOWN STEP	2026-08-10T10:44:04.5781210Z   Skipping: docker daemon not available
Test (Bun on macos-latest)	UNKNOWN STEP	2026-08-10T10:44:04.5782700Z (pass) runInDocker threads logPath into dockerPullImage (issue #138) > source passes options.logPath to dockerPullImage [0.26ms]
Test (Bun on macos-latest)	UNKNOWN STEP	2026-08-10T10:44:04.5784870Z (pass) runInDocker threads logPath into dockerPullImage (issue #138) > dockerPullImage tees output and writes prep markers in source [0.09ms]
Test (Bun on macos-latest)	UNKNOWN STEP	2026-08-10T10:44:04.5785340Z 
Test (Bun on macos-latest)	UNKNOWN STEP	2026-08-10T10:44:04.5785670Z ##[endgroup]
Test (Bun on macos-latest)	UNKNOWN STEP	2026-08-10T10:44:04.5785760Z 
Test (Bun on macos-latest)	UNKNOWN STEP	2026-08-10T10:44:04.5785970Z ##[group]test/regression-150.js:
Test (Bun on macos-latest)	UNKNOWN STEP	2026-08-10T10:44:04.5922740Z (pass) anchored log footer parsing (issue #150) > ignores an `Exit Code:` substring inside the command output [9.42ms]
Test (Bun on macos-latest)	UNKNOWN STEP	2026-08-10T10:44:04.5925310Z (pass) anchored log footer parsing (issue #150) > ignores a bare `Exit Code:` line without the footer block around it [0.43ms]
Test (Bun on macos-latest)	UNKNOWN STEP	2026-08-10T10:44:04.5933000Z (pass) anchored log footer parsing (issue #150) > ignores an `Exit Code:` substring in the middle of a line [0.38ms]
Test (Bun on macos-latest)	UNKNOWN STEP	2026-08-10T10:44:04.5937180Z (pass) anchored log footer parsing (issue #150) > reads the real footer that `start` appends [0.79ms]
Test (Bun on macos-latest)	UNKNOWN STEP	2026-08-10T10:44:04.5941080Z (pass) anchored log footer parsing (issue #150) > reads the real footer even when the output forged one earlier [0.39ms]
Test (Bun on macos-latest)	UNKNOWN STEP	2026-08-10T10:44:04.5948830Z (pass) anchored log footer parsing (issue #150) > reads negative and multi-digit codes, and tolerates CRLF logs [0.73ms]
Test (Bun on macos-latest)	UNKNOWN STEP	2026-08-10T10:44:04.5954070Z (pass) anchored log footer parsing (issue #150) > returns null for a log without a footer and for a missing file [0.53ms]
Test (Bun on macos-latest)	UNKNOWN STEP	2026-08-10T10:44:04.5972460Z (pass) anchored log footer parsing (issue #150) > finds the footer at the end of a large log without reading it all [1.78ms]
Test (Bun on macos-latest)	UNKNOWN STEP	2026-08-10T10:44:04.5990840Z (pass) anchored log footer parsing (issue #150) > drops the partial first line of the tail so it cannot be a line start [1.82ms]
Test (Bun on macos-latest)	UNKNOWN STEP	2026-08-10T10:44:04.6002630Z (pass) detached status is not derailed by forged output (issue #150) > keeps an executing record executing when only the output claims an exit code [1.04ms]
Test (Bun on macos-latest)	UNKNOWN STEP	2026-08-10T10:44:04.6009490Z (pass) detached status is not derailed by forged output (issue #150) > marks the record executed once the genuine footer is appended [0.82ms]
Test (Bun on macos-latest)	UNKNOWN STEP	2026-08-10T10:44:04.6010290Z 
Test (Bun on macos-latest)	UNKNOWN STEP	2026-08-10T10:44:04.6010820Z ##[endgroup]
Test (Bun on macos-latest)	UNKNOWN STEP	2026-08-10T10:44:04.6011020Z 
Test (Bun on macos-latest)	UNKNOWN STEP	2026-08-10T10:44:04.6011250Z ##[group]test/regression-84.js:
Test (Bun on macos-latest)	UNKNOWN STEP	2026-08-10T10:44:04.6044770Z (pass) isInteractiveShellCommand additional cases (issue #84) > should return true for "bash --norc" [0.06ms]
Test (Bun on macos-latest)	UNKNOWN STEP	2026-08-10T10:44:04.6046720Z (pass) isInteractiveShellCommand additional cases (issue #84) > should return true for "zsh --no-rcs" [0.08ms]
Test (Bun on macos-latest)	UNKNOWN STEP	2026-08-10T10:44:04.6049800Z (pass) isInteractiveShellCommand additional cases (issue #84) > should return true for "bash -i" (interactive flag, no -c) [0.01ms]
Test (Bun on macos-latest)	UNKNOWN STEP	2026-08-10T10:44:04.6051610Z (pass) isInteractiveShellCommand additional cases (issue #84) > should return true for "fish"
Test (Bun on macos-latest)	UNKNOWN STEP	2026-08-10T10:44:04.6053290Z (pass) isInteractiveShellCommand additional cases (issue #84) > should return true for "dash"
Test (Bun on macos-latest)	UNKNOWN STEP	2026-08-10T10:44:04.6055080Z (pass) isInteractiveShellCommand additional cases (issue #84) > should return true for "/usr/local/bin/bash"
Test (Bun on macos-latest)	UNKNOWN STEP	2026-08-10T10:44:04.6056990Z (pass) isInteractiveShellCommand additional cases (issue #84) > should return false for 'bash -c "echo hello"' [0.01ms]
Test (Bun on macos-latest)	UNKNOWN STEP	2026-08-10T10:44:04.6058890Z (pass) Regression: No Shell-Inside-Shell (issue #84) > should pass "bash" with -i flag, not wrap in shell -c [0.13ms]
Test (Bun on macos-latest)	UNKNOWN STEP	2026-08-10T10:44:04.6060720Z (pass) Regression: No Shell-Inside-Shell (issue #84) > should pass "zsh" with -i flag, not wrap in shell -c [0.04ms]
Test (Bun on macos-latest)	UNKNOWN STEP	2026-08-10T10:44:04.6062790Z (pass) Regression: No Shell-Inside-Shell (issue #84) > should pass "sh" directly without -i (sh does not use -i flag), not wrap in shell -c [0.02ms]
Test (Bun on macos-latest)	UNKNOWN STEP	2026-08-10T10:44:04.6064870Z (pass) Regression: No Shell-Inside-Shell (issue #84) > should pass "/bin/bash" with -i flag, not wrap in shell -c [0.02ms]
Test (Bun on macos-latest)	UNKNOWN STEP	2026-08-10T10:44:04.6066990Z (pass) Regression: No Shell-Inside-Shell (issue #84) > should pass "bash --norc" with -i flag (workaround for broken .bashrc) [0.02ms]
Test (Bun on macos-latest)	UNKNOWN STEP	2026-08-10T10:44:04.6069160Z (pass) Regression: No Shell-Inside-Shell (issue #84) > should pass "bash -l" directly (login shell, already has its own init) [0.04ms]
Test (Bun on macos-latest)	UNKNOWN STEP	2026-08-10T10:44:04.6071370Z (pass) Regression: No Shell-Inside-Shell (issue #84) > should still wrap non-shell commands in shell -c (guard against over-broad fix) [0.03ms]
Test (Bun on macos-latest)	UNKNOWN STEP	2026-08-10T10:44:04.6073590Z (pass) Regression: No Shell-Inside-Shell (issue #84) > should still wrap "npm test" in shell -c (guard against over-broad fix) [0.03ms]
Test (Bun on macos-latest)	UNKNOWN STEP	2026-08-10T10:44:04.6075520Z (pass) Regression: No Shell-Inside-Shell (issue #84) > should not treat "bash -c something" as bare shell [0.01ms]
Test (Bun on macos-latest)	UNKNOWN STEP	2026-08-10T10:44:04.6077450Z (pass) Regression: No Shell-Inside-Shell (issue #84) > should not duplicate -i if user already passes "bash -i" [0.01ms]
Test (Bun on macos-latest)	UNKNOWN STEP	2026-08-10T10:44:04.6105370Z (pass) Docker daemon availability check (issue #84) > isDockerAvailable should return a boolean [5.47ms]
Test (Bun on macos-latest)	UNKNOWN STEP	2026-08-10T10:44:04.6140440Z (pass) Docker daemon availability check (issue #84) > runInDocker error message for non-running daemon should be actionable [0.07ms]
Test (Bun on macos-latest)	UNKNOWN STEP	2026-08-10T10:44:04.6205620Z (pass) Docker not installed check (issue #84) > isDockerInstalled should return a boolean [10.02ms]
Test (Bun on macos-latest)	UNKNOWN STEP	2026-08-10T10:44:04.6207530Z (pass) Docker not installed check (issue #84) > runInDocker error message for missing docker binary should be actionable [0.07ms]
Test (Bun on macos-latest)	UNKNOWN STEP	2026-08-10T10:44:04.6275990Z (pass) Docker not installed check (issue #84) > isDockerInstalled should return false consistently when docker binary is absent (mock) [6.88ms]
Test (Bun on macos-latest)	UNKNOWN STEP	2026-08-10T10:44:04.6278240Z (pass) Post-fix regression hint: --norc suggestion (issue #84) > should suggest --norc for bare bash that exits quickly [0.25ms]
Test (Bun on macos-latest)	UNKNOWN STEP	2026-08-10T10:44:04.6280310Z (pass) Post-fix regression hint: --norc suggestion (issue #84) > should suggest --no-rcs for bare zsh that exits quickly [0.05ms]
Test (Bun on macos-latest)	UNKNOWN STEP	2026-08-10T10:44:04.6282440Z (pass) Post-fix regression hint: --norc suggestion (issue #84) > should suggest --norc for /bin/bash path that exits quickly [0.05ms]
Test (Bun on macos-latest)	UNKNOWN STEP	2026-08-10T10:44:04.6284660Z (pass) Post-fix regression hint: --norc suggestion (issue #84) > should suggest --norc for bare sh that exits quickly [0.03ms]
Test (Bun on macos-latest)	UNKNOWN STEP	2026-08-10T10:44:04.6286120Z (pass) Post-fix regression hint: --norc suggestion (issue #84) > should confirm workaround: bash --norc is detected as bare shell [0.06ms]
Test (Bun on macos-latest)	UNKNOWN STEP	2026-08-10T10:44:04.6286550Z 
Test (Bun on macos-latest)	UNKNOWN STEP	2026-08-10T10:44:04.6287120Z ##[endgroup]
Test (Bun on macos-latest)	UNKNOWN STEP	2026-08-10T10:44:04.6287210Z 
Test (Bun on macos-latest)	UNKNOWN STEP	2026-08-10T10:44:04.6287400Z ##[group]test/regression-89.js:
Test (Bun on macos-latest)	UNKNOWN STEP	2026-08-10T10:44:04.6307380Z (pass) Virtual docker pull output before Docker error (issue #89) > should show "$ docker pull <image>" line when Docker is not installed and image is specified [0.14ms]
Test (Bun on macos-latest)	UNKNOWN STEP	2026-08-10T10:44:04.6310740Z (pass) Virtual docker pull output before Docker error (issue #89) > should show "$ docker pull <image>" before the error message (issue #89) [0.14ms]
Test (Bun on macos-latest)	UNKNOWN STEP	2026-08-10T10:44:04.6313160Z (pass) Virtual docker pull output before Docker error (issue #89) > should output "$ docker pull <image>" in the correct format ($ prefix, no extra prefix) [0.04ms]
Test (Bun on macos-latest)	UNKNOWN STEP	2026-08-10T10:44:04.6317280Z (pass) runInDocker virtual pull output contract (issue #89) > runInDocker should output docker pull command but NOT ✗/│ markers before returning (issue #89) [0.14ms]
Test (Bun on macos-latest)	UNKNOWN STEP	2026-08-10T10:44:04.6318720Z 
Test (Bun on macos-latest)	UNKNOWN STEP	2026-08-10T10:44:04.6319340Z ##[endgroup]
Test (Bun on macos-latest)	UNKNOWN STEP	2026-08-10T10:44:04.6319560Z 
Test (Bun on macos-latest)	UNKNOWN STEP	2026-08-10T10:44:04.6320030Z ##[group]test/regression-91.js:
Test (Bun on macos-latest)	UNKNOWN STEP	2026-08-10T10:44:04.6334340Z (pass) isShellInvocationWithArgs (issue #91) > should return true for "bash -i -c nvm --version" [0.06ms]
Test (Bun on macos-latest)	UNKNOWN STEP	2026-08-10T10:44:04.6336400Z (pass) isShellInvocationWithArgs (issue #91) > should return true for 'bash -c "echo hello"' [0.02ms]
Test (Bun on macos-latest)	UNKNOWN STEP	2026-08-10T10:44:04.6341050Z (pass) isShellInvocationWithArgs (issue #91) > should return true for "bash -c echo hello" [0.01ms]
Test (Bun on macos-latest)	UNKNOWN STEP	2026-08-10T10:44:04.6341790Z (pass) isShellInvocationWithArgs (issue #91) > should return true for "zsh -c nvm --version"
Test (Bun on macos-latest)	UNKNOWN STEP	2026-08-10T10:44:04.6342470Z (pass) isShellInvocationWithArgs (issue #91) > should return true for "sh -c ls"
Test (Bun on macos-latest)	UNKNOWN STEP	2026-08-10T10:44:04.6343070Z (pass) isShellInvocationWithArgs (issue #91) > should return true for "/bin/bash -c echo hi"
Test (Bun on macos-latest)	UNKNOWN STEP	2026-08-10T10:44:04.6343740Z (pass) isShellInvocationWithArgs (issue #91) > should return false for bare "bash" (no -c)
Test (Bun on macos-latest)	UNKNOWN STEP	2026-08-10T10:44:04.6344370Z (pass) isShellInvocationWithArgs (issue #91) > should return false for "bash -i" (no -c)
Test (Bun on macos-latest)	UNKNOWN STEP	2026-08-10T10:44:04.6345090Z (pass) isShellInvocationWithArgs (issue #91) > should return false for "bash --norc" (no -c)
Test (Bun on macos-latest)	UNKNOWN STEP	2026-08-10T10:44:04.6345730Z (pass) isShellInvocationWithArgs (issue #91) > should return false for non-shell commands [0.01ms]
Test (Bun on macos-latest)	UNKNOWN STEP	2026-08-10T10:44:04.6346570Z (pass) buildShellWithArgsCmdArgs (issue #91) > should reconstruct "bash -i -c nvm --version" correctly [0.05ms]
Test (Bun on macos-latest)	UNKNOWN STEP	2026-08-10T10:44:04.6348430Z (pass) buildShellWithArgsCmdArgs (issue #91) > should reconstruct "bash -c echo hello" correctly [0.02ms]
Test (Bun on macos-latest)	UNKNOWN STEP	2026-08-10T10:44:04.6349490Z (pass) buildShellWithArgsCmdArgs (issue #91) > should handle single-word script "bash -c ls" [0.01ms]
Test (Bun on macos-latest)	UNKNOWN STEP	2026-08-10T10:44:04.6350040Z (pass) buildShellWithArgsCmdArgs (issue #91) > should handle zsh with -c [0.01ms]
Test (Bun on macos-latest)	UNKNOWN STEP	2026-08-10T10:44:04.6350730Z (pass) buildShellWithArgsCmdArgs (issue #91) > should handle /bin/bash -i -c with multi-word script [0.01ms]
Test (Bun on macos-latest)	UNKNOWN STEP	2026-08-10T10:44:04.6351510Z (pass) buildShellWithArgsCmdArgs (issue #91) > should not include -c argument inside script argument (no double -c) [0.02ms]
Test (Bun on macos-latest)	UNKNOWN STEP	2026-08-10T10:44:04.6352480Z (pass) Regression: No Double-Wrapping for Shell With -c (issue #91) > should pass "bash -i -c nvm --version" directly without outer shell wrapper [0.11ms]
Test (Bun on macos-latest)	UNKNOWN STEP	2026-08-10T10:44:04.6353460Z (pass) Regression: No Double-Wrapping for Shell With -c (issue #91) > should pass "zsh -c nvm --version" directly without outer shell wrapper [0.04ms]
Test (Bun on macos-latest)	UNKNOWN STEP	2026-08-10T10:44:04.6354220Z (pass) Regression: No Double-Wrapping for Shell With -c (issue #91) > should pass "bash -c echo hello" directly [0.02ms]
Test (Bun on macos-latest)	UNKNOWN STEP	2026-08-10T10:44:04.6355090Z (pass) Regression: No Double-Wrapping for Shell With -c (issue #91) > should not introduce a second bash layer (no shell-inside-shell) [0.02ms]
Test (Bun on macos-latest)	UNKNOWN STEP	2026-08-10T10:44:04.6365340Z (pass) Regression: No Double-Wrapping for Shell With -c (issue #91) > should still handle bare "bash" with -i (regression guard for issue #84) [0.02ms]
Test (Bun on macos-latest)	UNKNOWN STEP	2026-08-10T10:44:04.6374250Z (pass) Regression: No Double-Wrapping for Shell With -c (issue #91) > should still wrap non-shell commands in outer shell -c (guard against over-broad fix) [0.01ms]
Test (Bun on macos-latest)	UNKNOWN STEP	2026-08-10T10:44:04.6376530Z (pass) Regression: No Double-Wrapping for Shell With -c (issue #91) > should still wrap "npm test" in outer shell -c [0.01ms]
Test (Bun on macos-latest)	UNKNOWN STEP	2026-08-10T10:44:04.6379840Z (pass) isShellInvocationWithArgs is mutually exclusive with isInteractiveShellCommand > "bash" is not both bare-shell and shell-with-args [0.03ms]
Test (Bun on macos-latest)	UNKNOWN STEP	2026-08-10T10:44:04.6382310Z (pass) isShellInvocationWithArgs is mutually exclusive with isInteractiveShellCommand > "bash -i" is not both bare-shell and shell-with-args [0.03ms]
Test (Bun on macos-latest)	UNKNOWN STEP	2026-08-10T10:44:04.6384790Z (pass) isShellInvocationWithArgs is mutually exclusive with isInteractiveShellCommand > "bash --norc" is not both bare-shell and shell-with-args
Test (Bun on macos-latest)	UNKNOWN STEP	2026-08-10T10:44:04.6387300Z (pass) isShellInvocationWithArgs is mutually exclusive with isInteractiveShellCommand > "bash -i -c nvm --version" is not both bare-shell and shell-with-args
Test (Bun on macos-latest)	UNKNOWN STEP	2026-08-10T10:44:04.6389800Z (pass) isShellInvocationWithArgs is mutually exclusive with isInteractiveShellCommand > "bash -c echo hi" is not both bare-shell and shell-with-args
Test (Bun on macos-latest)	UNKNOWN STEP	2026-08-10T10:44:04.6392250Z (pass) isShellInvocationWithArgs is mutually exclusive with isInteractiveShellCommand > "zsh -c ls" is not both bare-shell and shell-with-args
Test (Bun on macos-latest)	UNKNOWN STEP	2026-08-10T10:44:04.6394930Z (pass) isShellInvocationWithArgs is mutually exclusive with isInteractiveShellCommand > "nvm --version" is not both bare-shell and shell-with-args
Test (Bun on macos-latest)	UNKNOWN STEP	2026-08-10T10:44:04.6397420Z (pass) isShellInvocationWithArgs is mutually exclusive with isInteractiveShellCommand > "echo hello" is not both bare-shell and shell-with-args
Test (Bun on macos-latest)	UNKNOWN STEP	2026-08-10T10:44:04.6399560Z (pass) buildDisplayCommand (issue #91 display fix) > should quote the -c script argument when it contains spaces [0.03ms]
Test (Bun on macos-latest)	UNKNOWN STEP	2026-08-10T10:44:04.6401550Z (pass) buildDisplayCommand (issue #91 display fix) > should quote the -c script argument for plain "bash -c echo hello" [0.01ms]
Test (Bun on macos-latest)	UNKNOWN STEP	2026-08-10T10:44:04.6403420Z (pass) buildDisplayCommand (issue #91 display fix) > should not double-quote if script has no spaces [0.01ms]
Test (Bun on macos-latest)	UNKNOWN STEP	2026-08-10T10:44:04.6410230Z (pass) buildDisplayCommand (issue #91 display fix) > should return command unchanged for non-shell-with-args commands
Test (Bun on macos-latest)	UNKNOWN STEP	2026-08-10T10:44:04.6412150Z (pass) buildDisplayCommand (issue #91 display fix) > should return command unchanged for bare shell invocations
Test (Bun on macos-latest)	UNKNOWN STEP	2026-08-10T10:44:04.6413810Z (pass) buildDisplayCommand (issue #91 display fix) > should handle zsh -c with spaces [0.01ms]
Test (Bun on macos-latest)	UNKNOWN STEP	2026-08-10T10:44:04.6414580Z 
Test (Bun on macos-latest)	UNKNOWN STEP	2026-08-10T10:44:04.6415230Z ##[endgroup]
Test (Bun on macos-latest)	UNKNOWN STEP	2026-08-10T10:44:04.6415460Z 
Test (Bun on macos-latest)	UNKNOWN STEP	2026-08-10T10:44:04.6417070Z ##[group]test/release-name.mjs:
Test (Bun on macos-latest)	UNKNOWN STEP	2026-08-10T10:44:04.6418260Z (pass) releaseTag > uses plain "v${version}" when no prefix is given [0.05ms]
Test (Bun on macos-latest)	UNKNOWN STEP	2026-08-10T10:44:04.6423820Z (pass) releaseTag > prepends known language prefixes [0.01ms]
Test (Bun on macos-latest)	UNKNOWN STEP	2026-08-10T10:44:04.6424850Z (pass) releaseTag > passes arbitrary prefixes through [0.10ms]
Test (Bun on macos-latest)	UNKNOWN STEP	2026-08-10T10:44:04.6426330Z (pass) releaseName > returns bare version when prefix is empty (preserves pre-issue-108 behaviour) [0.08ms]
Test (Bun on macos-latest)	UNKNOWN STEP	2026-08-10T10:44:04.6428130Z (pass) releaseName > decorates known language prefixes with human titles [0.03ms]
Test (Bun on macos-latest)	UNKNOWN STEP	2026-08-10T10:44:04.6429440Z (pass) releaseName > falls back to "${prefix}${version}" for unknown prefixes [0.02ms]
Test (Bun on macos-latest)	UNKNOWN STEP	2026-08-10T10:44:04.6431070Z (pass) release badge helpers > strips plain and language-prefixed v tags before building badge versions [0.26ms]
Test (Bun on macos-latest)	UNKNOWN STEP	2026-08-10T10:44:04.6438490Z (pass) release badge helpers > escapes shields.io static badge path delimiters in prerelease versions [0.10ms]
Test (Bun on macos-latest)	UNKNOWN STEP	2026-08-10T10:44:04.6440290Z (pass) release badge helpers > builds an exact npm version badge without leaking the js tag prefix [0.15ms]
Test (Bun on macos-latest)	UNKNOWN STEP	2026-08-10T10:44:04.6442000Z (pass) release badge helpers > builds an exact crates.io version badge without leaking the rust tag prefix [0.07ms]
Test (Bun on macos-latest)	UNKNOWN STEP	2026-08-10T10:44:04.6461680Z (pass) extractChangelogEntry > extracts a Changesets-style JavaScript entry [0.46ms]
Test (Bun on macos-latest)	UNKNOWN STEP	2026-08-10T10:44:04.6463100Z (pass) extractChangelogEntry > extracts a Keep-a-Changelog-style Rust entry [0.07ms]
Test (Bun on macos-latest)	UNKNOWN STEP	2026-08-10T10:44:04.6463830Z 
Test (Bun on macos-latest)	UNKNOWN STEP	2026-08-10T10:44:04.6464450Z ##[endgroup]
Test (Bun on macos-latest)	UNKNOWN STEP	2026-08-10T10:44:04.6464670Z 
Test (Bun on macos-latest)	UNKNOWN STEP	2026-08-10T10:44:04.6465140Z ##[group]test/run-js-tests.mjs:
Test (Bun on macos-latest)	UNKNOWN STEP	2026-08-10T10:44:04.6484270Z (pass) run-js-tests timeout defaults > adds a 30 second timeout when no timeout is supplied [0.07ms]
Test (Bun on macos-latest)	UNKNOWN STEP	2026-08-10T10:44:04.6487230Z (pass) run-js-tests timeout defaults > preserves an explicit long timeout flag [0.02ms]
Test (Bun on macos-latest)	UNKNOWN STEP	2026-08-10T10:44:04.6487790Z (pass) run-js-tests timeout defaults > preserves an explicit inline timeout flag [0.02ms]
Test (Bun on macos-latest)	UNKNOWN STEP	2026-08-10T10:44:04.6488280Z (pass) run-js-tests timeout defaults > preserves Bun short timeout flag [0.01ms]
Test (Bun on macos-latest)	UNKNOWN STEP	2026-08-10T10:44:04.6488540Z 
Test (Bun on macos-latest)	UNKNOWN STEP	2026-08-10T10:44:04.6488790Z ##[endgroup]
Test (Bun on macos-latest)	UNKNOWN STEP	2026-08-10T10:44:04.6488870Z 
Test (Bun on macos-latest)	UNKNOWN STEP	2026-08-10T10:44:04.6489060Z ##[group]test/screen-integration.js:
Test (Bun on macos-latest)	UNKNOWN STEP	2026-08-10T10:44:04.7025530Z (pass) Screen Integration Tests > runInScreen (if available) > should run command in detached screen session [50.89ms]
Test (Bun on macos-latest)	UNKNOWN STEP	2026-08-10T10:44:05.4155910Z (pass) Screen Integration Tests > runInScreen (if available) > should stream detached screen output to the tracked CLI log path [712.95ms]
Test (Bun on macos-latest)	UNKNOWN STEP	2026-08-10T10:44:05.5828570Z hello
Test (Bun on macos-latest)	UNKNOWN STEP	2026-08-10T10:44:05.5837030Z   Captured output: "hello"
Test (Bun on macos-latest)	UNKNOWN STEP	2026-08-10T10:44:05.5839040Z (pass) Screen Integration Tests > runInScreen (if available) > should run command in attached mode and capture output (issue #15) [168.47ms]
Test (Bun on macos-latest)	UNKNOWN STEP	2026-08-10T10:44:05.7496440Z (pass) Screen Integration Tests > runInScreen (if available) > should handle multi-line output in attached mode [162.93ms]
Test (Bun on macos-latest)	UNKNOWN STEP	2026-08-10T10:44:05.7496980Z line1
Test (Bun on macos-latest)	UNKNOWN STEP	2026-08-10T10:44:05.7525690Z line2
Test (Bun on macos-latest)	UNKNOWN STEP	2026-08-10T10:44:05.7526520Z line3
Test (Bun on macos-latest)	UNKNOWN STEP	2026-08-10T10:44:05.7526880Z   Captured multi-line output: "line1
Test (Bun on macos-latest)	UNKNOWN STEP	2026-08-10T10:44:05.7527120Z \nline2
Test (Bun on macos-latest)	UNKNOWN STEP	2026-08-10T10:44:05.7527260Z \nline3"
Test (Bun on macos-latest)	UNKNOWN STEP	2026-08-10T10:44:05.9042720Z hello
Test (Bun on macos-latest)	UNKNOWN STEP	2026-08-10T10:44:05.9044160Z   Captured quoted output: "hello"
Test (Bun on macos-latest)	UNKNOWN STEP	2026-08-10T10:44:05.9046260Z (pass) Screen Integration Tests > runInScreen (if available) > should capture output from commands with quoted strings (issue #25) [157.38ms]
Test (Bun on macos-latest)	UNKNOWN STEP	2026-08-10T10:44:06.0490910Z hello from attached mode
Test (Bun on macos-latest)	UNKNOWN STEP	2026-08-10T10:44:06.0492510Z   Captured complex quote output: "hello from attached mode"
Test (Bun on macos-latest)	UNKNOWN STEP	2026-08-10T10:44:06.0493410Z (pass) Screen Integration Tests > runInScreen (if available) > should capture output from commands with complex quoted strings [144.78ms]
Test (Bun on macos-latest)	UNKNOWN STEP	2026-08-10T10:44:06.2021040Z quick command output
Test (Bun on macos-latest)	UNKNOWN STEP	2026-08-10T10:44:06.2029020Z (pass) Screen Integration Tests > runInScreen (if available) > should always return output property in attached mode (issue #25 fix verification) [153.23ms]
Test (Bun on macos-latest)	UNKNOWN STEP	2026-08-10T10:44:06.2030030Z   Verified output capture: "quick command output"
Test (Bun on macos-latest)	UNKNOWN STEP	2026-08-10T10:44:06.3488840Z v24.18.0
Test (Bun on macos-latest)	UNKNOWN STEP	2026-08-10T10:44:06.3523150Z (pass) Screen Integration Tests > runInScreen (if available) > should capture output from version-flag commands (issue #96) [146.30ms]
Test (Bun on macos-latest)	UNKNOWN STEP	2026-08-10T10:44:06.3523680Z   Captured version output: "v24.18.0"
Test (Bun on macos-latest)	UNKNOWN STEP	2026-08-10T10:44:06.5037320Z (pass) Screen Integration Tests > runInScreen (if available) > should capture exit code from failed commands (issue #96) [152.22ms]
Test (Bun on macos-latest)	UNKNOWN STEP	2026-08-10T10:44:06.5038040Z /bin/bash: nonexistent_command_12345: command not found
Test (Bun on macos-latest)	UNKNOWN STEP	2026-08-10T10:44:06.5138560Z   Captured exit code: 127
Test (Bun on macos-latest)	UNKNOWN STEP	2026-08-10T10:44:06.6556540Z stderr-test
Test (Bun on macos-latest)	UNKNOWN STEP	2026-08-10T10:44:06.6658770Z (pass) Screen Integration Tests > runInScreen (if available) > should capture stderr output in screen isolation (issue #96) [154.43ms]
Test (Bun on macos-latest)	UNKNOWN STEP	2026-08-10T10:44:06.6659500Z   Captured stderr output: "stderr-test"
Test (Bun on macos-latest)	UNKNOWN STEP	2026-08-10T10:44:06.8103060Z line1
Test (Bun on macos-latest)	UNKNOWN STEP	2026-08-10T10:44:06.8205540Z (pass) Screen Integration Tests > runInScreen (if available) > should capture multi-line output with correct exit code (issue #96) [154.93ms]
Test (Bun on macos-latest)	UNKNOWN STEP	2026-08-10T10:44:06.8206940Z line2
Test (Bun on macos-latest)	UNKNOWN STEP	2026-08-10T10:44:06.8304480Z 
Test (Bun on macos-latest)	UNKNOWN STEP	2026-08-10T10:44:06.8304790Z line3
Test (Bun on macos-latest)	UNKNOWN STEP	2026-08-10T10:44:06.8405830Z ##[endgroup]
Test (Bun on macos-latest)	UNKNOWN STEP	2026-08-10T10:44:06.8406230Z   Multi-line output with exit code 0: verified
Test (Bun on macos-latest)	UNKNOWN STEP	2026-08-10T10:44:06.8477980Z 
Test (Bun on macos-latest)	UNKNOWN STEP	2026-08-10T10:44:06.8478350Z === Session Name Status Tests (Issue #101) ===
Test (Bun on macos-latest)	UNKNOWN STEP	2026-08-10T10:44:06.8510650Z ##[group]test/sequence-parser.js:
Test (Bun on macos-latest)	UNKNOWN STEP	2026-08-10T10:44:06.8511480Z (pass) Sequence Parser > parseSequence > should parse single value [0.06ms]
Test (Bun on macos-latest)	UNKNOWN STEP	2026-08-10T10:44:06.8512140Z (pass) Sequence Parser > parseSequence > should parse space-separated sequence [0.04ms]
Test (Bun on macos-latest)	UNKNOWN STEP	2026-08-10T10:44:06.8513380Z (pass) Sequence Parser > parseSequence > should parse sequence with underscores as null [0.02ms]
Test (Bun on macos-latest)	UNKNOWN STEP	2026-08-10T10:44:06.8514060Z (pass) Sequence Parser > parseSequence > should handle all underscores [0.01ms]
Test (Bun on macos-latest)	UNKNOWN STEP	2026-08-10T10:44:06.8514690Z (pass) Sequence Parser > parseSequence > should handle empty string [0.01ms]
Test (Bun on macos-latest)	UNKNOWN STEP	2026-08-10T10:44:06.8515290Z (pass) Sequence Parser > parseSequence > should handle null/undefined [0.01ms]
Test (Bun on macos-latest)	UNKNOWN STEP	2026-08-10T10:44:06.8515900Z (pass) Sequence Parser > parseSequence > should trim whitespace
Test (Bun on macos-latest)	UNKNOWN STEP	2026-08-10T10:44:06.8516550Z (pass) Sequence Parser > parseSequence > should handle multiple spaces between values [0.01ms]
Test (Bun on macos-latest)	UNKNOWN STEP	2026-08-10T10:44:06.8517340Z (pass) Sequence Parser > formatSequence > should format array with values [0.02ms]
Test (Bun on macos-latest)	UNKNOWN STEP	2026-08-10T10:44:06.8517970Z (pass) Sequence Parser > formatSequence > should format array with nulls as underscores
Test (Bun on macos-latest)	UNKNOWN STEP	2026-08-10T10:44:06.8531380Z (pass) Sequence Parser > formatSequence > should handle empty array
Test (Bun on macos-latest)	UNKNOWN STEP	2026-08-10T10:44:06.8532010Z (pass) Sequence Parser > formatSequence > should handle non-array
Test (Bun on macos-latest)	UNKNOWN STEP	2026-08-10T10:44:06.8532720Z (pass) Sequence Parser > shiftSequence > should remove first element [0.03ms]
Test (Bun on macos-latest)	UNKNOWN STEP	2026-08-10T10:44:06.8533450Z (pass) Sequence Parser > shiftSequence > should handle nulls
Test (Bun on macos-latest)	UNKNOWN STEP	2026-08-10T10:44:06.8534130Z (pass) Sequence Parser > shiftSequence > should handle single element
Test (Bun on macos-latest)	UNKNOWN STEP	2026-08-10T10:44:06.8534830Z (pass) Sequence Parser > shiftSequence > should handle empty array
Test (Bun on macos-latest)	UNKNOWN STEP	2026-08-10T10:44:06.8535630Z (pass) Sequence Parser > isSequence > should return true for space-separated values [0.01ms]
Test (Bun on macos-latest)	UNKNOWN STEP	2026-08-10T10:44:06.8536320Z (pass) Sequence Parser > isSequence > should return false for single value
Test (Bun on macos-latest)	UNKNOWN STEP	2026-08-10T10:44:06.8537150Z (pass) Sequence Parser > isSequence > should return false for non-string [0.04ms]
Test (Bun on macos-latest)	UNKNOWN STEP	2026-08-10T10:44:06.8538270Z (pass) Sequence Parser > distributeOption > should replicate single value for all levels [0.07ms]
Test (Bun on macos-latest)	UNKNOWN STEP	2026-08-10T10:44:06.8539820Z (pass) Sequence Parser > distributeOption > should parse sequence with matching length [0.01ms]
Test (Bun on macos-latest)	UNKNOWN STEP	2026-08-10T10:44:06.8558140Z (pass) Sequence Parser > distributeOption > should throw on length mismatch [0.03ms]
Test (Bun on macos-latest)	UNKNOWN STEP	2026-08-10T10:44:06.8558910Z (pass) Sequence Parser > distributeOption > should handle null/undefined value [0.01ms]
Test (Bun on macos-latest)	UNKNOWN STEP	2026-08-10T10:44:06.8560020Z (pass) Sequence Parser > getValueAtLevel > should get value at valid index [0.03ms]
Test (Bun on macos-latest)	UNKNOWN STEP	2026-08-10T10:44:06.8592160Z (pass) Sequence Parser > getValueAtLevel > should handle nulls
Test (Bun on macos-latest)	UNKNOWN STEP	2026-08-10T10:44:06.8592820Z (pass) Sequence Parser > getValueAtLevel > should return null for out of bounds
Test (Bun on macos-latest)	UNKNOWN STEP	2026-08-10T10:44:06.8593390Z (pass) Sequence Parser > getValueAtLevel > should handle non-array
Test (Bun on macos-latest)	UNKNOWN STEP	2026-08-10T10:44:06.8594090Z (pass) Sequence Parser > formatIsolationChain > should format simple chain [0.06ms]
Test (Bun on macos-latest)	UNKNOWN STEP	2026-08-10T10:44:06.8594670Z (pass) Sequence Parser > formatIsolationChain > should add SSH endpoint [0.02ms]
Test (Bun on macos-latest)	UNKNOWN STEP	2026-08-10T10:44:06.8595170Z (pass) Sequence Parser > formatIsolationChain > should add Docker image short name [0.02ms]
Test (Bun on macos-latest)	UNKNOWN STEP	2026-08-10T10:44:06.8595710Z (pass) Sequence Parser > formatIsolationChain > should handle placeholders
Test (Bun on macos-latest)	UNKNOWN STEP	2026-08-10T10:44:06.8596180Z (pass) Sequence Parser > formatIsolationChain > should handle empty array
Test (Bun on macos-latest)	UNKNOWN STEP	2026-08-10T10:44:06.8596710Z (pass) Sequence Parser > buildNextLevelOptions > should shift all stacks [0.06ms]
Test (Bun on macos-latest)	UNKNOWN STEP	2026-08-10T10:44:06.8597300Z (pass) Sequence Parser > buildNextLevelOptions > should handle last level [0.02ms]
Test (Bun on macos-latest)	UNKNOWN STEP	2026-08-10T10:44:06.8597600Z 
Test (Bun on macos-latest)	UNKNOWN STEP	2026-08-10T10:44:06.8597940Z ##[endgroup]
Test (Bun on macos-latest)	UNKNOWN STEP	2026-08-10T10:44:06.8598050Z 
Test (Bun on macos-latest)	UNKNOWN STEP	2026-08-10T10:44:06.8598360Z ##[group]test/session-name-status.js:
Test (Bun on macos-latest)	UNKNOWN STEP	2026-08-10T10:44:06.8598920Z (pass) Issue #101: --status with session name lookup > ExecutionStore.get() session name lookup > should find record by UUID [1.52ms]
Test (Bun on macos-latest)	UNKNOWN STEP	2026-08-10T10:44:06.8599740Z (pass) Issue #101: --status with session name lookup > ExecutionStore.get() session name lookup > should find record by session name [1.03ms]
Test (Bun on macos-latest)	UNKNOWN STEP	2026-08-10T10:44:06.8600560Z (pass) Issue #101: --status with session name lookup > ExecutionStore.get() session name lookup > should prefer UUID match over session name [1.45ms]
Test (Bun on macos-latest)	UNKNOWN STEP	2026-08-10T10:44:06.8601800Z (pass) Issue #101: --status with session name lookup > ExecutionStore.get() session name lookup > should return null for non-existent session name [0.15ms]
Test (Bun on macos-latest)	UNKNOWN STEP	2026-08-10T10:44:06.8602830Z (pass) Issue #101: --status with session name lookup > ExecutionStore.get() session name lookup > should return null for record without session name [0.65ms]
Test (Bun on macos-latest)	UNKNOWN STEP	2026-08-10T10:44:06.8603730Z (pass) Issue #101: --status with session name lookup > queryStatus() with session name > should query status by session name [12.70ms]
Test (Bun on macos-latest)	UNKNOWN STEP	2026-08-10T10:44:06.8604880Z (pass) Issue #101: --status with session name lookup > queryStatus() with session name > should show error for non-existent session name [0.27ms]
Test (Bun on macos-latest)	UNKNOWN STEP	2026-08-10T10:44:07.0058420Z (pass) Issue #101: --status with session name lookup > CLI --status with session name > should query by session name via CLI [146.72ms]
Test (Bun on macos-latest)	UNKNOWN STEP	2026-08-10T10:44:07.1275160Z (pass) Issue #101: --status with session name lookup > CLI --status with session name > should show error for non-existent session name via CLI [118.63ms]
Test (Bun on macos-latest)	UNKNOWN STEP	2026-08-10T10:44:07.1379190Z (pass) Issue #101: Detached status enrichment > isDetachedSessionAlive() > should return null for non-detached records [0.27ms]
Test (Bun on macos-latest)	UNKNOWN STEP	2026-08-10T10:44:07.1481250Z (pass) Issue #101: Detached status enrichment > isDetachedSessionAlive() > should return null for records without session name [0.05ms]
Test (Bun on macos-latest)	UNKNOWN STEP	2026-08-10T10:44:07.1584550Z (pass) Issue #101: Detached status enrichment > isDetachedSessionAlive() > should return false for non-existent screen session [19.66ms]
Test (Bun on macos-latest)	UNKNOWN STEP	2026-08-10T10:44:07.1688350Z (pass) Issue #101: Detached status enrichment > isDetachedSessionAlive() > should return false for non-existent docker container [0.34ms]
Test (Bun on macos-latest)	UNKNOWN STEP	2026-08-10T10:44:07.1790860Z (pass) Issue #101: Detached status enrichment > enrichDetachedStatus() > should not modify non-detached records [0.04ms]
Test (Bun on macos-latest)	UNKNOWN STEP	2026-08-10T10:44:07.1894260Z (pass) Issue #101: Detached status enrichment > enrichDetachedStatus() > should mark non-running detached session as executed [14.87ms]
Test (Bun on macos-latest)	UNKNOWN STEP	2026-08-10T10:44:07.2217390Z (pass) Issue #101: Detached status enrichment > enrichDetachedStatus() > Issue #134: completed record with a lingering live session > keeps the recorded exit code when the session is still listed [61.63ms]
Test (Bun on macos-latest)	UNKNOWN STEP	2026-08-10T10:44:07.2695970Z (pass) Issue #101: Detached status enrichment > enrichDetachedStatus() > Issue #134: completed record with a lingering live session > honors the log footer exit code even without a recorded exit code [47.90ms]
Test (Bun on macos-latest)	UNKNOWN STEP	2026-08-10T10:44:07.3300200Z (pass) Issue #101: Detached status enrichment > enrichDetachedStatus() > Issue #134: completed record with a lingering live session > flips to executing only when there is no terminal record at all [60.27ms]
Test (Bun on macos-latest)	UNKNOWN STEP	2026-08-10T10:44:07.3338600Z (pass) Issue #136: detached docker session liveness > reports unknown (null) — not false — when the container is not visible yet [0.16ms]
Test (Bun on macos-latest)	UNKNOWN STEP	2026-08-10T10:44:07.3342590Z (pass) Issue #136: detached docker session liveness > keeps the record executing while the container is not visible yet [0.06ms]
Test (Bun on macos-latest)	UNKNOWN STEP	2026-08-10T10:44:07.3370600Z (pass) Issue #136: detached docker session liveness > keeps a running container executing [0.12ms]
Test (Bun on macos-latest)	UNKNOWN STEP	2026-08-10T10:44:07.3375920Z (pass) Issue #136: detached docker session liveness > resolves a stopped container to its real exit code, never the -1 sentinel [0.10ms]
Test (Bun on macos-latest)	UNKNOWN STEP	2026-08-10T10:44:07.3719870Z (pass) Issue #144: detached docker OOMKilled status signal > surfaces oomKilled in status output even when Docker exit code is 0 [41.53ms]
Test (Bun on macos-latest)	UNKNOWN STEP	2026-08-10T10:44:07.3842910Z (pass) Issue #144: detached docker OOMKilled status signal > surfaces oomKilled in list output [12.31ms]
Test (Bun on macos-latest)	UNKNOWN STEP	2026-08-10T10:44:07.3979650Z (pass) Issue #148: detached docker OOMKilled terminal status when the container is gone > makes an OOM-killed session terminal once its container is gone [13.71ms]
Test (Bun on macos-latest)	UNKNOWN STEP	2026-08-10T10:44:07.4092020Z (pass) Issue #148: detached docker OOMKilled terminal status when the container is gone > uses the container exit code, not 137, for a stopped OOM-flagged container [11.06ms]
Test (Bun on macos-latest)	UNKNOWN STEP	2026-08-10T10:44:07.4222310Z (pass) Issue #151: OOMKilled is an observation, not a verdict > keeps a running container executing while exposing oomKilled [13.07ms]
Test (Bun on macos-latest)	UNKNOWN STEP	2026-08-10T10:44:07.4291610Z (pass) Issue #151: OOMKilled is an observation, not a verdict > never synthesizes 137 for a running container that reports exit code 137 [6.90ms]
Test (Bun on macos-latest)	UNKNOWN STEP	2026-08-10T10:44:07.4458930Z (pass) Issue #151: OOMKilled is an observation, not a verdict > reports the container exit code 0 once an OOM-flagged container finishes [16.78ms]
Test (Bun on macos-latest)	UNKNOWN STEP	2026-08-10T10:44:07.4638260Z (pass) Issue #151: OOMKilled is an observation, not a verdict > prefers the log footer exit code over the OOM fallback when the container is gone [17.90ms]
Test (Bun on macos-latest)	UNKNOWN STEP	2026-08-10T10:44:07.4790760Z (pass) Issue #151: OOMKilled is an observation, not a verdict > keeps the list output executing for an OOM-flagged running container [15.21ms]
Test (Bun on macos-latest)	UNKNOWN STEP	2026-08-10T10:44:07.4802360Z (pass) Issue #105: attachCurrentTime for executing status > should add currentTime to serialization when status is executing [1.23ms]
Test (Bun on macos-latest)	UNKNOWN STEP	2026-08-10T10:44:07.4803370Z (pass) Issue #105: attachCurrentTime for executing status > should not add currentTime when status is executed [0.12ms]
Test (Bun on macos-latest)	UNKNOWN STEP	2026-08-10T10:44:07.4804100Z (pass) Issue #105: attachCurrentTime for executing status > should not mutate the original record [0.06ms]
Test (Bun on macos-latest)	UNKNOWN STEP	2026-08-10T10:44:07.4804930Z (pass) Issue #105: attachCurrentTime for executing status > should place currentTime right after startTime in serialization order [0.10ms]
Test (Bun on macos-latest)	UNKNOWN STEP	2026-08-10T10:44:07.4805840Z (pass) Issue #105: attachCurrentTime for executing status > should handle null record gracefully [0.03ms]
Test (Bun on macos-latest)	UNKNOWN STEP	2026-08-10T10:44:07.4806290Z 
Test (Bun on macos-latest)	UNKNOWN STEP	2026-08-10T10:44:07.4806910Z ##[endgroup]
Test (Bun on macos-latest)	UNKNOWN STEP	2026-08-10T10:44:07.4807070Z 
Test (Bun on macos-latest)	UNKNOWN STEP	2026-08-10T10:44:07.4807300Z ##[group]test/ssh-integration.js:
Test (Bun on macos-latest)	UNKNOWN STEP	2026-08-10T10:44:07.6603090Z   SSH to localhost not available, integration tests will be skipped
Test (Bun on macos-latest)	UNKNOWN STEP	2026-08-10T10:44:07.6610060Z (pass) SSH Integration Tests > runInSsh with real SSH connection > should execute simple command in attached mode [0.23ms]
Test (Bun on macos-latest)	UNKNOWN STEP	2026-08-10T10:44:07.6610620Z   Skipping: SSH to localhost not available
Test (Bun on macos-latest)	UNKNOWN STEP	2026-08-10T10:44:07.6620190Z (pass) SSH Integration Tests > runInSsh with real SSH connection > should execute command with arguments [0.06ms]
Test (Bun on macos-latest)	UNKNOWN STEP	2026-08-10T10:44:07.6625300Z   Skipping: SSH to localhost not available
Test (Bun on macos-latest)	UNKNOWN STEP	2026-08-10T10:44:07.6639980Z (pass) SSH Integration Tests > runInSsh with real SSH connection > should handle command failure with non-zero exit code [0.04ms]
Test (Bun on macos-latest)	UNKNOWN STEP	2026-08-10T10:44:07.6641500Z   Skipping: SSH to localhost not available
Test (Bun on macos-latest)	UNKNOWN STEP	2026-08-10T10:44:07.6644760Z (pass) SSH Integration Tests > runInSsh with real SSH connection > should execute command in detached mode [0.06ms]
Test (Bun on macos-latest)	UNKNOWN STEP	2026-08-10T10:44:07.6646060Z   Skipping: SSH to localhost not available
Test (Bun on macos-latest)	UNKNOWN STEP	2026-08-10T10:44:07.6648700Z (pass) SSH Integration Tests > runInSsh with real SSH connection > should handle multiple sequential commands [0.04ms]
Test (Bun on macos-latest)	UNKNOWN STEP	2026-08-10T10:44:07.6650040Z   Skipping: SSH to localhost not available
Test (Bun on macos-latest)	UNKNOWN STEP	2026-08-10T10:44:07.6651750Z (pass) SSH Integration Tests > runInSsh with real SSH connection > should handle command with environment variables [0.03ms]
Test (Bun on macos-latest)	UNKNOWN STEP	2026-08-10T10:44:07.6653130Z   Skipping: SSH to localhost not available
Test (Bun on macos-latest)	UNKNOWN STEP	2026-08-10T10:44:07.6659520Z (pass) SSH Integration Tests > runInSsh with real SSH connection > should handle special characters in command [0.06ms]
Test (Bun on macos-latest)	UNKNOWN STEP	2026-08-10T10:44:07.6660780Z   Skipping: SSH to localhost not available
Test (Bun on macos-latest)	UNKNOWN STEP	2026-08-10T10:44:07.6663190Z (pass) SSH Integration Tests > runInSsh with real SSH connection > should work with custom session name [0.06ms]
Test (Bun on macos-latest)	UNKNOWN STEP	2026-08-10T10:44:07.6664570Z   Skipping: SSH to localhost not available
Test (Bun on macos-latest)	UNKNOWN STEP	2026-08-10T10:44:07.6665880Z   Note: SSH connection error handling is tested via unit tests
Test (Bun on macos-latest)	UNKNOWN STEP	2026-08-10T10:44:07.6747630Z (pass) SSH Integration Tests > SSH error handling > should fail gracefully with invalid endpoint [13.81ms]
Test (Bun on macos-latest)	UNKNOWN STEP	2026-08-10T10:44:07.7512470Z (pass) SSH CLI Integration > should work through CLI with --isolated ssh --endpoint [0.17ms]
Test (Bun on macos-latest)	UNKNOWN STEP	2026-08-10T10:44:07.7512950Z   Skipping: SSH to localhost not available
Test (Bun on macos-latest)	UNKNOWN STEP	2026-08-10T10:44:07.7513520Z 
Test (Bun on macos-latest)	UNKNOWN STEP	2026-08-10T10:44:07.7513940Z ##[endgroup]
Test (Bun on macos-latest)	UNKNOWN STEP	2026-08-10T10:44:07.7514030Z 
Test (Bun on macos-latest)	UNKNOWN STEP	2026-08-10T10:44:07.7514210Z ##[group]test/status-query.js:
Test (Bun on macos-latest)	UNKNOWN STEP	2026-08-10T10:44:07.7533630Z === Status Query Integration Tests ===
Test (Bun on macos-latest)	UNKNOWN STEP	2026-08-10T10:44:07.8616230Z (pass) --status query functionality > links-notation format (default) > should output status in links-notation indented format by default [107.30ms]
Test (Bun on macos-latest)	UNKNOWN STEP	2026-08-10T10:44:07.9662470Z (pass) --status query functionality > links-notation format (default) > should output status in links-notation format with explicit flag [104.63ms]
Test (Bun on macos-latest)	UNKNOWN STEP	2026-08-10T10:44:08.0795360Z (pass) --status query functionality > json format > should output status in JSON format [113.15ms]
Test (Bun on macos-latest)	UNKNOWN STEP	2026-08-10T10:44:08.1901950Z (pass) --status query functionality > text format > should output status in human-readable text format [110.59ms]
Test (Bun on macos-latest)	UNKNOWN STEP	2026-08-10T10:44:08.3039380Z (pass) --status query functionality > error handling > should show error for non-existent UUID [113.80ms]
Test (Bun on macos-latest)	UNKNOWN STEP	2026-08-10T10:44:08.3496200Z (pass) --status query functionality > error handling > should show error when tracking is disabled [45.49ms]
Test (Bun on macos-latest)	UNKNOWN STEP	2026-08-10T10:44:08.4452600Z (pass) --status query functionality > --list query functionality > should output all tracked executions in links-notation format by default [95.55ms]
Test (Bun on macos-latest)	UNKNOWN STEP	2026-08-10T10:44:08.5407790Z (pass) --status query functionality > --list query functionality > should output all tracked executions in JSON format [93.90ms]
Test (Bun on macos-latest)	UNKNOWN STEP	2026-08-10T10:44:08.6151730Z (pass) --status query functionality > --list query functionality > should show count zero when no records are stored [75.91ms]
Test (Bun on macos-latest)	UNKNOWN STEP	2026-08-10T10:44:08.6498250Z (pass) --status query functionality > --list query functionality > should show error when tracking is disabled [34.63ms]
Test (Bun on macos-latest)	UNKNOWN STEP	2026-08-10T10:44:08.7003680Z (pass) --status query functionality > --upload-log functionality > should run gh-upload-log with the stored execution log path [50.49ms]
Test (Bun on macos-latest)	UNKNOWN STEP	2026-08-10T10:44:08.7630720Z (pass) --status query functionality > --upload-log functionality > should install gh-upload-log when it is missing before uploading [62.63ms]
Test (Bun on macos-latest)	UNKNOWN STEP	2026-08-10T10:44:08.8600890Z (pass) --status query functionality > --upload-log functionality > should show an error when the stored log file is missing [96.69ms]
Test (Bun on macos-latest)	UNKNOWN STEP	2026-08-10T10:44:08.9715950Z (pass) --status query functionality > executing status > should show executing status for ongoing commands [111.81ms]
Test (Bun on macos-latest)	UNKNOWN STEP	2026-08-10T10:44:09.0702940Z (pass) --status query functionality > executing status > should include currentTime for executing commands (JSON) [98.50ms]
Test (Bun on macos-latest)	UNKNOWN STEP	2026-08-10T10:44:09.1658930Z (pass) --status query functionality > executing status > should not include currentTime for completed commands (JSON) [95.58ms]
Test (Bun on macos-latest)	UNKNOWN STEP	2026-08-10T10:44:09.2724460Z (pass) --status query functionality > executing status > should include currentTime in links-notation for executing commands [106.38ms]
Test (Bun on macos-latest)	UNKNOWN STEP	2026-08-10T10:44:09.4380330Z (pass) --status query functionality > executing status > should indent nested process ID arrays in links-notation [165.65ms]
Test (Bun on macos-latest)	UNKNOWN STEP	2026-08-10T10:44:09.5424570Z (pass) --status query functionality > executing status > should include Current Time in text format for executing commands [104.24ms]
Test (Bun on macos-latest)	UNKNOWN STEP	2026-08-10T10:44:09.6479970Z (pass) --status query functionality > executing status > should not include Current Time in text format for completed commands [105.41ms]
Test (Bun on macos-latest)	UNKNOWN STEP	2026-08-10T10:44:09.6481210Z 
Test (Bun on macos-latest)	UNKNOWN STEP	2026-08-10T10:44:09.6481970Z ##[endgroup]
Test (Bun on macos-latest)	UNKNOWN STEP	2026-08-10T10:44:09.6482220Z 
Test (Bun on macos-latest)	UNKNOWN STEP	2026-08-10T10:44:09.6482750Z ##[group]test/substitution.js:
Test (Bun on macos-latest)	UNKNOWN STEP	2026-08-10T10:44:09.6518650Z === Substitution Engine Unit Tests ===
Test (Bun on macos-latest)	UNKNOWN STEP	2026-08-10T10:44:09.6519130Z 
Test (Bun on macos-latest)	UNKNOWN STEP	2026-08-10T10:44:09.6529630Z ✓ Loaded 48 substitution rules
Test (Bun on macos-latest)	UNKNOWN STEP	2026-08-10T10:44:09.6530000Z 
Test (Bun on macos-latest)	UNKNOWN STEP	2026-08-10T10:44:09.6530620Z ✓ Test: loadDefaultSubstitutions() returns array of rules
Test (Bun on macos-latest)	UNKNOWN STEP	2026-08-10T10:44:09.6531770Z ✓ Test: Rules have correct structure (pattern, replacement, regex)
Test (Bun on macos-latest)	UNKNOWN STEP	2026-08-10T10:44:09.6532340Z 
Test (Bun on macos-latest)	UNKNOWN STEP	2026-08-10T10:44:09.6532590Z === Pattern Matching Tests ===
Test (Bun on macos-latest)	UNKNOWN STEP	2026-08-10T10:44:09.6532920Z 
Test (Bun on macos-latest)	UNKNOWN STEP	2026-08-10T10:44:09.6536100Z ✓ PASS: Basic npm install
Test (Bun on macos-latest)	UNKNOWN STEP	2026-08-10T10:44:09.6537770Z   Input:  "install gh-upload-log npm package"
Test (Bun on macos-latest)	UNKNOWN STEP	2026-08-10T10:44:09.6538720Z   Output: "npm install gh-upload-log"
Test (Bun on macos-latest)	UNKNOWN STEP	2026-08-10T10:44:09.6539300Z 
Test (Bun on macos-latest)	UNKNOWN STEP	2026-08-10T10:44:09.6539920Z ✓ PASS: npm install with version
Test (Bun on macos-latest)	UNKNOWN STEP	2026-08-10T10:44:09.6542080Z   Input:  "install 0.0.1 version of gh-upload-log npm package"
Test (Bun on macos-latest)	UNKNOWN STEP	2026-08-10T10:44:09.6543240Z   Output: "npm install gh-upload-log@0.0.1"
Test (Bun on macos-latest)	UNKNOWN STEP	2026-08-10T10:44:09.6543860Z 
Test (Bun on macos-latest)	UNKNOWN STEP	2026-08-10T10:44:09.6544390Z ✓ PASS: Global npm install
Test (Bun on macos-latest)	UNKNOWN STEP	2026-08-10T10:44:09.6545310Z   Input:  "install lodash npm package globally"
Test (Bun on macos-latest)	UNKNOWN STEP	2026-08-10T10:44:09.6546450Z   Output: "npm install -g lodash"
Test (Bun on macos-latest)	UNKNOWN STEP	2026-08-10T10:44:09.6547070Z 
Test (Bun on macos-latest)	UNKNOWN STEP	2026-08-10T10:44:09.6547540Z ✓ PASS: Global npm install with version
Test (Bun on macos-latest)	UNKNOWN STEP	2026-08-10T10:44:09.6548490Z   Input:  "install 4.17.21 version of lodash npm package globally"
Test (Bun on macos-latest)	UNKNOWN STEP	2026-08-10T10:44:09.6549390Z   Output: "npm install -g lodash@4.17.21"
Test (Bun on macos-latest)	UNKNOWN STEP	2026-08-10T10:44:09.6549810Z 
Test (Bun on macos-latest)	UNKNOWN STEP	2026-08-10T10:44:09.6550310Z ✓ PASS: npm uninstall
Test (Bun on macos-latest)	UNKNOWN STEP	2026-08-10T10:44:09.6550910Z   Input:  "uninstall lodash npm package"
Test (Bun on macos-latest)	UNKNOWN STEP	2026-08-10T10:44:09.6551600Z   Output: "npm uninstall lodash"
Test (Bun on macos-latest)	UNKNOWN STEP	2026-08-10T10:44:09.6551940Z 
Test (Bun on macos-latest)	UNKNOWN STEP	2026-08-10T10:44:09.6552250Z ✓ PASS: Git clone with URL
Test (Bun on macos-latest)	UNKNOWN STEP	2026-08-10T10:44:09.6553010Z   Input:  "clone https://github.com/user/repo repository"
Test (Bun on macos-latest)	UNKNOWN STEP	2026-08-10T10:44:09.6553910Z   Output: "git clone https://github.com/user/repo"
Test (Bun on macos-latest)	UNKNOWN STEP	2026-08-10T10:44:09.6554360Z 
Test (Bun on macos-latest)	UNKNOWN STEP	2026-08-10T10:44:09.6554700Z ✓ PASS: Git clone with SSH URL
Test (Bun on macos-latest)	UNKNOWN STEP	2026-08-10T10:44:09.6555430Z   Input:  "clone git@github.com:user/repo.git repository"
Test (Bun on macos-latest)	UNKNOWN STEP	2026-08-10T10:44:09.6556750Z   Output: "git clone git@github.com:user/repo.git"
Test (Bun on macos-latest)	UNKNOWN STEP	2026-08-10T10:44:09.6557210Z 
Test (Bun on macos-latest)	UNKNOWN STEP	2026-08-10T10:44:09.6557620Z ✓ PASS: Git checkout branch
Test (Bun on macos-latest)	UNKNOWN STEP	2026-08-10T10:44:09.6558190Z   Input:  "checkout main branch"
Test (Bun on macos-latest)	UNKNOWN STEP	2026-08-10T10:44:09.6558770Z   Output: "git checkout main"
Test (Bun on macos-latest)	UNKNOWN STEP	2026-08-10T10:44:09.6559130Z 
Test (Bun on macos-latest)	UNKNOWN STEP	2026-08-10T10:44:09.6559430Z ✓ PASS: Git create branch
Test (Bun on macos-latest)	UNKNOWN STEP	2026-08-10T10:44:09.6559990Z   Input:  "create feature-x branch"
Test (Bun on macos-latest)	UNKNOWN STEP	2026-08-10T10:44:09.6560630Z   Output: "git checkout -b feature-x"
Test (Bun on macos-latest)	UNKNOWN STEP	2026-08-10T10:44:09.6561040Z 
Test (Bun on macos-latest)	UNKNOWN STEP	2026-08-10T10:44:09.6561280Z ✓ PASS: List files
Test (Bun on macos-latest)	UNKNOWN STEP	2026-08-10T10:44:09.6561750Z   Input:  "list files"
Test (Bun on macos-latest)	UNKNOWN STEP	2026-08-10T10:44:09.6562230Z   Output: "ls -la"
Test (Bun on macos-latest)	UNKNOWN STEP	2026-08-10T10:44:09.6562480Z 
Test (Bun on macos-latest)	UNKNOWN STEP	2026-08-10T10:44:09.6562790Z ✓ PASS: Show working directory
Test (Bun on macos-latest)	UNKNOWN STEP	2026-08-10T10:44:09.6564230Z   Input:  "show current directory"
Test (Bun on macos-latest)	UNKNOWN STEP	2026-08-10T10:44:09.6564820Z   Output: "pwd"
Test (Bun on macos-latest)	UNKNOWN STEP	2026-08-10T10:44:09.6565080Z 
Test (Bun on macos-latest)	UNKNOWN STEP	2026-08-10T10:44:09.6565410Z ✓ PASS: Create directory
Test (Bun on macos-latest)	UNKNOWN STEP	2026-08-10T10:44:09.6565790Z 
Test (Bun on macos-latest)	UNKNOWN STEP	2026-08-10T10:44:09.6566550Z ##[endgroup]
Test (Bun on macos-latest)	UNKNOWN STEP	2026-08-10T10:44:09.6566770Z 
Test (Bun on macos-latest)	UNKNOWN STEP	2026-08-10T10:44:09.6567250Z ##[group]test/user-manager.js:
Test (Bun on macos-latest)	UNKNOWN STEP	2026-08-10T10:44:09.6567960Z   Input:  "create my-project directory"
Test (Bun on macos-latest)	UNKNOWN STEP	2026-08-10T10:44:09.6568610Z   Output: "mkdir -p my-project"
Test (Bun on macos-latest)	UNKNOWN STEP	2026-08-10T10:44:09.6568950Z 
Test (Bun on macos-latest)	UNKNOWN STEP	2026-08-10T10:44:09.6569250Z ✓ PASS: pip install
Test (Bun on macos-latest)	UNKNOWN STEP	2026-08-10T10:44:09.6569810Z   Input:  "install requests python package"
Test (Bun on macos-latest)	UNKNOWN STEP	2026-08-10T10:44:09.6570480Z   Output: "pip install requests"
Test (Bun on macos-latest)	UNKNOWN STEP	2026-08-10T10:44:09.6570820Z 
Test (Bun on macos-latest)	UNKNOWN STEP	2026-08-10T10:44:09.6571440Z ✓ PASS: Non-matching command (pass through)
Test (Bun on macos-latest)	UNKNOWN STEP	2026-08-10T10:44:09.6572200Z   Input:  "echo hello world"
Test (Bun on macos-latest)	UNKNOWN STEP	2026-08-10T10:44:09.6572760Z   Output: "echo hello world"
Test (Bun on macos-latest)	UNKNOWN STEP	2026-08-10T10:44:09.6573070Z 
Test (Bun on macos-latest)	UNKNOWN STEP	2026-08-10T10:44:09.6573470Z ✓ PASS: Regular npm command (pass through)
Test (Bun on macos-latest)	UNKNOWN STEP	2026-08-10T10:44:09.6574090Z   Input:  "npm test"
Test (Bun on macos-latest)	UNKNOWN STEP	2026-08-10T10:44:09.6574580Z   Output: "npm test"
Test (Bun on macos-latest)	UNKNOWN STEP	2026-08-10T10:44:09.6574840Z 
Test (Bun on macos-latest)	UNKNOWN STEP	2026-08-10T10:44:09.6575120Z === Pattern Specificity Tests ===
Test (Bun on macos-latest)	UNKNOWN STEP	2026-08-10T10:44:09.6575470Z 
Test (Bun on macos-latest)	UNKNOWN STEP	2026-08-10T10:44:09.6575850Z ✓ Test: Pattern specificity works correctly
Test (Bun on macos-latest)	UNKNOWN STEP	2026-08-10T10:44:09.6577940Z   Input:  "install 1.0.0 version of express npm package globally"
Test (Bun on macos-latest)	UNKNOWN STEP	2026-08-10T10:44:09.6578830Z   Output: "npm install -g express@1.0.0"
Test (Bun on macos-latest)	UNKNOWN STEP	2026-08-10T10:44:09.6579220Z 
Test (Bun on macos-latest)	UNKNOWN STEP	2026-08-10T10:44:09.6579500Z === Variable Extraction Tests ===
Test (Bun on macos-latest)	UNKNOWN STEP	2026-08-10T10:44:09.6579850Z 
Test (Bun on macos-latest)	UNKNOWN STEP	2026-08-10T10:44:09.6580460Z ✓ Test: Variable extraction and substitution works correctly
Test (Bun on macos-latest)	UNKNOWN STEP	2026-08-10T10:44:09.6581400Z   Pattern matched: "install $packageName npm package"
Test (Bun on macos-latest)	UNKNOWN STEP	2026-08-10T10:44:09.6582790Z   Variables in pattern: [packageName]
Test (Bun on macos-latest)	UNKNOWN STEP	2026-08-10T10:44:09.6583480Z   Result command: "npm install my-package"
Test (Bun on macos-latest)	UNKNOWN STEP	2026-08-10T10:44:09.6583880Z 
Test (Bun on macos-latest)	UNKNOWN STEP	2026-08-10T10:44:09.6584180Z === processCommand Integration Tests ===
Test (Bun on macos-latest)	UNKNOWN STEP	2026-08-10T10:44:09.6584590Z 
Test (Bun on macos-latest)	UNKNOWN STEP	2026-08-10T10:44:09.6585030Z ✓ Test: processCommand applies substitutions
Test (Bun on macos-latest)	UNKNOWN STEP	2026-08-10T10:44:09.6585810Z   Input:  "list files"
Test (Bun on macos-latest)	UNKNOWN STEP	2026-08-10T10:44:09.6586300Z   Output: "ls -la"
Test (Bun on macos-latest)	UNKNOWN STEP	2026-08-10T10:44:09.6586710Z   Matched: true
Test (Bun on macos-latest)	UNKNOWN STEP	2026-08-10T10:44:09.6586960Z 
Test (Bun on macos-latest)	UNKNOWN STEP	2026-08-10T10:44:09.6587560Z ✓ Test: processCommand passes through non-matching commands
Test (Bun on macos-latest)	UNKNOWN STEP	2026-08-10T10:44:09.6588320Z   Input:  "echo test"
Test (Bun on macos-latest)	UNKNOWN STEP	2026-08-10T10:44:09.6588860Z   Output: "echo test"
Test (Bun on macos-latest)	UNKNOWN STEP	2026-08-10T10:44:09.6589310Z   Matched: false
Test (Bun on macos-latest)	UNKNOWN STEP	2026-08-10T10:44:09.6589560Z 
Test (Bun on macos-latest)	UNKNOWN STEP	2026-08-10T10:44:09.6589830Z === Test Summary ===
Test (Bun on macos-latest)	UNKNOWN STEP	2026-08-10T10:44:09.6590370Z Pattern Matching: 15/15 tests passed
Test (Bun on macos-latest)	UNKNOWN STEP	2026-08-10T10:44:09.6591020Z Total Tests: 22/22 passed
Test (Bun on macos-latest)	UNKNOWN STEP	2026-08-10T10:44:09.6591340Z 
Test (Bun on macos-latest)	UNKNOWN STEP	2026-08-10T10:44:09.6591660Z ✓ All tests passed!
Test (Bun on macos-latest)	UNKNOWN STEP	2026-08-10T10:44:09.6591950Z 
Test (Bun on macos-latest)	UNKNOWN STEP	2026-08-10T10:44:09.6780490Z (pass) user-manager > getCurrentUser > should return a non-empty string [17.71ms]
Test (Bun on macos-latest)	UNKNOWN STEP	2026-08-10T10:44:09.6868050Z (pass) user-manager > getCurrentUser > should return a valid username format [8.77ms]
Test (Bun on macos-latest)	UNKNOWN STEP	2026-08-10T10:44:09.6976020Z (pass) user-manager > getCurrentUserGroups > should return an array [10.76ms]
Test (Bun on macos-latest)	UNKNOWN STEP	2026-08-10T10:44:09.7075000Z (pass) user-manager > getCurrentUserGroups > should return at least one group (the primary group) [9.85ms]
Test (Bun on macos-latest)	UNKNOWN STEP	2026-08-10T10:44:09.7173850Z (pass) user-manager > getCurrentUserGroups > should return groups as strings [9.87ms]
Test (Bun on macos-latest)	UNKNOWN STEP	2026-08-10T10:44:09.7426880Z (pass) user-manager > userExists > should return true for current user [25.24ms]
Test (Bun on macos-latest)	UNKNOWN STEP	2026-08-10T10:44:09.7557940Z (pass) user-manager > userExists > should return false for non-existent user [13.09ms]
Test (Bun on macos-latest)	UNKNOWN STEP	2026-08-10T10:44:09.7679180Z (pass) user-manager > userExists > should return true for root user (on Unix) [12.11ms]
Test (Bun on macos-latest)	UNKNOWN STEP	2026-08-10T10:44:09.7866540Z (pass) user-manager > groupExists > should return true for root group (on Unix) [18.69ms]
Test (Bun on macos-latest)	UNKNOWN STEP	2026-08-10T10:44:09.7913910Z (pass) user-manager > groupExists > should return false for non-existent group [4.82ms]
Test (Bun on macos-latest)	UNKNOWN STEP	2026-08-10T10:44:09.7915750Z (pass) user-manager > generateIsolatedUsername > should generate unique usernames [0.11ms]
Test (Bun on macos-latest)	UNKNOWN STEP	2026-08-10T10:44:09.7918100Z (pass) user-manager > generateIsolatedUsername > should use default prefix [0.02ms]
Test (Bun on macos-latest)	UNKNOWN STEP	2026-08-10T10:44:09.7919730Z (pass) user-manager > generateIsolatedUsername > should use custom prefix [0.01ms]
Test (Bun on macos-latest)	UNKNOWN STEP	2026-08-10T10:44:09.7921370Z (pass) user-manager > generateIsolatedUsername > should generate valid username (no special chars) [0.02ms]
Test (Bun on macos-latest)	UNKNOWN STEP	2026-08-10T10:44:09.7923070Z (pass) user-manager > generateIsolatedUsername > should not exceed 31 characters [0.03ms]
Test (Bun on macos-latest)	UNKNOWN STEP	2026-08-10T10:44:09.7924710Z (pass) user-manager > generateIsolatedUsername > should handle long prefix by truncating [0.01ms]
Test (Bun on macos-latest)	UNKNOWN STEP	2026-08-10T10:44:09.8006280Z (pass) user-manager > getUserInfo > should return exists: false for non-existent user [8.91ms]
Test (Bun on macos-latest)	UNKNOWN STEP	2026-08-10T10:44:09.8407910Z /bin/sh: getent: command not found
Test (Bun on macos-latest)	UNKNOWN STEP	2026-08-10T10:44:09.8408570Z (pass) user-manager > getUserInfo > should return user info for current user [40.24ms]
Test (Bun on macos-latest)	UNKNOWN STEP	2026-08-10T10:44:09.8937270Z /bin/sh: getent: command not found
Test (Bun on macos-latest)	UNKNOWN STEP	2026-08-10T10:44:09.9031850Z (pass) user-manager > getUserInfo > should include uid for existing user [45.42ms]
Test (Bun on macos-latest)	UNKNOWN STEP	2026-08-10T10:44:09.9035140Z (pass) args-parser user isolation options > --isolated-user option (user isolation) > should parse --isolated-user flag [0.18ms]
Test (Bun on macos-latest)	UNKNOWN STEP	2026-08-10T10:44:09.9037920Z (pass) args-parser user isolation options > --isolated-user option (user isolation) > should parse --isolated-user with custom username [0.05ms]
Test (Bun on macos-latest)	UNKNOWN STEP	2026-08-10T10:44:09.9057770Z (pass) args-parser user isolation options > --isolated-user option (user isolation) > should parse --isolated-user=value format [0.03ms]
Test (Bun on macos-latest)	UNKNOWN STEP	2026-08-10T10:44:09.9068260Z (pass) args-parser user isolation options > --isolated-user option (user isolation) > should parse -u shorthand [0.03ms]
Test (Bun on macos-latest)	UNKNOWN STEP	2026-08-10T10:44:09.9072740Z (pass) args-parser user isolation options > --isolated-user option (user isolation) > should parse -u with custom username [0.02ms]
Test (Bun on macos-latest)	UNKNOWN STEP	2026-08-10T10:44:09.9075100Z (pass) args-parser user isolation options > --isolated-user option (user isolation) > should work with isolation options [0.03ms]
Test (Bun on macos-latest)	UNKNOWN STEP	2026-08-10T10:44:09.9077450Z (pass) args-parser user isolation options > --isolated-user option (user isolation) > should throw error when used with docker isolation [0.12ms]
Test (Bun on macos-latest)	UNKNOWN STEP	2026-08-10T10:44:09.9079780Z (pass) args-parser user isolation options > --isolated-user option (user isolation) > should validate custom username format [0.97ms]
Test (Bun on macos-latest)	UNKNOWN STEP	2026-08-10T10:44:09.9082090Z (pass) args-parser user isolation options > --isolated-user option (user isolation) > should validate custom username length [1.29ms]
Test (Bun on macos-latest)	UNKNOWN STEP	2026-08-10T10:44:09.9084540Z (pass) args-parser user isolation options > --isolated-user option (user isolation) > should work with screen isolation and custom username [0.78ms]
Test (Bun on macos-latest)	UNKNOWN STEP	2026-08-10T10:44:09.9087280Z (pass) args-parser user isolation options > --isolated-user option (user isolation) > should work with tmux isolation [0.06ms]
Test (Bun on macos-latest)	UNKNOWN STEP	2026-08-10T10:44:09.9089530Z (pass) args-parser user isolation options > --keep-user option > should parse --keep-user with --isolated-user [0.08ms]
Test (Bun on macos-latest)	UNKNOWN STEP	2026-08-10T10:44:09.9092120Z (pass) args-parser user isolation options > --keep-user option > should throw error when used without --isolated-user [0.12ms]
Test (Bun on macos-latest)	UNKNOWN STEP	2026-08-10T10:44:09.9093450Z 
Test (Bun on macos-latest)	UNKNOWN STEP	2026-08-10T10:44:09.9094270Z ##[endgroup]
Test (Bun on macos-latest)	UNKNOWN STEP	2026-08-10T10:44:09.9094580Z 
Test (Bun on macos-latest)	UNKNOWN STEP	2026-08-10T10:44:09.9095170Z ##[group]test/version.js:
Test (Bun on macos-latest)	UNKNOWN STEP	2026-08-10T10:44:10.0202200Z (pass) Version Flag Tests > Basic version flag > should show version with --version [115.75ms]
Test (Bun on macos-latest)	UNKNOWN STEP	2026-08-10T10:44:10.1354500Z (pass) Version Flag Tests > Basic version flag > should show version with -v [115.23ms]
Test (Bun on macos-latest)	UNKNOWN STEP	2026-08-10T10:44:10.2761860Z (pass) Version Flag Tests > Basic version flag > should show version with --version -- (trailing separator) [140.40ms]
Test (Bun on macos-latest)	UNKNOWN STEP	2026-08-10T10:44:10.4060680Z (pass) Version Flag Tests > Runtime detection > should show Bun version when running with Bun [129.94ms]
Test (Bun on macos-latest)	UNKNOWN STEP	2026-08-10T10:44:10.5465300Z (pass) Version Flag Tests > OS version detection > should show OS information [132.54ms]
Test (Bun on macos-latest)	UNKNOWN STEP	2026-08-10T10:44:10.6882310Z (pass) Version Flag Tests > OS version detection > should show macOS ProductVersion on darwin [149.36ms]
Test (Bun on macos-latest)	UNKNOWN STEP	2026-08-10T10:44:10.7954060Z (pass) Version Flag Tests > Tool version detection > should detect screen version if installed [107.23ms]
Test (Bun on macos-latest)	UNKNOWN STEP	2026-08-10T10:44:10.9168340Z (pass) Version Flag Tests > Tool version detection > should detect tmux version if installed [121.28ms]
Test (Bun on macos-latest)	UNKNOWN STEP	2026-08-10T10:44:11.0334850Z (pass) Version Flag Tests > Tool version detection > should detect docker version if installed [116.65ms]
Test (Bun on macos-latest)	UNKNOWN STEP	2026-08-10T10:44:11.1430470Z (pass) Version Flag Tests > Verbose mode > should show verbose output with --version --verbose [109.38ms]
Test (Bun on macos-latest)	UNKNOWN STEP	2026-08-10T10:44:11.2627630Z (pass) Version Flag Tests > Verbose mode > should show verbose output with --version --debug [119.68ms]
Test (Bun on macos-latest)	UNKNOWN STEP	2026-08-10T10:44:11.3932400Z (pass) Version Flag Tests > Verbose mode > should show verbose output with START_VERBOSE=1 [130.38ms]
Test (Bun on macos-latest)	UNKNOWN STEP	2026-08-10T10:44:11.4295560Z (pass) Version Flag Tests > Error cases > should error with "No command provided" for $ -- [36.37ms]
Test (Bun on macos-latest)	UNKNOWN STEP	2026-08-10T10:44:11.4701330Z (pass) Version Flag Tests > Error cases > should error with "No command provided" for no args [40.55ms]
Test (Bun on macos-latest)	UNKNOWN STEP	2026-08-10T10:44:11.4701900Z 
Test (Bun on macos-latest)	UNKNOWN STEP	2026-08-10T10:44:11.4702700Z ##[endgroup]
Test (Bun on macos-latest)	UNKNOWN STEP	2026-08-10T10:44:11.4728360Z 
Test (Bun on macos-latest)	UNKNOWN STEP	2026-08-10T10:44:11.4729250Z  712 pass
Test (Bun on macos-latest)	UNKNOWN STEP	2026-08-10T10:44:11.4730030Z  0 fail
Test (Bun on macos-latest)	UNKNOWN STEP	2026-08-10T10:44:11.4730790Z  577 expect() calls
Test (Bun on macos-latest)	UNKNOWN STEP	2026-08-10T10:44:11.4731560Z Ran 712 tests across 38 files. [15.86s]
Test (Bun on macos-latest)	UNKNOWN STEP	2026-08-10T10:44:11.4917820Z ##[group]Run bun run src/bin/cli.js echo "Testing default mode"
Test (Bun on macos-latest)	UNKNOWN STEP	2026-08-10T10:44:11.4918540Z ^[[36;1mbun run src/bin/cli.js echo "Testing default mode"^[[0m
Test (Bun on macos-latest)	UNKNOWN STEP	2026-08-10T10:44:11.4919780Z ^[[36;1mecho "Default mode test passed"^[[0m
Test (Bun on macos-latest)	UNKNOWN STEP	2026-08-10T10:44:11.4992020Z shell: /bin/bash -e {0}
Test (Bun on macos-latest)	UNKNOWN STEP	2026-08-10T10:44:11.4992330Z env:
Test (Bun on macos-latest)	UNKNOWN STEP	2026-08-10T10:44:11.4998410Z   FORCE_JAVASCRIPT_ACTIONS_TO_NODE24: true
Test (Bun on macos-latest)	UNKNOWN STEP	2026-08-10T10:44:11.4999650Z   DOTNET_ROOT: /Users/runner/.dotnet
Test (Bun on macos-latest)	UNKNOWN STEP	2026-08-10T10:44:11.5000320Z ##[endgroup]
Test (Bun on macos-latest)	UNKNOWN STEP	2026-08-10T10:44:11.6561640Z │ session   b3ba0a1f-a157-4476-8276-b72d8a56608e
Test (Bun on macos-latest)	UNKNOWN STEP	2026-08-10T10:44:11.6562700Z │ start     2026-08-10 10:44:11.597
Test (Bun on macos-latest)	UNKNOWN STEP	2026-08-10T10:44:11.6563310Z │
Test (Bun on macos-latest)	UNKNOWN STEP	2026-08-10T10:44:11.6563850Z $ echo Testing default mode
Test (Bun on macos-latest)	UNKNOWN STEP	2026-08-10T10:44:11.6564170Z 
Test (Bun on macos-latest)	UNKNOWN STEP	2026-08-10T10:44:11.9021710Z Testing default mode
Test (Bun on macos-latest)	UNKNOWN STEP	2026-08-10T10:44:12.1058180Z 
Test (Bun on macos-latest)	UNKNOWN STEP	2026-08-10T10:44:12.1060370Z ✓
Test (Bun on macos-latest)	UNKNOWN STEP	2026-08-10T10:44:12.1062440Z │ finish    2026-08-10 10:44:11.905
Test (Bun on macos-latest)	UNKNOWN STEP	2026-08-10T10:44:12.1063480Z │ duration  0.308s
Test (Bun on macos-latest)	UNKNOWN STEP	2026-08-10T10:44:12.1064310Z │ exit      0
Test (Bun on macos-latest)	UNKNOWN STEP	2026-08-10T10:44:12.1065090Z │
Test (Bun on macos-latest)	UNKNOWN STEP	2026-08-10T10:44:12.1066810Z │ log       /var/folders/df/djsxfhc17x95674wsm_g8s980000gn/T/start-command/logs/direct/b3ba0a1f-a157-4476-8276-b72d8a56608e.log
Test (Bun on macos-latest)	UNKNOWN STEP	2026-08-10T10:44:12.1069780Z │ session   b3ba0a1f-a157-4476-8276-b72d8a56608e
Test (Bun on macos-latest)	UNKNOWN STEP	2026-08-10T10:44:12.1072700Z Default mode test passed
Test (Bun on macos-latest)	UNKNOWN STEP	2026-08-10T10:44:12.1106630Z ##[group]Run bun run src/bin/cli.js --use-command-stream echo "Testing command-stream mode"
Test (Bun on macos-latest)	UNKNOWN STEP	2026-08-10T10:44:12.1107320Z ^[[36;1mbun run src/bin/cli.js --use-command-stream echo "Testing command-stream mode"^[[0m
Test (Bun on macos-latest)	UNKNOWN STEP	2026-08-10T10:44:12.1107880Z ^[[36;1mecho "Command-stream mode test passed"^[[0m
Test (Bun on macos-latest)	UNKNOWN STEP	2026-08-10T10:44:12.1146920Z shell: /bin/bash -e {0}
Test (Bun on macos-latest)	UNKNOWN STEP	2026-08-10T10:44:12.1147180Z env:
Test (Bun on macos-latest)	UNKNOWN STEP	2026-08-10T10:44:12.1147480Z   FORCE_JAVASCRIPT_ACTIONS_TO_NODE24: true
Test (Bun on macos-latest)	UNKNOWN STEP	2026-08-10T10:44:12.1147770Z   DOTNET_ROOT: /Users/runner/.dotnet
Test (Bun on macos-latest)	UNKNOWN STEP	2026-08-10T10:44:12.1148090Z ##[endgroup]
Test (Bun on macos-latest)	UNKNOWN STEP	2026-08-10T10:44:12.3001260Z │ session   ac362de4-1fd1-4aea-bdc2-d3fdfec4f7ec
Test (Bun on macos-latest)	UNKNOWN STEP	2026-08-10T10:44:12.3002280Z │ start     2026-08-10 10:44:12.245
Test (Bun on macos-latest)	UNKNOWN STEP	2026-08-10T10:44:12.3002870Z │
Test (Bun on macos-latest)	UNKNOWN STEP	2026-08-10T10:44:12.3003220Z $ echo Testing command-stream mode
Test (Bun on macos-latest)	UNKNOWN STEP	2026-08-10T10:44:12.3003740Z [command-stream] Using command-stream library
Test (Bun on macos-latest)	UNKNOWN STEP	2026-08-10T10:44:12.3004090Z 
Test (Bun on macos-latest)	UNKNOWN STEP	2026-08-10T10:44:12.4949620Z Testing command-stream mode
Test (Bun on macos-latest)	UNKNOWN STEP	2026-08-10T10:44:12.6557150Z 
Test (Bun on macos-latest)	UNKNOWN STEP	2026-08-10T10:44:12.6560530Z ✓
Test (Bun on macos-latest)	UNKNOWN STEP	2026-08-10T10:44:12.6561400Z │ finish    2026-08-10 10:44:12.497
Test (Bun on macos-latest)	UNKNOWN STEP	2026-08-10T10:44:12.6562300Z │ duration  0.410s
Test (Bun on macos-latest)	UNKNOWN STEP	2026-08-10T10:44:12.6562820Z │ exit      0
Test (Bun on macos-latest)	UNKNOWN STEP	2026-08-10T10:44:12.6563370Z │
Test (Bun on macos-latest)	UNKNOWN STEP	2026-08-10T10:44:12.6564890Z │ log       /var/folders/df/djsxfhc17x95674wsm_g8s980000gn/T/start-command/logs/direct/ac362de4-1fd1-4aea-bdc2-d3fdfec4f7ec.log
Test (Bun on macos-latest)	UNKNOWN STEP	2026-08-10T10:44:12.6566500Z │ session   ac362de4-1fd1-4aea-bdc2-d3fdfec4f7ec
Test (Bun on macos-latest)	UNKNOWN STEP	2026-08-10T10:44:12.6568470Z Command-stream mode test passed
Test (Bun on macos-latest)	UNKNOWN STEP	2026-08-10T10:44:12.6614500Z ##[group]Run bun run src/bin/cli.js echo "Testing env var mode"
Test (Bun on macos-latest)	UNKNOWN STEP	2026-08-10T10:44:12.6614910Z ^[[36;1mbun run src/bin/cli.js echo "Testing env var mode"^[[0m
Test (Bun on macos-latest)	UNKNOWN STEP	2026-08-10T10:44:12.6615220Z ^[[36;1mecho "Env var mode test passed"^[[0m
Test (Bun on macos-latest)	UNKNOWN STEP	2026-08-10T10:44:12.6648620Z shell: /bin/bash -e {0}
Test (Bun on macos-latest)	UNKNOWN STEP	2026-08-10T10:44:12.6648830Z env:
Test (Bun on macos-latest)	UNKNOWN STEP	2026-08-10T10:44:12.6649020Z   FORCE_JAVASCRIPT_ACTIONS_TO_NODE24: true
Test (Bun on macos-latest)	UNKNOWN STEP	2026-08-10T10:44:12.6649260Z   DOTNET_ROOT: /Users/runner/.dotnet
Test (Bun on macos-latest)	UNKNOWN STEP	2026-08-10T10:44:12.6649480Z   START_USE_COMMAND_STREAM: 1
Test (Bun on macos-latest)	UNKNOWN STEP	2026-08-10T10:44:12.6649700Z ##[endgroup]
Test (Bun on macos-latest)	UNKNOWN STEP	2026-08-10T10:44:12.8064100Z │ session   8608fc37-68f4-4533-b765-8c5742afd2cf
Test (Bun on macos-latest)	UNKNOWN STEP	2026-08-10T10:44:12.8170560Z │ start     2026-08-10 10:44:12.737
Test (Bun on macos-latest)	UNKNOWN STEP	2026-08-10T10:44:12.8278770Z │
Test (Bun on macos-latest)	UNKNOWN STEP	2026-08-10T10:44:12.8380270Z $ echo Testing env var mode
Test (Bun on macos-latest)	UNKNOWN STEP	2026-08-10T10:44:12.8481480Z [command-stream] Using command-stream library
Test (Bun on macos-latest)	UNKNOWN STEP	2026-08-10T10:44:12.8503670Z 
Test (Bun on macos-latest)	UNKNOWN STEP	2026-08-10T10:44:13.0334940Z Testing env var mode
Test (Bun on macos-latest)	UNKNOWN STEP	2026-08-10T10:44:13.2149980Z 
Test (Bun on macos-latest)	UNKNOWN STEP	2026-08-10T10:44:13.2153810Z ✓
Test (Bun on macos-latest)	UNKNOWN STEP	2026-08-10T10:44:13.2157520Z │ finish    2026-08-10 10:44:13.033
Test (Bun on macos-latest)	UNKNOWN STEP	2026-08-10T10:44:13.2158430Z │ duration  0.477s
Test (Bun on macos-latest)	UNKNOWN STEP	2026-08-10T10:44:13.2159030Z │ exit      0
Test (Bun on macos-latest)	UNKNOWN STEP	2026-08-10T10:44:13.2160570Z │
Test (Bun on macos-latest)	UNKNOWN STEP	2026-08-10T10:44:13.2162180Z │ log       /var/folders/df/djsxfhc17x95674wsm_g8s980000gn/T/start-command/logs/direct/8608fc37-68f4-4533-b765-8c5742afd2cf.log
Test (Bun on macos-latest)	UNKNOWN STEP	2026-08-10T10:44:13.2163840Z │ session   8608fc37-68f4-4533-b765-8c5742afd2cf
Test (Bun on macos-latest)	UNKNOWN STEP	2026-08-10T10:44:13.2164130Z Env var mode test passed
Test (Bun on macos-latest)	UNKNOWN STEP	2026-08-10T10:44:13.2219200Z ##[group]Run bun run src/bin/cli.js echo "Testing execution tracking"
Test (Bun on macos-latest)	UNKNOWN STEP	2026-08-10T10:44:13.2219790Z ^[[36;1mbun run src/bin/cli.js echo "Testing execution tracking"^[[0m
Test (Bun on macos-latest)	UNKNOWN STEP	2026-08-10T10:44:13.2220100Z ^[[36;1mls -la ~/.start-command/^[[0m
Test (Bun on macos-latest)	UNKNOWN STEP	2026-08-10T10:44:13.2220330Z ^[[36;1mcat ~/.start-command/executions.lino^[[0m
Test (Bun on macos-latest)	UNKNOWN STEP	2026-08-10T10:44:13.2220600Z ^[[36;1mecho "Execution tracking test passed"^[[0m
Test (Bun on macos-latest)	UNKNOWN STEP	2026-08-10T10:44:13.2263490Z shell: /bin/bash -e {0}
Test (Bun on macos-latest)	UNKNOWN STEP	2026-08-10T10:44:13.2263770Z env:
Test (Bun on macos-latest)	UNKNOWN STEP	2026-08-10T10:44:13.2263930Z   FORCE_JAVASCRIPT_ACTIONS_TO_NODE24: true
Test (Bun on macos-latest)	UNKNOWN STEP	2026-08-10T10:44:13.2264210Z   DOTNET_ROOT: /Users/runner/.dotnet
Test (Bun on macos-latest)	UNKNOWN STEP	2026-08-10T10:44:13.2264430Z   START_VERBOSE: 1
Test (Bun on macos-latest)	UNKNOWN STEP	2026-08-10T10:44:13.2264610Z ##[endgroup]
Test (Bun on macos-latest)	UNKNOWN STEP	2026-08-10T10:44:13.3286460Z │ session   5215f7c0-aa16-4b66-8eaf-4a002e5da072
Test (Bun on macos-latest)	UNKNOWN STEP	2026-08-10T10:44:13.3287440Z │ start     2026-08-10 10:44:13.284
Test (Bun on macos-latest)	UNKNOWN STEP	2026-08-10T10:44:13.3288000Z │
Test (Bun on macos-latest)	UNKNOWN STEP	2026-08-10T10:44:13.3288520Z $ echo Testing execution tracking
Test (Bun on macos-latest)	UNKNOWN STEP	2026-08-10T10:44:13.3288900Z 
Test (Bun on macos-latest)	UNKNOWN STEP	2026-08-10T10:44:13.3502960Z [ExecutionStore] Wrote 6 records to lino file
Test (Bun on macos-latest)	UNKNOWN STEP	2026-08-10T10:44:13.5024910Z [ExecutionStore] Clink error: Command failed: clink '() (((5215f7c0-aa16-4b66-8eaf-4a002e5da072: ExecutionRecord 5215f7c0-aa16-4b66-8eaf-4a002e5da072)) ((5215f7c0-aa16-4b66-8eaf-4a002e5da072.uuid: uuid "5215f7c0-aa16-4b66-8eaf-4a002e5da072")) ((5215f7c0-aa16-4b66-8eaf-4a002e5da072.pid: pid "2799")) ((5215f7c0-aa16-4b66-8eaf-4a002e5da072.status: status "executing")) ((5215f7c0-aa16-4b66-8eaf-4a002e5da072.command: command "echo Testing execution tracking")) ((5215f7c0-aa16-4b66-8eaf-4a002e5da072.logPath: logPath "/var/folders/df/djsxfhc17x95674wsm_g8s980000gn/T/start-command/logs/direct/5215f7c0-aa16-4b66-8eaf-4a002e5da072.log")) ((5215f7c0-aa16-4b66-8eaf-4a002e5da072.startTime: startTime "2026-08-10T10:44:13.328Z")) ((5215f7c0-aa16-4b66-8eaf-4a002e5da072.workingDirectory: workingDirectory "/Users/runner/work/start/start/js")) ((5215f7c0-aa16-4b66-8eaf-4a002e5da072.shell: shell "/bin/bash")) ((5215f7c0-aa16-4b66-8eaf-4a002e5da072.platform: platform "darwin")) ((5215f7c0-aa16-4b66-8eaf-4a002e5da072.options: options "{"substitutionMatched":false,"originalCommand":null,"runtime":"Bun","runtimeVersion":"1.3.14"}")))' --db "/Users/runner/.start-command/executions.links"
Test (Bun on macos-latest)	UNKNOWN STEP	2026-08-10T10:44:13.5028590Z Unhandled exception: System.FormatException: Failed to parse 'document'.
Test (Bun on macos-latest)	UNKNOWN STEP	2026-08-10T10:44:13.5029240Z    at Link.Foundation.Links.Notation.Parser.StartRuleHelper[T](Cursor cursor, ParseDelegate`1 startRule, String ruleName)
Test (Bun on macos-latest)	UNKNOWN STEP	2026-08-10T10:44:13.5030320Z    at Link.Foundation.Links.Notation.Parser.Parse(String subject, String fileName)
Test (Bun on macos-latest)	UNKNOWN STEP	2026-08-10T10:44:13.5033790Z    at Foundation.Data.Doublets.Cli.AdvancedMixedQueryProcessor.ProcessQuery(INamedTypesLinks`1 links, Options options) in /home/runner/work/link-cli/link-cli/csharp/Foundation.Data.Doublets.Cli.Library/AdvancedMixedQueryProcessor.cs:line 46
Test (Bun on macos-latest)	UNKNOWN STEP	2026-08-10T10:44:13.5035500Z    at Program.<>c__DisplayClass0_0.<<Main>$>b__0(ParseResult parseResult) in /home/runner/work/link-cli/link-cli/csharp/Foundation.Data.Doublets.Cli/Program.cs:line 247
Test (Bun on macos-latest)	UNKNOWN STEP	2026-08-10T10:44:13.5036360Z    at System.CommandLine.Invocation.AnonymousSynchronousCommandLineAction.Invoke(ParseResult parseResult)
Test (Bun on macos-latest)	UNKNOWN STEP	2026-08-10T10:44:13.5037000Z    at System.CommandLine.Invocation.InvocationPipeline.Invoke(ParseResult parseResult)
Test (Bun on macos-latest)	UNKNOWN STEP	2026-08-10T10:44:13.5037300Z 
Test (Bun on macos-latest)	UNKNOWN STEP	2026-08-10T10:44:13.5037460Z [verbose] Using Bun.spawn for reliable macOS handling
Test (Bun on macos-latest)	UNKNOWN STEP	2026-08-10T10:44:13.5037750Z [verbose] Process PID: 2799
Test (Bun on macos-latest)	UNKNOWN STEP	2026-08-10T10:44:13.5055740Z Testing execution tracking
Test (Bun on macos-latest)	UNKNOWN STEP	2026-08-10T10:44:13.5145350Z [ExecutionStore] Wrote 6 records to lino file
Test (Bun on macos-latest)	UNKNOWN STEP	2026-08-10T10:44:13.6699810Z [ExecutionStore] Clink error: Command failed: clink '() (((5215f7c0-aa16-4b66-8eaf-4a002e5da072: ExecutionRecord 5215f7c0-aa16-4b66-8eaf-4a002e5da072)) ((5215f7c0-aa16-4b66-8eaf-4a002e5da072.uuid: uuid "5215f7c0-aa16-4b66-8eaf-4a002e5da072")) ((5215f7c0-aa16-4b66-8eaf-4a002e5da072.pid: pid "2799")) ((5215f7c0-aa16-4b66-8eaf-4a002e5da072.status: status "executed")) ((5215f7c0-aa16-4b66-8eaf-4a002e5da072.exitCode: exitCode "0")) ((5215f7c0-aa16-4b66-8eaf-4a002e5da072.command: command "echo Testing execution tracking")) ((5215f7c0-aa16-4b66-8eaf-4a002e5da072.logPath: logPath "/var/folders/df/djsxfhc17x95674wsm_g8s980000gn/T/start-command/logs/direct/5215f7c0-aa16-4b66-8eaf-4a002e5da072.log")) ((5215f7c0-aa16-4b66-8eaf-4a002e5da072.startTime: startTime "2026-08-10T10:44:13.328Z")) ((5215f7c0-aa16-4b66-8eaf-4a002e5da072.endTime: endTime "2026-08-10T10:44:13.509Z")) ((5215f7c0-aa16-4b66-8eaf-4a002e5da072.workingDirectory: workingDirectory "/Users/runner/work/start/start/js")) ((5215f7c0-aa16-4b66-8eaf-4a002e5da072.shell: shell "/bin/bash")) ((5215f7c0-aa16-4b66-8eaf-4a002e5da072.platform: platform "darwin")) ((5215f7c0-aa16-4b66-8eaf-4a002e5da072.options: options "{"substitutionMatched":false,"originalCommand":null,"runtime":"Bun","runtimeVersion":"1.3.14"}")))' --db "/Users/runner/.start-command/executions.links"
Test (Bun on macos-latest)	UNKNOWN STEP	2026-08-10T10:44:13.6712150Z Unhandled exception: System.FormatException: Failed to parse 'document'.
Test (Bun on macos-latest)	UNKNOWN STEP	2026-08-10T10:44:13.6713960Z    at Link.Foundation.Links.Notation.Parser.StartRuleHelper[T](Cursor cursor, ParseDelegate`1 startRule, String ruleName)
Test (Bun on macos-latest)	UNKNOWN STEP	2026-08-10T10:44:13.6715700Z    at Link.Foundation.Links.Notation.Parser.Parse(String subject, String fileName)
Test (Bun on macos-latest)	UNKNOWN STEP	2026-08-10T10:44:13.6718760Z    at Foundation.Data.Doublets.Cli.AdvancedMixedQueryProcessor.ProcessQuery(INamedTypesLinks`1 links, Options options) in /home/runner/work/link-cli/link-cli/csharp/Foundation.Data.Doublets.Cli.Library/AdvancedMixedQueryProcessor.cs:line 46
Test (Bun on macos-latest)	UNKNOWN STEP	2026-08-10T10:44:13.6722330Z    at Program.<>c__DisplayClass0_0.<<Main>$>b__0(ParseResult parseResult) in /home/runner/work/link-cli/link-cli/csharp/Foundation.Data.Doublets.Cli/Program.cs:line 247
Test (Bun on macos-latest)	UNKNOWN STEP	2026-08-10T10:44:13.6724850Z    at System.CommandLine.Invocation.AnonymousSynchronousCommandLineAction.Invoke(ParseResult parseResult)
Test (Bun on macos-latest)	UNKNOWN STEP	2026-08-10T10:44:13.6729200Z    at System.CommandLine.Invocation.InvocationPipeline.Invoke(ParseResult parseResult)
Test (Bun on macos-latest)	UNKNOWN STEP	2026-08-10T10:44:13.6729990Z 
Test (Bun on macos-latest)	UNKNOWN STEP	2026-08-10T10:44:13.6730120Z 
Test (Bun on macos-latest)	UNKNOWN STEP	2026-08-10T10:44:13.6730540Z ✓
Test (Bun on macos-latest)	UNKNOWN STEP	2026-08-10T10:44:13.6731140Z │ finish    2026-08-10 10:44:13.509
Test (Bun on macos-latest)	UNKNOWN STEP	2026-08-10T10:44:13.6731780Z │ duration  0.225s
Test (Bun on macos-latest)	UNKNOWN STEP	2026-08-10T10:44:13.6732280Z │ exit      0
Test (Bun on macos-latest)	UNKNOWN STEP	2026-08-10T10:44:13.6732710Z │
Test (Bun on macos-latest)	UNKNOWN STEP	2026-08-10T10:44:13.6734170Z │ log       /var/folders/df/djsxfhc17x95674wsm_g8s980000gn/T/start-command/logs/direct/5215f7c0-aa16-4b66-8eaf-4a002e5da072.log
Test (Bun on macos-latest)	UNKNOWN STEP	2026-08-10T10:44:13.6735620Z │ session   5215f7c0-aa16-4b66-8eaf-4a002e5da072
Test (Bun on macos-latest)	UNKNOWN STEP	2026-08-10T10:44:13.6803270Z total 32
Test (Bun on macos-latest)	UNKNOWN STEP	2026-08-10T10:44:13.6804310Z drwxr-xr-x   5 runner  staff   160 Aug 10 10:44 .
Test (Bun on macos-latest)	UNKNOWN STEP	2026-08-10T10:44:13.6806680Z drwxr-x---+ 45 runner  staff  1440 Aug 10 10:43 ..
Test (Bun on macos-latest)	UNKNOWN STEP	2026-08-10T10:44:13.6807860Z -rw-r--r--   1 runner  staff    32 Aug 10 10:44 executions.links
Test (Bun on macos-latest)	UNKNOWN STEP	2026-08-10T10:44:13.6809130Z -rw-r--r--   1 runner  staff  6527 Aug 10 10:44 executions.lino
Test (Bun on macos-latest)	UNKNOWN STEP	2026-08-10T10:44:13.6810380Z -rw-r--r--   1 runner  staff  2976 Aug 10 10:44 executions.names.links
Test (Bun on macos-latest)	UNKNOWN STEP	2026-08-10T10:44:13.6904280Z (array (object ((str dXVpZA==) (str NzNiZDI5MzMtNDk0Zi00MDBiLWExY2QtZDBhYTM3ODk0ZWYw)) ((str cGlk) (int 1876)) ((str c3RhdHVz) (str ZXhlY3V0ZWQ=)) ((str ZXhpdENvZGU=) (int 0)) ((str Y29tbWFuZA==) (str ZWNobyBoZWxsbw==)) ((str bG9nUGF0aA==) (str L3Zhci9mb2xkZXJzL2RmL2Rqc3hmaGMxN3g5NTY3NHdzbV9nOHM5ODAwMDBnbi9UL3N0YXJ0LWNvbW1hbmQvbG9ncy9pc29sYXRpb24vc2NyZWVuLzczYmQyOTMzLTQ5NGYtNDAwYi1hMWNkLWQwYWEzNzg5NGVmMC5sb2c=)) ((str c3RhcnRUaW1l) (str MjAyNi0wOC0xMFQxMDo0Mzo1Ni42MTFa)) ((str ZW5kVGltZQ==) (str MjAyNi0wOC0xMFQxMDo0Mzo1Ny4xMDda)) ((str d29ya2luZ0RpcmVjdG9yeQ==) (str L1VzZXJzL3J1bm5lci93b3JrL3N0YXJ0L3N0YXJ0L2pz)) ((str c2hlbGw=) (str L2Jpbi9iYXNo)) ((str cGxhdGZvcm0=) (str ZGFyd2lu)) ((str b3B0aW9ucw==) (object ((str aXNvbGF0ZWQ=) (str c2NyZWVu)) ((str aXNvbGF0aW9uTW9kZQ==) (str YXR0YWNoZWQ=)) ((str c2Vzc2lvbk5hbWU=) (str c2NyZWVuLTE3ODYzNTg2MzYyNzMtMHJvbzdz)) ((str aW1hZ2U=) (null)) ((str dm9sdW1lcw==) (null)) ((str bW91bnRz) (null)) ((str ZW52) (null)) ((str cHJpdmlsZWdlZA==) (null)) ((str bmV0d29yaw==) (null)) ((str bmV0d29ya3M=) (null)) ((str bmV0d29ya0FsaWFzZXM=) (null)) ((str ZW5kcG9pbnQ=) (null)) ((str dXNlcg==) (bool false)) ((str a2VlcEFsaXZl) (bool false)) ((str YXV0b1JlbW92ZURvY2tlckNvbnRhaW5lcg==) (bool false)) ((str YWx3YXlzQ2xlYW51cENvbnRhaW5lcg==) (bool false)) ((str a2VlcENvbnRhaW5lcg==) (bool false)) ((str a2VlcENvbnRhaW5lck9uRmFpbA==) (bool false)) ((str dXNlQ29tbWFuZFN0cmVhbQ==) (bool false))))) (object ((str dXVpZA==) (str YmYwNWQzZTAtODA0ZS00OThkLWIyNDItZTI0YzI1Yjg2MGJh)) ((str cGlk) (int 1887)) ((str c3RhdHVz) (str ZXhlY3V0ZWQ=)) ((str ZXhpdENvZGU=) (int 1)) ((str Y29tbWFuZA==) (str ZWNobyBoZWxsbw==)) ((str bG9nUGF0aA==) (str L3Zhci9mb2xkZXJzL2RmL2Rqc3hmaGMxN3g5NTY3NHdzbV9nOHM5ODAwMDBnbi9UL3N0YXJ0LWNvbW1hbmQvbG9ncy9pc29sYXRpb24vdG11eC9iZjA1ZDNlMC04MDRlLTQ5OGQtYjI0Mi1lMjRjMjViODYwYmEubG9n)) ((str c3RhcnRUaW1l) (str MjAyNi0wOC0xMFQxMDo0Mzo1Ny4zNjda)) ((str ZW5kVGltZQ==) (str MjAyNi0wOC0xMFQxMDo0Mzo1Ny41NzRa)) ((str d29ya2luZ0RpcmVjdG9yeQ==) (str L1VzZXJzL3J1bm5lci93b3JrL3N0YXJ0L3N0YXJ0L2pz)) ((str c2hlbGw=) (str L2Jpbi9iYXNo)) ((str cGxhdGZvcm0=) (str ZGFyd2lu)) ((str b3B0aW9ucw==) (object ((str aXNvbGF0ZWQ=) (str dG11eA==)) ((str aXNvbGF0aW9uTW9kZQ==) (str YXR0YWNoZWQ=)) ((str c2Vzc2lvbk5hbWU=) (str dG11eC0xNzg2MzU4NjM3MzIwLXBqZHR6ZQ==)) ((str aW1hZ2U=) (null)) ((str dm9sdW1lcw==) (null)) ((str bW91bnRz) (null)) ((str ZW52) (null)) ((str cHJpdmlsZWdlZA==) (null)) ((str bmV0d29yaw==) (null)) ((str bmV0d29ya3M=) (null)) ((str bmV0d29ya0FsaWFzZXM=) (null)) ((str ZW5kcG9pbnQ=) (null)) ((str dXNlcg==) (bool false)) ((str a2VlcEFsaXZl) (bool false)) ((str YXV0b1JlbW92ZURvY2tlckNvbnRhaW5lcg==) (bool false)) ((str YWx3YXlzQ2xlYW51cENvbnRhaW5lcg==) (bool false)) ((str a2VlcENvbnRhaW5lcg==) (bool false)) ((str a2VlcENvbnRhaW5lck9uRmFpbA==) (bool false)) ((str dXNlQ29tbWFuZFN0cmVhbQ==) (bool false))))) (object ((str dXVpZA==) (str YjNiYTBhMWYtYTE1Ny00NDc2LTgyNzYtYjcyZDhhNTY2MDhl)) ((str cGlk) (int 2774)) ((str c3RhdHVz) (str ZXhlY3V0ZWQ=)) ((str ZXhpdENvZGU=) (int 0)) ((str Y29tbWFuZA==) (str ZWNobyBUZXN0aW5nIGRlZmF1bHQgbW9kZQ==)) ((str bG9nUGF0aA==) (str L3Zhci9mb2xkZXJzL2RmL2Rqc3hmaGMxN3g5NTY3NHdzbV9nOHM5ODAwMDBnbi9UL3N0YXJ0LWNvbW1hbmQvbG9ncy9kaXJlY3QvYjNiYTBhMWYtYTE1Ny00NDc2LTgyNzYtYjcyZDhhNTY2MDhlLmxvZw==)) ((str c3RhcnRUaW1l) (str MjAyNi0wOC0xMFQxMDo0NDoxMS42NTVa)) ((str ZW5kVGltZQ==) (str MjAyNi0wOC0xMFQxMDo0NDoxMS45MDVa)) ((str d29ya2luZ0RpcmVjdG9yeQ==) (str L1VzZXJzL3J1bm5lci93b3JrL3N0YXJ0L3N0YXJ0L2pz)) ((str c2hlbGw=) (str L2Jpbi9iYXNo)) ((str cGxhdGZvcm0=) (str ZGFyd2lu)) ((str b3B0aW9ucw==) (object ((str c3Vic3RpdHV0aW9uTWF0Y2hlZA==) (bool false)) ((str b3JpZ2luYWxDb21tYW5k) (null)) ((str cnVudGltZQ==) (str QnVu)) ((str cnVudGltZVZlcnNpb24=) (str MS4zLjE0))))) (object ((str dXVpZA==) (str YWMzNjJkZTQtMWZkMS00YWVhLWJkYzItZDNmZGZlYzRmN2Vj)) ((str cGlk) (null)) ((str c3RhdHVz) (str ZXhlY3V0ZWQ=)) ((str ZXhpdENvZGU=) (int 0)) ((str Y29tbWFuZA==) (str ZWNobyBUZXN0aW5nIGNvbW1hbmQtc3RyZWFtIG1vZGU=)) ((str bG9nUGF0aA==) (str L3Zhci9mb2xkZXJzL2RmL2Rqc3hmaGMxN3g5NTY3NHdzbV9nOHM5ODAwMDBnbi9UL3N0YXJ0LWNvbW1hbmQvbG9ncy9kaXJlY3QvYWMzNjJkZTQtMWZkMS00YWVhLWJkYzItZDNmZGZlYzRmN2VjLmxvZw==)) ((str c3RhcnRUaW1l) (str MjAyNi0wOC0xMFQxMDo0NDoxMi4yOTla)) ((str ZW5kVGltZQ==) (str MjAyNi0wOC0xMFQxMDo0NDoxMi40OTda)) ((str d29ya2luZ0RpcmVjdG9yeQ==) (str L1VzZXJzL3J1bm5lci93b3JrL3N0YXJ0L3N0YXJ0L2pz)) ((str c2hlbGw=) (str L2Jpbi9iYXNo)) ((str cGxhdGZvcm0=) (str ZGFyd2lu)) ((str b3B0aW9ucw==) (object ((str c3Vic3RpdHV0aW9uTWF0Y2hlZA==) (bool false)) ((str b3JpZ2luYWxDb21tYW5k) (null)) ((str cnVudGltZQ==) (str QnVu)) ((str cnVudGltZVZlcnNpb24=) (str MS4zLjE0)) ((str ZXhlY3V0aW9uTW9kZQ==) (str Y29tbWFuZC1zdHJlYW0=))))) (object ((str dXVpZA==) (str ODYwOGZjMzctNjhmNC00NTMzLWI3NjUtOGM1NzQyYWZkMmNm)) ((str cGlk) (null)) ((str c3RhdHVz) (str ZXhlY3V0ZWQ=)) ((str ZXhpdENvZGU=) (int 0)) ((str Y29tbWFuZA==) (str ZWNobyBUZXN0aW5nIGVudiB2YXIgbW9kZQ==)) ((str bG9nUGF0aA==) (str L3Zhci9mb2xkZXJzL2RmL2Rqc3hmaGMxN3g5NTY3NHdzbV9nOHM5ODAwMDBnbi9UL3N0YXJ0LWNvbW1hbmQvbG9ncy9kaXJlY3QvODYwOGZjMzctNjhmNC00NTMzLWI3NjUtOGM1NzQyYWZkMmNmLmxvZw==)) ((str c3RhcnRUaW1l) (str MjAyNi0wOC0xMFQxMDo0NDoxMi44MDVa)) ((str ZW5kVGltZQ==) (str MjAyNi0wOC0xMFQxMDo0NDoxMy4wMzNa)) ((str d29ya2luZ0RpcmVjdG9yeQ==) (str L1VzZXJzL3J1bm5lci93b3JrL3N0YXJ0L3N0YXJ0L2pz)) ((str c2hlbGw=) (str L2Jpbi9iYXNo)) ((str cGxhdGZvcm0=) (str ZGFyd2lu)) ((str b3B0aW9ucw==) (object ((str c3Vic3RpdHV0aW9uTWF0Y2hlZA==) (bool false)) ((str b3JpZ2luYWxDb21tYW5k) (null)) ((str cnVudGltZQ==) (str QnVu)) ((str cnVudGltZVZlcnNpb24=) (str MS4zLjE0)) ((str ZXhlY3V0aW9uTW9kZQ==) (str Y29tbWFuZC1zdHJlYW0=))))) (object ((str dXVpZA==) (str NTIxNWY3YzAtYWExNi00YjY2LThlYWYtNGEwMDJlNWRhMDcy)) ((str cGlk) (int 2799)) ((str c3RhdHVz) (str ZXhlY3V0ZWQ=)) ((str ZXhpdENvZGU=) (int 0)) ((str Y29tbWFuZA==) (str ZWNobyBUZXN0aW5nIGV4ZWN1dGlvbiB0cmFja2luZw==)) ((str bG9nUGF0aA==) (str L3Zhci9mb2xkZXJzL2RmL2Rqc3hmaGMxN3g5NTY3NHdzbV9nOHM5ODAwMDBnbi9UL3N0YXJ0LWNvbW1hbmQvbG9ncy9kaXJlY3QvNTIxNWY3YzAtYWExNi00YjY2LThlYWYtNGEwMDJlNWRhMDcyLmxvZw==)) ((str c3RhcnRUaW1l) (str MjAyNi0wOC0xMFQxMDo0NDoxMy4zMjha)) ((str ZW5kVGltZQ==) (str MjAyNi0wOC0xMFQxMDo0NDoxMy41MDla)) ((str d29ya2luZ0RpcmVjdG9yeQ==) (str L1VzZXJzL3J1bm5lci93b3JrL3N0YXJ0L3N0YXJ0L2pz)) ((str c2hlbGw=) (str L2Jpbi9iYXNo)) ((str cGxhdGZvcm0=) (str ZGFyd2lu)) ((str b3B0aW9ucw==) (object ((str c3Vic3RpdHV0aW9uTWF0Y2hlZA==) (bool false)) ((str b3JpZ2luYWxDb21tYW5k) (null)) ((str cnVudGltZQ==) (str QnVu)) ((str cnVudGltZVZlcnNpb24=) (str MS4zLjE0))))))Execution tracking test passed
Test (Bun on macos-latest)	UNKNOWN STEP	2026-08-10T10:44:13.7046910Z Post job cleanup.
Test (Bun on macos-latest)	UNKNOWN STEP	2026-08-10T10:44:13.8678890Z Post job cleanup.
Test (Bun on macos-latest)	UNKNOWN STEP	2026-08-10T10:44:14.0273860Z Post job cleanup.
Test (Bun on macos-latest)	UNKNOWN STEP	2026-08-10T10:44:14.1487110Z [command]/opt/homebrew/bin/git version
Test (Bun on macos-latest)	UNKNOWN STEP	2026-08-10T10:44:14.1700960Z git version 2.55.0
Test (Bun on macos-latest)	UNKNOWN STEP	2026-08-10T10:44:14.1763300Z Copying '/Users/runner/.gitconfig' to '/Users/runner/work/_temp/957f8657-dc16-4bf4-a882-4e147565822a/.gitconfig'
Test (Bun on macos-latest)	UNKNOWN STEP	2026-08-10T10:44:14.1776660Z Temporarily overriding HOME='/Users/runner/work/_temp/957f8657-dc16-4bf4-a882-4e147565822a' before making global git config changes
Test (Bun on macos-latest)	UNKNOWN STEP	2026-08-10T10:44:14.1779300Z Adding repository directory to the temporary git global config as a safe directory
Test (Bun on macos-latest)	UNKNOWN STEP	2026-08-10T10:44:14.1786270Z [command]/opt/homebrew/bin/git config --global --add safe.directory /Users/runner/work/start/start
Test (Bun on macos-latest)	UNKNOWN STEP	2026-08-10T10:44:14.1906660Z Removing SSH command configuration
Test (Bun on macos-latest)	UNKNOWN STEP	2026-08-10T10:44:14.1912600Z [command]/opt/homebrew/bin/git config --local --name-only --get-regexp core\.sshCommand
Test (Bun on macos-latest)	UNKNOWN STEP	2026-08-10T10:44:14.2003070Z [command]/opt/homebrew/bin/git submodule foreach --recursive sh -c "git config --local --name-only --get-regexp 'core\.sshCommand' && git config --local --unset-all 'core.sshCommand' || :"
Test (Bun on macos-latest)	UNKNOWN STEP	2026-08-10T10:44:14.3213120Z Removing HTTP extra header
Test (Bun on macos-latest)	UNKNOWN STEP	2026-08-10T10:44:14.3217250Z [command]/opt/homebrew/bin/git config --local --name-only --get-regexp http\.https\:\/\/github\.com\/\.extraheader
Test (Bun on macos-latest)	UNKNOWN STEP	2026-08-10T10:44:14.3288340Z [command]/opt/homebrew/bin/git submodule foreach --recursive sh -c "git config --local --name-only --get-regexp 'http\.https\:\/\/github\.com\/\.extraheader' && git config --local --unset-all 'http.https://github.com/.extraheader' || :"
Test (Bun on macos-latest)	UNKNOWN STEP	2026-08-10T10:44:14.4910160Z Removing includeIf entries pointing to credentials config files
Test (Bun on macos-latest)	UNKNOWN STEP	2026-08-10T10:44:14.5010870Z [command]/opt/homebrew/bin/git config --local --name-only --get-regexp ^includeIf\.gitdir:
Test (Bun on macos-latest)	UNKNOWN STEP	2026-08-10T10:44:14.5113110Z includeif.gitdir:/Users/runner/work/start/start/.git.path
Test (Bun on macos-latest)	UNKNOWN STEP	2026-08-10T10:44:14.5215250Z includeif.gitdir:/Users/runner/work/start/start/.git/worktrees/*.path
Test (Bun on macos-latest)	UNKNOWN STEP	2026-08-10T10:44:14.5317130Z includeif.gitdir:/github/workspace/.git.path
Test (Bun on macos-latest)	UNKNOWN STEP	2026-08-10T10:44:14.5418230Z includeif.gitdir:/github/workspace/.git/worktrees/*.path
Test (Bun on macos-latest)	UNKNOWN STEP	2026-08-10T10:44:14.5655310Z [command]/opt/homebrew/bin/git config --local --get-all includeif.gitdir:/Users/runner/work/start/start/.git.path
Test (Bun on macos-latest)	UNKNOWN STEP	2026-08-10T10:44:14.5657530Z /Users/runner/work/_temp/git-credentials-71762f89-9af8-4dec-8c00-14fb26d1ed6a.config
Test (Bun on macos-latest)	UNKNOWN STEP	2026-08-10T10:44:14.5660040Z [command]/opt/homebrew/bin/git config --local --unset includeif.gitdir:/Users/runner/work/start/start/.git.path /Users/runner/work/_temp/git-credentials-71762f89-9af8-4dec-8c00-14fb26d1ed6a.config
Test (Bun on macos-latest)	UNKNOWN STEP	2026-08-10T10:44:14.5661940Z [command]/opt/homebrew/bin/git config --local --get-all includeif.gitdir:/Users/runner/work/start/start/.git/worktrees/*.path
Test (Bun on macos-latest)	UNKNOWN STEP	2026-08-10T10:44:14.5663120Z /Users/runner/work/_temp/git-credentials-71762f89-9af8-4dec-8c00-14fb26d1ed6a.config
Test (Bun on macos-latest)	UNKNOWN STEP	2026-08-10T10:44:14.5665780Z [command]/opt/homebrew/bin/git config --local --unset includeif.gitdir:/Users/runner/work/start/start/.git/worktrees/*.path /Users/runner/work/_temp/git-credentials-71762f89-9af8-4dec-8c00-14fb26d1ed6a.config
Test (Bun on macos-latest)	UNKNOWN STEP	2026-08-10T10:44:14.5667300Z [command]/opt/homebrew/bin/git config --local --get-all includeif.gitdir:/github/workspace/.git.path
Test (Bun on macos-latest)	UNKNOWN STEP	2026-08-10T10:44:14.5677530Z /github/runner_temp/git-credentials-71762f89-9af8-4dec-8c00-14fb26d1ed6a.config
Test (Bun on macos-latest)	UNKNOWN STEP	2026-08-10T10:44:14.5679930Z [command]/opt/homebrew/bin/git config --local --unset includeif.gitdir:/github/workspace/.git.path /github/runner_temp/git-credentials-71762f89-9af8-4dec-8c00-14fb26d1ed6a.config
Test (Bun on macos-latest)	UNKNOWN STEP	2026-08-10T10:44:14.5683110Z [command]/opt/homebrew/bin/git config --local --get-all includeif.gitdir:/github/workspace/.git/worktrees/*.path
Test (Bun on macos-latest)	UNKNOWN STEP	2026-08-10T10:44:14.5683890Z /github/runner_temp/git-credentials-71762f89-9af8-4dec-8c00-14fb26d1ed6a.config
Test (Bun on macos-latest)	UNKNOWN STEP	2026-08-10T10:44:14.5685080Z [command]/opt/homebrew/bin/git config --local --unset includeif.gitdir:/github/workspace/.git/worktrees/*.path /github/runner_temp/git-credentials-71762f89-9af8-4dec-8c00-14fb26d1ed6a.config
Test (Bun on macos-latest)	UNKNOWN STEP	2026-08-10T10:44:14.5688260Z [command]/opt/homebrew/bin/git submodule foreach --recursive git config --local --show-origin --name-only --get-regexp remote.origin.url
Test (Bun on macos-latest)	UNKNOWN STEP	2026-08-10T10:44:14.7319510Z Removing credentials config '/Users/runner/work/_temp/git-credentials-71762f89-9af8-4dec-8c00-14fb26d1ed6a.config'
Test (Bun on macos-latest)	UNKNOWN STEP	2026-08-10T10:44:14.7680430Z Cleaning up orphan processes
Test (Bun on macos-latest)	UNKNOWN STEP	2026-08-10T10:44:15.1237380Z Terminate orphan process: pid (2472) (sleep)
Test (Bun on macos-latest)	UNKNOWN STEP	2026-08-10T10:44:15.1478970Z Terminate orphan process: pid (2466) (sleep)
Test (Bun on macos-latest)	UNKNOWN STEP	2026-08-10T10:44:15.1985130Z Terminate orphan process: pid (2460) (sleep)
Test (Bun on ubuntu-latest)	UNKNOWN STEP	﻿2026-08-10T10:43:31.7252716Z Current runner version: '2.336.0'
Test (Bun on ubuntu-latest)	UNKNOWN STEP	2026-08-10T10:43:31.7278316Z ##[group]Runner Image Provisioner
Test (Bun on ubuntu-latest)	UNKNOWN STEP	2026-08-10T10:43:31.7279390Z Hosted Compute Agent
Test (Bun on ubuntu-latest)	UNKNOWN STEP	2026-08-10T10:43:31.7280012Z Version: 20260707.563
Test (Bun on ubuntu-latest)	UNKNOWN STEP	2026-08-10T10:43:31.7280653Z Commit: 02667638d2b423fbc733a8e32a88b44996a3ba6e
Test (Bun on ubuntu-latest)	UNKNOWN STEP	2026-08-10T10:43:31.7281423Z Build Date: 2026-07-07T19:33:50Z
Test (Bun on ubuntu-latest)	UNKNOWN STEP	2026-08-10T10:43:31.7282348Z Worker ID: {f1359171-a574-4447-b08c-e5ac3d706b73}
Test (Bun on ubuntu-latest)	UNKNOWN STEP	2026-08-10T10:43:31.7283035Z Azure Region: westus2
Test (Bun on ubuntu-latest)	UNKNOWN STEP	2026-08-10T10:43:31.7283669Z ##[endgroup]
Test (Bun on ubuntu-latest)	UNKNOWN STEP	2026-08-10T10:43:31.7285124Z ##[group]Operating System
Test (Bun on ubuntu-latest)	UNKNOWN STEP	2026-08-10T10:43:31.7285816Z Ubuntu
Test (Bun on ubuntu-latest)	UNKNOWN STEP	2026-08-10T10:43:31.7286375Z 24.04.4
Test (Bun on ubuntu-latest)	UNKNOWN STEP	2026-08-10T10:43:31.7286870Z LTS
Test (Bun on ubuntu-latest)	UNKNOWN STEP	2026-08-10T10:43:31.7287420Z ##[endgroup]
Test (Bun on ubuntu-latest)	UNKNOWN STEP	2026-08-10T10:43:31.7287957Z ##[group]Runner Image
Test (Bun on ubuntu-latest)	UNKNOWN STEP	2026-08-10T10:43:31.7288605Z Image: ubuntu-24.04
Test (Bun on ubuntu-latest)	UNKNOWN STEP	2026-08-10T10:43:31.7289164Z Version: 20260720.247.2
Test (Bun on ubuntu-latest)	UNKNOWN STEP	2026-08-10T10:43:31.7290377Z Included Software: https://github.com/actions/runner-images/blob/ubuntu24/20260720.247/images/ubuntu/Ubuntu2404-Readme.md
Test (Bun on ubuntu-latest)	UNKNOWN STEP	2026-08-10T10:43:31.7292347Z Image Release: https://github.com/actions/runner-images/releases/tag/ubuntu24%2F20260720.247
Test (Bun on ubuntu-latest)	UNKNOWN STEP	2026-08-10T10:43:31.7293297Z ##[endgroup]
Test (Bun on ubuntu-latest)	UNKNOWN STEP	2026-08-10T10:43:31.7296441Z ##[group]GITHUB_TOKEN Permissions
Test (Bun on ubuntu-latest)	UNKNOWN STEP	2026-08-10T10:43:31.7298856Z Actions: write
Test (Bun on ubuntu-latest)	UNKNOWN STEP	2026-08-10T10:43:31.7299514Z ArtifactMetadata: write
Test (Bun on ubuntu-latest)	UNKNOWN STEP	2026-08-10T10:43:31.7300111Z Attestations: write
Test (Bun on ubuntu-latest)	UNKNOWN STEP	2026-08-10T10:43:31.7300767Z Checks: write
Test (Bun on ubuntu-latest)	UNKNOWN STEP	2026-08-10T10:43:31.7301321Z CodeQuality: write
Test (Bun on ubuntu-latest)	UNKNOWN STEP	2026-08-10T10:43:31.7302151Z Contents: write
Test (Bun on ubuntu-latest)	UNKNOWN STEP	2026-08-10T10:43:31.7302807Z CopilotRequests: write
Test (Bun on ubuntu-latest)	UNKNOWN STEP	2026-08-10T10:43:31.7303395Z Deployments: write
Test (Bun on ubuntu-latest)	UNKNOWN STEP	2026-08-10T10:43:31.7304006Z Discussions: write
Test (Bun on ubuntu-latest)	UNKNOWN STEP	2026-08-10T10:43:31.7304560Z Drives: write
Test (Bun on ubuntu-latest)	UNKNOWN STEP	2026-08-10T10:43:31.7305081Z Issues: write
Test (Bun on ubuntu-latest)	UNKNOWN STEP	2026-08-10T10:43:31.7305640Z Metadata: read
Test (Bun on ubuntu-latest)	UNKNOWN STEP	2026-08-10T10:43:31.7306258Z Models: read
Test (Bun on ubuntu-latest)	UNKNOWN STEP	2026-08-10T10:43:31.7306796Z Packages: write
Test (Bun on ubuntu-latest)	UNKNOWN STEP	2026-08-10T10:43:31.7307388Z Pages: write
Test (Bun on ubuntu-latest)	UNKNOWN STEP	2026-08-10T10:43:31.7307909Z PullRequests: write
Test (Bun on ubuntu-latest)	UNKNOWN STEP	2026-08-10T10:43:31.7308521Z RepositoryProjects: write
Test (Bun on ubuntu-latest)	UNKNOWN STEP	2026-08-10T10:43:31.7309138Z SecurityEvents: write
Test (Bun on ubuntu-latest)	UNKNOWN STEP	2026-08-10T10:43:31.7309759Z Statuses: write
Test (Bun on ubuntu-latest)	UNKNOWN STEP	2026-08-10T10:43:31.7310355Z VulnerabilityAlerts: read
Test (Bun on ubuntu-latest)	UNKNOWN STEP	2026-08-10T10:43:31.7310948Z ##[endgroup]
Test (Bun on ubuntu-latest)	UNKNOWN STEP	2026-08-10T10:43:31.7313164Z Secret source: Actions
Test (Bun on ubuntu-latest)	UNKNOWN STEP	2026-08-10T10:43:31.7314266Z Prepare workflow directory
Test (Bun on ubuntu-latest)	UNKNOWN STEP	2026-08-10T10:43:31.7708551Z Prepare all required actions
Test (Bun on ubuntu-latest)	UNKNOWN STEP	2026-08-10T10:43:31.7756911Z Getting action download info
Test (Bun on ubuntu-latest)	UNKNOWN STEP	2026-08-10T10:43:32.1768367Z Download action repository 'actions/checkout@v6' (SHA:d23441a48e516b6c34aea4fa41551a30e30af803)
Test (Bun on ubuntu-latest)	UNKNOWN STEP	2026-08-10T10:43:32.4799189Z Download action repository 'oven-sh/setup-bun@v2' (SHA:0c5077e51419868618aeaa5fe8019c62421857d6)
Test (Bun on ubuntu-latest)	UNKNOWN STEP	2026-08-10T10:43:32.7083498Z Download action repository 'actions/setup-dotnet@v5' (SHA:26b0ec14cb23fa6904739307f278c14f94c95bf1)
Test (Bun on ubuntu-latest)	UNKNOWN STEP	2026-08-10T10:43:33.1238175Z Complete job name: Test (Bun on ubuntu-latest)
Test (Bun on ubuntu-latest)	UNKNOWN STEP	2026-08-10T10:43:33.2300969Z ##[group]Run actions/checkout@v6
Test (Bun on ubuntu-latest)	UNKNOWN STEP	2026-08-10T10:43:33.2302830Z with:
Test (Bun on ubuntu-latest)	UNKNOWN STEP	2026-08-10T10:43:33.2303785Z   repository: link-foundation/start
Test (Bun on ubuntu-latest)	UNKNOWN STEP	2026-08-10T10:43:33.2313502Z   token: ***
Test (Bun on ubuntu-latest)	UNKNOWN STEP	2026-08-10T10:43:33.2314493Z   ssh-strict: true
Test (Bun on ubuntu-latest)	UNKNOWN STEP	2026-08-10T10:43:33.2315464Z   ssh-user: git
Test (Bun on ubuntu-latest)	UNKNOWN STEP	2026-08-10T10:43:33.2316377Z   persist-credentials: true
Test (Bun on ubuntu-latest)	UNKNOWN STEP	2026-08-10T10:43:33.2317494Z   clean: true
Test (Bun on ubuntu-latest)	UNKNOWN STEP	2026-08-10T10:43:33.2318419Z   sparse-checkout-cone-mode: true
Test (Bun on ubuntu-latest)	UNKNOWN STEP	2026-08-10T10:43:33.2319532Z   fetch-depth: 1
Test (Bun on ubuntu-latest)	UNKNOWN STEP	2026-08-10T10:43:33.2320453Z   fetch-tags: false
Test (Bun on ubuntu-latest)	UNKNOWN STEP	2026-08-10T10:43:33.2321378Z   show-progress: true
Test (Bun on ubuntu-latest)	UNKNOWN STEP	2026-08-10T10:43:33.2322576Z   lfs: false
Test (Bun on ubuntu-latest)	UNKNOWN STEP	2026-08-10T10:43:33.2323461Z   submodules: false
Test (Bun on ubuntu-latest)	UNKNOWN STEP	2026-08-10T10:43:33.2324394Z   set-safe-directory: true
Test (Bun on ubuntu-latest)	UNKNOWN STEP	2026-08-10T10:43:33.2325502Z   allow-unsafe-pr-checkout: false
Test (Bun on ubuntu-latest)	UNKNOWN STEP	2026-08-10T10:43:33.2326886Z env:
Test (Bun on ubuntu-latest)	UNKNOWN STEP	2026-08-10T10:43:33.2327890Z   FORCE_JAVASCRIPT_ACTIONS_TO_NODE24: true
Test (Bun on ubuntu-latest)	UNKNOWN STEP	2026-08-10T10:43:33.2329066Z ##[endgroup]
Test (Bun on ubuntu-latest)	UNKNOWN STEP	2026-08-10T10:43:33.3360210Z Syncing repository: link-foundation/start
Test (Bun on ubuntu-latest)	UNKNOWN STEP	2026-08-10T10:43:33.3364284Z ##[group]Getting Git version info
Test (Bun on ubuntu-latest)	UNKNOWN STEP	2026-08-10T10:43:33.3365722Z Working directory is '/home/runner/work/start/start'
Test (Bun on ubuntu-latest)	UNKNOWN STEP	2026-08-10T10:43:33.3368722Z [command]/usr/bin/git version
Test (Bun on ubuntu-latest)	UNKNOWN STEP	2026-08-10T10:43:33.3446760Z git version 2.54.0
Test (Bun on ubuntu-latest)	UNKNOWN STEP	2026-08-10T10:43:33.3476547Z ##[endgroup]
Test (Bun on ubuntu-latest)	UNKNOWN STEP	2026-08-10T10:43:33.3494241Z Temporarily overriding HOME='/home/runner/work/_temp/9d52e247-f50c-4bdb-a0a0-2020613e19a3' before making global git config changes
Test (Bun on ubuntu-latest)	UNKNOWN STEP	2026-08-10T10:43:33.3501664Z Adding repository directory to the temporary git global config as a safe directory
Test (Bun on ubuntu-latest)	UNKNOWN STEP	2026-08-10T10:43:33.3505763Z [command]/usr/bin/git config --global --add safe.directory /home/runner/work/start/start
Test (Bun on ubuntu-latest)	UNKNOWN STEP	2026-08-10T10:43:33.3631323Z Deleting the contents of '/home/runner/work/start/start'
Test (Bun on ubuntu-latest)	UNKNOWN STEP	2026-08-10T10:43:33.3636854Z ##[group]Determining repository object format
Test (Bun on ubuntu-latest)	UNKNOWN STEP	2026-08-10T10:43:33.3638964Z ##[endgroup]
Test (Bun on ubuntu-latest)	UNKNOWN STEP	2026-08-10T10:43:33.3640939Z ##[group]Initializing the repository
Test (Bun on ubuntu-latest)	UNKNOWN STEP	2026-08-10T10:43:33.3642572Z [command]/usr/bin/git init /home/runner/work/start/start
Test (Bun on ubuntu-latest)	UNKNOWN STEP	2026-08-10T10:43:33.3718261Z hint: Using 'master' as the name for the initial branch. This default branch name
Test (Bun on ubuntu-latest)	UNKNOWN STEP	2026-08-10T10:43:33.3720600Z hint: will change to "main" in Git 3.0. To configure the initial branch name
Test (Bun on ubuntu-latest)	UNKNOWN STEP	2026-08-10T10:43:33.3723039Z hint: to use in all of your new repositories, which will suppress this warning,
Test (Bun on ubuntu-latest)	UNKNOWN STEP	2026-08-10T10:43:33.3725570Z hint: call:
Test (Bun on ubuntu-latest)	UNKNOWN STEP	2026-08-10T10:43:33.3726915Z hint:
Test (Bun on ubuntu-latest)	UNKNOWN STEP	2026-08-10T10:43:33.3728664Z hint: 	git config --global init.defaultBranch <name>
Test (Bun on ubuntu-latest)	UNKNOWN STEP	2026-08-10T10:43:33.3730710Z hint:
Test (Bun on ubuntu-latest)	UNKNOWN STEP	2026-08-10T10:43:33.3732894Z hint: Names commonly chosen instead of 'master' are 'main', 'trunk' and
Test (Bun on ubuntu-latest)	UNKNOWN STEP	2026-08-10T10:43:33.3736140Z hint: 'development'. The just-created branch can be renamed via this command:
Test (Bun on ubuntu-latest)	UNKNOWN STEP	2026-08-10T10:43:33.3738991Z hint:
Test (Bun on ubuntu-latest)	UNKNOWN STEP	2026-08-10T10:43:33.3740410Z hint: 	git branch -m <name>
Test (Bun on ubuntu-latest)	UNKNOWN STEP	2026-08-10T10:43:33.3742434Z hint:
Test (Bun on ubuntu-latest)	UNKNOWN STEP	2026-08-10T10:43:33.3744495Z hint: Disable this message with "git config set advice.defaultBranchName false"
Test (Bun on ubuntu-latest)	UNKNOWN STEP	2026-08-10T10:43:33.3747719Z Initialized empty Git repository in /home/runner/work/start/start/.git/
Test (Bun on ubuntu-latest)	UNKNOWN STEP	2026-08-10T10:43:33.3752375Z [command]/usr/bin/git remote add origin https://github.com/link-foundation/start
Test (Bun on ubuntu-latest)	UNKNOWN STEP	2026-08-10T10:43:33.3806534Z ##[endgroup]
Test (Bun on ubuntu-latest)	UNKNOWN STEP	2026-08-10T10:43:33.3809007Z ##[group]Disabling automatic garbage collection
Test (Bun on ubuntu-latest)	UNKNOWN STEP	2026-08-10T10:43:33.3811223Z [command]/usr/bin/git config --local gc.auto 0
Test (Bun on ubuntu-latest)	UNKNOWN STEP	2026-08-10T10:43:33.3857922Z ##[endgroup]
Test (Bun on ubuntu-latest)	UNKNOWN STEP	2026-08-10T10:43:33.3860861Z ##[group]Setting up auth
Test (Bun on ubuntu-latest)	UNKNOWN STEP	2026-08-10T10:43:33.3864014Z Removing SSH command configuration
Test (Bun on ubuntu-latest)	UNKNOWN STEP	2026-08-10T10:43:33.3868421Z [command]/usr/bin/git config --local --name-only --get-regexp core\.sshCommand
Test (Bun on ubuntu-latest)	UNKNOWN STEP	2026-08-10T10:43:33.3898534Z [command]/usr/bin/git submodule foreach --recursive sh -c "git config --local --name-only --get-regexp 'core\.sshCommand' && git config --local --unset-all 'core.sshCommand' || :"
Test (Bun on ubuntu-latest)	UNKNOWN STEP	2026-08-10T10:43:33.4327264Z Removing HTTP extra header
Test (Bun on ubuntu-latest)	UNKNOWN STEP	2026-08-10T10:43:33.4335079Z [command]/usr/bin/git config --local --name-only --get-regexp http\.https\:\/\/github\.com\/\.extraheader
Test (Bun on ubuntu-latest)	UNKNOWN STEP	2026-08-10T10:43:33.4372922Z [command]/usr/bin/git submodule foreach --recursive sh -c "git config --local --name-only --get-regexp 'http\.https\:\/\/github\.com\/\.extraheader' && git config --local --unset-all 'http.https://github.com/.extraheader' || :"
Test (Bun on ubuntu-latest)	UNKNOWN STEP	2026-08-10T10:43:33.4600756Z Removing includeIf entries pointing to credentials config files
Test (Bun on ubuntu-latest)	UNKNOWN STEP	2026-08-10T10:43:33.4607673Z [command]/usr/bin/git config --local --name-only --get-regexp ^includeIf\.gitdir:
Test (Bun on ubuntu-latest)	UNKNOWN STEP	2026-08-10T10:43:33.4643744Z [command]/usr/bin/git submodule foreach --recursive git config --local --show-origin --name-only --get-regexp remote.origin.url
Test (Bun on ubuntu-latest)	UNKNOWN STEP	2026-08-10T10:43:33.4874084Z [command]/usr/bin/git config --file /home/runner/work/_temp/git-credentials-0476b62a-e69c-436f-9317-77e98ee3126a.config http.https://github.com/.extraheader AUTHORIZATION: basic ***
Test (Bun on ubuntu-latest)	UNKNOWN STEP	2026-08-10T10:43:33.4916537Z [command]/usr/bin/git config --local includeIf.gitdir:/home/runner/work/start/start/.git.path /home/runner/work/_temp/git-credentials-0476b62a-e69c-436f-9317-77e98ee3126a.config
Test (Bun on ubuntu-latest)	UNKNOWN STEP	2026-08-10T10:43:33.4951448Z [command]/usr/bin/git config --local includeIf.gitdir:/home/runner/work/start/start/.git/worktrees/*.path /home/runner/work/_temp/git-credentials-0476b62a-e69c-436f-9317-77e98ee3126a.config
Test (Bun on ubuntu-latest)	UNKNOWN STEP	2026-08-10T10:43:33.4990909Z [command]/usr/bin/git config --local includeIf.gitdir:/github/workspace/.git.path /github/runner_temp/git-credentials-0476b62a-e69c-436f-9317-77e98ee3126a.config
Test (Bun on ubuntu-latest)	UNKNOWN STEP	2026-08-10T10:43:33.5026921Z [command]/usr/bin/git config --local includeIf.gitdir:/github/workspace/.git/worktrees/*.path /github/runner_temp/git-credentials-0476b62a-e69c-436f-9317-77e98ee3126a.config
Test (Bun on ubuntu-latest)	UNKNOWN STEP	2026-08-10T10:43:33.5097224Z ##[endgroup]
Test (Bun on ubuntu-latest)	UNKNOWN STEP	2026-08-10T10:43:33.5099002Z ##[group]Fetching the repository
Test (Bun on ubuntu-latest)	UNKNOWN STEP	2026-08-10T10:43:33.5105747Z [command]/usr/bin/git -c protocol.version=2 fetch --no-tags --prune --no-recurse-submodules --depth=1 origin +d959632b399ae343ff29114fc439650bf65122c5:refs/remotes/origin/main
Test (Bun on ubuntu-latest)	UNKNOWN STEP	2026-08-10T10:43:34.2147010Z From https://github.com/link-foundation/start
Test (Bun on ubuntu-latest)	UNKNOWN STEP	2026-08-10T10:43:34.2148328Z  * [new ref]         d959632b399ae343ff29114fc439650bf65122c5 -> origin/main
Test (Bun on ubuntu-latest)	UNKNOWN STEP	2026-08-10T10:43:34.2189642Z [command]/usr/bin/git branch --list --remote origin/main
Test (Bun on ubuntu-latest)	UNKNOWN STEP	2026-08-10T10:43:34.2221258Z   origin/main
Test (Bun on ubuntu-latest)	UNKNOWN STEP	2026-08-10T10:43:34.2229777Z [command]/usr/bin/git rev-parse refs/remotes/origin/main
Test (Bun on ubuntu-latest)	UNKNOWN STEP	2026-08-10T10:43:34.2255757Z d959632b399ae343ff29114fc439650bf65122c5
Test (Bun on ubuntu-latest)	UNKNOWN STEP	2026-08-10T10:43:34.2260449Z ##[endgroup]
Test (Bun on ubuntu-latest)	UNKNOWN STEP	2026-08-10T10:43:34.2261564Z ##[group]Determining the checkout info
Test (Bun on ubuntu-latest)	UNKNOWN STEP	2026-08-10T10:43:34.2262892Z ##[endgroup]
Test (Bun on ubuntu-latest)	UNKNOWN STEP	2026-08-10T10:43:34.2266056Z [command]/usr/bin/git sparse-checkout disable
Test (Bun on ubuntu-latest)	UNKNOWN STEP	2026-08-10T10:43:34.2316379Z [command]/usr/bin/git config --local --unset-all extensions.worktreeConfig
Test (Bun on ubuntu-latest)	UNKNOWN STEP	2026-08-10T10:43:34.2346305Z ##[group]Checking out the ref
Test (Bun on ubuntu-latest)	UNKNOWN STEP	2026-08-10T10:43:34.2349884Z [command]/usr/bin/git checkout --progress --force -B main refs/remotes/origin/main
Test (Bun on ubuntu-latest)	UNKNOWN STEP	2026-08-10T10:43:34.2946818Z Switched to a new branch 'main'
Test (Bun on ubuntu-latest)	UNKNOWN STEP	2026-08-10T10:43:34.2948205Z branch 'main' set up to track 'origin/main'.
Test (Bun on ubuntu-latest)	UNKNOWN STEP	2026-08-10T10:43:34.2959852Z ##[endgroup]
Test (Bun on ubuntu-latest)	UNKNOWN STEP	2026-08-10T10:43:34.3010687Z [command]/usr/bin/git log -1 --format=%H
Test (Bun on ubuntu-latest)	UNKNOWN STEP	2026-08-10T10:43:34.3040378Z d959632b399ae343ff29114fc439650bf65122c5
Test (Bun on ubuntu-latest)	UNKNOWN STEP	2026-08-10T10:43:34.3304376Z ##[group]Run oven-sh/setup-bun@v2
Test (Bun on ubuntu-latest)	UNKNOWN STEP	2026-08-10T10:43:34.3304845Z with:
Test (Bun on ubuntu-latest)	UNKNOWN STEP	2026-08-10T10:43:34.3305183Z   bun-version: latest
Test (Bun on ubuntu-latest)	UNKNOWN STEP	2026-08-10T10:43:34.3305549Z   no-cache: false
Test (Bun on ubuntu-latest)	UNKNOWN STEP	2026-08-10T10:43:34.3308421Z   token: ***
Test (Bun on ubuntu-latest)	UNKNOWN STEP	2026-08-10T10:43:34.3308761Z env:
Test (Bun on ubuntu-latest)	UNKNOWN STEP	2026-08-10T10:43:34.3309124Z   FORCE_JAVASCRIPT_ACTIONS_TO_NODE24: true
Test (Bun on ubuntu-latest)	UNKNOWN STEP	2026-08-10T10:43:34.3309556Z ##[endgroup]
Test (Bun on ubuntu-latest)	UNKNOWN STEP	2026-08-10T10:43:34.9414732Z Downloading a new version of Bun: https://github.com/oven-sh/bun/releases/download/bun-v1.3.14/bun-linux-x64.zip
Test (Bun on ubuntu-latest)	UNKNOWN STEP	2026-08-10T10:43:35.2522889Z [command]/usr/bin/unzip -o -q /home/runner/work/_temp/f2b61533-a407-4637-a88b-f394c923dac6.zip
Test (Bun on ubuntu-latest)	UNKNOWN STEP	2026-08-10T10:43:35.9257575Z [command]/home/runner/.bun/bin/bun --revision
Test (Bun on ubuntu-latest)	UNKNOWN STEP	2026-08-10T10:43:35.9310295Z 1.3.14+0d9b296af
Test (Bun on ubuntu-latest)	UNKNOWN STEP	2026-08-10T10:43:35.9497651Z ##[group]Run sudo apt-get update && sudo apt-get install -y screen tmux
Test (Bun on ubuntu-latest)	UNKNOWN STEP	2026-08-10T10:43:35.9498287Z ^[[36;1msudo apt-get update && sudo apt-get install -y screen tmux^[[0m
Test (Bun on ubuntu-latest)	UNKNOWN STEP	2026-08-10T10:43:35.9552734Z shell: /usr/bin/bash -e {0}
Test (Bun on ubuntu-latest)	UNKNOWN STEP	2026-08-10T10:43:35.9553075Z env:
Test (Bun on ubuntu-latest)	UNKNOWN STEP	2026-08-10T10:43:35.9553344Z   FORCE_JAVASCRIPT_ACTIONS_TO_NODE24: true
Test (Bun on ubuntu-latest)	UNKNOWN STEP	2026-08-10T10:43:35.9553673Z ##[endgroup]
Test (Bun on ubuntu-latest)	UNKNOWN STEP	2026-08-10T10:43:36.0386264Z Get:1 file:/etc/apt/apt-mirrors.txt Mirrorlist [144 B]
Test (Bun on ubuntu-latest)	UNKNOWN STEP	2026-08-10T10:43:36.0735332Z Hit:2 http://azure.archive.ubuntu.com/ubuntu noble InRelease
Test (Bun on ubuntu-latest)	UNKNOWN STEP	2026-08-10T10:43:36.0737675Z Get:6 https://packages.microsoft.com/repos/azure-cli noble InRelease [3564 B]
Test (Bun on ubuntu-latest)	UNKNOWN STEP	2026-08-10T10:43:36.0749632Z Get:7 https://packages.microsoft.com/ubuntu/24.04/prod noble InRelease [3600 B]
Test (Bun on ubuntu-latest)	UNKNOWN STEP	2026-08-10T10:43:36.0785145Z Get:3 http://azure.archive.ubuntu.com/ubuntu noble-updates InRelease [126 kB]
Test (Bun on ubuntu-latest)	UNKNOWN STEP	2026-08-10T10:43:36.0849172Z Get:4 http://azure.archive.ubuntu.com/ubuntu noble-backports InRelease [126 kB]
Test (Bun on ubuntu-latest)	UNKNOWN STEP	2026-08-10T10:43:36.0885177Z Get:5 http://azure.archive.ubuntu.com/ubuntu noble-security InRelease [126 kB]
Test (Bun on ubuntu-latest)	UNKNOWN STEP	2026-08-10T10:43:36.1020715Z Get:8 https://dl.google.com/linux/chrome-stable/deb stable InRelease [2548 B]
Test (Bun on ubuntu-latest)	UNKNOWN STEP	2026-08-10T10:43:36.1952353Z Get:9 https://packages.microsoft.com/repos/azure-cli noble/main amd64 Packages [2375 B]
Test (Bun on ubuntu-latest)	UNKNOWN STEP	2026-08-10T10:43:36.2450121Z Get:10 https://packages.microsoft.com/ubuntu/24.04/prod noble/main armhf Packages [12.2 kB]
Test (Bun on ubuntu-latest)	UNKNOWN STEP	2026-08-10T10:43:36.2503958Z Get:11 https://packages.microsoft.com/ubuntu/24.04/prod noble/main arm64 Packages [274 kB]
Test (Bun on ubuntu-latest)	UNKNOWN STEP	2026-08-10T10:43:36.2577175Z Get:12 https://packages.microsoft.com/ubuntu/24.04/prod noble/main all Packages [643 B]
Test (Bun on ubuntu-latest)	UNKNOWN STEP	2026-08-10T10:43:36.2626637Z Get:13 https://packages.microsoft.com/ubuntu/24.04/prod noble/main amd64 Packages [314 kB]
Test (Bun on ubuntu-latest)	UNKNOWN STEP	2026-08-10T10:43:36.2973179Z Get:14 http://azure.archive.ubuntu.com/ubuntu noble-updates/main amd64 Packages [1187 kB]
Test (Bun on ubuntu-latest)	UNKNOWN STEP	2026-08-10T10:43:36.3100975Z Get:15 http://azure.archive.ubuntu.com/ubuntu noble-updates/main Translation-en [281 kB]
Test (Bun on ubuntu-latest)	UNKNOWN STEP	2026-08-10T10:43:36.3102694Z Get:16 http://azure.archive.ubuntu.com/ubuntu noble-updates/main amd64 Components [180 kB]
Test (Bun on ubuntu-latest)	UNKNOWN STEP	2026-08-10T10:43:36.3136404Z Get:17 http://azure.archive.ubuntu.com/ubuntu noble-updates/universe amd64 Packages [1682 kB]
Test (Bun on ubuntu-latest)	UNKNOWN STEP	2026-08-10T10:43:36.3228451Z Get:18 http://azure.archive.ubuntu.com/ubuntu noble-updates/universe Translation-en [335 kB]
Test (Bun on ubuntu-latest)	UNKNOWN STEP	2026-08-10T10:43:36.3263541Z Get:19 http://azure.archive.ubuntu.com/ubuntu noble-updates/universe amd64 Components [388 kB]
Test (Bun on ubuntu-latest)	UNKNOWN STEP	2026-08-10T10:43:36.3322927Z Get:20 http://azure.archive.ubuntu.com/ubuntu noble-updates/restricted amd64 Packages [1416 kB]
Test (Bun on ubuntu-latest)	UNKNOWN STEP	2026-08-10T10:43:36.3383004Z Get:21 http://azure.archive.ubuntu.com/ubuntu noble-updates/restricted Translation-en [321 kB]
Test (Bun on ubuntu-latest)	UNKNOWN STEP	2026-08-10T10:43:36.3416909Z Get:22 http://azure.archive.ubuntu.com/ubuntu noble-updates/multiverse amd64 Packages [45.4 kB]
Test (Bun on ubuntu-latest)	UNKNOWN STEP	2026-08-10T10:43:36.3436268Z Get:23 http://azure.archive.ubuntu.com/ubuntu noble-updates/multiverse Translation-en [12.3 kB]
Test (Bun on ubuntu-latest)	UNKNOWN STEP	2026-08-10T10:43:36.3903840Z Get:24 http://azure.archive.ubuntu.com/ubuntu noble-updates/multiverse amd64 Components [940 B]
Test (Bun on ubuntu-latest)	UNKNOWN STEP	2026-08-10T10:43:36.3954023Z Get:25 http://azure.archive.ubuntu.com/ubuntu noble-backports/main amd64 Components [5776 B]
Test (Bun on ubuntu-latest)	UNKNOWN STEP	2026-08-10T10:43:36.3974933Z Get:26 http://azure.archive.ubuntu.com/ubuntu noble-backports/universe amd64 Packages [31.0 kB]
Test (Bun on ubuntu-latest)	UNKNOWN STEP	2026-08-10T10:43:36.3990132Z Get:27 http://azure.archive.ubuntu.com/ubuntu noble-backports/universe amd64 Components [12.6 kB]
Test (Bun on ubuntu-latest)	UNKNOWN STEP	2026-08-10T10:43:36.4413391Z Get:28 http://azure.archive.ubuntu.com/ubuntu noble-security/main amd64 Packages [927 kB]
Test (Bun on ubuntu-latest)	UNKNOWN STEP	2026-08-10T10:43:36.4503191Z Get:29 http://azure.archive.ubuntu.com/ubuntu noble-security/main Translation-en [201 kB]
Test (Bun on ubuntu-latest)	UNKNOWN STEP	2026-08-10T10:43:36.4515615Z Get:30 http://azure.archive.ubuntu.com/ubuntu noble-security/main amd64 Components [46.3 kB]
Test (Bun on ubuntu-latest)	UNKNOWN STEP	2026-08-10T10:43:36.4552821Z Get:31 http://azure.archive.ubuntu.com/ubuntu noble-security/universe amd64 Packages [1199 kB]
Test (Bun on ubuntu-latest)	UNKNOWN STEP	2026-08-10T10:43:36.4610779Z Get:32 http://azure.archive.ubuntu.com/ubuntu noble-security/universe Translation-en [239 kB]
Test (Bun on ubuntu-latest)	UNKNOWN STEP	2026-08-10T10:43:36.4646662Z Get:33 http://azure.archive.ubuntu.com/ubuntu noble-security/universe amd64 Components [76.2 kB]
Test (Bun on ubuntu-latest)	UNKNOWN STEP	2026-08-10T10:43:36.4661347Z Get:34 http://azure.archive.ubuntu.com/ubuntu noble-security/restricted amd64 Packages [1320 kB]
Test (Bun on ubuntu-latest)	UNKNOWN STEP	2026-08-10T10:43:36.4754054Z Get:35 http://azure.archive.ubuntu.com/ubuntu noble-security/restricted Translation-en [302 kB]
Test (Bun on ubuntu-latest)	UNKNOWN STEP	2026-08-10T10:43:36.4782727Z Get:36 http://azure.archive.ubuntu.com/ubuntu noble-security/multiverse amd64 Packages [40.3 kB]
Test (Bun on ubuntu-latest)	UNKNOWN STEP	2026-08-10T10:43:36.4796827Z Get:37 http://azure.archive.ubuntu.com/ubuntu noble-security/multiverse Translation-en [10.6 kB]
Test (Bun on ubuntu-latest)	UNKNOWN STEP	2026-08-10T10:43:36.5163245Z Get:38 https://dl.google.com/linux/chrome-stable/deb stable/main amd64 Packages [1407 B]
Test (Bun on ubuntu-latest)	UNKNOWN STEP	2026-08-10T10:43:40.5295684Z Fetched 11.3 MB in 1s (8317 kB/s)
Test (Bun on ubuntu-latest)	UNKNOWN STEP	2026-08-10T10:43:41.2648943Z Reading package lists...
Test (Bun on ubuntu-latest)	UNKNOWN STEP	2026-08-10T10:43:41.2954390Z Reading package lists...
Test (Bun on ubuntu-latest)	UNKNOWN STEP	2026-08-10T10:43:41.4590425Z Building dependency tree...
Test (Bun on ubuntu-latest)	UNKNOWN STEP	2026-08-10T10:43:41.4598459Z Reading state information...
Test (Bun on ubuntu-latest)	UNKNOWN STEP	2026-08-10T10:43:41.6249018Z screen is already the newest version (4.9.1-1ubuntu1).
Test (Bun on ubuntu-latest)	UNKNOWN STEP	2026-08-10T10:43:41.6249967Z screen set to manually installed.
Test (Bun on ubuntu-latest)	UNKNOWN STEP	2026-08-10T10:43:41.6250840Z tmux is already the newest version (3.4-1ubuntu0.1).
Test (Bun on ubuntu-latest)	UNKNOWN STEP	2026-08-10T10:43:41.6251353Z tmux set to manually installed.
Test (Bun on ubuntu-latest)	UNKNOWN STEP	2026-08-10T10:43:41.6252090Z 0 upgraded, 0 newly installed, 0 to remove and 86 not upgraded.
Test (Bun on ubuntu-latest)	UNKNOWN STEP	2026-08-10T10:43:41.6353104Z ##[group]Run actions/setup-dotnet@v5
Test (Bun on ubuntu-latest)	UNKNOWN STEP	2026-08-10T10:43:41.6353388Z with:
Test (Bun on ubuntu-latest)	UNKNOWN STEP	2026-08-10T10:43:41.6353584Z   dotnet-version: 8.0.x
Test (Bun on ubuntu-latest)	UNKNOWN STEP	2026-08-10T10:43:41.6353803Z   cache: false
Test (Bun on ubuntu-latest)	UNKNOWN STEP	2026-08-10T10:43:41.6353986Z env:
Test (Bun on ubuntu-latest)	UNKNOWN STEP	2026-08-10T10:43:41.6354181Z   FORCE_JAVASCRIPT_ACTIONS_TO_NODE24: true
Test (Bun on ubuntu-latest)	UNKNOWN STEP	2026-08-10T10:43:41.6354442Z ##[endgroup]
Test (Bun on ubuntu-latest)	UNKNOWN STEP	2026-08-10T10:43:41.7752798Z [command]/home/runner/work/_actions/actions/setup-dotnet/v5/externals/install-dotnet.sh --skip-non-versioned-files --runtime dotnet --channel LTS
Test (Bun on ubuntu-latest)	UNKNOWN STEP	2026-08-10T10:43:42.1541311Z dotnet-install: .NET Core Runtime with version '10.0.10' is already installed.
Test (Bun on ubuntu-latest)	UNKNOWN STEP	2026-08-10T10:43:42.1570215Z [command]/home/runner/work/_actions/actions/setup-dotnet/v5/externals/install-dotnet.sh --skip-non-versioned-files --channel 8.0
Test (Bun on ubuntu-latest)	UNKNOWN STEP	2026-08-10T10:43:42.3755899Z dotnet-install: .NET Core SDK with version '8.0.423' is already installed.
Test (Bun on ubuntu-latest)	UNKNOWN STEP	2026-08-10T10:43:42.3906643Z ##[group]Run dotnet tool install --global clink
Test (Bun on ubuntu-latest)	UNKNOWN STEP	2026-08-10T10:43:42.3907023Z ^[[36;1mdotnet tool install --global clink^[[0m
Test (Bun on ubuntu-latest)	UNKNOWN STEP	2026-08-10T10:43:42.3951972Z shell: /usr/bin/bash -e {0}
Test (Bun on ubuntu-latest)	UNKNOWN STEP	2026-08-10T10:43:42.3952304Z env:
Test (Bun on ubuntu-latest)	UNKNOWN STEP	2026-08-10T10:43:42.3952517Z   FORCE_JAVASCRIPT_ACTIONS_TO_NODE24: true
Test (Bun on ubuntu-latest)	UNKNOWN STEP	2026-08-10T10:43:42.3952814Z   DOTNET_ROOT: /usr/share/dotnet
Test (Bun on ubuntu-latest)	UNKNOWN STEP	2026-08-10T10:43:42.3953049Z ##[endgroup]
Test (Bun on ubuntu-latest)	UNKNOWN STEP	2026-08-10T10:43:47.4429731Z You can invoke the tool using the following command: clink
Test (Bun on ubuntu-latest)	UNKNOWN STEP	2026-08-10T10:43:47.4430751Z Tool 'clink' (version '2.5.0') was successfully installed.
Test (Bun on ubuntu-latest)	UNKNOWN STEP	2026-08-10T10:43:47.4634728Z ##[group]Run echo "$HOME/.dotnet/tools" >> $GITHUB_PATH
Test (Bun on ubuntu-latest)	UNKNOWN STEP	2026-08-10T10:43:47.4635142Z ^[[36;1mecho "$HOME/.dotnet/tools" >> $GITHUB_PATH^[[0m
Test (Bun on ubuntu-latest)	UNKNOWN STEP	2026-08-10T10:43:47.4679557Z shell: /usr/bin/bash -e {0}
Test (Bun on ubuntu-latest)	UNKNOWN STEP	2026-08-10T10:43:47.4679800Z env:
Test (Bun on ubuntu-latest)	UNKNOWN STEP	2026-08-10T10:43:47.4680012Z   FORCE_JAVASCRIPT_ACTIONS_TO_NODE24: true
Test (Bun on ubuntu-latest)	UNKNOWN STEP	2026-08-10T10:43:47.4680313Z   DOTNET_ROOT: /usr/share/dotnet
Test (Bun on ubuntu-latest)	UNKNOWN STEP	2026-08-10T10:43:47.4680549Z ##[endgroup]
Test (Bun on ubuntu-latest)	UNKNOWN STEP	2026-08-10T10:43:47.4770569Z ##[group]Run bun install
Test (Bun on ubuntu-latest)	UNKNOWN STEP	2026-08-10T10:43:47.4770837Z ^[[36;1mbun install^[[0m
Test (Bun on ubuntu-latest)	UNKNOWN STEP	2026-08-10T10:43:47.4811201Z shell: /usr/bin/bash -e {0}
Test (Bun on ubuntu-latest)	UNKNOWN STEP	2026-08-10T10:43:47.4811442Z env:
Test (Bun on ubuntu-latest)	UNKNOWN STEP	2026-08-10T10:43:47.4811649Z   FORCE_JAVASCRIPT_ACTIONS_TO_NODE24: true
Test (Bun on ubuntu-latest)	UNKNOWN STEP	2026-08-10T10:43:47.4812083Z   DOTNET_ROOT: /usr/share/dotnet
Test (Bun on ubuntu-latest)	UNKNOWN STEP	2026-08-10T10:43:47.4812324Z ##[endgroup]
Test (Bun on ubuntu-latest)	UNKNOWN STEP	2026-08-10T10:43:47.4898708Z bun install v1.3.14 (0d9b296a)
Test (Bun on ubuntu-latest)	UNKNOWN STEP	2026-08-10T10:43:47.7579163Z 
Test (Bun on ubuntu-latest)	UNKNOWN STEP	2026-08-10T10:43:47.7586019Z $ cd .. && husky .husky || true
Test (Bun on ubuntu-latest)	UNKNOWN STEP	2026-08-10T10:43:47.9723666Z 
Test (Bun on ubuntu-latest)	UNKNOWN STEP	2026-08-10T10:43:47.9724215Z + @changesets/cli@2.31.0
Test (Bun on ubuntu-latest)	UNKNOWN STEP	2026-08-10T10:43:47.9724677Z + @eslint/js@10.0.1
Test (Bun on ubuntu-latest)	UNKNOWN STEP	2026-08-10T10:43:47.9724892Z + eslint@10.3.0
Test (Bun on ubuntu-latest)	UNKNOWN STEP	2026-08-10T10:43:47.9725137Z + eslint-config-prettier@10.1.8
Test (Bun on ubuntu-latest)	UNKNOWN STEP	2026-08-10T10:43:47.9725451Z + eslint-plugin-prettier@5.5.5
Test (Bun on ubuntu-latest)	UNKNOWN STEP	2026-08-10T10:43:47.9725689Z + husky@9.1.7
Test (Bun on ubuntu-latest)	UNKNOWN STEP	2026-08-10T10:43:47.9725897Z + lint-staged@17.0.4
Test (Bun on ubuntu-latest)	UNKNOWN STEP	2026-08-10T10:43:47.9726133Z + prettier@3.8.3
Test (Bun on ubuntu-latest)	UNKNOWN STEP	2026-08-10T10:43:47.9726347Z + command-stream@0.9.4
Test (Bun on ubuntu-latest)	UNKNOWN STEP	2026-08-10T10:43:47.9726646Z + lino-objects-codec@0.4.0
Test (Bun on ubuntu-latest)	UNKNOWN STEP	2026-08-10T10:43:47.9726813Z 
Test (Bun on ubuntu-latest)	UNKNOWN STEP	2026-08-10T10:43:47.9726942Z 199 packages installed [483.00ms]
Test (Bun on ubuntu-latest)	UNKNOWN STEP	2026-08-10T10:43:47.9792722Z ##[group]Run bun run test
Test (Bun on ubuntu-latest)	UNKNOWN STEP	2026-08-10T10:43:47.9793189Z ^[[36;1mbun run test^[[0m
Test (Bun on ubuntu-latest)	UNKNOWN STEP	2026-08-10T10:43:47.9844046Z shell: /usr/bin/bash -e {0}
Test (Bun on ubuntu-latest)	UNKNOWN STEP	2026-08-10T10:43:47.9844296Z env:
Test (Bun on ubuntu-latest)	UNKNOWN STEP	2026-08-10T10:43:47.9844506Z   FORCE_JAVASCRIPT_ACTIONS_TO_NODE24: true
Test (Bun on ubuntu-latest)	UNKNOWN STEP	2026-08-10T10:43:47.9844796Z   DOTNET_ROOT: /usr/share/dotnet
Test (Bun on ubuntu-latest)	UNKNOWN STEP	2026-08-10T10:43:47.9845035Z ##[endgroup]
Test (Bun on ubuntu-latest)	UNKNOWN STEP	2026-08-10T10:43:47.9927601Z $ bun ../scripts/run-js-tests.mjs
Test (Bun on ubuntu-latest)	UNKNOWN STEP	2026-08-10T10:43:48.0230477Z bun test v1.3.14 (0d9b296a)
Test (Bun on ubuntu-latest)	UNKNOWN STEP	2026-08-10T10:43:48.0336876Z 
Test (Bun on ubuntu-latest)	UNKNOWN STEP	2026-08-10T10:43:48.0337935Z ##[group]test/args-parser-control.js:
Test (Bun on ubuntu-latest)	UNKNOWN STEP	2026-08-10T10:43:48.0626207Z (pass) control options > should parse --stop with UUID or session name [1.41ms]
Test (Bun on ubuntu-latest)	UNKNOWN STEP	2026-08-10T10:43:48.0627176Z (pass) control options > should parse --stop=value format [0.09ms]
Test (Bun on ubuntu-latest)	UNKNOWN STEP	2026-08-10T10:43:48.0628577Z (pass) control options > should parse --terminate with UUID or session name [0.05ms]
Test (Bun on ubuntu-latest)	UNKNOWN STEP	2026-08-10T10:43:48.0629520Z (pass) control options > should parse --terminate=value format [0.04ms]
Test (Bun on ubuntu-latest)	UNKNOWN STEP	2026-08-10T10:43:48.0632546Z (pass) control options > should throw error for missing --stop argument [0.53ms]
Test (Bun on ubuntu-latest)	UNKNOWN STEP	2026-08-10T10:43:48.0633858Z (pass) control options > should throw error for empty --stop=value argument [0.12ms]
Test (Bun on ubuntu-latest)	UNKNOWN STEP	2026-08-10T10:43:48.0635139Z (pass) control options > should throw error for missing --terminate argument [0.10ms]
Test (Bun on ubuntu-latest)	UNKNOWN STEP	2026-08-10T10:43:48.0636231Z (pass) control options > should throw error for empty --terminate=value argument [0.11ms]
Test (Bun on ubuntu-latest)	UNKNOWN STEP	2026-08-10T10:43:48.0642761Z (pass) control options > should reject combining query and control modes [0.19ms]
Test (Bun on ubuntu-latest)	UNKNOWN STEP	2026-08-10T10:43:48.0643877Z (pass) control options > should reject combining upload-log with control modes [0.16ms]
Test (Bun on ubuntu-latest)	UNKNOWN STEP	2026-08-10T10:43:48.0644512Z (pass) control options > should reject output-format with control modes [0.22ms]
Test (Bun on ubuntu-latest)	UNKNOWN STEP	2026-08-10T10:43:48.0645502Z (pass) control options > should default control options to null [0.14ms]
Test (Bun on ubuntu-latest)	UNKNOWN STEP	2026-08-10T10:43:48.0646035Z 
Test (Bun on ubuntu-latest)	UNKNOWN STEP	2026-08-10T10:43:48.0646878Z ##[endgroup]
Test (Bun on ubuntu-latest)	UNKNOWN STEP	2026-08-10T10:43:48.0647084Z 
Test (Bun on ubuntu-latest)	UNKNOWN STEP	2026-08-10T10:43:48.0647620Z ##[group]test/args-parser-docker-cleanup.js:
Test (Bun on ubuntu-latest)	UNKNOWN STEP	2026-08-10T10:43:48.0659657Z (pass) docker container cleanup options > should parse --auto-remove-docker-container flag [0.23ms]
Test (Bun on ubuntu-latest)	UNKNOWN STEP	2026-08-10T10:43:48.0660917Z (pass) docker container cleanup options > should parse --always-cleanup-container flag [0.08ms]
Test (Bun on ubuntu-latest)	UNKNOWN STEP	2026-08-10T10:43:48.0662486Z (pass) docker container cleanup options > should parse --keep-container flag [0.05ms]
Test (Bun on ubuntu-latest)	UNKNOWN STEP	2026-08-10T10:43:48.0663862Z (pass) docker container cleanup options > should parse --keep-container-on-fail flag [0.04ms]
Test (Bun on ubuntu-latest)	UNKNOWN STEP	2026-08-10T10:43:48.0665219Z (pass) docker container cleanup options > should default cleanup flags to false [0.04ms]
Test (Bun on ubuntu-latest)	UNKNOWN STEP	2026-08-10T10:43:48.0666818Z (pass) docker container cleanup options > should throw error for docker cleanup options without docker isolation [0.45ms]
Test (Bun on ubuntu-latest)	UNKNOWN STEP	2026-08-10T10:43:48.0668635Z (pass) docker container cleanup options > should throw error for docker cleanup options without isolation [0.16ms]
Test (Bun on ubuntu-latest)	UNKNOWN STEP	2026-08-10T10:43:48.0670343Z (pass) docker container cleanup options > should work with keep-alive and auto-remove-docker-container [0.08ms]
Test (Bun on ubuntu-latest)	UNKNOWN STEP	2026-08-10T10:43:48.0672592Z (pass) docker container cleanup options > should reject conflicting docker cleanup options [0.35ms]
Test (Bun on ubuntu-latest)	UNKNOWN STEP	2026-08-10T10:43:48.0673031Z 
Test (Bun on ubuntu-latest)	UNKNOWN STEP	2026-08-10T10:43:48.0673339Z ##[endgroup]
Test (Bun on ubuntu-latest)	UNKNOWN STEP	2026-08-10T10:43:48.0673632Z 
Test (Bun on ubuntu-latest)	UNKNOWN STEP	2026-08-10T10:43:48.0674217Z ##[group]test/args-parser-isolation-alias.js:
Test (Bun on ubuntu-latest)	UNKNOWN STEP	2026-08-10T10:43:48.0685478Z (pass) parseArgs --isolation alias > should parse --isolation alias with value [0.12ms]
Test (Bun on ubuntu-latest)	UNKNOWN STEP	2026-08-10T10:43:48.0690425Z (pass) parseArgs --isolation alias > should parse --isolation=value alias format [0.16ms]
Test (Bun on ubuntu-latest)	UNKNOWN STEP	2026-08-10T10:43:48.0692123Z (pass) parseArgs --isolation alias > should parse --isolation alias before command without separator [0.11ms]
Test (Bun on ubuntu-latest)	UNKNOWN STEP	2026-08-10T10:43:48.0693505Z (pass) parseArgs unknown wrapper options > should throw for unknown wrapper option before separator [0.15ms]
Test (Bun on ubuntu-latest)	UNKNOWN STEP	2026-08-10T10:43:48.0695301Z (pass) parseArgs unknown wrapper options > should throw for unknown wrapper option without separator [0.09ms]
Test (Bun on ubuntu-latest)	UNKNOWN STEP	2026-08-10T10:43:48.0696288Z 
Test (Bun on ubuntu-latest)	UNKNOWN STEP	2026-08-10T10:43:48.0696778Z ##[endgroup]
Test (Bun on ubuntu-latest)	UNKNOWN STEP	2026-08-10T10:43:48.0697057Z 
Test (Bun on ubuntu-latest)	UNKNOWN STEP	2026-08-10T10:43:48.0697455Z ##[group]test/args-parser-shell.js:
Test (Bun on ubuntu-latest)	UNKNOWN STEP	2026-08-10T10:43:48.0703276Z (pass) shell option > should default shell to auto [0.09ms]
Test (Bun on ubuntu-latest)	UNKNOWN STEP	2026-08-10T10:43:48.0703953Z (pass) shell option > should parse --shell bash [0.07ms]
Test (Bun on ubuntu-latest)	UNKNOWN STEP	2026-08-10T10:43:48.0704790Z (pass) shell option > should parse --shell zsh [0.08ms]
Test (Bun on ubuntu-latest)	UNKNOWN STEP	2026-08-10T10:43:48.0709698Z (pass) shell option > should parse --shell sh [0.08ms]
Test (Bun on ubuntu-latest)	UNKNOWN STEP	2026-08-10T10:43:48.0728984Z (pass) shell option > should parse --shell auto [0.07ms]
Test (Bun on ubuntu-latest)	UNKNOWN STEP	2026-08-10T10:43:48.0730410Z (pass) shell option > should parse --shell=value format [0.08ms]
Test (Bun on ubuntu-latest)	UNKNOWN STEP	2026-08-10T10:43:48.0730983Z (pass) shell option > should normalize shell to lowercase [0.08ms]
Test (Bun on ubuntu-latest)	UNKNOWN STEP	2026-08-10T10:43:48.0732041Z (pass) shell option > should throw error for missing shell argument [0.08ms]
Test (Bun on ubuntu-latest)	UNKNOWN STEP	2026-08-10T10:43:48.0732915Z (pass) shell option > should throw error for invalid shell [0.13ms]
Test (Bun on ubuntu-latest)	UNKNOWN STEP	2026-08-10T10:43:48.0766955Z (pass) shell option > should list valid shells in error message [0.26ms]
Test (Bun on ubuntu-latest)	UNKNOWN STEP	2026-08-10T10:43:48.0768192Z (pass) shell option > should work with ssh isolation [0.11ms]
Test (Bun on ubuntu-latest)	UNKNOWN STEP	2026-08-10T10:43:48.0769036Z (pass) VALID_SHELLS > should include bash [0.03ms]
Test (Bun on ubuntu-latest)	UNKNOWN STEP	2026-08-10T10:43:48.0769814Z (pass) VALID_SHELLS > should include zsh [0.02ms]
Test (Bun on ubuntu-latest)	UNKNOWN STEP	2026-08-10T10:43:48.0770477Z (pass) VALID_SHELLS > should include sh [0.01ms]
Test (Bun on ubuntu-latest)	UNKNOWN STEP	2026-08-10T10:43:48.0771068Z (pass) VALID_SHELLS > should include auto [0.01ms]
Test (Bun on ubuntu-latest)	UNKNOWN STEP	2026-08-10T10:43:48.0771434Z 
Test (Bun on ubuntu-latest)	UNKNOWN STEP	2026-08-10T10:43:48.0772087Z ##[endgroup]
Test (Bun on ubuntu-latest)	UNKNOWN STEP	2026-08-10T10:43:48.0772305Z 
Test (Bun on ubuntu-latest)	UNKNOWN STEP	2026-08-10T10:43:48.0772727Z ##[group]test/args-parser.js:
Test (Bun on ubuntu-latest)	UNKNOWN STEP	2026-08-10T10:43:48.0773535Z (pass) parseArgs > basic command parsing > should parse simple command without options [0.07ms]
Test (Bun on ubuntu-latest)	UNKNOWN STEP	2026-08-10T10:43:48.0774627Z (pass) parseArgs > basic command parsing > should parse command with -- separator [0.06ms]
Test (Bun on ubuntu-latest)	UNKNOWN STEP	2026-08-10T10:43:48.0776189Z (pass) parseArgs > basic command parsing > should parse empty command correctly [0.06ms]
Test (Bun on ubuntu-latest)	UNKNOWN STEP	2026-08-10T10:43:48.0776968Z (pass) parseArgs > isolation options > should parse --isolated with value [0.06ms]
Test (Bun on ubuntu-latest)	UNKNOWN STEP	2026-08-10T10:43:48.0777534Z (pass) parseArgs > isolation options > should parse -i shorthand [0.04ms]
Test (Bun on ubuntu-latest)	UNKNOWN STEP	2026-08-10T10:43:48.0778094Z (pass) parseArgs > isolation options > should parse --isolated=value format [0.06ms]
Test (Bun on ubuntu-latest)	UNKNOWN STEP	2026-08-10T10:43:48.0778681Z (pass) parseArgs > isolation options > should normalize backend to lowercase [0.05ms]
Test (Bun on ubuntu-latest)	UNKNOWN STEP	2026-08-10T10:43:48.0779620Z (pass) parseArgs > isolation options > should throw error for missing backend argument [0.08ms]
Test (Bun on ubuntu-latest)	UNKNOWN STEP	2026-08-10T10:43:48.0780275Z (pass) parseArgs > attached and detached modes > should parse --attached flag [0.07ms]
Test (Bun on ubuntu-latest)	UNKNOWN STEP	2026-08-10T10:43:48.0780869Z (pass) parseArgs > attached and detached modes > should parse -a shorthand [0.10ms]
Test (Bun on ubuntu-latest)	UNKNOWN STEP	2026-08-10T10:43:48.0781485Z (pass) parseArgs > attached and detached modes > should parse --detached flag [0.06ms]
Test (Bun on ubuntu-latest)	UNKNOWN STEP	2026-08-10T10:43:48.0782686Z (pass) parseArgs > attached and detached modes > should parse -d shorthand [0.09ms]
Test (Bun on ubuntu-latest)	UNKNOWN STEP	2026-08-10T10:43:48.0783894Z (pass) parseArgs > attached and detached modes > should throw error when both --attached and --detached are set [0.10ms]
Test (Bun on ubuntu-latest)	UNKNOWN STEP	2026-08-10T10:43:48.0785056Z (pass) parseArgs > attached and detached modes > should provide helpful error message for mode conflict [0.07ms]
Test (Bun on ubuntu-latest)	UNKNOWN STEP	2026-08-10T10:43:48.0785718Z (pass) parseArgs > session option > should parse --session with value [0.07ms]
Test (Bun on ubuntu-latest)	UNKNOWN STEP	2026-08-10T10:43:48.0786461Z (pass) parseArgs > session option > should parse -s shorthand [0.06ms]
Test (Bun on ubuntu-latest)	UNKNOWN STEP	2026-08-10T10:43:48.0787364Z (pass) parseArgs > session option > should parse --session=value format [0.08ms]
Test (Bun on ubuntu-latest)	UNKNOWN STEP	2026-08-10T10:43:48.0787987Z (pass) parseArgs > session option > should throw error for session without isolation [0.10ms]
Test (Bun on ubuntu-latest)	UNKNOWN STEP	2026-08-10T10:43:48.0789031Z (pass) parseArgs > docker image option > should parse --image with value [0.05ms]
Test (Bun on ubuntu-latest)	UNKNOWN STEP	2026-08-10T10:43:48.0789757Z (pass) parseArgs > docker image option > should parse --image=value format [0.05ms]
Test (Bun on ubuntu-latest)	UNKNOWN STEP	2026-08-10T10:43:48.0791452Z (pass) parseArgs > docker image option > should use default OS-matched image for docker without --image [0.07ms]
Test (Bun on ubuntu-latest)	UNKNOWN STEP	2026-08-10T10:43:48.0792497Z (pass) parseArgs > docker image option > should throw error for image with non-docker backend [0.14ms]
Test (Bun on ubuntu-latest)	UNKNOWN STEP	2026-08-10T10:43:48.0793164Z (pass) parseArgs > SSH endpoint option > should parse --endpoint with value [0.06ms]
Test (Bun on ubuntu-latest)	UNKNOWN STEP	2026-08-10T10:43:48.0794228Z (pass) parseArgs > SSH endpoint option > should parse --endpoint=value format [0.06ms]
Test (Bun on ubuntu-latest)	UNKNOWN STEP	2026-08-10T10:43:48.0795315Z (pass) parseArgs > SSH endpoint option > should throw error for ssh without endpoint [0.09ms]
Test (Bun on ubuntu-latest)	UNKNOWN STEP	2026-08-10T10:43:48.0796490Z (pass) parseArgs > SSH endpoint option > should throw error for endpoint with non-ssh backend [0.08ms]
Test (Bun on ubuntu-latest)	UNKNOWN STEP	2026-08-10T10:43:48.0797581Z (pass) parseArgs > keep-alive option > should parse --keep-alive flag [0.05ms]
Test (Bun on ubuntu-latest)	UNKNOWN STEP	2026-08-10T10:43:48.0798706Z (pass) parseArgs > keep-alive option > should parse -k shorthand [0.07ms]
Test (Bun on ubuntu-latest)	UNKNOWN STEP	2026-08-10T10:43:48.0799624Z (pass) parseArgs > keep-alive option > should default keepAlive to false [0.07ms]
Test (Bun on ubuntu-latest)	UNKNOWN STEP	2026-08-10T10:43:48.0800708Z (pass) parseArgs > keep-alive option > should throw error for keep-alive without isolation [0.08ms]
Test (Bun on ubuntu-latest)	UNKNOWN STEP	2026-08-10T10:43:48.0801934Z (pass) parseArgs > keep-alive option > should work with detached mode [0.05ms]
Test (Bun on ubuntu-latest)	UNKNOWN STEP	2026-08-10T10:43:48.0802868Z (pass) parseArgs > keep-alive option > should work with docker [0.05ms]
Test (Bun on ubuntu-latest)	UNKNOWN STEP	2026-08-10T10:43:48.0803959Z (pass) parseArgs > command without separator > should parse command after options without separator [0.08ms]
Test (Bun on ubuntu-latest)	UNKNOWN STEP	2026-08-10T10:43:48.0805181Z (pass) parseArgs > command without separator > should handle mixed options and command [0.08ms]
Test (Bun on ubuntu-latest)	UNKNOWN STEP	2026-08-10T10:43:48.0806200Z (pass) parseArgs > backend validation > should accept valid backends [0.14ms]
Test (Bun on ubuntu-latest)	UNKNOWN STEP	2026-08-10T10:43:48.0807278Z (pass) parseArgs > backend validation > should throw error for invalid backend [0.29ms]
Test (Bun on ubuntu-latest)	UNKNOWN STEP	2026-08-10T10:43:48.0808386Z (pass) parseArgs > backend validation > should list valid backends in error message [0.17ms]
Test (Bun on ubuntu-latest)	UNKNOWN STEP	2026-08-10T10:43:48.0809328Z (pass) validateOptions > should pass for valid options [0.23ms]
Test (Bun on ubuntu-latest)	UNKNOWN STEP	2026-08-10T10:43:48.0810251Z (pass) validateOptions > should throw for attached and detached together [0.17ms]
Test (Bun on ubuntu-latest)	UNKNOWN STEP	2026-08-10T10:43:48.0811177Z (pass) validateOptions > should pass for docker with image [0.15ms]
Test (Bun on ubuntu-latest)	UNKNOWN STEP	2026-08-10T10:43:48.0812309Z (pass) generateSessionName > should generate unique session names [0.28ms]
Test (Bun on ubuntu-latest)	UNKNOWN STEP	2026-08-10T10:43:48.0813230Z (pass) generateSessionName > should use default prefix [0.04ms]
Test (Bun on ubuntu-latest)	UNKNOWN STEP	2026-08-10T10:43:48.0814029Z (pass) generateSessionName > should use custom prefix [0.04ms]
Test (Bun on ubuntu-latest)	UNKNOWN STEP	2026-08-10T10:43:48.0814873Z (pass) generateSessionName > should contain timestamp-like portion [0.08ms]
Test (Bun on ubuntu-latest)	UNKNOWN STEP	2026-08-10T10:43:48.0815753Z (pass) hasIsolation > should return true when isolated is set [0.05ms]
Test (Bun on ubuntu-latest)	UNKNOWN STEP	2026-08-10T10:43:48.0816596Z (pass) hasIsolation > should return false when isolated is null [0.03ms]
Test (Bun on ubuntu-latest)	UNKNOWN STEP	2026-08-10T10:43:48.0817424Z (pass) getEffectiveMode > should return attached by default [0.04ms]
Test (Bun on ubuntu-latest)	UNKNOWN STEP	2026-08-10T10:43:48.0818309Z (pass) getEffectiveMode > should return attached when explicitly set [0.03ms]
Test (Bun on ubuntu-latest)	UNKNOWN STEP	2026-08-10T10:43:48.0819181Z (pass) getEffectiveMode > should return detached when set [0.03ms]
Test (Bun on ubuntu-latest)	UNKNOWN STEP	2026-08-10T10:43:48.0819893Z (pass) VALID_BACKENDS > should include screen [0.03ms]
Test (Bun on ubuntu-latest)	UNKNOWN STEP	2026-08-10T10:43:48.0820514Z (pass) VALID_BACKENDS > should include tmux [0.02ms]
Test (Bun on ubuntu-latest)	UNKNOWN STEP	2026-08-10T10:43:48.0821131Z (pass) VALID_BACKENDS > should include docker [0.02ms]
Test (Bun on ubuntu-latest)	UNKNOWN STEP	2026-08-10T10:43:48.0822311Z (pass) user isolation option > should parse --isolated-user without value (auto-generated username) [0.05ms]
Test (Bun on ubuntu-latest)	UNKNOWN STEP	2026-08-10T10:43:48.0823508Z (pass) user isolation option > should parse --isolated-user with custom username [0.08ms]
Test (Bun on ubuntu-latest)	UNKNOWN STEP	2026-08-10T10:43:48.0824420Z (pass) user isolation option > should parse -u shorthand [0.05ms]
Test (Bun on ubuntu-latest)	UNKNOWN STEP	2026-08-10T10:43:48.0825260Z (pass) user isolation option > should parse -u with custom username [0.09ms]
Test (Bun on ubuntu-latest)	UNKNOWN STEP	2026-08-10T10:43:48.0826237Z (pass) user isolation option > should parse --isolated-user=value format [0.05ms]
Test (Bun on ubuntu-latest)	UNKNOWN STEP	2026-08-10T10:43:48.0827154Z (pass) user isolation option > should work with isolation options [0.06ms]
Test (Bun on ubuntu-latest)	UNKNOWN STEP	2026-08-10T10:43:48.0828563Z (pass) user isolation option > should work without isolation (standalone user isolation) [0.06ms]
Test (Bun on ubuntu-latest)	UNKNOWN STEP	2026-08-10T10:43:48.0829706Z (pass) user isolation option > should accept valid usernames [0.20ms]
Test (Bun on ubuntu-latest)	UNKNOWN STEP	2026-08-10T10:43:48.0830823Z (pass) user isolation option > should reject invalid username formats with --isolated-user=value syntax [0.19ms]
Test (Bun on ubuntu-latest)	UNKNOWN STEP	2026-08-10T10:43:48.0832442Z (pass) user isolation option > should not consume invalid username as argument (treats as command) [0.06ms]
Test (Bun on ubuntu-latest)	UNKNOWN STEP	2026-08-10T10:43:48.0833669Z (pass) user isolation option > should throw error for user with docker isolation [0.14ms]
Test (Bun on ubuntu-latest)	UNKNOWN STEP	2026-08-10T10:43:48.0834569Z (pass) user isolation option > should work with tmux isolation [0.10ms]
Test (Bun on ubuntu-latest)	UNKNOWN STEP	2026-08-10T10:43:48.0835531Z (pass) use-command-stream option > should parse --use-command-stream flag [0.05ms]
Test (Bun on ubuntu-latest)	UNKNOWN STEP	2026-08-10T10:43:48.0836850Z (pass) use-command-stream option > should default useCommandStream to false [0.04ms]
Test (Bun on ubuntu-latest)	UNKNOWN STEP	2026-08-10T10:43:48.0837747Z (pass) use-command-stream option > should work with other options [0.06ms]
Test (Bun on ubuntu-latest)	UNKNOWN STEP	2026-08-10T10:43:48.0838644Z (pass) use-command-stream option > should work without other options [0.04ms]
Test (Bun on ubuntu-latest)	UNKNOWN STEP	2026-08-10T10:43:48.0839481Z (pass) keep-user option > should parse --keep-user flag [0.04ms]
Test (Bun on ubuntu-latest)	UNKNOWN STEP	2026-08-10T10:43:48.0840241Z (pass) keep-user option > should default keepUser to false [0.03ms]
Test (Bun on ubuntu-latest)	UNKNOWN STEP	2026-08-10T10:43:48.0841087Z (pass) keep-user option > should throw error for keep-user without user [0.11ms]
Test (Bun on ubuntu-latest)	UNKNOWN STEP	2026-08-10T10:43:48.0842210Z (pass) keep-user option > should work with user and isolation options [0.08ms]
Test (Bun on ubuntu-latest)	UNKNOWN STEP	2026-08-10T10:43:48.0842933Z (pass) status option > should parse --status with UUID [0.06ms]
Test (Bun on ubuntu-latest)	UNKNOWN STEP	2026-08-10T10:43:48.0843382Z (pass) status option > should parse --status=value format [0.05ms]
Test (Bun on ubuntu-latest)	UNKNOWN STEP	2026-08-10T10:43:48.0843866Z (pass) status option > should throw error for missing UUID argument [0.06ms]
Test (Bun on ubuntu-latest)	UNKNOWN STEP	2026-08-10T10:43:48.0844447Z (pass) status option > should throw error for --status with -flag as next argument [0.07ms]
Test (Bun on ubuntu-latest)	UNKNOWN STEP	2026-08-10T10:43:48.0844971Z (pass) status option > should default status to null [0.07ms]
Test (Bun on ubuntu-latest)	UNKNOWN STEP	2026-08-10T10:43:48.0845488Z (pass) upload-log option > should parse --upload-log with UUID or session name [0.04ms]
Test (Bun on ubuntu-latest)	UNKNOWN STEP	2026-08-10T10:43:48.0846036Z (pass) upload-log option > should parse --upload-log=value format [0.05ms]
Test (Bun on ubuntu-latest)	UNKNOWN STEP	2026-08-10T10:43:48.0846592Z (pass) upload-log option > should throw error for missing --upload-log argument [0.06ms]
Test (Bun on ubuntu-latest)	UNKNOWN STEP	2026-08-10T10:43:48.0847206Z (pass) upload-log option > should throw error for empty --upload-log=value argument [0.07ms]
Test (Bun on ubuntu-latest)	UNKNOWN STEP	2026-08-10T10:43:48.0847860Z (pass) upload-log option > should default uploadLog to null [0.05ms]
Test (Bun on ubuntu-latest)	UNKNOWN STEP	2026-08-10T10:43:48.0848559Z (pass) list option > should parse --list flag [0.05ms]
Test (Bun on ubuntu-latest)	UNKNOWN STEP	2026-08-10T10:43:48.0849245Z (pass) list option > should parse --list with JSON output format [0.05ms]
Test (Bun on ubuntu-latest)	UNKNOWN STEP	2026-08-10T10:43:48.0850020Z (pass) list option > should normalize output format with --list [0.09ms]
Test (Bun on ubuntu-latest)	UNKNOWN STEP	2026-08-10T10:43:48.0850815Z (pass) list option > should default list to false [0.08ms]
Test (Bun on ubuntu-latest)	UNKNOWN STEP	2026-08-10T10:43:48.0851884Z (pass) output-format option > should parse --output-format with --status [0.07ms]
Test (Bun on ubuntu-latest)	UNKNOWN STEP	2026-08-10T10:43:48.0852761Z (pass) output-format option > should parse --output-format=value format [0.08ms]
Test (Bun on ubuntu-latest)	UNKNOWN STEP	2026-08-10T10:43:48.0853315Z (pass) output-format option > should normalize format to lowercase [0.07ms]
Test (Bun on ubuntu-latest)	UNKNOWN STEP	2026-08-10T10:43:48.0853890Z (pass) output-format option > should throw error for missing format argument [0.09ms]
Test (Bun on ubuntu-latest)	UNKNOWN STEP	2026-08-10T10:43:48.0854471Z (pass) output-format option > should throw error for invalid format [0.10ms]
Test (Bun on ubuntu-latest)	UNKNOWN STEP	2026-08-10T10:43:48.0855050Z (pass) output-format option > should throw error for output-format without status [0.07ms]
Test (Bun on ubuntu-latest)	UNKNOWN STEP	2026-08-10T10:43:48.0855622Z (pass) output-format option > should accept all valid output formats [0.11ms]
Test (Bun on ubuntu-latest)	UNKNOWN STEP	2026-08-10T10:43:48.0856157Z (pass) output-format option > should default outputFormat to null [0.04ms]
Test (Bun on ubuntu-latest)	UNKNOWN STEP	2026-08-10T10:43:48.0856658Z (pass) VALID_OUTPUT_FORMATS > should include links-notation [0.02ms]
Test (Bun on ubuntu-latest)	UNKNOWN STEP	2026-08-10T10:43:48.0857092Z (pass) VALID_OUTPUT_FORMATS > should include json [0.02ms]
Test (Bun on ubuntu-latest)	UNKNOWN STEP	2026-08-10T10:43:48.0857669Z (pass) VALID_OUTPUT_FORMATS > should include text [0.02ms]
Test (Bun on ubuntu-latest)	UNKNOWN STEP	2026-08-10T10:43:48.0858094Z (pass) cleanup options > should parse --cleanup flag [0.04ms]
Test (Bun on ubuntu-latest)	UNKNOWN STEP	2026-08-10T10:43:48.0858544Z (pass) cleanup options > should parse --cleanup-dry-run flag [0.03ms]
Test (Bun on ubuntu-latest)	UNKNOWN STEP	2026-08-10T10:43:48.0859000Z (pass) cleanup options > should default cleanup to false [0.04ms]
Test (Bun on ubuntu-latest)	UNKNOWN STEP	2026-08-10T10:43:48.0859259Z 
Test (Bun on ubuntu-latest)	UNKNOWN STEP	2026-08-10T10:43:48.0859705Z ##[endgroup]
Test (Bun on ubuntu-latest)	UNKNOWN STEP	2026-08-10T10:43:48.0859821Z 
Test (Bun on ubuntu-latest)	UNKNOWN STEP	2026-08-10T10:43:48.0860237Z ##[group]test/cli.js:
Test (Bun on ubuntu-latest)	UNKNOWN STEP	2026-08-10T10:43:48.2789657Z (pass) CLI version flag > should display version with --version [186.31ms]
Test (Bun on ubuntu-latest)	UNKNOWN STEP	2026-08-10T10:43:48.3579803Z (pass) CLI version flag > should display version with -v [79.18ms]
Test (Bun on ubuntu-latest)	UNKNOWN STEP	2026-08-10T10:43:48.4309015Z (pass) CLI version flag > should show correct package version [72.95ms]
Test (Bun on ubuntu-latest)	UNKNOWN STEP	2026-08-10T10:43:48.4821264Z (pass) CLI basic behavior > should show usage when no arguments provided [51.18ms]
Test (Bun on ubuntu-latest)	UNKNOWN STEP	2026-08-10T10:43:48.5270179Z (pass) CLI basic behavior > should show usage when no command provided after -- [42.06ms]
Test (Bun on ubuntu-latest)	UNKNOWN STEP	2026-08-10T10:43:50.5036052Z (pass) CLI isolation output (issue #67) > should display screen session name when using screen isolation [1979.36ms]
Test (Bun on ubuntu-latest)	UNKNOWN STEP	2026-08-10T10:43:51.0990186Z (pass) CLI isolation output (issue #67) > should display tmux session name when using tmux isolation [595.40ms]
Test (Bun on ubuntu-latest)	UNKNOWN STEP	2026-08-10T10:43:55.2370588Z (pass) CLI isolation output (issue #67) > should display docker container name when using docker isolation [4138.01ms]
Test (Bun on ubuntu-latest)	UNKNOWN STEP	2026-08-10T10:43:55.2371374Z 
Test (Bun on ubuntu-latest)	UNKNOWN STEP	2026-08-10T10:43:55.2372996Z ##[endgroup]
Test (Bun on ubuntu-latest)	UNKNOWN STEP	2026-08-10T10:43:55.2373189Z 
Test (Bun on ubuntu-latest)	UNKNOWN STEP	2026-08-10T10:43:55.2373675Z ##[group]test/command-builder-docker-cleanup.js:
Test (Bun on ubuntu-latest)	UNKNOWN STEP	2026-08-10T10:43:55.2399719Z (pass) command-builder docker cleanup forwarding > forwards cleanup policy flags when a remaining level uses docker [0.48ms]
Test (Bun on ubuntu-latest)	UNKNOWN STEP	2026-08-10T10:43:55.2401404Z (pass) command-builder docker cleanup forwarding > does not forward docker cleanup flags after the docker level is consumed [0.13ms]
Test (Bun on ubuntu-latest)	UNKNOWN STEP	2026-08-10T10:43:55.2402615Z 
Test (Bun on ubuntu-latest)	UNKNOWN STEP	2026-08-10T10:43:55.2403203Z ##[endgroup]
Test (Bun on ubuntu-latest)	UNKNOWN STEP	2026-08-10T10:43:55.2403413Z 
Test (Bun on ubuntu-latest)	UNKNOWN STEP	2026-08-10T10:43:55.2403904Z ##[group]test/create-github-release.mjs:
Test (Bun on ubuntu-latest)	UNKNOWN STEP	2026-08-10T10:43:55.3099535Z (pass) create-github-release script > treats an existing GitHub release as an idempotent skip [68.46ms]
Test (Bun on ubuntu-latest)	UNKNOWN STEP	2026-08-10T10:43:55.3777077Z (pass) create-github-release script > fails when gh api returns an unexpected error [67.72ms]
Test (Bun on ubuntu-latest)	UNKNOWN STEP	2026-08-10T10:43:55.3777826Z 
Test (Bun on ubuntu-latest)	UNKNOWN STEP	2026-08-10T10:43:55.3778368Z ##[endgroup]
Test (Bun on ubuntu-latest)	UNKNOWN STEP	2026-08-10T10:43:55.3778581Z 
Test (Bun on ubuntu-latest)	UNKNOWN STEP	2026-08-10T10:43:55.3779227Z ##[group]test/docker-autoremove.js:
Test (Bun on ubuntu-latest)	UNKNOWN STEP	2026-08-10T10:43:55.3802772Z (pass) Docker Container Cleanup Policy > cleanup decisions > should keep abnormal containers under the default policy [0.10ms]
Test (Bun on ubuntu-latest)	UNKNOWN STEP	2026-08-10T10:43:55.3809710Z (pass) Docker Container Cleanup Policy > cleanup decisions > should keep OOM-killed containers with keepContainerOnFail [0.06ms]
Test (Bun on ubuntu-latest)	UNKNOWN STEP	2026-08-10T10:43:55.3811562Z (pass) Docker Container Cleanup Policy > cleanup decisions > should honor explicit always-cleanup policy [0.03ms]
Test (Bun on ubuntu-latest)	UNKNOWN STEP	2026-08-10T10:43:55.3814305Z (pass) Docker Container Cleanup Policy > cleanup decisions > should make the detached watcher inspect OOMKilled before default cleanup [0.39ms]
Test (Bun on ubuntu-latest)	UNKNOWN STEP	2026-08-10T10:43:56.1037933Z $ echo "test" && sleep 0.5
Test (Bun on ubuntu-latest)	UNKNOWN STEP	2026-08-10T10:43:56.1038159Z 
Test (Bun on ubuntu-latest)	UNKNOWN STEP	2026-08-10T10:43:56.8546749Z (pass) Docker Container Cleanup Policy > auto-remove enabled > should automatically remove container when autoRemoveDockerContainer is true [1474.11ms]
Test (Bun on ubuntu-latest)	UNKNOWN STEP	2026-08-10T10:43:56.8547893Z   ✓ Docker container auto-removed after exit (filesystem not preserved)
Test (Bun on ubuntu-latest)	UNKNOWN STEP	2026-08-10T10:43:57.5908361Z $ echo "test" && sleep 0.1
Test (Bun on ubuntu-latest)	UNKNOWN STEP	2026-08-10T10:43:57.5908692Z 
Test (Bun on ubuntu-latest)	UNKNOWN STEP	2026-08-10T10:43:58.0181485Z (pass) Docker Container Cleanup Policy > default cleanup > should remove container filesystem by default [1163.42ms]
Test (Bun on ubuntu-latest)	UNKNOWN STEP	2026-08-10T10:43:58.7175661Z $ echo "test" && sleep 0.1
Test (Bun on ubuntu-latest)	UNKNOWN STEP	2026-08-10T10:43:58.7175980Z 
Test (Bun on ubuntu-latest)	UNKNOWN STEP	2026-08-10T10:43:59.0205929Z (pass) Docker Container Cleanup Policy > keep-container opt-out > should preserve container filesystem when keepContainer is true [1002.46ms]
Test (Bun on ubuntu-latest)	UNKNOWN STEP	2026-08-10T10:43:59.7507851Z $ echo "test" && exit 7
Test (Bun on ubuntu-latest)	UNKNOWN STEP	2026-08-10T10:43:59.7508159Z 
Test (Bun on ubuntu-latest)	UNKNOWN STEP	2026-08-10T10:43:59.9648572Z (pass) Docker Container Cleanup Policy > keep-container opt-out > should preserve failed containers when keepContainerOnFail is true [944.21ms]
Test (Bun on ubuntu-latest)	UNKNOWN STEP	2026-08-10T10:44:00.7047578Z $ printf 'attached-log-line\n'
Test (Bun on ubuntu-latest)	UNKNOWN STEP	2026-08-10T10:44:00.7047833Z 
Test (Bun on ubuntu-latest)	UNKNOWN STEP	2026-08-10T10:44:00.8279214Z attached-log-line
Test (Bun on ubuntu-latest)	UNKNOWN STEP	2026-08-10T10:44:00.9703691Z (pass) Docker Container Cleanup Policy > attached mode logging > should write attached docker output to the provided host log path [1005.46ms]
Test (Bun on ubuntu-latest)	UNKNOWN STEP	2026-08-10T10:44:00.9704654Z 
Test (Bun on ubuntu-latest)	UNKNOWN STEP	2026-08-10T10:44:00.9705638Z ##[endgroup]
Test (Bun on ubuntu-latest)	UNKNOWN STEP	2026-08-10T10:44:00.9705846Z 
Test (Bun on ubuntu-latest)	UNKNOWN STEP	2026-08-10T10:44:00.9706374Z ##[group]test/docker-network-integration.js:
Test (Bun on ubuntu-latest)	UNKNOWN STEP	2026-08-10T10:44:02.9022114Z $ ping -c 1 formal-ai && wget -q --spider https://api.github.com
Test (Bun on ubuntu-latest)	UNKNOWN STEP	2026-08-10T10:44:02.9022594Z 
Test (Bun on ubuntu-latest)	UNKNOWN STEP	2026-08-10T10:44:03.2045311Z 72 |       }
Test (Bun on ubuntu-latest)	UNKNOWN STEP	2026-08-10T10:44:03.2045700Z 73 |     );
Test (Bun on ubuntu-latest)	UNKNOWN STEP	2026-08-10T10:44:03.2046293Z 74 |     assert.strictEqual(joined.success, true, joined.message);
Test (Bun on ubuntu-latest)	UNKNOWN STEP	2026-08-10T10:44:03.2047001Z 75 |     const joinedExit = docker(['wait', connected]);
Test (Bun on ubuntu-latest)	UNKNOWN STEP	2026-08-10T10:44:03.2047704Z 76 |     assert.strictEqual(joinedExit.status, 0, joinedExit.stderr);
Test (Bun on ubuntu-latest)	UNKNOWN STEP	2026-08-10T10:44:03.2048415Z 77 |     assert.strictEqual(joinedExit.stdout.trim(), '0');
Test (Bun on ubuntu-latest)	UNKNOWN STEP	2026-08-10T10:44:03.2048938Z                 ^
Test (Bun on ubuntu-latest)	UNKNOWN STEP	2026-08-10T10:44:03.2049390Z AssertionError: Expected values to be strictly equal:
Test (Bun on ubuntu-latest)	UNKNOWN STEP	2026-08-10T10:44:03.2049797Z 
Test (Bun on ubuntu-latest)	UNKNOWN STEP	2026-08-10T10:44:03.2049933Z '1' !== '0'
Test (Bun on ubuntu-latest)	UNKNOWN STEP	2026-08-10T10:44:03.2050107Z 
Test (Bun on ubuntu-latest)	UNKNOWN STEP	2026-08-10T10:44:03.2050304Z  generatedMessage: true,
Test (Bun on ubuntu-latest)	UNKNOWN STEP	2026-08-10T10:44:03.2050723Z      actual: "1",
Test (Bun on ubuntu-latest)	UNKNOWN STEP	2026-08-10T10:44:03.2051098Z    expected: "0",
Test (Bun on ubuntu-latest)	UNKNOWN STEP	2026-08-10T10:44:03.2051496Z    operator: "strictEqual",
Test (Bun on ubuntu-latest)	UNKNOWN STEP	2026-08-10T10:44:03.2071525Z        code: "ERR_ASSERTION"
Test (Bun on ubuntu-latest)	UNKNOWN STEP	2026-08-10T10:44:03.2071829Z 
Test (Bun on ubuntu-latest)	UNKNOWN STEP	2026-08-10T10:44:03.2072443Z       at /home/runner/work/start/start/js/test/docker-network-integration.js:77:12
Test (Bun on ubuntu-latest)	UNKNOWN STEP	2026-08-10T10:44:03.2073044Z       at processTicksAndRejections (native:7:39)
Test (Bun on ubuntu-latest)	UNKNOWN STEP	2026-08-10T10:44:03.2073413Z 
Test (Bun on ubuntu-latest)	UNKNOWN STEP	2026-08-10T10:44:03.2101107Z ##[error]:'1' !== '0'
Test (Bun on ubuntu-latest)	UNKNOWN STEP	
Test (Bun on ubuntu-latest)	UNKNOWN STEP	      at /home/runner/work/start/start/js/test/docker-network-integration.js:77:12
Test (Bun on ubuntu-latest)	UNKNOWN STEP	      at processTicksAndRejections (native:7:39)
Test (Bun on ubuntu-latest)	UNKNOWN STEP	2026-08-10T10:44:03.2114841Z (fail) Docker named network integration > reaches a private sidecar and the internet through two networks [395.11ms]
Test (Bun on ubuntu-latest)	UNKNOWN STEP	2026-08-10T10:44:03.3054957Z $ echo should-not-run
Test (Bun on ubuntu-latest)	UNKNOWN STEP	2026-08-10T10:44:03.3055168Z 
Test (Bun on ubuntu-latest)	UNKNOWN STEP	2026-08-10T10:44:03.5727343Z $ echo should-not-run
Test (Bun on ubuntu-latest)	UNKNOWN STEP	2026-08-10T10:44:03.5727576Z 
Test (Bun on ubuntu-latest)	UNKNOWN STEP	2026-08-10T10:44:03.9157915Z $ echo should-not-run
Test (Bun on ubuntu-latest)	UNKNOWN STEP	2026-08-10T10:44:03.9158230Z 
Test (Bun on ubuntu-latest)	UNKNOWN STEP	2026-08-10T10:44:04.0473794Z docker: Error response from daemon: failed to set up container networking: network start-network-61677298-absent not found
Test (Bun on ubuntu-latest)	UNKNOWN STEP	2026-08-10T10:44:04.0474653Z 
Test (Bun on ubuntu-latest)	UNKNOWN STEP	2026-08-10T10:44:04.0482690Z Run 'docker run --help' for more information
Test (Bun on ubuntu-latest)	UNKNOWN STEP	2026-08-10T10:44:04.1968353Z $ echo should-not-run
Test (Bun on ubuntu-latest)	UNKNOWN STEP	2026-08-10T10:44:04.1968607Z 
Test (Bun on ubuntu-latest)	UNKNOWN STEP	2026-08-10T10:44:04.2274741Z (pass) Docker named network integration > fails for a missing network without orphaning a container [1022.89ms]
Test (Bun on ubuntu-latest)	UNKNOWN STEP	2026-08-10T10:44:04.3529208Z 
Test (Bun on ubuntu-latest)	UNKNOWN STEP	2026-08-10T10:44:04.3530203Z ##[endgroup]
Test (Bun on ubuntu-latest)	UNKNOWN STEP	2026-08-10T10:44:04.3530355Z 
Test (Bun on ubuntu-latest)	UNKNOWN STEP	2026-08-10T10:44:04.3530659Z ##[group]test/docker-runtime-options.js:
Test (Bun on ubuntu-latest)	UNKNOWN STEP	2026-08-10T10:44:04.3554590Z (pass) Docker runtime options parsing > should parse repeatable --volume and -v [0.72ms]
Test (Bun on ubuntu-latest)	UNKNOWN STEP	2026-08-10T10:44:04.3555904Z (pass) Docker runtime options parsing > should parse --volume=value and -v=value [0.15ms]
Test (Bun on ubuntu-latest)	UNKNOWN STEP	2026-08-10T10:44:04.3556956Z (pass) Docker runtime options parsing > should parse repeatable --mount [0.08ms]
Test (Bun on ubuntu-latest)	UNKNOWN STEP	2026-08-10T10:44:04.3557981Z (pass) Docker runtime options parsing > should parse repeatable --env and -e [0.10ms]
Test (Bun on ubuntu-latest)	UNKNOWN STEP	2026-08-10T10:44:04.3558963Z (pass) Docker runtime options parsing > should parse --privileged [0.07ms]
Test (Bun on ubuntu-latest)	UNKNOWN STEP	2026-08-10T10:44:04.3560360Z (pass) Docker runtime options parsing > should parse repeatable --network forms without consuming child args [0.14ms]
Test (Bun on ubuntu-latest)	UNKNOWN STEP	2026-08-10T10:44:04.3562013Z (pass) Docker runtime options parsing > should parse repeatable --network-alias value and equals forms [0.08ms]
Test (Bun on ubuntu-latest)	UNKNOWN STEP	2026-08-10T10:44:04.3563622Z (pass) Docker runtime options parsing > should default runtime options to empty/false [0.08ms]
Test (Bun on ubuntu-latest)	UNKNOWN STEP	2026-08-10T10:44:04.3564837Z (pass) Docker runtime options parsing > should throw when --volume requires an argument [0.18ms]
Test (Bun on ubuntu-latest)	UNKNOWN STEP	2026-08-10T10:44:04.3565998Z (pass) Docker runtime options parsing > should throw when --env requires an argument [0.09ms]
Test (Bun on ubuntu-latest)	UNKNOWN STEP	2026-08-10T10:44:04.3567158Z (pass) Docker runtime options validation > should reject --volume with non-docker backend [0.10ms]
Test (Bun on ubuntu-latest)	UNKNOWN STEP	2026-08-10T10:44:04.3568300Z (pass) Docker runtime options validation > should reject --mount without isolation [0.09ms]
Test (Bun on ubuntu-latest)	UNKNOWN STEP	2026-08-10T10:44:04.3569425Z (pass) Docker runtime options validation > should reject --env with non-docker backend [0.10ms]
Test (Bun on ubuntu-latest)	UNKNOWN STEP	2026-08-10T10:44:04.3570554Z (pass) Docker runtime options validation > should reject --privileged without docker [0.09ms]
Test (Bun on ubuntu-latest)	UNKNOWN STEP	2026-08-10T10:44:04.3572616Z (pass) Docker runtime options validation > should reject network options without docker [0.15ms]
Test (Bun on ubuntu-latest)	UNKNOWN STEP	2026-08-10T10:44:04.3577462Z (pass) Docker runtime options validation > should accept runtime options when stack includes docker [0.26ms]
Test (Bun on ubuntu-latest)	UNKNOWN STEP	2026-08-10T10:44:04.3578613Z (pass) buildDockerRuntimeArgs > should build empty args by default [0.04ms]
Test (Bun on ubuntu-latest)	UNKNOWN STEP	2026-08-10T10:44:04.3579542Z (pass) buildDockerRuntimeArgs > should add --privileged first [0.03ms]
Test (Bun on ubuntu-latest)	UNKNOWN STEP	2026-08-10T10:44:04.3580526Z (pass) buildDockerRuntimeArgs > should expand env, volumes, and mounts in order [0.07ms]
Test (Bun on ubuntu-latest)	UNKNOWN STEP	2026-08-10T10:44:04.3581624Z (pass) buildDockerRuntimeStatusLines > should return no lines for empty options [0.12ms]
Test (Bun on ubuntu-latest)	UNKNOWN STEP	2026-08-10T10:44:04.3583015Z (pass) buildDockerRuntimeStatusLines > should format volumes, mounts, env, and privileged lines [0.08ms]
Test (Bun on ubuntu-latest)	UNKNOWN STEP	2026-08-10T10:44:04.3583769Z (pass) buildDockerRuntimeStatusLines > should join multiple volumes with a comma [0.05ms]
Test (Bun on ubuntu-latest)	UNKNOWN STEP	2026-08-10T10:44:04.3584486Z (pass) buildDockerRuntimeMetadata > should null out empty collections and falsy privileged [0.08ms]
Test (Bun on ubuntu-latest)	UNKNOWN STEP	2026-08-10T10:44:04.3585237Z (pass) buildDockerRuntimeMetadata > should pass through populated collections and privileged [0.05ms]
Test (Bun on ubuntu-latest)	UNKNOWN STEP	2026-08-10T10:44:04.3585638Z 
Test (Bun on ubuntu-latest)	UNKNOWN STEP	2026-08-10T10:44:04.3585921Z ##[endgroup]
Test (Bun on ubuntu-latest)	UNKNOWN STEP	2026-08-10T10:44:04.3586028Z 
Test (Bun on ubuntu-latest)	UNKNOWN STEP	2026-08-10T10:44:04.3586273Z ##[group]test/echo-integration.js:
Test (Bun on ubuntu-latest)	UNKNOWN STEP	2026-08-10T10:44:04.3596585Z === Echo Integration Tests - Issue #55 ===
Test (Bun on ubuntu-latest)	UNKNOWN STEP	2026-08-10T10:44:04.3597137Z Testing that "echo hi" works correctly across all isolation modes
Test (Bun on ubuntu-latest)	UNKNOWN STEP	2026-08-10T10:44:04.3597758Z Coverage: No isolation, Screen (attached/detached), Tmux (attached/detached), Docker (attached/detached)
Test (Bun on ubuntu-latest)	UNKNOWN STEP	2026-08-10T10:44:04.3598158Z 
Test (Bun on ubuntu-latest)	UNKNOWN STEP	2026-08-10T10:44:04.4691362Z (pass) Echo Integration Tests - Issue #55 > No Isolation Mode (Direct Execution) > should execute echo hi and show output with proper formatting [56.79ms]
Test (Bun on ubuntu-latest)	UNKNOWN STEP	2026-08-10T10:44:04.4692977Z   ✓ No isolation mode: echo hi works correctly
Test (Bun on ubuntu-latest)	UNKNOWN STEP	2026-08-10T10:44:04.5234849Z (pass) Echo Integration Tests - Issue #55 > No Isolation Mode (Direct Execution) > should execute echo with single quotes [54.38ms]
Test (Bun on ubuntu-latest)	UNKNOWN STEP	2026-08-10T10:44:04.5235834Z   ✓ No isolation mode: echo with single quotes works
Test (Bun on ubuntu-latest)	UNKNOWN STEP	2026-08-10T10:44:04.5829505Z (pass) Echo Integration Tests - Issue #55 > No Isolation Mode (Direct Execution) > should execute echo with double quotes [59.48ms]
Test (Bun on ubuntu-latest)	UNKNOWN STEP	2026-08-10T10:44:04.5830462Z   ✓ No isolation mode: echo with double quotes works
Test (Bun on ubuntu-latest)	UNKNOWN STEP	2026-08-10T10:44:04.6359139Z (pass) Echo Integration Tests - Issue #55 > No Isolation Mode (Direct Execution) > should have consistent empty line formatting [52.94ms]
Test (Bun on ubuntu-latest)	UNKNOWN STEP	2026-08-10T10:44:04.6360087Z   ✓ Empty line formatting is consistent
Test (Bun on ubuntu-latest)	UNKNOWN STEP	2026-08-10T10:44:04.7991232Z (pass) Echo Integration Tests - Issue #55 > Screen Isolation Mode > Attached Mode > should execute echo hi in attached screen mode with proper formatting [163.11ms]
Test (Bun on ubuntu-latest)	UNKNOWN STEP	2026-08-10T10:44:04.7993124Z   ✓ Screen isolation (attached): echo hi works correctly
Test (Bun on ubuntu-latest)	UNKNOWN STEP	2026-08-10T10:44:04.9624999Z (pass) Echo Integration Tests - Issue #55 > Screen Isolation Mode > Attached Mode > should execute echo with quotes in attached screen mode [163.42ms]
Test (Bun on ubuntu-latest)	UNKNOWN STEP	2026-08-10T10:44:04.9626089Z   ✓ Screen isolation (attached): echo with quotes works
Test (Bun on ubuntu-latest)	UNKNOWN STEP	2026-08-10T10:44:05.1263307Z (pass) Echo Integration Tests - Issue #55 > Screen Isolation Mode > Attached Mode > should show exit code and finish block in attached screen mode [163.77ms]
Test (Bun on ubuntu-latest)	UNKNOWN STEP	2026-08-10T10:44:05.1264415Z   ✓ Screen isolation (attached): finish block displays correctly
Test (Bun on ubuntu-latest)	UNKNOWN STEP	2026-08-10T10:44:05.1893843Z (pass) Echo Integration Tests - Issue #55 > Screen Isolation Mode > Detached Mode > should execute echo hi in detached screen mode [63.09ms]
Test (Bun on ubuntu-latest)	UNKNOWN STEP	2026-08-10T10:44:05.1894879Z   ✓ Screen isolation (detached): echo hi starts correctly
Test (Bun on ubuntu-latest)	UNKNOWN STEP	2026-08-10T10:44:05.2510539Z (pass) Echo Integration Tests - Issue #55 > Screen Isolation Mode > Detached Mode > should show session name in detached screen mode for reattaching [61.63ms]
Test (Bun on ubuntu-latest)	UNKNOWN STEP	2026-08-10T10:44:05.2512280Z   ✓ Screen isolation (detached): session name displayed for reattaching
Test (Bun on ubuntu-latest)	UNKNOWN STEP	2026-08-10T10:44:05.3099992Z open terminal failed: not a terminal
Test (Bun on ubuntu-latest)	UNKNOWN STEP	2026-08-10T10:44:05.3100812Z Error: Tmux session "tmux-1786358645294-jgt351" exited with code 1
Test (Bun on ubuntu-latest)	UNKNOWN STEP	2026-08-10T10:44:05.3102412Z (pass) Echo Integration Tests - Issue #55 > Tmux Isolation Mode > Attached Mode > should handle attached tmux mode (may require TTY) [59.09ms]
Test (Bun on ubuntu-latest)	UNKNOWN STEP	2026-08-10T10:44:05.3103910Z   ⚠ Tmux isolation (attached): skipped (no TTY available)
Test (Bun on ubuntu-latest)	UNKNOWN STEP	2026-08-10T10:44:05.4070762Z (pass) Echo Integration Tests - Issue #55 > Tmux Isolation Mode > Detached Mode > should execute echo hi in detached tmux mode [96.90ms]
Test (Bun on ubuntu-latest)	UNKNOWN STEP	2026-08-10T10:44:05.4072534Z   ✓ Tmux isolation (detached): echo hi starts correctly
Test (Bun on ubuntu-latest)	UNKNOWN STEP	2026-08-10T10:44:05.4809760Z (pass) Echo Integration Tests - Issue #55 > Tmux Isolation Mode > Detached Mode > should show session name in detached tmux mode for reattaching [73.83ms]
Test (Bun on ubuntu-latest)	UNKNOWN STEP	2026-08-10T10:44:05.4811362Z   ✓ Tmux isolation (detached): session name displayed for reattaching
Test (Bun on ubuntu-latest)	UNKNOWN STEP	2026-08-10T10:44:05.5553215Z (pass) Echo Integration Tests - Issue #55 > Tmux Isolation Mode > Detached Mode > should execute echo with quotes in detached tmux mode [74.35ms]
Test (Bun on ubuntu-latest)	UNKNOWN STEP	2026-08-10T10:44:05.5554683Z   ✓ Tmux isolation (detached): echo with quotes works
Test (Bun on ubuntu-latest)	UNKNOWN STEP	2026-08-10T10:44:05.5555917Z (pass) Echo Integration Tests - Issue #55 > Docker Isolation Mode > Attached Mode > should skip attached docker tests when no TTY is available [0.07ms]
Test (Bun on ubuntu-latest)	UNKNOWN STEP	2026-08-10T10:44:05.5557640Z   ⚠ no TTY available, skipping attached docker tests
Test (Bun on ubuntu-latest)	UNKNOWN STEP	2026-08-10T10:44:06.4903873Z (pass) Echo Integration Tests - Issue #55 > Docker Isolation Mode > Detached Mode > should execute echo hi in detached docker mode [933.93ms]
Test (Bun on ubuntu-latest)	UNKNOWN STEP	2026-08-10T10:44:06.4906082Z   ✓ Docker isolation (detached): echo hi starts correctly
Test (Bun on ubuntu-latest)	UNKNOWN STEP	2026-08-10T10:44:07.3813891Z (pass) Echo Integration Tests - Issue #55 > Docker Isolation Mode > Detached Mode > should show session/container name in detached docker mode for reattaching [891.28ms]
Test (Bun on ubuntu-latest)	UNKNOWN STEP	2026-08-10T10:44:07.3815292Z   ✓ Docker isolation (detached): session/container name displayed for reattaching
Test (Bun on ubuntu-latest)	UNKNOWN STEP	2026-08-10T10:44:08.3129322Z   ✓ Docker isolation (detached): echo with quotes works
Test (Bun on ubuntu-latest)	UNKNOWN STEP	2026-08-10T10:44:08.3132524Z (pass) Echo Integration Tests - Issue #55 > Docker Isolation Mode > Detached Mode > should execute echo with quotes in detached docker mode [932.35ms]
Test (Bun on ubuntu-latest)	UNKNOWN STEP	2026-08-10T10:44:08.3803327Z (pass) Echo Integration Tests - Issue #55 > Output Block Formatting > should not truncate long log paths [67.37ms]
Test (Bun on ubuntu-latest)	UNKNOWN STEP	2026-08-10T10:44:08.3804194Z   ✓ Log paths are not truncated
Test (Bun on ubuntu-latest)	UNKNOWN STEP	2026-08-10T10:44:08.4340850Z (pass) Echo Integration Tests - Issue #55 > Output Block Formatting > should show full session ID in both start and finish blocks [53.69ms]
Test (Bun on ubuntu-latest)	UNKNOWN STEP	2026-08-10T10:44:08.4342633Z   ✓ Session IDs are complete UUIDs in both blocks
Test (Bun on ubuntu-latest)	UNKNOWN STEP	2026-08-10T10:44:08.4873056Z (pass) Echo Integration Tests - Issue #55 > Output Block Formatting > should have consistent exit code formatting [53.27ms]
Test (Bun on ubuntu-latest)	UNKNOWN STEP	2026-08-10T10:44:08.4874001Z   ✓ Exit code formatting is consistent
Test (Bun on ubuntu-latest)	UNKNOWN STEP	2026-08-10T10:44:08.5413323Z (pass) Echo Integration Tests - Issue #55 > Output Block Formatting > should include timing information in finish block [53.93ms]
Test (Bun on ubuntu-latest)	UNKNOWN STEP	2026-08-10T10:44:08.5414214Z 
Test (Bun on ubuntu-latest)	UNKNOWN STEP	2026-08-10T10:44:08.5414906Z ##[endgroup]
Test (Bun on ubuntu-latest)	UNKNOWN STEP	2026-08-10T10:44:08.5415742Z   ✓ Timing information is present in finish block
Test (Bun on ubuntu-latest)	UNKNOWN STEP	2026-08-10T10:44:08.5416430Z 
Test (Bun on ubuntu-latest)	UNKNOWN STEP	2026-08-10T10:44:08.5416765Z ##[group]test/execution-control.js:
Test (Bun on ubuntu-latest)	UNKNOWN STEP	2026-08-10T10:44:08.5462019Z (pass) execution control > should map screen stop to CTRL+C injection [0.41ms]
Test (Bun on ubuntu-latest)	UNKNOWN STEP	2026-08-10T10:44:08.5605128Z (pass) execution control > should send stop command to a detached screen session [14.27ms]
Test (Bun on ubuntu-latest)	UNKNOWN STEP	2026-08-10T10:44:08.5643185Z (pass) execution control > should stop a detached docker container with docker stop [1.97ms]
Test (Bun on ubuntu-latest)	UNKNOWN STEP	2026-08-10T10:44:08.5644377Z (pass) execution control > should send docker terminate through docker kill [1.21ms]
Test (Bun on ubuntu-latest)	UNKNOWN STEP	2026-08-10T10:44:08.5651484Z (pass) execution control > should reject non-detached records [0.97ms]
Test (Bun on ubuntu-latest)	UNKNOWN STEP	2026-08-10T10:44:08.5653302Z (pass) process id collection > should parse a GNU Screen process id from screen -ls output [0.08ms]
Test (Bun on ubuntu-latest)	UNKNOWN STEP	2026-08-10T10:44:08.5655155Z (pass) process id collection > should collect wrapper, screen, and descendant process IDs [0.12ms]
Test (Bun on ubuntu-latest)	UNKNOWN STEP	2026-08-10T10:44:08.5655822Z 
Test (Bun on ubuntu-latest)	UNKNOWN STEP	2026-08-10T10:44:08.5656325Z ##[endgroup]
Test (Bun on ubuntu-latest)	UNKNOWN STEP	2026-08-10T10:44:08.5656452Z 
Test (Bun on ubuntu-latest)	UNKNOWN STEP	2026-08-10T10:44:08.5656744Z ##[group]test/execution-store.js:
Test (Bun on ubuntu-latest)	UNKNOWN STEP	2026-08-10T10:44:08.5670505Z === Execution Store Unit Tests ===
Test (Bun on ubuntu-latest)	UNKNOWN STEP	2026-08-10T10:44:08.5675457Z (pass) ExecutionRecord > should create a new execution record with default values [0.11ms]
Test (Bun on ubuntu-latest)	UNKNOWN STEP	2026-08-10T10:44:08.5676685Z (pass) ExecutionRecord > should create a new execution record with custom values [0.11ms]
Test (Bun on ubuntu-latest)	UNKNOWN STEP	2026-08-10T10:44:08.5677755Z (pass) ExecutionRecord > should mark execution as completed [0.09ms]
Test (Bun on ubuntu-latest)	UNKNOWN STEP	2026-08-10T10:44:08.5678716Z (pass) ExecutionRecord > should convert to plain object and back [0.07ms]
Test (Bun on ubuntu-latest)	UNKNOWN STEP	2026-08-10T10:44:08.5681644Z (pass) LockManager > should acquire and release a lock [0.34ms]
Test (Bun on ubuntu-latest)	UNKNOWN STEP	2026-08-10T10:44:08.5687319Z (pass) LockManager > should fail to acquire lock if already held by another process [0.53ms]
Test (Bun on ubuntu-latest)	UNKNOWN STEP	2026-08-10T10:44:08.5689008Z (pass) LockManager > should detect stale locks [0.22ms]
Test (Bun on ubuntu-latest)	UNKNOWN STEP	2026-08-10T10:44:08.5691519Z (pass) ExecutionStore > should create app folder on initialization [0.19ms]
Test (Bun on ubuntu-latest)	UNKNOWN STEP	2026-08-10T10:44:08.5698903Z (pass) ExecutionStore > should save and retrieve an execution record [0.73ms]
Test (Bun on ubuntu-latest)	UNKNOWN STEP	2026-08-10T10:44:08.5711384Z (pass) ExecutionStore > should update an existing record [1.25ms]
Test (Bun on ubuntu-latest)	UNKNOWN STEP	2026-08-10T10:44:08.5736628Z (pass) ExecutionStore > should get all records [2.49ms]
Test (Bun on ubuntu-latest)	UNKNOWN STEP	2026-08-10T10:44:08.5767255Z (pass) ExecutionStore > should get records by status [3.03ms]
Test (Bun on ubuntu-latest)	UNKNOWN STEP	2026-08-10T10:44:08.5792191Z (pass) ExecutionStore > should get recent records [2.48ms]
Test (Bun on ubuntu-latest)	UNKNOWN STEP	2026-08-10T10:44:08.5805014Z (pass) ExecutionStore > should delete a record [1.29ms]
Test (Bun on ubuntu-latest)	UNKNOWN STEP	2026-08-10T10:44:08.5807559Z (pass) ExecutionStore > should return false when deleting non-existent record [0.24ms]
Test (Bun on ubuntu-latest)	UNKNOWN STEP	2026-08-10T10:44:08.5823836Z (pass) ExecutionStore > should clear all records [1.61ms]
Test (Bun on ubuntu-latest)	UNKNOWN STEP	2026-08-10T10:44:08.5862875Z (pass) ExecutionStore > should get statistics [3.21ms]
Test (Bun on ubuntu-latest)	UNKNOWN STEP	2026-08-10T10:44:08.6033311Z (pass) ExecutionStore > should handle concurrent saves with locking [16.36ms]
Test (Bun on ubuntu-latest)	UNKNOWN STEP	2026-08-10T10:44:08.6052881Z (pass) ExecutionStore > should persist data to lino file [0.51ms]
Test (Bun on ubuntu-latest)	UNKNOWN STEP	2026-08-10T10:44:08.6662733Z (pass) isClinkInstalled > should return a boolean [63.71ms]
Test (Bun on ubuntu-latest)	UNKNOWN STEP	2026-08-10T10:44:08.6676335Z (pass) ExecutionStore with lino-objects-codec > should properly encode and decode complex options [1.40ms]
Test (Bun on ubuntu-latest)	UNKNOWN STEP	2026-08-10T10:44:08.6682682Z (pass) ExecutionStore with lino-objects-codec > should handle special characters in command [0.62ms]
Test (Bun on ubuntu-latest)	UNKNOWN STEP	2026-08-10T10:44:08.6690782Z (pass) ExecutionStore with lino-objects-codec > should handle unicode characters [0.82ms]
Test (Bun on ubuntu-latest)	UNKNOWN STEP	2026-08-10T10:44:08.6708220Z (pass) ExecutionStore verifyConsistency > should report consistency status for lino-only store [1.74ms]
Test (Bun on ubuntu-latest)	UNKNOWN STEP	2026-08-10T10:44:08.6718773Z (pass) ExecutionStore cleanupStale > should return empty result when no stale records exist [1.01ms]
Test (Bun on ubuntu-latest)	UNKNOWN STEP	2026-08-10T10:44:08.6729502Z (pass) ExecutionStore cleanupStale > should detect stale records with non-existent PIDs [1.09ms]
Test (Bun on ubuntu-latest)	UNKNOWN STEP	2026-08-10T10:44:08.6738597Z (pass) ExecutionStore cleanupStale > should detect stale records that exceed max age [0.88ms]
Test (Bun on ubuntu-latest)	UNKNOWN STEP	2026-08-10T10:44:08.6747034Z (pass) ExecutionStore cleanupStale > should not detect records within max age as stale [0.83ms]
Test (Bun on ubuntu-latest)	UNKNOWN STEP	2026-08-10T10:44:08.6767897Z (pass) ExecutionStore cleanupStale > should clean up stale records when dryRun is false [2.08ms]
Test (Bun on ubuntu-latest)	UNKNOWN STEP	2026-08-10T10:44:08.6780226Z (pass) ExecutionStore cleanupStale > should handle custom max age [1.19ms]
Test (Bun on ubuntu-latest)	UNKNOWN STEP	2026-08-10T10:44:08.6780770Z 
Test (Bun on ubuntu-latest)	UNKNOWN STEP	2026-08-10T10:44:08.6781464Z ##[endgroup]
Test (Bun on ubuntu-latest)	UNKNOWN STEP	2026-08-10T10:44:08.6781938Z 
Test (Bun on ubuntu-latest)	UNKNOWN STEP	2026-08-10T10:44:08.6782500Z ##[group]test/failure-handler.js:
Test (Bun on ubuntu-latest)	UNKNOWN STEP	2026-08-10T10:44:08.6822427Z (pass) failure-handler > parseGitUrl > should parse HTTPS GitHub URL [0.64ms]
Test (Bun on ubuntu-latest)	UNKNOWN STEP	2026-08-10T10:44:08.6823478Z (pass) failure-handler > parseGitUrl > should parse HTTPS URL with .git suffix [0.09ms]
Test (Bun on ubuntu-latest)	UNKNOWN STEP	2026-08-10T10:44:08.6824479Z (pass) failure-handler > parseGitUrl > should parse SSH git@ URL [0.04ms]
Test (Bun on ubuntu-latest)	UNKNOWN STEP	2026-08-10T10:44:08.6825735Z (pass) failure-handler > parseGitUrl > should parse git+https URL format [0.03ms]
Test (Bun on ubuntu-latest)	UNKNOWN STEP	2026-08-10T10:44:08.6826749Z (pass) failure-handler > parseGitUrl > should return null for empty string [0.02ms]
Test (Bun on ubuntu-latest)	UNKNOWN STEP	2026-08-10T10:44:08.6827717Z (pass) failure-handler > parseGitUrl > should return null for null/undefined input [0.02ms]
Test (Bun on ubuntu-latest)	UNKNOWN STEP	2026-08-10T10:44:08.6828486Z (pass) failure-handler > parseGitUrl > should return null for non-github URL [0.02ms]
Test (Bun on ubuntu-latest)	UNKNOWN STEP	2026-08-10T10:44:08.6829691Z (pass) failure-handler > parseGitUrl > should return null for invalid/random string [0.02ms]
Test (Bun on ubuntu-latest)	UNKNOWN STEP	2026-08-10T10:44:08.6831095Z (pass) failure-handler > parseGitUrl > should normalize URL to https://github.com format [0.05ms]
Test (Bun on ubuntu-latest)	UNKNOWN STEP	2026-08-10T10:44:08.6832708Z (pass) failure-handler > parseGitUrl > should handle URL with subdirectory (only owner/repo captured) [0.04ms]
Test (Bun on ubuntu-latest)	UNKNOWN STEP	2026-08-10T10:44:08.6833926Z (pass) failure-handler > parseGitUrl > should return object with owner, repo, url keys [0.06ms]
Test (Bun on ubuntu-latest)	UNKNOWN STEP	2026-08-10T10:44:08.6834646Z (pass) failure-handler > handleFailure > should return early when disableAutoIssue is true [0.20ms]
Test (Bun on ubuntu-latest)	UNKNOWN STEP	2026-08-10T10:44:08.6835459Z (pass) failure-handler > handleFailure > should return early when disableAutoIssue is true (verbose mode) [0.07ms]
Test (Bun on ubuntu-latest)	UNKNOWN STEP	2026-08-10T10:44:08.6835980Z 
Test (Bun on ubuntu-latest)	UNKNOWN STEP	2026-08-10T10:44:08.6836431Z ##[endgroup]
Test (Bun on ubuntu-latest)	UNKNOWN STEP	2026-08-10T10:44:08.6836643Z 
Test (Bun on ubuntu-latest)	UNKNOWN STEP	2026-08-10T10:44:08.6837146Z ##[group]test/isolation-cleanup.js:
Test (Bun on ubuntu-latest)	UNKNOWN STEP	2026-08-10T10:44:08.6837478Z 
Test (Bun on ubuntu-latest)	UNKNOWN STEP	2026-08-10T10:44:08.6837484Z 
Test (Bun on ubuntu-latest)	UNKNOWN STEP	2026-08-10T10:44:08.6837834Z Auto-issue creation disabled via START_DISABLE_AUTO_ISSUE
Test (Bun on ubuntu-latest)	UNKNOWN STEP	2026-08-10T10:44:08.9099889Z   ✓ Screen session auto-exited (no sessions found in screen -ls)
Test (Bun on ubuntu-latest)	UNKNOWN STEP	2026-08-10T10:44:08.9101159Z (pass) Isolation Resource Cleanup Verification > screen resource cleanup > should not list screen session after command completes (auto-exit by default) [225.29ms]
Test (Bun on ubuntu-latest)	UNKNOWN STEP	2026-08-10T10:44:09.9224966Z   ✓ Screen session kept alive as expected with --keep-alive
Test (Bun on ubuntu-latest)	UNKNOWN STEP	2026-08-10T10:44:09.9265185Z (pass) Isolation Resource Cleanup Verification > screen resource cleanup > should keep screen session alive when keepAlive is true [1016.43ms]
Test (Bun on ubuntu-latest)	UNKNOWN STEP	2026-08-10T10:44:10.0528940Z (pass) Isolation Resource Cleanup Verification > tmux resource cleanup > should not list tmux session after command completes (auto-exit by default) [126.34ms]
Test (Bun on ubuntu-latest)	UNKNOWN STEP	2026-08-10T10:44:10.0530284Z   ✓ Tmux session auto-exited (no sessions found in tmux ls)
Test (Bun on ubuntu-latest)	UNKNOWN STEP	2026-08-10T10:44:11.0744977Z   ✓ Tmux session kept alive as expected with --keep-alive
Test (Bun on ubuntu-latest)	UNKNOWN STEP	2026-08-10T10:44:11.0793548Z (pass) Isolation Resource Cleanup Verification > tmux resource cleanup > should keep tmux session alive when keepAlive is true [1026.33ms]
Test (Bun on ubuntu-latest)	UNKNOWN STEP	2026-08-10T10:44:11.7901234Z $ echo "test" && sleep 0.1
Test (Bun on ubuntu-latest)	UNKNOWN STEP	2026-08-10T10:44:11.7901561Z 
Test (Bun on ubuntu-latest)	UNKNOWN STEP	2026-08-10T10:44:12.1135002Z   ✓ Docker container auto-exited and stopped (resources released, filesystem preserved)
Test (Bun on ubuntu-latest)	UNKNOWN STEP	2026-08-10T10:44:12.1287563Z (pass) Isolation Resource Cleanup Verification > docker resource cleanup > should show docker container as exited after command completes (auto-exit by default) [1049.46ms]
Test (Bun on ubuntu-latest)	UNKNOWN STEP	2026-08-10T10:44:12.8473874Z $ echo "test"
Test (Bun on ubuntu-latest)	UNKNOWN STEP	2026-08-10T10:44:12.8474373Z 
Test (Bun on ubuntu-latest)	UNKNOWN STEP	2026-08-10T10:44:13.9929991Z   ✓ Docker container kept running as expected with --keep-alive
Test (Bun on ubuntu-latest)	UNKNOWN STEP	2026-08-10T10:44:14.0848404Z (pass) Isolation Resource Cleanup Verification > docker resource cleanup > should keep docker container running when keepAlive is true [1955.99ms]
Test (Bun on ubuntu-latest)	UNKNOWN STEP	2026-08-10T10:44:14.0849796Z 
Test (Bun on ubuntu-latest)	UNKNOWN STEP	2026-08-10T10:44:14.0850991Z ##[endgroup]
Test (Bun on ubuntu-latest)	UNKNOWN STEP	2026-08-10T10:44:14.0851219Z 
Test (Bun on ubuntu-latest)	UNKNOWN STEP	2026-08-10T10:44:14.0851677Z ##[group]test/isolation-log-utils.js:
Test (Bun on ubuntu-latest)	UNKNOWN STEP	2026-08-10T10:44:14.0879748Z (pass) isolation-log-utils > getTimestamp > should return a non-empty string [0.13ms]
Test (Bun on ubuntu-latest)	UNKNOWN STEP	2026-08-10T10:44:14.0881531Z (pass) isolation-log-utils > getTimestamp > should return a timestamp without T or Z (ISO-like but space-separated) [0.06ms]
Test (Bun on ubuntu-latest)	UNKNOWN STEP	2026-08-10T10:44:14.0883713Z (pass) isolation-log-utils > getTimestamp > should contain date-like content (numbers and dashes) [0.08ms]
Test (Bun on ubuntu-latest)	UNKNOWN STEP	2026-08-10T10:44:14.0885509Z (pass) isolation-log-utils > getTimestamp > should return different values on successive calls (or same within same ms) [0.04ms]
Test (Bun on ubuntu-latest)	UNKNOWN STEP	2026-08-10T10:44:14.0887766Z (pass) isolation-log-utils > generateLogFilename > should return a string ending with .log [0.07ms]
Test (Bun on ubuntu-latest)	UNKNOWN STEP	2026-08-10T10:44:14.0889531Z (pass) isolation-log-utils > generateLogFilename > should include the environment name in the filename [0.03ms]
Test (Bun on ubuntu-latest)	UNKNOWN STEP	2026-08-10T10:44:14.0890809Z (pass) isolation-log-utils > generateLogFilename > should start with "start-command-" [0.03ms]
Test (Bun on ubuntu-latest)	UNKNOWN STEP	2026-08-10T10:44:14.0892793Z (pass) isolation-log-utils > generateLogFilename > should generate unique filenames on successive calls [0.08ms]
Test (Bun on ubuntu-latest)	UNKNOWN STEP	2026-08-10T10:44:14.0894415Z (pass) isolation-log-utils > generateLogFilename > should handle different environment names [0.13ms]
Test (Bun on ubuntu-latest)	UNKNOWN STEP	2026-08-10T10:44:14.0895206Z (pass) isolation-log-utils > createLogHeader > should return a non-empty string [0.14ms]
Test (Bun on ubuntu-latest)	UNKNOWN STEP	2026-08-10T10:44:14.0895900Z (pass) isolation-log-utils > createLogHeader > should include the command in the header [0.04ms]
Test (Bun on ubuntu-latest)	UNKNOWN STEP	2026-08-10T10:44:14.0896620Z (pass) isolation-log-utils > createLogHeader > should include the environment in the header [0.03ms]
Test (Bun on ubuntu-latest)	UNKNOWN STEP	2026-08-10T10:44:14.0897372Z (pass) isolation-log-utils > createLogHeader > should include the session name in the header [0.03ms]
Test (Bun on ubuntu-latest)	UNKNOWN STEP	2026-08-10T10:44:14.0898156Z (pass) isolation-log-utils > createLogHeader > should include the mode in the header [0.03ms]
Test (Bun on ubuntu-latest)	UNKNOWN STEP	2026-08-10T10:44:14.0898941Z (pass) isolation-log-utils > createLogHeader > should include image field when provided [0.05ms]
Test (Bun on ubuntu-latest)	UNKNOWN STEP	2026-08-10T10:44:14.0899634Z (pass) isolation-log-utils > createLogHeader > should include user field when provided [0.04ms]
Test (Bun on ubuntu-latest)	UNKNOWN STEP	2026-08-10T10:44:14.0900384Z (pass) isolation-log-utils > createLogHeader > should NOT include Image line when image is not provided [0.03ms]
Test (Bun on ubuntu-latest)	UNKNOWN STEP	2026-08-10T10:44:14.0901126Z (pass) isolation-log-utils > createLogHeader > should contain separator line [0.02ms]
Test (Bun on ubuntu-latest)	UNKNOWN STEP	2026-08-10T10:44:14.0902005Z (pass) isolation-log-utils > createLogFooter > should return a non-empty string [0.04ms]
Test (Bun on ubuntu-latest)	UNKNOWN STEP	2026-08-10T10:44:14.0903114Z (pass) isolation-log-utils > createLogFooter > should include the exit code [0.04ms]
Test (Bun on ubuntu-latest)	UNKNOWN STEP	2026-08-10T10:44:14.0905321Z (pass) isolation-log-utils > createLogFooter > should include exit code 0 [0.03ms]
Test (Bun on ubuntu-latest)	UNKNOWN STEP	2026-08-10T10:44:14.0906797Z (pass) isolation-log-utils > createLogFooter > should include the end time [0.03ms]
Test (Bun on ubuntu-latest)	UNKNOWN STEP	2026-08-10T10:44:14.0907967Z (pass) isolation-log-utils > createLogFooter > should contain separator line [0.03ms]
Test (Bun on ubuntu-latest)	UNKNOWN STEP	2026-08-10T10:44:14.0908947Z (pass) isolation-log-utils > getLogDir > should return a string [0.06ms]
Test (Bun on ubuntu-latest)	UNKNOWN STEP	2026-08-10T10:44:14.0909625Z (pass) isolation-log-utils > getLogDir > should return a non-empty path [0.03ms]
Test (Bun on ubuntu-latest)	UNKNOWN STEP	2026-08-10T10:44:14.0910309Z (pass) isolation-log-utils > getLogDir > should use START_LOG_DIR env var when set [0.07ms]
Test (Bun on ubuntu-latest)	UNKNOWN STEP	2026-08-10T10:44:14.0911230Z (pass) isolation-log-utils > getLogDir > should fall back to /tmp/start-command/logs when START_LOG_DIR is not set [0.12ms]
Test (Bun on ubuntu-latest)	UNKNOWN STEP	2026-08-10T10:44:14.0912396Z (pass) isolation-log-utils > createLogPath > should return a string ending with .log [0.11ms]
Test (Bun on ubuntu-latest)	UNKNOWN STEP	2026-08-10T10:44:14.0913067Z (pass) isolation-log-utils > createLogPath > should return an absolute path [0.06ms]
Test (Bun on ubuntu-latest)	UNKNOWN STEP	2026-08-10T10:44:14.0913902Z (pass) isolation-log-utils > createLogPath > should include the environment name [0.04ms]
Test (Bun on ubuntu-latest)	UNKNOWN STEP	2026-08-10T10:44:14.0914780Z (pass) isolation-log-utils > createLogPath > should be under the log directory [0.04ms]
Test (Bun on ubuntu-latest)	UNKNOWN STEP	2026-08-10T10:44:14.0915566Z (pass) isolation-log-utils > createLogPath > should create stable isolation log path when execution id is provided [0.04ms]
Test (Bun on ubuntu-latest)	UNKNOWN STEP	2026-08-10T10:44:14.0916976Z (pass) isolation-log-utils > createLogPath > should create stable direct log path without duplicated environment segment [0.03ms]
Test (Bun on ubuntu-latest)	UNKNOWN STEP	2026-08-10T10:44:14.0917461Z 
Test (Bun on ubuntu-latest)	UNKNOWN STEP	2026-08-10T10:44:14.0918002Z ##[endgroup]
Test (Bun on ubuntu-latest)	UNKNOWN STEP	2026-08-10T10:44:14.0918249Z 
Test (Bun on ubuntu-latest)	UNKNOWN STEP	2026-08-10T10:44:14.0918730Z ##[group]test/isolation-stacking.js:
Test (Bun on ubuntu-latest)	UNKNOWN STEP	2026-08-10T10:44:14.0928167Z (pass) Isolation Stacking - Args Parser > parseArgs with stacked --isolated > should parse single isolation (backward compatible) [0.94ms]
Test (Bun on ubuntu-latest)	UNKNOWN STEP	2026-08-10T10:44:14.0930057Z (pass) Isolation Stacking - Args Parser > parseArgs with stacked --isolated > should parse multi-level isolation [0.26ms]
Test (Bun on ubuntu-latest)	UNKNOWN STEP	2026-08-10T10:44:14.0934128Z (pass) Isolation Stacking - Args Parser > parseArgs with stacked --isolated > should parse 5-level isolation [0.15ms]
Test (Bun on ubuntu-latest)	UNKNOWN STEP	2026-08-10T10:44:14.0935885Z (pass) Isolation Stacking - Args Parser > parseArgs with stacked --isolated > should parse --isolated=value syntax [0.08ms]
Test (Bun on ubuntu-latest)	UNKNOWN STEP	2026-08-10T10:44:14.0937547Z (pass) Isolation Stacking - Args Parser > parseArgs with stacked --image > should parse single image (backward compatible) [0.11ms]
Test (Bun on ubuntu-latest)	UNKNOWN STEP	2026-08-10T10:44:14.0939281Z (pass) Isolation Stacking - Args Parser > parseArgs with stacked --image > should parse image sequence with placeholders [0.09ms]
Test (Bun on ubuntu-latest)	UNKNOWN STEP	2026-08-10T10:44:14.0945503Z (pass) Isolation Stacking - Args Parser > parseArgs with stacked --image > should parse --image=value syntax [0.06ms]
Test (Bun on ubuntu-latest)	UNKNOWN STEP	2026-08-10T10:44:14.0947603Z (pass) Isolation Stacking - Args Parser > parseArgs with stacked --endpoint > should parse single endpoint (backward compatible) [0.07ms]
Test (Bun on ubuntu-latest)	UNKNOWN STEP	2026-08-10T10:44:14.0949560Z (pass) Isolation Stacking - Args Parser > parseArgs with stacked --endpoint > should parse endpoint sequence with placeholders [0.09ms]
Test (Bun on ubuntu-latest)	UNKNOWN STEP	2026-08-10T10:44:14.0951393Z (pass) Isolation Stacking - Args Parser > hasStackedIsolation > should return true for multi-level [0.14ms]
Test (Bun on ubuntu-latest)	UNKNOWN STEP	2026-08-10T10:44:14.0953883Z (pass) Isolation Stacking - Args Parser > hasStackedIsolation > should return false for single level [0.06ms]
Test (Bun on ubuntu-latest)	UNKNOWN STEP	2026-08-10T10:44:14.0955701Z (pass) Isolation Stacking - Args Parser > hasStackedIsolation > should return false for no isolation [0.06ms]
Test (Bun on ubuntu-latest)	UNKNOWN STEP	2026-08-10T10:44:14.0957467Z (pass) Isolation Stacking - Validation > validateOptions > should validate single backend (backward compatible) [0.17ms]
Test (Bun on ubuntu-latest)	UNKNOWN STEP	2026-08-10T10:44:14.0959197Z (pass) Isolation Stacking - Validation > validateOptions > should validate multi-level stack [0.12ms]
Test (Bun on ubuntu-latest)	UNKNOWN STEP	2026-08-10T10:44:14.0961023Z (pass) Isolation Stacking - Validation > validateOptions > should throw on invalid backend in stack [0.15ms]
Test (Bun on ubuntu-latest)	UNKNOWN STEP	2026-08-10T10:44:14.0963446Z (pass) Isolation Stacking - Validation > validateOptions > should throw on missing SSH endpoint [0.09ms]
Test (Bun on ubuntu-latest)	UNKNOWN STEP	2026-08-10T10:44:14.0965237Z (pass) Isolation Stacking - Validation > validateOptions > should throw on image/stack length mismatch [0.07ms]
Test (Bun on ubuntu-latest)	UNKNOWN STEP	2026-08-10T10:44:14.0967058Z (pass) Isolation Stacking - Validation > validateOptions > should throw on depth exceeding limit [0.09ms]
Test (Bun on ubuntu-latest)	UNKNOWN STEP	2026-08-10T10:44:14.0969130Z (pass) Isolation Stacking - Validation > validateOptions > should distribute single image to all levels [0.09ms]
Test (Bun on ubuntu-latest)	UNKNOWN STEP	2026-08-10T10:44:14.0971208Z (pass) Isolation Stacking - Validation > validateOptions > should apply default docker image for each docker level [0.09ms]
Test (Bun on ubuntu-latest)	UNKNOWN STEP	2026-08-10T10:44:14.0973475Z (pass) Isolation Stacking - Validation > validateOptions > should throw if image provided but no docker in stack [0.09ms]
Test (Bun on ubuntu-latest)	UNKNOWN STEP	2026-08-10T10:44:14.0975630Z (pass) Isolation Stacking - Validation > validateOptions > should throw if endpoint provided but no ssh in stack [0.11ms]
Test (Bun on ubuntu-latest)	UNKNOWN STEP	2026-08-10T10:44:14.0976495Z (pass) Isolation Stacking - Backward Compatibility > should work with existing docker command [0.07ms]
Test (Bun on ubuntu-latest)	UNKNOWN STEP	2026-08-10T10:44:14.0978014Z (pass) Isolation Stacking - Backward Compatibility > should work with existing ssh command [0.09ms]
Test (Bun on ubuntu-latest)	UNKNOWN STEP	2026-08-10T10:44:14.0979089Z (pass) Isolation Stacking - Backward Compatibility > should work with existing screen command [0.10ms]
Test (Bun on ubuntu-latest)	UNKNOWN STEP	2026-08-10T10:44:14.0980024Z (pass) Isolation Stacking - Backward Compatibility > should work with -i shorthand [0.05ms]
Test (Bun on ubuntu-latest)	UNKNOWN STEP	2026-08-10T10:44:14.0981019Z (pass) Isolation Stacking - Backward Compatibility > should work with attached mode [0.08ms]
Test (Bun on ubuntu-latest)	UNKNOWN STEP	2026-08-10T10:44:14.0982279Z (pass) Isolation Stacking - Backward Compatibility > should work with session name [0.05ms]
Test (Bun on ubuntu-latest)	UNKNOWN STEP	2026-08-10T10:44:14.0983365Z (pass) Isolation Stacking - Backward Compatibility > should work with session-id [0.13ms]
Test (Bun on ubuntu-latest)	UNKNOWN STEP	2026-08-10T10:44:14.0984958Z 
Test (Bun on ubuntu-latest)	UNKNOWN STEP	2026-08-10T10:44:14.0985490Z ##[endgroup]
Test (Bun on ubuntu-latest)	UNKNOWN STEP	2026-08-10T10:44:14.0985726Z 
Test (Bun on ubuntu-latest)	UNKNOWN STEP	2026-08-10T10:44:14.0986200Z ##[group]test/isolation.js:
Test (Bun on ubuntu-latest)	UNKNOWN STEP	2026-08-10T10:44:14.0996283Z (pass) Isolation Module > wrapCommandWithUser > should return command unchanged when user is null [0.03ms]
Test (Bun on ubuntu-latest)	UNKNOWN STEP	2026-08-10T10:44:14.0998104Z (pass) Isolation Module > wrapCommandWithUser > should wrap command with sudo when user is specified [0.05ms]
Test (Bun on ubuntu-latest)	UNKNOWN STEP	2026-08-10T10:44:14.0999732Z (pass) Isolation Module > wrapCommandWithUser > should escape single quotes in command [0.04ms]
Test (Bun on ubuntu-latest)	UNKNOWN STEP	2026-08-10T10:44:14.1001156Z (pass) Isolation Module > wrapCommandWithUser > should use non-interactive sudo [0.02ms]
Test (Bun on ubuntu-latest)	UNKNOWN STEP	2026-08-10T10:44:14.1020222Z (pass) Isolation Module > isCommandAvailable > should return true for common commands (echo) [2.28ms]
Test (Bun on ubuntu-latest)	UNKNOWN STEP	2026-08-10T10:44:14.1039958Z (pass) Isolation Module > isCommandAvailable > should return true for node [1.98ms]
Test (Bun on ubuntu-latest)	UNKNOWN STEP	2026-08-10T10:44:14.1064754Z (pass) Isolation Module > isCommandAvailable > should return false for non-existent command [2.44ms]
Test (Bun on ubuntu-latest)	UNKNOWN STEP	2026-08-10T10:44:14.1081344Z (pass) Isolation Module > isCommandAvailable > should return false for empty command [1.63ms]
Test (Bun on ubuntu-latest)	UNKNOWN STEP	2026-08-10T10:44:14.1082612Z (pass) Isolation Module > hasTTY > should return a boolean [0.07ms]
Test (Bun on ubuntu-latest)	UNKNOWN STEP	2026-08-10T10:44:14.1083688Z (pass) Isolation Module > hasTTY > should return false when running in test environment (no TTY) [0.07ms]
Test (Bun on ubuntu-latest)	UNKNOWN STEP	2026-08-10T10:44:14.1084490Z   hasTTY: false
Test (Bun on ubuntu-latest)	UNKNOWN STEP	2026-08-10T10:44:14.1099353Z (pass) Isolation Module > isolation environment checks > should check if screen is available [1.66ms]
Test (Bun on ubuntu-latest)	UNKNOWN STEP	2026-08-10T10:44:14.1100047Z   screen available: true
Test (Bun on ubuntu-latest)	UNKNOWN STEP	2026-08-10T10:44:14.1115765Z (pass) Isolation Module > isolation environment checks > should check if tmux is available [1.63ms]
Test (Bun on ubuntu-latest)	UNKNOWN STEP	2026-08-10T10:44:14.1116428Z   tmux available: true
Test (Bun on ubuntu-latest)	UNKNOWN STEP	2026-08-10T10:44:14.1131959Z (pass) Isolation Module > isolation environment checks > should check if docker is available [1.59ms]
Test (Bun on ubuntu-latest)	UNKNOWN STEP	2026-08-10T10:44:14.1132711Z   docker available: true
Test (Bun on ubuntu-latest)	UNKNOWN STEP	2026-08-10T10:44:14.1149395Z (pass) Isolation Module > isolation environment checks > should check if ssh is available [1.75ms]
Test (Bun on ubuntu-latest)	UNKNOWN STEP	2026-08-10T10:44:14.1150015Z   ssh available: true
Test (Bun on ubuntu-latest)	UNKNOWN STEP	2026-08-10T10:44:14.1195679Z (pass) Isolation Module > getScreenVersion > should return version object or null [4.65ms]
Test (Bun on ubuntu-latest)	UNKNOWN STEP	2026-08-10T10:44:14.1196425Z   Detected screen version: 4.9.1
Test (Bun on ubuntu-latest)	UNKNOWN STEP	2026-08-10T10:44:14.1223089Z (pass) Isolation Module > getScreenVersion > should cache the version result [2.69ms]
Test (Bun on ubuntu-latest)	UNKNOWN STEP	2026-08-10T10:44:14.1250529Z (pass) Isolation Module > supportsLogfileOption > should return boolean [2.76ms]
Test (Bun on ubuntu-latest)	UNKNOWN STEP	2026-08-10T10:44:14.1251316Z   supportsLogfileOption: true
Test (Bun on ubuntu-latest)	UNKNOWN STEP	2026-08-10T10:44:14.1279248Z (pass) Isolation Module > supportsLogfileOption > should return true for screen >= 4.5.1 [2.86ms]
Test (Bun on ubuntu-latest)	UNKNOWN STEP	2026-08-10T10:44:14.1280058Z   Version 4.9.1: -Logfile supported = true
Test (Bun on ubuntu-latest)	UNKNOWN STEP	2026-08-10T10:44:14.1296575Z   Skipping: screen is installed
Test (Bun on ubuntu-latest)	UNKNOWN STEP	2026-08-10T10:44:14.1297647Z (pass) Isolation Runner Error Handling > runInScreen > should return informative error if screen is not installed [1.77ms]
Test (Bun on ubuntu-latest)	UNKNOWN STEP	2026-08-10T10:44:14.1314000Z (pass) Isolation Runner Error Handling > runInTmux > should return informative error if tmux is not installed [1.68ms]
Test (Bun on ubuntu-latest)	UNKNOWN STEP	2026-08-10T10:44:14.1314975Z   Skipping: tmux is installed
Test (Bun on ubuntu-latest)	UNKNOWN STEP	2026-08-10T10:44:14.1330780Z (pass) Isolation Runner Error Handling > runInDocker > should return informative error if docker is not installed [1.66ms]
Test (Bun on ubuntu-latest)	UNKNOWN STEP	2026-08-10T10:44:14.1331545Z   Skipping: docker is installed
Test (Bun on ubuntu-latest)	UNKNOWN STEP	2026-08-10T10:44:14.2385311Z (pass) Isolation Runner Error Handling > runInDocker > should require image option [105.39ms]
Test (Bun on ubuntu-latest)	UNKNOWN STEP	2026-08-10T10:44:14.2405921Z (pass) Isolation Runner Error Handling > runInSsh > should return informative error if ssh is not installed [2.10ms]
Test (Bun on ubuntu-latest)	UNKNOWN STEP	2026-08-10T10:44:14.2406738Z   Skipping: ssh is installed
Test (Bun on ubuntu-latest)	UNKNOWN STEP	2026-08-10T10:44:14.2425676Z (pass) Isolation Runner Error Handling > runInSsh > should require endpoint option [1.96ms]
Test (Bun on ubuntu-latest)	UNKNOWN STEP	2026-08-10T10:44:14.2532341Z (pass) Isolation Keep-Alive Behavior > runInScreen keep-alive messages > should include auto-exit message by default in detached mode [10.55ms]
Test (Bun on ubuntu-latest)	UNKNOWN STEP	2026-08-10T10:44:14.2634485Z (pass) Isolation Keep-Alive Behavior > runInScreen keep-alive messages > should include keep-alive message when keepAlive is true [10.24ms]
Test (Bun on ubuntu-latest)	UNKNOWN STEP	2026-08-10T10:44:14.2816864Z (pass) Isolation Keep-Alive Behavior > runInTmux keep-alive messages > should include auto-exit message by default in detached mode [18.22ms]
Test (Bun on ubuntu-latest)	UNKNOWN STEP	2026-08-10T10:44:14.3019778Z (pass) Isolation Keep-Alive Behavior > runInTmux keep-alive messages > should include keep-alive message when keepAlive is true [20.28ms]
Test (Bun on ubuntu-latest)	UNKNOWN STEP	2026-08-10T10:44:15.0019969Z $ echo test
Test (Bun on ubuntu-latest)	UNKNOWN STEP	2026-08-10T10:44:15.0020213Z 
Test (Bun on ubuntu-latest)	UNKNOWN STEP	2026-08-10T10:44:15.1949710Z (pass) Isolation Keep-Alive Behavior > runInDocker keep-alive messages > should include auto-exit message by default in detached mode [892.96ms]
Test (Bun on ubuntu-latest)	UNKNOWN STEP	2026-08-10T10:44:15.9239885Z $ echo test
Test (Bun on ubuntu-latest)	UNKNOWN STEP	2026-08-10T10:44:15.9240070Z 
Test (Bun on ubuntu-latest)	UNKNOWN STEP	2026-08-10T10:44:16.1432514Z (pass) Isolation Keep-Alive Behavior > runInDocker keep-alive messages > should include keep-alive message when keepAlive is true [948.19ms]
Test (Bun on ubuntu-latest)	UNKNOWN STEP	2026-08-10T10:44:16.1677589Z (pass) Isolation Runner with Available Backends > runInTmux (if available) > should run command in detached tmux session [24.63ms]
Test (Bun on ubuntu-latest)	UNKNOWN STEP	2026-08-10T10:44:16.1680322Z (pass) Isolation Runner with Available Backends > runIsolated dispatcher > should dispatch to correct backend [0.32ms]
Test (Bun on ubuntu-latest)	UNKNOWN STEP	2026-08-10T10:44:16.8135801Z $ echo test
Test (Bun on ubuntu-latest)	UNKNOWN STEP	2026-08-10T10:44:16.8136048Z 
Test (Bun on ubuntu-latest)	UNKNOWN STEP	2026-08-10T10:44:16.9294264Z test
Test (Bun on ubuntu-latest)	UNKNOWN STEP	2026-08-10T10:44:17.0367242Z (pass) Isolation Runner with Available Backends > runIsolated dispatcher > should pass options to backend [868.54ms]
Test (Bun on ubuntu-latest)	UNKNOWN STEP	2026-08-10T10:44:17.0368883Z (pass) Default Docker Image Detection > getDefaultDockerImage > should return a valid Docker image string [0.19ms]
Test (Bun on ubuntu-latest)	UNKNOWN STEP	2026-08-10T10:44:17.0370549Z (pass) Default Docker Image Detection > getDefaultDockerImage > should return an image with a tag [0.07ms]
Test (Bun on ubuntu-latest)	UNKNOWN STEP	2026-08-10T10:44:17.0372428Z (pass) Default Docker Image Detection > getDefaultDockerImage > should return a known base image [0.10ms]
Test (Bun on ubuntu-latest)	UNKNOWN STEP	2026-08-10T10:44:17.0373778Z (pass) detectShellInEnvironment > should return the forced shell when shellPreference is not auto [0.05ms]
Test (Bun on ubuntu-latest)	UNKNOWN STEP	2026-08-10T10:44:17.0375005Z (pass) detectShellInEnvironment > should return zsh when shellPreference is zsh [0.04ms]
Test (Bun on ubuntu-latest)	UNKNOWN STEP	2026-08-10T10:44:17.0376073Z (pass) detectShellInEnvironment > should return sh when shellPreference is sh [0.03ms]
Test (Bun on ubuntu-latest)	UNKNOWN STEP	2026-08-10T10:44:17.0377155Z (pass) detectShellInEnvironment > should return sh fallback when docker image is not provided [0.03ms]
Test (Bun on ubuntu-latest)	UNKNOWN STEP	2026-08-10T10:44:17.0377943Z (pass) detectShellInEnvironment > should return sh fallback when ssh endpoint is not provided [0.02ms]
Test (Bun on ubuntu-latest)	UNKNOWN STEP	2026-08-10T10:44:17.0378661Z (pass) detectShellInEnvironment > should return sh fallback for unknown environment [0.02ms]
Test (Bun on ubuntu-latest)	UNKNOWN STEP	2026-08-10T10:44:17.6328249Z (pass) detectShellInEnvironment > should auto-detect shell in docker if docker is available [595.49ms]
Test (Bun on ubuntu-latest)	UNKNOWN STEP	2026-08-10T10:44:17.6329267Z   Detected shell in alpine:latest: /bin/sh
Test (Bun on ubuntu-latest)	UNKNOWN STEP	2026-08-10T10:44:17.6330146Z (pass) detectShellInEnvironment > should read shell preference from options.shell [0.16ms]
Test (Bun on ubuntu-latest)	UNKNOWN STEP	2026-08-10T10:44:17.7238864Z $ echo test
Test (Bun on ubuntu-latest)	UNKNOWN STEP	2026-08-10T10:44:17.7239043Z 
Test (Bun on ubuntu-latest)	UNKNOWN STEP	2026-08-10T10:44:17.8463340Z (pass) Shell option forwarding to isolation runners > runInDocker shell option > should accept shell option in options object [213.34ms]
Test (Bun on ubuntu-latest)	UNKNOWN STEP	2026-08-10T10:44:17.8464161Z   runInDocker with --shell sh result: true
Test (Bun on ubuntu-latest)	UNKNOWN STEP	2026-08-10T10:44:17.8488313Z (pass) Shell option forwarding to isolation runners > runInSsh shell option > should accept shell option in options object [2.45ms]
Test (Bun on ubuntu-latest)	UNKNOWN STEP	2026-08-10T10:44:17.8517535Z (pass) Shell option forwarding to isolation runners > runInSsh shell option > should use auto mode when shell option is auto [2.80ms]
Test (Bun on ubuntu-latest)	UNKNOWN STEP	2026-08-10T10:44:17.8519783Z (pass) isInteractiveShellCommand (issue #84) > should return true for "bash" [0.07ms]
Test (Bun on ubuntu-latest)	UNKNOWN STEP	2026-08-10T10:44:17.8522912Z (pass) isInteractiveShellCommand (issue #84) > should return true for "zsh" [0.04ms]
Test (Bun on ubuntu-latest)	UNKNOWN STEP	2026-08-10T10:44:17.8538017Z (pass) isInteractiveShellCommand (issue #84) > should return true for "sh" [0.04ms]
Test (Bun on ubuntu-latest)	UNKNOWN STEP	2026-08-10T10:44:17.8540385Z (pass) isInteractiveShellCommand (issue #84) > should return true for "/bin/bash" [0.03ms]
Test (Bun on ubuntu-latest)	UNKNOWN STEP	2026-08-10T10:44:17.8543125Z (pass) isInteractiveShellCommand (issue #84) > should return true for "/usr/bin/zsh" [0.03ms]
Test (Bun on ubuntu-latest)	UNKNOWN STEP	2026-08-10T10:44:17.8546739Z (pass) isInteractiveShellCommand (issue #84) > should return true for "bash -l" (login flag, no -c) [0.03ms]
Test (Bun on ubuntu-latest)	UNKNOWN STEP	2026-08-10T10:44:17.8549677Z (pass) isInteractiveShellCommand (issue #84) > should return false for "bash -c echo" [0.04ms]
Test (Bun on ubuntu-latest)	UNKNOWN STEP	2026-08-10T10:44:17.8551969Z (pass) isInteractiveShellCommand (issue #84) > should return false for "bash -c 'echo hi'" [0.05ms]
Test (Bun on ubuntu-latest)	UNKNOWN STEP	2026-08-10T10:44:17.8554139Z (pass) isInteractiveShellCommand (issue #84) > should return false for "npm test" [0.06ms]
Test (Bun on ubuntu-latest)	UNKNOWN STEP	2026-08-10T10:44:17.8556311Z (pass) isInteractiveShellCommand (issue #84) > should return false for "echo hello" [0.41ms]
Test (Bun on ubuntu-latest)	UNKNOWN STEP	2026-08-10T10:44:17.8558166Z (pass) isInteractiveShellCommand (issue #84) > should return false for "ls -la" [0.06ms]
Test (Bun on ubuntu-latest)	UNKNOWN STEP	2026-08-10T10:44:17.8560166Z (pass) isInteractiveShellCommand (issue #84) > should return false for empty string [0.04ms]
Test (Bun on ubuntu-latest)	UNKNOWN STEP	2026-08-10T10:44:17.8563015Z (pass) isInteractiveShellCommand (issue #84) > should return false for "  " [0.04ms]
Test (Bun on ubuntu-latest)	UNKNOWN STEP	2026-08-10T10:44:17.8564393Z 
Test (Bun on ubuntu-latest)	UNKNOWN STEP	2026-08-10T10:44:17.8565674Z ##[endgroup]
Test (Bun on ubuntu-latest)	UNKNOWN STEP	2026-08-10T10:44:17.8566253Z 
Test (Bun on ubuntu-latest)	UNKNOWN STEP	2026-08-10T10:44:17.8567466Z ##[group]test/merge-changesets.mjs:
Test (Bun on ubuntu-latest)	UNKNOWN STEP	2026-08-10T10:44:17.8606440Z (pass) mergeChangesetsIn > does nothing with zero changesets [1.33ms]
Test (Bun on ubuntu-latest)	UNKNOWN STEP	2026-08-10T10:44:17.8607853Z (pass) mergeChangesetsIn > does nothing with a single changeset [0.84ms]
Test (Bun on ubuntu-latest)	UNKNOWN STEP	2026-08-10T10:44:17.8609023Z Working directory: /tmp/merge-changesets-0D84I3
Test (Bun on ubuntu-latest)	UNKNOWN STEP	2026-08-10T10:44:17.8609929Z Changeset directory: /tmp/merge-changesets-0D84I3/.changeset
Test (Bun on ubuntu-latest)	UNKNOWN STEP	2026-08-10T10:44:17.8610324Z Package name: start-command
Test (Bun on ubuntu-latest)	UNKNOWN STEP	2026-08-10T10:44:17.8610970Z Found 0 changeset file(s)
Test (Bun on ubuntu-latest)	UNKNOWN STEP	2026-08-10T10:44:17.8611437Z No merging needed (0 or 1 changeset found)
Test (Bun on ubuntu-latest)	UNKNOWN STEP	2026-08-10T10:44:17.8612354Z Working directory: /tmp/merge-changesets-OEFV0Z
Test (Bun on ubuntu-latest)	UNKNOWN STEP	2026-08-10T10:44:17.8613011Z Changeset directory: /tmp/merge-changesets-OEFV0Z/.changeset
Test (Bun on ubuntu-latest)	UNKNOWN STEP	2026-08-10T10:44:17.8613858Z Package name: start-command
Test (Bun on ubuntu-latest)	UNKNOWN STEP	2026-08-10T10:44:17.8614982Z Found 1 changeset file(s)
Test (Bun on ubuntu-latest)	UNKNOWN STEP	2026-08-10T10:44:17.8615508Z No merging needed (0 or 1 changeset found)
Test (Bun on ubuntu-latest)	UNKNOWN STEP	2026-08-10T10:44:17.8616180Z Working directory: /tmp/merge-changesets-cQP1z8
Test (Bun on ubuntu-latest)	UNKNOWN STEP	2026-08-10T10:44:17.8616970Z Changeset directory: /tmp/merge-changesets-cQP1z8/.changeset
Test (Bun on ubuntu-latest)	UNKNOWN STEP	2026-08-10T10:44:17.8617608Z Package name: start-command
Test (Bun on ubuntu-latest)	UNKNOWN STEP	2026-08-10T10:44:17.8618039Z Found 2 changeset file(s)
Test (Bun on ubuntu-latest)	UNKNOWN STEP	2026-08-10T10:44:17.8618529Z Multiple changesets found, merging...
Test (Bun on ubuntu-latest)	UNKNOWN STEP	2026-08-10T10:44:17.8618960Z   - b.md
Test (Bun on ubuntu-latest)	UNKNOWN STEP	2026-08-10T10:44:17.8619253Z   - a.md
Test (Bun on ubuntu-latest)	UNKNOWN STEP	2026-08-10T10:44:17.8620102Z (pass) mergeChangesetsIn > merges multiple changesets into a single file with the highest bump [1.61ms]
Test (Bun on ubuntu-latest)	UNKNOWN STEP	2026-08-10T10:44:17.8620819Z 
Test (Bun on ubuntu-latest)	UNKNOWN STEP	2026-08-10T10:44:17.8620955Z Merge summary:
Test (Bun on ubuntu-latest)	UNKNOWN STEP	2026-08-10T10:44:17.8621340Z   Bump types found: minor, patch
Test (Bun on ubuntu-latest)	UNKNOWN STEP	2026-08-10T10:44:17.8621963Z   Using highest: minor
Test (Bun on ubuntu-latest)	UNKNOWN STEP	2026-08-10T10:44:17.8622368Z   Descriptions to merge: 2
Test (Bun on ubuntu-latest)	UNKNOWN STEP	2026-08-10T10:44:17.8622614Z 
Test (Bun on ubuntu-latest)	UNKNOWN STEP	2026-08-10T10:44:17.8622888Z Created merged changeset: merged-warm-apple.md
Test (Bun on ubuntu-latest)	UNKNOWN STEP	2026-08-10T10:44:17.8623261Z 
Test (Bun on ubuntu-latest)	UNKNOWN STEP	2026-08-10T10:44:17.8623458Z Removing original changeset files:
Test (Bun on ubuntu-latest)	UNKNOWN STEP	2026-08-10T10:44:17.8623870Z   Removed: b.md
Test (Bun on ubuntu-latest)	UNKNOWN STEP	2026-08-10T10:44:17.8624185Z   Removed: a.md
Test (Bun on ubuntu-latest)	UNKNOWN STEP	2026-08-10T10:44:17.8624407Z 
Test (Bun on ubuntu-latest)	UNKNOWN STEP	2026-08-10T10:44:17.8624618Z Changeset merge completed successfully
Test (Bun on ubuntu-latest)	UNKNOWN STEP	2026-08-10T10:44:17.8624930Z 
Test (Bun on ubuntu-latest)	UNKNOWN STEP	2026-08-10T10:44:17.8625108Z Merged changeset content:
Test (Bun on ubuntu-latest)	UNKNOWN STEP	2026-08-10T10:44:17.8625485Z ---
Test (Bun on ubuntu-latest)	UNKNOWN STEP	2026-08-10T10:44:17.8626104Z 'start-command': minor
Test (Bun on ubuntu-latest)	UNKNOWN STEP	2026-08-10T10:44:17.8626477Z ---
Test (Bun on ubuntu-latest)	UNKNOWN STEP	2026-08-10T10:44:17.8626700Z 
Test (Bun on ubuntu-latest)	UNKNOWN STEP	2026-08-10T10:44:17.8626849Z Feature B
Test (Bun on ubuntu-latest)	UNKNOWN STEP	2026-08-10T10:44:17.8627014Z 
Test (Bun on ubuntu-latest)	UNKNOWN STEP	2026-08-10T10:44:17.8627097Z Fix A
Test (Bun on ubuntu-latest)	UNKNOWN STEP	2026-08-10T10:44:17.8627195Z 
Test (Bun on ubuntu-latest)	UNKNOWN STEP	2026-08-10T10:44:17.8627367Z Working directory: /tmp/merge-changesets-SSUonR
Test (Bun on ubuntu-latest)	UNKNOWN STEP	2026-08-10T10:44:17.8627795Z Changeset directory: /tmp/merge-changesets-SSUonR/.changeset
Test (Bun on ubuntu-latest)	UNKNOWN STEP	2026-08-10T10:44:17.8628351Z Package name: start-command
Test (Bun on ubuntu-latest)	UNKNOWN STEP	2026-08-10T10:44:17.8628611Z Found 3 changeset file(s)
Test (Bun on ubuntu-latest)	UNKNOWN STEP	2026-08-10T10:44:17.8628873Z Multiple changesets found, merging...
Test (Bun on ubuntu-latest)	UNKNOWN STEP	2026-08-10T10:44:17.8629233Z   - b.md
Test (Bun on ubuntu-latest)	UNKNOWN STEP	2026-08-10T10:44:17.8629477Z   - c.md
Test (Bun on ubuntu-latest)	UNKNOWN STEP	2026-08-10T10:44:17.8629652Z   - a.md
Test (Bun on ubuntu-latest)	UNKNOWN STEP	2026-08-10T10:44:17.8629746Z 
Test (Bun on ubuntu-latest)	UNKNOWN STEP	2026-08-10T10:44:17.8629828Z Merge summary:
Test (Bun on ubuntu-latest)	UNKNOWN STEP	2026-08-10T10:44:17.8630315Z   Bump types found: major, minor, patch
Test (Bun on ubuntu-latest)	UNKNOWN STEP	2026-08-10T10:44:17.8630755Z   Using highest: major
Test (Bun on ubuntu-latest)	UNKNOWN STEP	2026-08-10T10:44:17.8631000Z   Descriptions to merge: 3
Test (Bun on ubuntu-latest)	UNKNOWN STEP	2026-08-10T10:44:17.8632365Z (pass) mergeChangesetsIn > chooses major over minor and patch [0.85ms]
Test (Bun on ubuntu-latest)	UNKNOWN STEP	2026-08-10T10:44:17.8632939Z 
Test (Bun on ubuntu-latest)	UNKNOWN STEP	2026-08-10T10:44:17.8633322Z Created merged changeset: merged-shy-river.md
Test (Bun on ubuntu-latest)	UNKNOWN STEP	2026-08-10T10:44:17.8633744Z 
Test (Bun on ubuntu-latest)	UNKNOWN STEP	2026-08-10T10:44:17.8633973Z Removing original changeset files:
Test (Bun on ubuntu-latest)	UNKNOWN STEP	2026-08-10T10:44:17.8634510Z   Removed: b.md
Test (Bun on ubuntu-latest)	UNKNOWN STEP	2026-08-10T10:44:17.8635272Z   Removed: c.md
Test (Bun on ubuntu-latest)	UNKNOWN STEP	2026-08-10T10:44:17.8635493Z   Removed: a.md
Test (Bun on ubuntu-latest)	UNKNOWN STEP	2026-08-10T10:44:17.8635616Z 
Test (Bun on ubuntu-latest)	UNKNOWN STEP	2026-08-10T10:44:17.8635866Z Changeset merge completed successfully
Test (Bun on ubuntu-latest)	UNKNOWN STEP	2026-08-10T10:44:17.8636157Z 
Test (Bun on ubuntu-latest)	UNKNOWN STEP	2026-08-10T10:44:17.8636273Z Merged changeset content:
Test (Bun on ubuntu-latest)	UNKNOWN STEP	2026-08-10T10:44:17.8636522Z ---
Test (Bun on ubuntu-latest)	UNKNOWN STEP	2026-08-10T10:44:17.8636726Z 'start-command': major
Test (Bun on ubuntu-latest)	UNKNOWN STEP	2026-08-10T10:44:17.8636980Z ---
Test (Bun on ubuntu-latest)	UNKNOWN STEP	2026-08-10T10:44:17.8637161Z 
Test (Bun on ubuntu-latest)	UNKNOWN STEP	2026-08-10T10:44:17.8637290Z Breaking
Test (Bun on ubuntu-latest)	UNKNOWN STEP	2026-08-10T10:44:17.8637407Z 
Test (Bun on ubuntu-latest)	UNKNOWN STEP	2026-08-10T10:44:17.8637488Z Feat
Test (Bun on ubuntu-latest)	UNKNOWN STEP	2026-08-10T10:44:17.8637623Z 
Test (Bun on ubuntu-latest)	UNKNOWN STEP	2026-08-10T10:44:17.8637693Z Fix
Test (Bun on ubuntu-latest)	UNKNOWN STEP	2026-08-10T10:44:17.8637789Z 
Test (Bun on ubuntu-latest)	UNKNOWN STEP	2026-08-10T10:44:17.8650292Z Working directory: /tmp/merge-changesets-other-SQtJoO
Test (Bun on ubuntu-latest)	UNKNOWN STEP	2026-08-10T10:44:17.8651174Z Changeset directory: /tmp/merge-changesets-other-SQtJoO/.changeset
Test (Bun on ubuntu-latest)	UNKNOWN STEP	2026-08-10T10:44:17.8652166Z Package name: some-other-pkg
Test (Bun on ubuntu-latest)	UNKNOWN STEP	2026-08-10T10:44:17.8652722Z Found 2 changeset file(s)
Test (Bun on ubuntu-latest)	UNKNOWN STEP	2026-08-10T10:44:17.8653304Z Multiple changesets found, merging...
Test (Bun on ubuntu-latest)	UNKNOWN STEP	2026-08-10T10:44:17.8653865Z   - b.md
Test (Bun on ubuntu-latest)	UNKNOWN STEP	2026-08-10T10:44:17.8654929Z   - a.md
Test (Bun on ubuntu-latest)	UNKNOWN STEP	2026-08-10T10:44:17.8661898Z (pass) mergeChangesetsIn > reads package name from package.json (no hardcoded placeholder) [3.68ms]
Test (Bun on ubuntu-latest)	UNKNOWN STEP	2026-08-10T10:44:17.8662861Z 
Test (Bun on ubuntu-latest)	UNKNOWN STEP	2026-08-10T10:44:17.8662975Z Merge summary:
Test (Bun on ubuntu-latest)	UNKNOWN STEP	2026-08-10T10:44:17.8663641Z   Bump types found: patch, minor
Test (Bun on ubuntu-latest)	UNKNOWN STEP	2026-08-10T10:44:17.8664283Z   Using highest: minor
Test (Bun on ubuntu-latest)	UNKNOWN STEP	2026-08-10T10:44:17.8664816Z   Descriptions to merge: 2
Test (Bun on ubuntu-latest)	UNKNOWN STEP	2026-08-10T10:44:17.8665069Z 
Test (Bun on ubuntu-latest)	UNKNOWN STEP	2026-08-10T10:44:17.8665300Z Created merged changeset: merged-rich-moon.md
Test (Bun on ubuntu-latest)	UNKNOWN STEP	2026-08-10T10:44:17.8665691Z 
Test (Bun on ubuntu-latest)	UNKNOWN STEP	2026-08-10T10:44:17.8665980Z Removing original changeset files:
Test (Bun on ubuntu-latest)	UNKNOWN STEP	2026-08-10T10:44:17.8666340Z   Removed: b.md
Test (Bun on ubuntu-latest)	UNKNOWN STEP	2026-08-10T10:44:17.8666615Z   Removed: a.md
Test (Bun on ubuntu-latest)	UNKNOWN STEP	2026-08-10T10:44:17.8667249Z (pass) mergeChangesetsIn > throws when .changeset directory is missing [0.79ms]
Test (Bun on ubuntu-latest)	UNKNOWN STEP	2026-08-10T10:44:17.8667581Z 
Test (Bun on ubuntu-latest)	UNKNOWN STEP	2026-08-10T10:44:17.8667704Z 
Test (Bun on ubuntu-latest)	UNKNOWN STEP	2026-08-10T10:44:17.8667944Z Changeset merge completed successfully
Test (Bun on ubuntu-latest)	UNKNOWN STEP	2026-08-10T10:44:17.8669130Z ##[endgroup]
Test (Bun on ubuntu-latest)	UNKNOWN STEP	2026-08-10T10:44:17.8669504Z 
Test (Bun on ubuntu-latest)	UNKNOWN STEP	2026-08-10T10:44:17.8669642Z Merged changeset content:
Test (Bun on ubuntu-latest)	UNKNOWN STEP	2026-08-10T10:44:17.8669868Z ---
Test (Bun on ubuntu-latest)	UNKNOWN STEP	2026-08-10T10:44:17.8670074Z 'some-other-pkg': minor
Test (Bun on ubuntu-latest)	UNKNOWN STEP	2026-08-10T10:44:17.8670287Z ---
Test (Bun on ubuntu-latest)	UNKNOWN STEP	2026-08-10T10:44:17.8670388Z 
Test (Bun on ubuntu-latest)	UNKNOWN STEP	2026-08-10T10:44:17.8670526Z B
Test (Bun on ubuntu-latest)	UNKNOWN STEP	2026-08-10T10:44:17.8670706Z 
Test (Bun on ubuntu-latest)	UNKNOWN STEP	2026-08-10T10:44:17.8670789Z A
Test (Bun on ubuntu-latest)	UNKNOWN STEP	2026-08-10T10:44:17.8670888Z 
Test (Bun on ubuntu-latest)	UNKNOWN STEP	2026-08-10T10:44:17.8671003Z 
Test (Bun on ubuntu-latest)	UNKNOWN STEP	2026-08-10T10:44:17.8672662Z ##[group]test/output-blocks.js:
Test (Bun on ubuntu-latest)	UNKNOWN STEP	2026-08-10T10:44:17.8692568Z === Output Blocks Unit Tests ===
Test (Bun on ubuntu-latest)	UNKNOWN STEP	2026-08-10T10:44:17.8700150Z (pass) output-blocks module > timeline format constants > should export timeline marker character [0.03ms]
Test (Bun on ubuntu-latest)	UNKNOWN STEP	2026-08-10T10:44:17.8701660Z (pass) output-blocks module > timeline format constants > should export spine as alias for backward compatibility [0.02ms]
Test (Bun on ubuntu-latest)	UNKNOWN STEP	2026-08-10T10:44:17.8704273Z (pass) output-blocks module > timeline format constants > should export result markers [0.02ms]
Test (Bun on ubuntu-latest)	UNKNOWN STEP	2026-08-10T10:44:17.8706123Z (pass) output-blocks module > createTimelineLine > should create a line with timeline marker prefix and padded label [0.06ms]
Test (Bun on ubuntu-latest)	UNKNOWN STEP	2026-08-10T10:44:17.8707317Z (pass) output-blocks module > createTimelineLine > should pad labels to 10 characters [0.04ms]
Test (Bun on ubuntu-latest)	UNKNOWN STEP	2026-08-10T10:44:17.8708699Z (pass) output-blocks module > createSpineLine (deprecated alias) > should work as alias for createTimelineLine [0.17ms]
Test (Bun on ubuntu-latest)	UNKNOWN STEP	2026-08-10T10:44:17.8710480Z (pass) output-blocks module > createEmptyTimelineLine > should create just the timeline marker character [0.03ms]
Test (Bun on ubuntu-latest)	UNKNOWN STEP	2026-08-10T10:44:17.8712414Z (pass) output-blocks module > createEmptySpineLine (deprecated alias) > should work as alias for createEmptyTimelineLine [0.03ms]
Test (Bun on ubuntu-latest)	UNKNOWN STEP	2026-08-10T10:44:17.8714688Z (pass) output-blocks module > createCommandLine > should create a line with $ prefix [0.02ms]
Test (Bun on ubuntu-latest)	UNKNOWN STEP	2026-08-10T10:44:17.8715910Z (pass) output-blocks module > getResultMarker > should return success marker for exit code 0 [0.03ms]
Test (Bun on ubuntu-latest)	UNKNOWN STEP	2026-08-10T10:44:17.8717268Z (pass) output-blocks module > getResultMarker > should return failure marker for non-zero exit codes [0.03ms]
Test (Bun on ubuntu-latest)	UNKNOWN STEP	2026-08-10T10:44:17.8718071Z (pass) output-blocks module > parseIsolationMetadata > should parse environment and mode [0.21ms]
Test (Bun on ubuntu-latest)	UNKNOWN STEP	2026-08-10T10:44:17.8718944Z (pass) output-blocks module > parseIsolationMetadata > should parse session name [0.08ms]
Test (Bun on ubuntu-latest)	UNKNOWN STEP	2026-08-10T10:44:17.8720693Z (pass) output-blocks module > parseIsolationMetadata > should parse docker image [0.07ms]
Test (Bun on ubuntu-latest)	UNKNOWN STEP	2026-08-10T10:44:17.8722419Z (pass) output-blocks module > parseIsolationMetadata > should parse all fields together [0.10ms]
Test (Bun on ubuntu-latest)	UNKNOWN STEP	2026-08-10T10:44:17.8723768Z (pass) output-blocks module > generateIsolationLines > should generate lines for docker isolation [0.18ms]
Test (Bun on ubuntu-latest)	UNKNOWN STEP	2026-08-10T10:44:17.8725216Z (pass) output-blocks module > generateIsolationLines > should generate lines for screen isolation [0.09ms]
Test (Bun on ubuntu-latest)	UNKNOWN STEP	2026-08-10T10:44:17.8726711Z (pass) output-blocks module > createStartBlock > should create a start block with session and timestamp [0.14ms]
Test (Bun on ubuntu-latest)	UNKNOWN STEP	2026-08-10T10:44:17.8728106Z (pass) output-blocks module > createStartBlock > should include empty spine line before command [0.06ms]
Test (Bun on ubuntu-latest)	UNKNOWN STEP	2026-08-10T10:44:17.8729391Z (pass) output-blocks module > createStartBlock > should include isolation metadata when provided [0.07ms]
Test (Bun on ubuntu-latest)	UNKNOWN STEP	2026-08-10T10:44:17.8730889Z (pass) output-blocks module > createStartBlock > should include docker metadata correctly [0.06ms]
Test (Bun on ubuntu-latest)	UNKNOWN STEP	2026-08-10T10:44:17.8732463Z (pass) output-blocks module > createFinishBlock > should create a finish block with result marker and metadata [0.26ms]
Test (Bun on ubuntu-latest)	UNKNOWN STEP	2026-08-10T10:44:17.8738774Z (pass) output-blocks module > createFinishBlock > should use failure marker for non-zero exit code [0.07ms]
Test (Bun on ubuntu-latest)	UNKNOWN STEP	2026-08-10T10:44:17.8739881Z (pass) output-blocks module > createFinishBlock > should omit duration when not provided [0.08ms]
Test (Bun on ubuntu-latest)	UNKNOWN STEP	2026-08-10T10:44:17.8740632Z (pass) output-blocks module > createFinishBlock > should repeat isolation metadata in footer [0.07ms]
Test (Bun on ubuntu-latest)	UNKNOWN STEP	2026-08-10T10:44:17.8741385Z (pass) output-blocks module > createFinishBlock > should have log and session as the last two lines [0.06ms]
Test (Bun on ubuntu-latest)	UNKNOWN STEP	2026-08-10T10:44:17.8742415Z (pass) output-blocks module > formatDuration > should format very small durations [0.06ms]
Test (Bun on ubuntu-latest)	UNKNOWN STEP	2026-08-10T10:44:17.8743642Z (pass) output-blocks module > formatDuration > should format millisecond durations [0.02ms]
Test (Bun on ubuntu-latest)	UNKNOWN STEP	2026-08-10T10:44:17.8744686Z (pass) output-blocks module > formatDuration > should format second durations [0.01ms]
Test (Bun on ubuntu-latest)	UNKNOWN STEP	2026-08-10T10:44:17.8745559Z (pass) output-blocks module > formatDuration > should format longer durations with less precision [0.02ms]
Test (Bun on ubuntu-latest)	UNKNOWN STEP	2026-08-10T10:44:17.8746828Z (pass) output-blocks module > escapeForLinksNotation > should not quote simple values [0.03ms]
Test (Bun on ubuntu-latest)	UNKNOWN STEP	2026-08-10T10:44:17.8748011Z (pass) output-blocks module > escapeForLinksNotation > should quote values with spaces [0.02ms]
Test (Bun on ubuntu-latest)	UNKNOWN STEP	2026-08-10T10:44:17.8749215Z (pass) output-blocks module > escapeForLinksNotation > should quote values with colons [0.01ms]
Test (Bun on ubuntu-latest)	UNKNOWN STEP	2026-08-10T10:44:17.8750898Z (pass) output-blocks module > escapeForLinksNotation > should use single quotes for values with double quotes [0.01ms]
Test (Bun on ubuntu-latest)	UNKNOWN STEP	2026-08-10T10:44:17.8752838Z (pass) output-blocks module > escapeForLinksNotation > should use double quotes for values with single quotes [0.01ms]
Test (Bun on ubuntu-latest)	UNKNOWN STEP	2026-08-10T10:44:17.8754296Z (pass) output-blocks module > escapeForLinksNotation > should escape quotes when both types are present [0.04ms]
Test (Bun on ubuntu-latest)	UNKNOWN STEP	2026-08-10T10:44:17.8755591Z (pass) output-blocks module > escapeForLinksNotation > should handle null values [0.02ms]
Test (Bun on ubuntu-latest)	UNKNOWN STEP	2026-08-10T10:44:17.8756818Z (pass) output-blocks module > formatAsNestedLinksNotation > should format simple objects [0.05ms]
Test (Bun on ubuntu-latest)	UNKNOWN STEP	2026-08-10T10:44:17.8758224Z (pass) output-blocks module > formatAsNestedLinksNotation > should quote values with spaces [0.04ms]
Test (Bun on ubuntu-latest)	UNKNOWN STEP	2026-08-10T10:44:17.8759828Z (pass) output-blocks module > formatAsNestedLinksNotation > should handle empty objects [0.02ms]
Test (Bun on ubuntu-latest)	UNKNOWN STEP	2026-08-10T10:44:17.8761031Z (pass) output-blocks module > formatAsNestedLinksNotation > should handle null [0.02ms]
Test (Bun on ubuntu-latest)	UNKNOWN STEP	2026-08-10T10:44:17.8762755Z (pass) output-blocks module > formatAsNestedLinksNotation > should indent nested arrays under their parent key [0.06ms]
Test (Bun on ubuntu-latest)	UNKNOWN STEP	2026-08-10T10:44:17.8764263Z (pass) output-blocks module > Virtual Command API > createVirtualCommandBlock > should create a command line for virtual commands [0.03ms]
Test (Bun on ubuntu-latest)	UNKNOWN STEP	2026-08-10T10:44:17.8765879Z (pass) output-blocks module > Virtual Command API > createVirtualCommandBlock > should behave like createCommandLine [0.02ms]
Test (Bun on ubuntu-latest)	UNKNOWN STEP	2026-08-10T10:44:17.8767793Z (pass) output-blocks module > Virtual Command API > createVirtualCommandResult > should return success marker for true [0.03ms]
Test (Bun on ubuntu-latest)	UNKNOWN STEP	2026-08-10T10:44:17.8769415Z (pass) output-blocks module > Virtual Command API > createVirtualCommandResult > should return failure marker for false [0.01ms]
Test (Bun on ubuntu-latest)	UNKNOWN STEP	2026-08-10T10:44:17.8771001Z (pass) output-blocks module > Virtual Command API > createTimelineSeparator > should create an empty timeline line [0.02ms]
Test (Bun on ubuntu-latest)	UNKNOWN STEP	2026-08-10T10:44:17.8772829Z (pass) output-blocks module > Virtual Command API > createTimelineSeparator > should behave like createEmptyTimelineLine [0.01ms]
Test (Bun on ubuntu-latest)	UNKNOWN STEP	2026-08-10T10:44:17.8774349Z (pass) output-blocks module > createStartBlock with deferCommand > should include command line by default [0.03ms]
Test (Bun on ubuntu-latest)	UNKNOWN STEP	2026-08-10T10:44:17.8775921Z (pass) output-blocks module > createStartBlock with deferCommand > should omit command line when deferCommand is true [0.02ms]
Test (Bun on ubuntu-latest)	UNKNOWN STEP	2026-08-10T10:44:17.8777642Z (pass) output-blocks module > createStartBlock with deferCommand > should end with empty timeline line when deferCommand is true (issue #73) [0.05ms]
Test (Bun on ubuntu-latest)	UNKNOWN STEP	2026-08-10T10:44:17.8779456Z (pass) output-blocks module > Visual Continuity (issue #73) > virtual command block should be followed by empty line for visual separation [0.02ms]
Test (Bun on ubuntu-latest)	UNKNOWN STEP	2026-08-10T10:44:17.8781179Z (pass) output-blocks module > Visual Continuity (issue #73) > timeline separator should be empty timeline line for visual structure [0.02ms]
Test (Bun on ubuntu-latest)	UNKNOWN STEP	2026-08-10T10:44:17.8783167Z (pass) output-blocks module > Visual Continuity (issue #73) > start block with docker isolation should end cleanly for virtual commands [0.06ms]
Test (Bun on ubuntu-latest)	UNKNOWN STEP	2026-08-10T10:44:17.8784764Z (pass) output-blocks module > Visual Continuity (issue #73) > output formatting follows visual continuity pattern [0.03ms]
Test (Bun on ubuntu-latest)	UNKNOWN STEP	2026-08-10T10:44:17.8785527Z 
Test (Bun on ubuntu-latest)	UNKNOWN STEP	2026-08-10T10:44:17.8786031Z ##[endgroup]
Test (Bun on ubuntu-latest)	UNKNOWN STEP	2026-08-10T10:44:17.8786216Z 
Test (Bun on ubuntu-latest)	UNKNOWN STEP	2026-08-10T10:44:17.8786621Z ##[group]test/public-exports.js:
Test (Bun on ubuntu-latest)	UNKNOWN STEP	2026-08-10T10:44:17.8787451Z (pass) Public Exports > execution-store export > should export ExecutionStore class [0.47ms]
Test (Bun on ubuntu-latest)	UNKNOWN STEP	2026-08-10T10:44:17.8788576Z (pass) Public Exports > execution-store export > should export ExecutionRecord class [0.07ms]
Test (Bun on ubuntu-latest)	UNKNOWN STEP	2026-08-10T10:44:17.8789694Z (pass) Public Exports > execution-store export > should export ExecutionStatus enum [0.04ms]
Test (Bun on ubuntu-latest)	UNKNOWN STEP	2026-08-10T10:44:17.8790788Z (pass) Public Exports > execution-store export > should export LockManager class [0.05ms]
Test (Bun on ubuntu-latest)	UNKNOWN STEP	2026-08-10T10:44:17.8792204Z (pass) Public Exports > execution-store export > should export isClinkInstalled function [0.05ms]
Test (Bun on ubuntu-latest)	UNKNOWN STEP	2026-08-10T10:44:17.8793602Z (pass) Public Exports > execution-store export > should export configuration constants [0.06ms]
Test (Bun on ubuntu-latest)	UNKNOWN STEP	2026-08-10T10:44:18.4745601Z (pass) Public Exports > execution-store export > should allow creating and using ExecutionStore instance [599.42ms]
Test (Bun on ubuntu-latest)	UNKNOWN STEP	2026-08-10T10:44:18.4746391Z 
Test (Bun on ubuntu-latest)	UNKNOWN STEP	2026-08-10T10:44:18.4746979Z ##[endgroup]
Test (Bun on ubuntu-latest)	UNKNOWN STEP	2026-08-10T10:44:18.4747174Z 
Test (Bun on ubuntu-latest)	UNKNOWN STEP	2026-08-10T10:44:18.4747609Z ##[group]test/publish-to-crates.mjs:
Test (Bun on ubuntu-latest)	UNKNOWN STEP	2026-08-10T10:44:18.5797419Z (pass) publish-to-crates script > reports success without a token when the version is already published [97.40ms]
Test (Bun on ubuntu-latest)	UNKNOWN STEP	2026-08-10T10:44:18.6551310Z (pass) publish-to-crates script > fails clearly when a missing version needs a crates token [75.36ms]
Test (Bun on ubuntu-latest)	UNKNOWN STEP	2026-08-10T10:44:18.7541000Z (pass) publish-to-crates script > publishes a missing version with cargo publish [98.98ms]
Test (Bun on ubuntu-latest)	UNKNOWN STEP	2026-08-10T10:44:18.7542838Z 
Test (Bun on ubuntu-latest)	UNKNOWN STEP	2026-08-10T10:44:18.7543692Z ##[endgroup]
Test (Bun on ubuntu-latest)	UNKNOWN STEP	2026-08-10T10:44:18.7544256Z 
Test (Bun on ubuntu-latest)	UNKNOWN STEP	2026-08-10T10:44:18.7544935Z ##[group]test/regression-138.js:
Test (Bun on ubuntu-latest)	UNKNOWN STEP	2026-08-10T10:44:18.8189300Z invalid reference format
Test (Bun on ubuntu-latest)	UNKNOWN STEP	2026-08-10T10:44:18.8207432Z (pass) docker pull is recorded in the session log (issue #138) > writes prep markers and the docker error into the log on a failed pull [64.76ms]
Test (Bun on ubuntu-latest)	UNKNOWN STEP	2026-08-10T10:44:19.8022032Z latest: Pulling from library/hello-world
Test (Bun on ubuntu-latest)	UNKNOWN STEP	2026-08-10T10:44:20.0773193Z 4f55086f7dd0: Pulling fs layer
Test (Bun on ubuntu-latest)	UNKNOWN STEP	2026-08-10T10:44:20.3311413Z 4f55086f7dd0: Verifying Checksum
Test (Bun on ubuntu-latest)	UNKNOWN STEP	2026-08-10T10:44:20.3312406Z 4f55086f7dd0: Download complete
Test (Bun on ubuntu-latest)	UNKNOWN STEP	2026-08-10T10:44:20.3370028Z 4f55086f7dd0: Pull complete
Test (Bun on ubuntu-latest)	UNKNOWN STEP	2026-08-10T10:44:20.3419916Z Digest: sha256:7f4da0fc94bcece205a8c0b6f4d11c8196924654ffe5c4d1aa439b7f632048b2
Test (Bun on ubuntu-latest)	UNKNOWN STEP	2026-08-10T10:44:20.3433791Z Status: Downloaded newer image for hello-world:latest
Test (Bun on ubuntu-latest)	UNKNOWN STEP	2026-08-10T10:44:20.3440633Z docker.io/library/hello-world:latest
Test (Bun on ubuntu-latest)	UNKNOWN STEP	2026-08-10T10:44:20.3625596Z (pass) docker pull is recorded in the session log (issue #138) > tees real pull output and an "Image ready" marker into the log [1541.74ms]
Test (Bun on ubuntu-latest)	UNKNOWN STEP	2026-08-10T10:44:20.4233077Z invalid reference format
Test (Bun on ubuntu-latest)	UNKNOWN STEP	2026-08-10T10:44:20.4243135Z (pass) docker pull is recorded in the session log (issue #138) > does not write prep markers when no logPath is given (backward compat) [61.79ms]
Test (Bun on ubuntu-latest)	UNKNOWN STEP	2026-08-10T10:44:20.4246228Z (pass) runInDocker threads logPath into dockerPullImage (issue #138) > source passes options.logPath to dockerPullImage [0.33ms]
Test (Bun on ubuntu-latest)	UNKNOWN STEP	2026-08-10T10:44:20.4247933Z (pass) runInDocker threads logPath into dockerPullImage (issue #138) > dockerPullImage tees output and writes prep markers in source [0.09ms]
Test (Bun on ubuntu-latest)	UNKNOWN STEP	2026-08-10T10:44:20.4248821Z 
Test (Bun on ubuntu-latest)	UNKNOWN STEP	2026-08-10T10:44:20.4249163Z ##[endgroup]
Test (Bun on ubuntu-latest)	UNKNOWN STEP	2026-08-10T10:44:20.4249281Z 
Test (Bun on ubuntu-latest)	UNKNOWN STEP	2026-08-10T10:44:20.4249527Z ##[group]test/regression-150.js:
Test (Bun on ubuntu-latest)	UNKNOWN STEP	2026-08-10T10:44:20.4288374Z (pass) anchored log footer parsing (issue #150) > ignores an `Exit Code:` substring inside the command output [1.25ms]
Test (Bun on ubuntu-latest)	UNKNOWN STEP	2026-08-10T10:44:20.4290778Z (pass) anchored log footer parsing (issue #150) > ignores a bare `Exit Code:` line without the footer block around it [0.24ms]
Test (Bun on ubuntu-latest)	UNKNOWN STEP	2026-08-10T10:44:20.4293573Z (pass) anchored log footer parsing (issue #150) > ignores an `Exit Code:` substring in the middle of a line [0.27ms]
Test (Bun on ubuntu-latest)	UNKNOWN STEP	2026-08-10T10:44:20.4296063Z (pass) anchored log footer parsing (issue #150) > reads the real footer that `start` appends [0.25ms]
Test (Bun on ubuntu-latest)	UNKNOWN STEP	2026-08-10T10:44:20.4298511Z (pass) anchored log footer parsing (issue #150) > reads the real footer even when the output forged one earlier [0.23ms]
Test (Bun on ubuntu-latest)	UNKNOWN STEP	2026-08-10T10:44:20.4301515Z (pass) anchored log footer parsing (issue #150) > reads negative and multi-digit codes, and tolerates CRLF logs [0.28ms]
Test (Bun on ubuntu-latest)	UNKNOWN STEP	2026-08-10T10:44:20.4305180Z (pass) anchored log footer parsing (issue #150) > returns null for a log without a footer and for a missing file [0.36ms]
Test (Bun on ubuntu-latest)	UNKNOWN STEP	2026-08-10T10:44:20.4333250Z (pass) anchored log footer parsing (issue #150) > finds the footer at the end of a large log without reading it all [2.73ms]
Test (Bun on ubuntu-latest)	UNKNOWN STEP	2026-08-10T10:44:20.4337191Z (pass) anchored log footer parsing (issue #150) > drops the partial first line of the tail so it cannot be a line start [0.41ms]
Test (Bun on ubuntu-latest)	UNKNOWN STEP	2026-08-10T10:44:20.4578414Z (pass) detached status is not derailed by forged output (issue #150) > keeps an executing record executing when only the output claims an exit code [23.92ms]
Test (Bun on ubuntu-latest)	UNKNOWN STEP	2026-08-10T10:44:20.4797371Z (pass) detached status is not derailed by forged output (issue #150) > marks the record executed once the genuine footer is appended [21.96ms]
Test (Bun on ubuntu-latest)	UNKNOWN STEP	2026-08-10T10:44:20.4798017Z 
Test (Bun on ubuntu-latest)	UNKNOWN STEP	2026-08-10T10:44:20.4798480Z ##[endgroup]
Test (Bun on ubuntu-latest)	UNKNOWN STEP	2026-08-10T10:44:20.4798658Z 
Test (Bun on ubuntu-latest)	UNKNOWN STEP	2026-08-10T10:44:20.4798936Z ##[group]test/regression-84.js:
Test (Bun on ubuntu-latest)	UNKNOWN STEP	2026-08-10T10:44:20.4818086Z (pass) isInteractiveShellCommand additional cases (issue #84) > should return true for "bash --norc" [0.06ms]
Test (Bun on ubuntu-latest)	UNKNOWN STEP	2026-08-10T10:44:20.4819632Z (pass) isInteractiveShellCommand additional cases (issue #84) > should return true for "zsh --no-rcs" [0.03ms]
Test (Bun on ubuntu-latest)	UNKNOWN STEP	2026-08-10T10:44:20.4821263Z (pass) isInteractiveShellCommand additional cases (issue #84) > should return true for "bash -i" (interactive flag, no -c) [0.03ms]
Test (Bun on ubuntu-latest)	UNKNOWN STEP	2026-08-10T10:44:20.4823556Z (pass) isInteractiveShellCommand additional cases (issue #84) > should return true for "fish" [0.02ms]
Test (Bun on ubuntu-latest)	UNKNOWN STEP	2026-08-10T10:44:20.4824975Z (pass) isInteractiveShellCommand additional cases (issue #84) > should return true for "dash" [0.03ms]
Test (Bun on ubuntu-latest)	UNKNOWN STEP	2026-08-10T10:44:20.4826448Z (pass) isInteractiveShellCommand additional cases (issue #84) > should return true for "/usr/local/bin/bash" [0.03ms]
Test (Bun on ubuntu-latest)	UNKNOWN STEP	2026-08-10T10:44:20.4827885Z (pass) isInteractiveShellCommand additional cases (issue #84) > should return false for 'bash -c "echo hello"' [0.02ms]
Test (Bun on ubuntu-latest)	UNKNOWN STEP	2026-08-10T10:44:20.4829306Z (pass) Regression: No Shell-Inside-Shell (issue #84) > should pass "bash" with -i flag, not wrap in shell -c [0.19ms]
Test (Bun on ubuntu-latest)	UNKNOWN STEP	2026-08-10T10:44:20.4830488Z (pass) Regression: No Shell-Inside-Shell (issue #84) > should pass "zsh" with -i flag, not wrap in shell -c [0.07ms]
Test (Bun on ubuntu-latest)	UNKNOWN STEP	2026-08-10T10:44:20.4831429Z (pass) Regression: No Shell-Inside-Shell (issue #84) > should pass "sh" directly without -i (sh does not use -i flag), not wrap in shell -c [0.11ms]
Test (Bun on ubuntu-latest)	UNKNOWN STEP	2026-08-10T10:44:20.4832925Z (pass) Regression: No Shell-Inside-Shell (issue #84) > should pass "/bin/bash" with -i flag, not wrap in shell -c [0.05ms]
Test (Bun on ubuntu-latest)	UNKNOWN STEP	2026-08-10T10:44:20.4833845Z (pass) Regression: No Shell-Inside-Shell (issue #84) > should pass "bash --norc" with -i flag (workaround for broken .bashrc) [0.04ms]
Test (Bun on ubuntu-latest)	UNKNOWN STEP	2026-08-10T10:44:20.4834787Z (pass) Regression: No Shell-Inside-Shell (issue #84) > should pass "bash -l" directly (login shell, already has its own init) [0.07ms]
Test (Bun on ubuntu-latest)	UNKNOWN STEP	2026-08-10T10:44:20.4835742Z (pass) Regression: No Shell-Inside-Shell (issue #84) > should still wrap non-shell commands in shell -c (guard against over-broad fix) [0.05ms]
Test (Bun on ubuntu-latest)	UNKNOWN STEP	2026-08-10T10:44:20.4836720Z (pass) Regression: No Shell-Inside-Shell (issue #84) > should still wrap "npm test" in shell -c (guard against over-broad fix) [0.04ms]
Test (Bun on ubuntu-latest)	UNKNOWN STEP	2026-08-10T10:44:20.4837564Z (pass) Regression: No Shell-Inside-Shell (issue #84) > should not treat "bash -c something" as bare shell [0.03ms]
Test (Bun on ubuntu-latest)	UNKNOWN STEP	2026-08-10T10:44:20.4838403Z (pass) Regression: No Shell-Inside-Shell (issue #84) > should not duplicate -i if user already passes "bash -i" [0.07ms]
Test (Bun on ubuntu-latest)	UNKNOWN STEP	2026-08-10T10:44:20.5317710Z (pass) Docker daemon availability check (issue #84) > isDockerAvailable should return a boolean [48.86ms]
Test (Bun on ubuntu-latest)	UNKNOWN STEP	2026-08-10T10:44:20.5319182Z (pass) Docker daemon availability check (issue #84) > runInDocker error message for non-running daemon should be actionable [0.14ms]
Test (Bun on ubuntu-latest)	UNKNOWN STEP	2026-08-10T10:44:20.5338553Z (pass) Docker not installed check (issue #84) > isDockerInstalled should return a boolean [2.04ms]
Test (Bun on ubuntu-latest)	UNKNOWN STEP	2026-08-10T10:44:20.5339994Z (pass) Docker not installed check (issue #84) > runInDocker error message for missing docker binary should be actionable [0.05ms]
Test (Bun on ubuntu-latest)	UNKNOWN STEP	2026-08-10T10:44:20.5356183Z (pass) Docker not installed check (issue #84) > isDockerInstalled should return false consistently when docker binary is absent (mock) [1.68ms]
Test (Bun on ubuntu-latest)	UNKNOWN STEP	2026-08-10T10:44:20.5357934Z (pass) Post-fix regression hint: --norc suggestion (issue #84) > should suggest --norc for bare bash that exits quickly [0.16ms]
Test (Bun on ubuntu-latest)	UNKNOWN STEP	2026-08-10T10:44:20.5359421Z (pass) Post-fix regression hint: --norc suggestion (issue #84) > should suggest --no-rcs for bare zsh that exits quickly [0.05ms]
Test (Bun on ubuntu-latest)	UNKNOWN STEP	2026-08-10T10:44:20.5361371Z (pass) Post-fix regression hint: --norc suggestion (issue #84) > should suggest --norc for /bin/bash path that exits quickly [0.03ms]
Test (Bun on ubuntu-latest)	UNKNOWN STEP	2026-08-10T10:44:20.5363216Z (pass) Post-fix regression hint: --norc suggestion (issue #84) > should suggest --norc for bare sh that exits quickly [0.03ms]
Test (Bun on ubuntu-latest)	UNKNOWN STEP	2026-08-10T10:44:20.5364757Z (pass) Post-fix regression hint: --norc suggestion (issue #84) > should confirm workaround: bash --norc is detected as bare shell [0.04ms]
Test (Bun on ubuntu-latest)	UNKNOWN STEP	2026-08-10T10:44:20.5365661Z 
Test (Bun on ubuntu-latest)	UNKNOWN STEP	2026-08-10T10:44:20.5366169Z ##[endgroup]
Test (Bun on ubuntu-latest)	UNKNOWN STEP	2026-08-10T10:44:20.5366392Z 
Test (Bun on ubuntu-latest)	UNKNOWN STEP	2026-08-10T10:44:20.5366813Z ##[group]test/regression-89.js:
Test (Bun on ubuntu-latest)	UNKNOWN STEP	2026-08-10T10:44:20.5382619Z (pass) Virtual docker pull output before Docker error (issue #89) > should show "$ docker pull <image>" line when Docker is not installed and image is specified [0.13ms]
Test (Bun on ubuntu-latest)	UNKNOWN STEP	2026-08-10T10:44:20.5384920Z (pass) Virtual docker pull output before Docker error (issue #89) > should show "$ docker pull <image>" before the error message (issue #89) [0.28ms]
Test (Bun on ubuntu-latest)	UNKNOWN STEP	2026-08-10T10:44:20.5386825Z (pass) Virtual docker pull output before Docker error (issue #89) > should output "$ docker pull <image>" in the correct format ($ prefix, no extra prefix) [0.10ms]
Test (Bun on ubuntu-latest)	UNKNOWN STEP	2026-08-10T10:44:20.5389350Z (pass) runInDocker virtual pull output contract (issue #89) > runInDocker should output docker pull command but NOT ✗/│ markers before returning (issue #89) [0.24ms]
Test (Bun on ubuntu-latest)	UNKNOWN STEP	2026-08-10T10:44:20.5390442Z 
Test (Bun on ubuntu-latest)	UNKNOWN STEP	2026-08-10T10:44:20.5390845Z ##[endgroup]
Test (Bun on ubuntu-latest)	UNKNOWN STEP	2026-08-10T10:44:20.5391040Z 
Test (Bun on ubuntu-latest)	UNKNOWN STEP	2026-08-10T10:44:20.5391440Z ##[group]test/regression-91.js:
Test (Bun on ubuntu-latest)	UNKNOWN STEP	2026-08-10T10:44:20.5402799Z (pass) isShellInvocationWithArgs (issue #91) > should return true for "bash -i -c nvm --version" [0.03ms]
Test (Bun on ubuntu-latest)	UNKNOWN STEP	2026-08-10T10:44:20.5404213Z (pass) isShellInvocationWithArgs (issue #91) > should return true for 'bash -c "echo hello"' [0.04ms]
Test (Bun on ubuntu-latest)	UNKNOWN STEP	2026-08-10T10:44:20.5405567Z (pass) isShellInvocationWithArgs (issue #91) > should return true for "bash -c echo hello" [0.09ms]
Test (Bun on ubuntu-latest)	UNKNOWN STEP	2026-08-10T10:44:20.5406918Z (pass) isShellInvocationWithArgs (issue #91) > should return true for "zsh -c nvm --version" [0.04ms]
Test (Bun on ubuntu-latest)	UNKNOWN STEP	2026-08-10T10:44:20.5408187Z (pass) isShellInvocationWithArgs (issue #91) > should return true for "sh -c ls" [0.02ms]
Test (Bun on ubuntu-latest)	UNKNOWN STEP	2026-08-10T10:44:20.5409479Z (pass) isShellInvocationWithArgs (issue #91) > should return true for "/bin/bash -c echo hi" [0.02ms]
Test (Bun on ubuntu-latest)	UNKNOWN STEP	2026-08-10T10:44:20.5410816Z (pass) isShellInvocationWithArgs (issue #91) > should return false for bare "bash" (no -c) [0.02ms]
Test (Bun on ubuntu-latest)	UNKNOWN STEP	2026-08-10T10:44:20.5412575Z (pass) isShellInvocationWithArgs (issue #91) > should return false for "bash -i" (no -c) [0.02ms]
Test (Bun on ubuntu-latest)	UNKNOWN STEP	2026-08-10T10:44:20.5413919Z (pass) isShellInvocationWithArgs (issue #91) > should return false for "bash --norc" (no -c) [0.02ms]
Test (Bun on ubuntu-latest)	UNKNOWN STEP	2026-08-10T10:44:20.5415223Z (pass) isShellInvocationWithArgs (issue #91) > should return false for non-shell commands [0.03ms]
Test (Bun on ubuntu-latest)	UNKNOWN STEP	2026-08-10T10:44:20.5416642Z (pass) buildShellWithArgsCmdArgs (issue #91) > should reconstruct "bash -i -c nvm --version" correctly [0.09ms]
Test (Bun on ubuntu-latest)	UNKNOWN STEP	2026-08-10T10:44:20.5418029Z (pass) buildShellWithArgsCmdArgs (issue #91) > should reconstruct "bash -c echo hello" correctly [0.05ms]
Test (Bun on ubuntu-latest)	UNKNOWN STEP	2026-08-10T10:44:20.5419348Z (pass) buildShellWithArgsCmdArgs (issue #91) > should handle single-word script "bash -c ls" [0.03ms]
Test (Bun on ubuntu-latest)	UNKNOWN STEP	2026-08-10T10:44:20.5420525Z (pass) buildShellWithArgsCmdArgs (issue #91) > should handle zsh with -c [0.03ms]
Test (Bun on ubuntu-latest)	UNKNOWN STEP	2026-08-10T10:44:20.5422187Z (pass) buildShellWithArgsCmdArgs (issue #91) > should handle /bin/bash -i -c with multi-word script [0.03ms]
Test (Bun on ubuntu-latest)	UNKNOWN STEP	2026-08-10T10:44:20.5423754Z (pass) buildShellWithArgsCmdArgs (issue #91) > should not include -c argument inside script argument (no double -c) [0.04ms]
Test (Bun on ubuntu-latest)	UNKNOWN STEP	2026-08-10T10:44:20.5425515Z (pass) Regression: No Double-Wrapping for Shell With -c (issue #91) > should pass "bash -i -c nvm --version" directly without outer shell wrapper [0.17ms]
Test (Bun on ubuntu-latest)	UNKNOWN STEP	2026-08-10T10:44:20.5427012Z (pass) Regression: No Double-Wrapping for Shell With -c (issue #91) > should pass "zsh -c nvm --version" directly without outer shell wrapper [0.07ms]
Test (Bun on ubuntu-latest)	UNKNOWN STEP	2026-08-10T10:44:20.5428151Z (pass) Regression: No Double-Wrapping for Shell With -c (issue #91) > should pass "bash -c echo hello" directly [0.04ms]
Test (Bun on ubuntu-latest)	UNKNOWN STEP	2026-08-10T10:44:20.5429127Z (pass) Regression: No Double-Wrapping for Shell With -c (issue #91) > should not introduce a second bash layer (no shell-inside-shell) [0.05ms]
Test (Bun on ubuntu-latest)	UNKNOWN STEP	2026-08-10T10:44:20.5430365Z (pass) Regression: No Double-Wrapping for Shell With -c (issue #91) > should still handle bare "bash" with -i (regression guard for issue #84) [0.08ms]
Test (Bun on ubuntu-latest)	UNKNOWN STEP	2026-08-10T10:44:20.5432613Z (pass) Regression: No Double-Wrapping for Shell With -c (issue #91) > should still wrap non-shell commands in outer shell -c (guard against over-broad fix) [0.04ms]
Test (Bun on ubuntu-latest)	UNKNOWN STEP	2026-08-10T10:44:20.5434481Z (pass) Regression: No Double-Wrapping for Shell With -c (issue #91) > should still wrap "npm test" in outer shell -c [0.03ms]
Test (Bun on ubuntu-latest)	UNKNOWN STEP	2026-08-10T10:44:20.5436603Z (pass) isShellInvocationWithArgs is mutually exclusive with isInteractiveShellCommand > "bash" is not both bare-shell and shell-with-args [0.04ms]
Test (Bun on ubuntu-latest)	UNKNOWN STEP	2026-08-10T10:44:20.5438548Z (pass) isShellInvocationWithArgs is mutually exclusive with isInteractiveShellCommand > "bash -i" is not both bare-shell and shell-with-args
Test (Bun on ubuntu-latest)	UNKNOWN STEP	2026-08-10T10:44:20.5440563Z (pass) isShellInvocationWithArgs is mutually exclusive with isInteractiveShellCommand > "bash --norc" is not both bare-shell and shell-with-args
Test (Bun on ubuntu-latest)	UNKNOWN STEP	2026-08-10T10:44:20.5443165Z (pass) isShellInvocationWithArgs is mutually exclusive with isInteractiveShellCommand > "bash -i -c nvm --version" is not both bare-shell and shell-with-args [0.01ms]
Test (Bun on ubuntu-latest)	UNKNOWN STEP	2026-08-10T10:44:20.5445349Z (pass) isShellInvocationWithArgs is mutually exclusive with isInteractiveShellCommand > "bash -c echo hi" is not both bare-shell and shell-with-args
Test (Bun on ubuntu-latest)	UNKNOWN STEP	2026-08-10T10:44:20.5447409Z (pass) isShellInvocationWithArgs is mutually exclusive with isInteractiveShellCommand > "zsh -c ls" is not both bare-shell and shell-with-args
Test (Bun on ubuntu-latest)	UNKNOWN STEP	2026-08-10T10:44:20.5449454Z (pass) isShellInvocationWithArgs is mutually exclusive with isInteractiveShellCommand > "nvm --version" is not both bare-shell and shell-with-args [0.02ms]
Test (Bun on ubuntu-latest)	UNKNOWN STEP	2026-08-10T10:44:20.5451555Z (pass) isShellInvocationWithArgs is mutually exclusive with isInteractiveShellCommand > "echo hello" is not both bare-shell and shell-with-args
Test (Bun on ubuntu-latest)	UNKNOWN STEP	2026-08-10T10:44:20.5453495Z (pass) buildDisplayCommand (issue #91 display fix) > should quote the -c script argument when it contains spaces [0.05ms]
Test (Bun on ubuntu-latest)	UNKNOWN STEP	2026-08-10T10:44:20.5454747Z (pass) buildDisplayCommand (issue #91 display fix) > should quote the -c script argument for plain "bash -c echo hello" [0.03ms]
Test (Bun on ubuntu-latest)	UNKNOWN STEP	2026-08-10T10:44:20.5455601Z (pass) buildDisplayCommand (issue #91 display fix) > should not double-quote if script has no spaces [0.04ms]
Test (Bun on ubuntu-latest)	UNKNOWN STEP	2026-08-10T10:44:20.5456440Z (pass) buildDisplayCommand (issue #91 display fix) > should return command unchanged for non-shell-with-args commands [0.02ms]
Test (Bun on ubuntu-latest)	UNKNOWN STEP	2026-08-10T10:44:20.5457863Z (pass) buildDisplayCommand (issue #91 display fix) > should return command unchanged for bare shell invocations [0.02ms]
Test (Bun on ubuntu-latest)	UNKNOWN STEP	2026-08-10T10:44:20.5459271Z (pass) buildDisplayCommand (issue #91 display fix) > should handle zsh -c with spaces [0.02ms]
Test (Bun on ubuntu-latest)	UNKNOWN STEP	2026-08-10T10:44:20.5459934Z 
Test (Bun on ubuntu-latest)	UNKNOWN STEP	2026-08-10T10:44:20.5460366Z ##[endgroup]
Test (Bun on ubuntu-latest)	UNKNOWN STEP	2026-08-10T10:44:20.5460576Z 
Test (Bun on ubuntu-latest)	UNKNOWN STEP	2026-08-10T10:44:20.5460999Z ##[group]test/release-name.mjs:
Test (Bun on ubuntu-latest)	UNKNOWN STEP	2026-08-10T10:44:20.5462077Z (pass) releaseTag > uses plain "v${version}" when no prefix is given [0.06ms]
Test (Bun on ubuntu-latest)	UNKNOWN STEP	2026-08-10T10:44:20.5463029Z (pass) releaseTag > prepends known language prefixes [0.03ms]
Test (Bun on ubuntu-latest)	UNKNOWN STEP	2026-08-10T10:44:20.5463863Z (pass) releaseTag > passes arbitrary prefixes through [0.02ms]
Test (Bun on ubuntu-latest)	UNKNOWN STEP	2026-08-10T10:44:20.5464981Z (pass) releaseName > returns bare version when prefix is empty (preserves pre-issue-108 behaviour) [0.05ms]
Test (Bun on ubuntu-latest)	UNKNOWN STEP	2026-08-10T10:44:20.5466208Z (pass) releaseName > decorates known language prefixes with human titles [0.03ms]
Test (Bun on ubuntu-latest)	UNKNOWN STEP	2026-08-10T10:44:20.5467348Z (pass) releaseName > falls back to "${prefix}${version}" for unknown prefixes [0.02ms]
Test (Bun on ubuntu-latest)	UNKNOWN STEP	2026-08-10T10:44:20.5468635Z (pass) release badge helpers > strips plain and language-prefixed v tags before building badge versions [0.18ms]
Test (Bun on ubuntu-latest)	UNKNOWN STEP	2026-08-10T10:44:20.5470283Z (pass) release badge helpers > escapes shields.io static badge path delimiters in prerelease versions [0.08ms]
Test (Bun on ubuntu-latest)	UNKNOWN STEP	2026-08-10T10:44:20.5471976Z (pass) release badge helpers > builds an exact npm version badge without leaking the js tag prefix [0.15ms]
Test (Bun on ubuntu-latest)	UNKNOWN STEP	2026-08-10T10:44:20.5473472Z (pass) release badge helpers > builds an exact crates.io version badge without leaking the rust tag prefix [0.09ms]
Test (Bun on ubuntu-latest)	UNKNOWN STEP	2026-08-10T10:44:20.5474748Z (pass) extractChangelogEntry > extracts a Changesets-style JavaScript entry [0.32ms]
Test (Bun on ubuntu-latest)	UNKNOWN STEP	2026-08-10T10:44:20.5475938Z (pass) extractChangelogEntry > extracts a Keep-a-Changelog-style Rust entry [0.08ms]
Test (Bun on ubuntu-latest)	UNKNOWN STEP	2026-08-10T10:44:20.5476548Z 
Test (Bun on ubuntu-latest)	UNKNOWN STEP	2026-08-10T10:44:20.5476964Z ##[endgroup]
Test (Bun on ubuntu-latest)	UNKNOWN STEP	2026-08-10T10:44:20.5477184Z 
Test (Bun on ubuntu-latest)	UNKNOWN STEP	2026-08-10T10:44:20.5477612Z ##[group]test/run-js-tests.mjs:
Test (Bun on ubuntu-latest)	UNKNOWN STEP	2026-08-10T10:44:20.5478835Z (pass) run-js-tests timeout defaults > adds a 30 second timeout when no timeout is supplied [0.09ms]
Test (Bun on ubuntu-latest)	UNKNOWN STEP	2026-08-10T10:44:20.5480070Z (pass) run-js-tests timeout defaults > preserves an explicit long timeout flag [0.04ms]
Test (Bun on ubuntu-latest)	UNKNOWN STEP	2026-08-10T10:44:20.5481245Z (pass) run-js-tests timeout defaults > preserves an explicit inline timeout flag [0.03ms]
Test (Bun on ubuntu-latest)	UNKNOWN STEP	2026-08-10T10:44:20.5482637Z (pass) run-js-tests timeout defaults > preserves Bun short timeout flag [0.03ms]
Test (Bun on ubuntu-latest)	UNKNOWN STEP	2026-08-10T10:44:20.5483191Z 
Test (Bun on ubuntu-latest)	UNKNOWN STEP	2026-08-10T10:44:20.5483580Z ##[endgroup]
Test (Bun on ubuntu-latest)	UNKNOWN STEP	2026-08-10T10:44:20.5483762Z 
Test (Bun on ubuntu-latest)	UNKNOWN STEP	2026-08-10T10:44:20.5484117Z ##[group]test/screen-integration.js:
Test (Bun on ubuntu-latest)	UNKNOWN STEP	2026-08-10T10:44:20.5588109Z (pass) Screen Integration Tests > runInScreen (if available) > should run command in detached screen session [10.68ms]
Test (Bun on ubuntu-latest)	UNKNOWN STEP	2026-08-10T10:44:21.1672493Z (pass) Screen Integration Tests > runInScreen (if available) > should stream detached screen output to the tracked CLI log path [608.30ms]
Test (Bun on ubuntu-latest)	UNKNOWN STEP	2026-08-10T10:44:21.2808025Z hello
Test (Bun on ubuntu-latest)	UNKNOWN STEP	2026-08-10T10:44:21.2810679Z   Captured output: "hello"
Test (Bun on ubuntu-latest)	UNKNOWN STEP	2026-08-10T10:44:21.2812038Z (pass) Screen Integration Tests > runInScreen (if available) > should run command in attached mode and capture output (issue #15) [114.11ms]
Test (Bun on ubuntu-latest)	UNKNOWN STEP	2026-08-10T10:44:21.3933544Z line1
Test (Bun on ubuntu-latest)	UNKNOWN STEP	2026-08-10T10:44:21.3934042Z line2
Test (Bun on ubuntu-latest)	UNKNOWN STEP	2026-08-10T10:44:21.3934298Z line3
Test (Bun on ubuntu-latest)	UNKNOWN STEP	2026-08-10T10:44:21.3934996Z   Captured multi-line output: "line1
Test (Bun on ubuntu-latest)	UNKNOWN STEP	2026-08-10T10:44:21.3935595Z \nline2
Test (Bun on ubuntu-latest)	UNKNOWN STEP	2026-08-10T10:44:21.3935991Z \nline3"
Test (Bun on ubuntu-latest)	UNKNOWN STEP	2026-08-10T10:44:21.3936890Z (pass) Screen Integration Tests > runInScreen (if available) > should handle multi-line output in attached mode [112.36ms]
Test (Bun on ubuntu-latest)	UNKNOWN STEP	2026-08-10T10:44:21.5058165Z hello
Test (Bun on ubuntu-latest)	UNKNOWN STEP	2026-08-10T10:44:21.5059040Z   Captured quoted output: "hello"
Test (Bun on ubuntu-latest)	UNKNOWN STEP	2026-08-10T10:44:21.5060218Z (pass) Screen Integration Tests > runInScreen (if available) > should capture output from commands with quoted strings (issue #25) [112.40ms]
Test (Bun on ubuntu-latest)	UNKNOWN STEP	2026-08-10T10:44:21.6195983Z (pass) Screen Integration Tests > runInScreen (if available) > should capture output from commands with complex quoted strings [112.25ms]
Test (Bun on ubuntu-latest)	UNKNOWN STEP	2026-08-10T10:44:21.6197157Z hello from attached mode
Test (Bun on ubuntu-latest)	UNKNOWN STEP	2026-08-10T10:44:21.6203038Z   Captured complex quote output: "hello from attached mode"
Test (Bun on ubuntu-latest)	UNKNOWN STEP	2026-08-10T10:44:21.7303107Z quick command output
Test (Bun on ubuntu-latest)	UNKNOWN STEP	2026-08-10T10:44:21.7304171Z   Verified output capture: "quick command output"
Test (Bun on ubuntu-latest)	UNKNOWN STEP	2026-08-10T10:44:21.7305524Z (pass) Screen Integration Tests > runInScreen (if available) > should always return output property in attached mode (issue #25 fix verification) [112.22ms]
Test (Bun on ubuntu-latest)	UNKNOWN STEP	2026-08-10T10:44:21.8425487Z v22.23.1
Test (Bun on ubuntu-latest)	UNKNOWN STEP	2026-08-10T10:44:21.8426032Z   Captured version output: "v22.23.1"
Test (Bun on ubuntu-latest)	UNKNOWN STEP	2026-08-10T10:44:21.8427223Z (pass) Screen Integration Tests > runInScreen (if available) > should capture output from version-flag commands (issue #96) [112.18ms]
Test (Bun on ubuntu-latest)	UNKNOWN STEP	2026-08-10T10:44:21.9549183Z /bin/bash: line 1: nonexistent_command_12345: command not found
Test (Bun on ubuntu-latest)	UNKNOWN STEP	2026-08-10T10:44:21.9550861Z (pass) Screen Integration Tests > runInScreen (if available) > should capture exit code from failed commands (issue #96) [112.36ms]
Test (Bun on ubuntu-latest)	UNKNOWN STEP	2026-08-10T10:44:21.9551926Z   Captured exit code: 127
Test (Bun on ubuntu-latest)	UNKNOWN STEP	2026-08-10T10:44:22.0675035Z stderr-test
Test (Bun on ubuntu-latest)	UNKNOWN STEP	2026-08-10T10:44:22.0675656Z   Captured stderr output: "stderr-test"
Test (Bun on ubuntu-latest)	UNKNOWN STEP	2026-08-10T10:44:22.0677398Z (pass) Screen Integration Tests > runInScreen (if available) > should capture stderr output in screen isolation (issue #96) [112.56ms]
Test (Bun on ubuntu-latest)	UNKNOWN STEP	2026-08-10T10:44:22.1796643Z line1
Test (Bun on ubuntu-latest)	UNKNOWN STEP	2026-08-10T10:44:22.1796985Z line2
Test (Bun on ubuntu-latest)	UNKNOWN STEP	2026-08-10T10:44:22.1797272Z line3
Test (Bun on ubuntu-latest)	UNKNOWN STEP	2026-08-10T10:44:22.1797966Z   Multi-line output with exit code 0: verified
Test (Bun on ubuntu-latest)	UNKNOWN STEP	2026-08-10T10:44:22.1803665Z (pass) Screen Integration Tests > runInScreen (if available) > should capture multi-line output with correct exit code (issue #96) [112.22ms]
Test (Bun on ubuntu-latest)	UNKNOWN STEP	2026-08-10T10:44:22.1804728Z 
Test (Bun on ubuntu-latest)	UNKNOWN STEP	2026-08-10T10:44:22.1805261Z ##[endgroup]
Test (Bun on ubuntu-latest)	UNKNOWN STEP	2026-08-10T10:44:22.1805533Z 
Test (Bun on ubuntu-latest)	UNKNOWN STEP	2026-08-10T10:44:22.1806096Z ##[group]test/sequence-parser.js:
Test (Bun on ubuntu-latest)	UNKNOWN STEP	2026-08-10T10:44:22.1816591Z (pass) Sequence Parser > parseSequence > should parse single value [0.05ms]
Test (Bun on ubuntu-latest)	UNKNOWN STEP	2026-08-10T10:44:22.1818006Z (pass) Sequence Parser > parseSequence > should parse space-separated sequence [0.04ms]
Test (Bun on ubuntu-latest)	UNKNOWN STEP	2026-08-10T10:44:22.1819931Z (pass) Sequence Parser > parseSequence > should parse sequence with underscores as null [0.04ms]
Test (Bun on ubuntu-latest)	UNKNOWN STEP	2026-08-10T10:44:22.1821423Z (pass) Sequence Parser > parseSequence > should handle all underscores [0.04ms]
Test (Bun on ubuntu-latest)	UNKNOWN STEP	2026-08-10T10:44:22.1823070Z (pass) Sequence Parser > parseSequence > should handle empty string [0.03ms]
Test (Bun on ubuntu-latest)	UNKNOWN STEP	2026-08-10T10:44:22.1824544Z (pass) Sequence Parser > parseSequence > should handle null/undefined [0.03ms]
Test (Bun on ubuntu-latest)	UNKNOWN STEP	2026-08-10T10:44:22.1825963Z (pass) Sequence Parser > parseSequence > should trim whitespace [0.04ms]
Test (Bun on ubuntu-latest)	UNKNOWN STEP	2026-08-10T10:44:22.1827570Z (pass) Sequence Parser > parseSequence > should handle multiple spaces between values [0.05ms]
Test (Bun on ubuntu-latest)	UNKNOWN STEP	2026-08-10T10:44:22.1829254Z (pass) Sequence Parser > formatSequence > should format array with values [0.05ms]
Test (Bun on ubuntu-latest)	UNKNOWN STEP	2026-08-10T10:44:22.1830943Z (pass) Sequence Parser > formatSequence > should format array with nulls as underscores [0.04ms]
Test (Bun on ubuntu-latest)	UNKNOWN STEP	2026-08-10T10:44:22.1832804Z (pass) Sequence Parser > formatSequence > should handle empty array [0.02ms]
Test (Bun on ubuntu-latest)	UNKNOWN STEP	2026-08-10T10:44:22.1833785Z (pass) Sequence Parser > formatSequence > should handle non-array [0.04ms]
Test (Bun on ubuntu-latest)	UNKNOWN STEP	2026-08-10T10:44:22.1834686Z (pass) Sequence Parser > shiftSequence > should remove first element [0.06ms]
Test (Bun on ubuntu-latest)	UNKNOWN STEP	2026-08-10T10:44:22.1835557Z (pass) Sequence Parser > shiftSequence > should handle nulls [0.06ms]
Test (Bun on ubuntu-latest)	UNKNOWN STEP	2026-08-10T10:44:22.1836159Z (pass) Sequence Parser > shiftSequence > should handle single element [0.02ms]
Test (Bun on ubuntu-latest)	UNKNOWN STEP	2026-08-10T10:44:22.1836698Z (pass) Sequence Parser > shiftSequence > should handle empty array [0.03ms]
Test (Bun on ubuntu-latest)	UNKNOWN STEP	2026-08-10T10:44:22.1837295Z (pass) Sequence Parser > isSequence > should return true for space-separated values [0.02ms]
Test (Bun on ubuntu-latest)	UNKNOWN STEP	2026-08-10T10:44:22.1837911Z (pass) Sequence Parser > isSequence > should return false for single value [0.03ms]
Test (Bun on ubuntu-latest)	UNKNOWN STEP	2026-08-10T10:44:22.1838482Z (pass) Sequence Parser > isSequence > should return false for non-string [0.04ms]
Test (Bun on ubuntu-latest)	UNKNOWN STEP	2026-08-10T10:44:22.1839113Z (pass) Sequence Parser > distributeOption > should replicate single value for all levels [0.09ms]
Test (Bun on ubuntu-latest)	UNKNOWN STEP	2026-08-10T10:44:22.1839795Z (pass) Sequence Parser > distributeOption > should parse sequence with matching length [0.05ms]
Test (Bun on ubuntu-latest)	UNKNOWN STEP	2026-08-10T10:44:22.1840439Z (pass) Sequence Parser > distributeOption > should throw on length mismatch [0.06ms]
Test (Bun on ubuntu-latest)	UNKNOWN STEP	2026-08-10T10:44:22.1841060Z (pass) Sequence Parser > distributeOption > should handle null/undefined value [0.03ms]
Test (Bun on ubuntu-latest)	UNKNOWN STEP	2026-08-10T10:44:22.1841664Z (pass) Sequence Parser > getValueAtLevel > should get value at valid index [0.05ms]
Test (Bun on ubuntu-latest)	UNKNOWN STEP	2026-08-10T10:44:22.1842471Z (pass) Sequence Parser > getValueAtLevel > should handle nulls [0.03ms]
Test (Bun on ubuntu-latest)	UNKNOWN STEP	2026-08-10T10:44:22.1843045Z (pass) Sequence Parser > getValueAtLevel > should return null for out of bounds [0.03ms]
Test (Bun on ubuntu-latest)	UNKNOWN STEP	2026-08-10T10:44:22.1843606Z (pass) Sequence Parser > getValueAtLevel > should handle non-array [0.02ms]
Test (Bun on ubuntu-latest)	UNKNOWN STEP	2026-08-10T10:44:22.1844152Z (pass) Sequence Parser > formatIsolationChain > should format simple chain [0.11ms]
Test (Bun on ubuntu-latest)	UNKNOWN STEP	2026-08-10T10:44:22.1844717Z (pass) Sequence Parser > formatIsolationChain > should add SSH endpoint [0.06ms]
Test (Bun on ubuntu-latest)	UNKNOWN STEP	2026-08-10T10:44:22.1845663Z (pass) Sequence Parser > formatIsolationChain > should add Docker image short name [0.05ms]
Test (Bun on ubuntu-latest)	UNKNOWN STEP	2026-08-10T10:44:22.1846904Z (pass) Sequence Parser > formatIsolationChain > should handle placeholders [0.06ms]
Test (Bun on ubuntu-latest)	UNKNOWN STEP	2026-08-10T10:44:22.1848008Z (pass) Sequence Parser > formatIsolationChain > should handle empty array [0.02ms]
Test (Bun on ubuntu-latest)	UNKNOWN STEP	2026-08-10T10:44:22.1848608Z (pass) Sequence Parser > buildNextLevelOptions > should shift all stacks [0.12ms]
Test (Bun on ubuntu-latest)	UNKNOWN STEP	2026-08-10T10:44:22.1849169Z (pass) Sequence Parser > buildNextLevelOptions > should handle last level [0.05ms]
Test (Bun on ubuntu-latest)	UNKNOWN STEP	2026-08-10T10:44:22.1849481Z 
Test (Bun on ubuntu-latest)	UNKNOWN STEP	2026-08-10T10:44:22.1849728Z ##[endgroup]
Test (Bun on ubuntu-latest)	UNKNOWN STEP	2026-08-10T10:44:22.1849840Z 
Test (Bun on ubuntu-latest)	UNKNOWN STEP	2026-08-10T10:44:22.1850068Z ##[group]test/session-name-status.js:
Test (Bun on ubuntu-latest)	UNKNOWN STEP	2026-08-10T10:44:22.1856642Z === Session Name Status Tests (Issue #101) ===
Test (Bun on ubuntu-latest)	UNKNOWN STEP	2026-08-10T10:44:22.2441427Z (pass) Issue #101: --status with session name lookup > ExecutionStore.get() session name lookup > should find record by UUID [1.02ms]
Test (Bun on ubuntu-latest)	UNKNOWN STEP	2026-08-10T10:44:22.2449580Z (pass) Issue #101: --status with session name lookup > ExecutionStore.get() session name lookup > should find record by session name [0.89ms]
Test (Bun on ubuntu-latest)	UNKNOWN STEP	2026-08-10T10:44:22.2465996Z (pass) Issue #101: --status with session name lookup > ExecutionStore.get() session name lookup > should prefer UUID match over session name [1.63ms]
Test (Bun on ubuntu-latest)	UNKNOWN STEP	2026-08-10T10:44:22.2467557Z (pass) Issue #101: --status with session name lookup > ExecutionStore.get() session name lookup > should return null for non-existent session name [0.17ms]
Test (Bun on ubuntu-latest)	UNKNOWN STEP	2026-08-10T10:44:22.2474508Z (pass) Issue #101: --status with session name lookup > ExecutionStore.get() session name lookup > should return null for record without session name [0.61ms]
Test (Bun on ubuntu-latest)	UNKNOWN STEP	2026-08-10T10:44:22.2523198Z (pass) Issue #101: --status with session name lookup > queryStatus() with session name > should query status by session name [4.83ms]
Test (Bun on ubuntu-latest)	UNKNOWN STEP	2026-08-10T10:44:22.2524749Z (pass) Issue #101: --status with session name lookup > queryStatus() with session name > should show error for non-existent session name [0.24ms]
Test (Bun on ubuntu-latest)	UNKNOWN STEP	2026-08-10T10:44:22.3880230Z (pass) Issue #101: --status with session name lookup > CLI --status with session name > should query by session name via CLI [135.39ms]
Test (Bun on ubuntu-latest)	UNKNOWN STEP	2026-08-10T10:44:22.5019570Z (pass) Issue #101: --status with session name lookup > CLI --status with session name > should show error for non-existent session name via CLI [113.94ms]
Test (Bun on ubuntu-latest)	UNKNOWN STEP	2026-08-10T10:44:22.5020740Z (pass) Issue #101: Detached status enrichment > isDetachedSessionAlive() > should return null for non-detached records [0.13ms]
Test (Bun on ubuntu-latest)	UNKNOWN STEP	2026-08-10T10:44:22.5022020Z (pass) Issue #101: Detached status enrichment > isDetachedSessionAlive() > should return null for records without session name [0.04ms]
Test (Bun on ubuntu-latest)	UNKNOWN STEP	2026-08-10T10:44:22.5063083Z (pass) Issue #101: Detached status enrichment > isDetachedSessionAlive() > should return false for non-existent screen session [4.19ms]
Test (Bun on ubuntu-latest)	UNKNOWN STEP	2026-08-10T10:44:22.5276781Z (pass) Issue #101: Detached status enrichment > isDetachedSessionAlive() > should return false for non-existent docker container [21.34ms]
Test (Bun on ubuntu-latest)	UNKNOWN STEP	2026-08-10T10:44:22.5278093Z (pass) Issue #101: Detached status enrichment > enrichDetachedStatus() > should not modify non-detached records [0.17ms]
Test (Bun on ubuntu-latest)	UNKNOWN STEP	2026-08-10T10:44:22.5319457Z (pass) Issue #101: Detached status enrichment > enrichDetachedStatus() > should mark non-running detached session as executed [4.15ms]
Test (Bun on ubuntu-latest)	UNKNOWN STEP	2026-08-10T10:44:22.5460393Z (pass) Issue #101: Detached status enrichment > enrichDetachedStatus() > Issue #134: completed record with a lingering live session > keeps the recorded exit code when the session is still listed [14.04ms]
Test (Bun on ubuntu-latest)	UNKNOWN STEP	2026-08-10T10:44:22.5599197Z (pass) Issue #101: Detached status enrichment > enrichDetachedStatus() > Issue #134: completed record with a lingering live session > honors the log footer exit code even without a recorded exit code [13.72ms]
Test (Bun on ubuntu-latest)	UNKNOWN STEP	2026-08-10T10:44:22.5737207Z (pass) Issue #101: Detached status enrichment > enrichDetachedStatus() > Issue #134: completed record with a lingering live session > flips to executing only when there is no terminal record at all [13.86ms]
Test (Bun on ubuntu-latest)	UNKNOWN STEP	2026-08-10T10:44:22.5962267Z (pass) Issue #136: detached docker session liveness > reports unknown (null) — not false — when the container is not visible yet [22.48ms]
Test (Bun on ubuntu-latest)	UNKNOWN STEP	2026-08-10T10:44:22.6190064Z (pass) Issue #136: detached docker session liveness > keeps the record executing while the container is not visible yet [22.80ms]
Test (Bun on ubuntu-latest)	UNKNOWN STEP	2026-08-10T10:44:22.8773341Z (pass) Issue #136: detached docker session liveness > keeps a running container executing [258.29ms]
Test (Bun on ubuntu-latest)	UNKNOWN STEP	2026-08-10T10:44:23.1401868Z (pass) Issue #136: detached docker session liveness > resolves a stopped container to its real exit code, never the -1 sentinel [262.83ms]
Test (Bun on ubuntu-latest)	UNKNOWN STEP	2026-08-10T10:44:23.1477410Z (pass) Issue #144: detached docker OOMKilled status signal > surfaces oomKilled in status output even when Docker exit code is 0 [7.65ms]
Test (Bun on ubuntu-latest)	UNKNOWN STEP	2026-08-10T10:44:23.1503823Z (pass) Issue #144: detached docker OOMKilled status signal > surfaces oomKilled in list output [2.66ms]
Test (Bun on ubuntu-latest)	UNKNOWN STEP	2026-08-10T10:44:23.1532234Z (pass) Issue #148: detached docker OOMKilled terminal status when the container is gone > makes an OOM-killed session terminal once its container is gone [2.77ms]
Test (Bun on ubuntu-latest)	UNKNOWN STEP	2026-08-10T10:44:23.1558003Z (pass) Issue #148: detached docker OOMKilled terminal status when the container is gone > uses the container exit code, not 137, for a stopped OOM-flagged container [2.58ms]
Test (Bun on ubuntu-latest)	UNKNOWN STEP	2026-08-10T10:44:23.1585171Z (pass) Issue #151: OOMKilled is an observation, not a verdict > keeps a running container executing while exposing oomKilled [2.73ms]
Test (Bun on ubuntu-latest)	UNKNOWN STEP	2026-08-10T10:44:23.1603325Z (pass) Issue #151: OOMKilled is an observation, not a verdict > never synthesizes 137 for a running container that reports exit code 137 [1.81ms]
Test (Bun on ubuntu-latest)	UNKNOWN STEP	2026-08-10T10:44:23.1628573Z (pass) Issue #151: OOMKilled is an observation, not a verdict > reports the container exit code 0 once an OOM-flagged container finishes [2.51ms]
Test (Bun on ubuntu-latest)	UNKNOWN STEP	2026-08-10T10:44:23.1655175Z (pass) Issue #151: OOMKilled is an observation, not a verdict > prefers the log footer exit code over the OOM fallback when the container is gone [2.64ms]
Test (Bun on ubuntu-latest)	UNKNOWN STEP	2026-08-10T10:44:23.1679971Z (pass) Issue #151: OOMKilled is an observation, not a verdict > keeps the list output executing for an OOM-flagged running container [2.47ms]
Test (Bun on ubuntu-latest)	UNKNOWN STEP	2026-08-10T10:44:23.1682057Z (pass) Issue #105: attachCurrentTime for executing status > should add currentTime to serialization when status is executing [0.15ms]
Test (Bun on ubuntu-latest)	UNKNOWN STEP	2026-08-10T10:44:23.1683785Z (pass) Issue #105: attachCurrentTime for executing status > should not add currentTime when status is executed [0.06ms]
Test (Bun on ubuntu-latest)	UNKNOWN STEP	2026-08-10T10:44:23.1685232Z (pass) Issue #105: attachCurrentTime for executing status > should not mutate the original record [0.10ms]
Test (Bun on ubuntu-latest)	UNKNOWN STEP	2026-08-10T10:44:23.1686888Z (pass) Issue #105: attachCurrentTime for executing status > should place currentTime right after startTime in serialization order [0.09ms]
Test (Bun on ubuntu-latest)	UNKNOWN STEP	2026-08-10T10:44:23.1688430Z (pass) Issue #105: attachCurrentTime for executing status > should handle null record gracefully [0.02ms]
Test (Bun on ubuntu-latest)	UNKNOWN STEP	2026-08-10T10:44:23.1689144Z 
Test (Bun on ubuntu-latest)	UNKNOWN STEP	2026-08-10T10:44:23.1689785Z ##[endgroup]
Test (Bun on ubuntu-latest)	UNKNOWN STEP	2026-08-10T10:44:23.1689983Z 
Test (Bun on ubuntu-latest)	UNKNOWN STEP	2026-08-10T10:44:23.1690425Z ##[group]test/ssh-integration.js:
Test (Bun on ubuntu-latest)	UNKNOWN STEP	2026-08-10T10:44:23.4461656Z   SSH to localhost not available, integration tests will be skipped
Test (Bun on ubuntu-latest)	UNKNOWN STEP	2026-08-10T10:44:23.4464500Z   Skipping: SSH to localhost not available
Test (Bun on ubuntu-latest)	UNKNOWN STEP	2026-08-10T10:44:23.4465845Z (pass) SSH Integration Tests > runInSsh with real SSH connection > should execute simple command in attached mode [0.36ms]
Test (Bun on ubuntu-latest)	UNKNOWN STEP	2026-08-10T10:44:23.4467174Z (pass) SSH Integration Tests > runInSsh with real SSH connection > should execute command with arguments [0.12ms]
Test (Bun on ubuntu-latest)	UNKNOWN STEP	2026-08-10T10:44:23.4468173Z   Skipping: SSH to localhost not available
Test (Bun on ubuntu-latest)	UNKNOWN STEP	2026-08-10T10:44:23.4469277Z (pass) SSH Integration Tests > runInSsh with real SSH connection > should handle command failure with non-zero exit code [0.13ms]
Test (Bun on ubuntu-latest)	UNKNOWN STEP	2026-08-10T10:44:23.4470632Z (pass) SSH Integration Tests > runInSsh with real SSH connection > should execute command in detached mode [0.16ms]
Test (Bun on ubuntu-latest)	UNKNOWN STEP	2026-08-10T10:44:23.4485285Z   Skipping: SSH to localhost not available
Test (Bun on ubuntu-latest)	UNKNOWN STEP	2026-08-10T10:44:23.4485897Z   Skipping: SSH to localhost not available
Test (Bun on ubuntu-latest)	UNKNOWN STEP	2026-08-10T10:44:23.4486931Z (pass) SSH Integration Tests > runInSsh with real SSH connection > should handle multiple sequential commands [0.11ms]
Test (Bun on ubuntu-latest)	UNKNOWN STEP	2026-08-10T10:44:23.4488563Z (pass) SSH Integration Tests > runInSsh with real SSH connection > should handle command with environment variables [0.09ms]
Test (Bun on ubuntu-latest)	UNKNOWN STEP	2026-08-10T10:44:23.4489946Z   Skipping: SSH to localhost not available
Test (Bun on ubuntu-latest)	UNKNOWN STEP	2026-08-10T10:44:23.4490540Z   Skipping: SSH to localhost not available
Test (Bun on ubuntu-latest)	UNKNOWN STEP	2026-08-10T10:44:23.4491107Z   Skipping: SSH to localhost not available
Test (Bun on ubuntu-latest)	UNKNOWN STEP	2026-08-10T10:44:23.4491659Z   Skipping: SSH to localhost not available
Test (Bun on ubuntu-latest)	UNKNOWN STEP	2026-08-10T10:44:23.4492865Z   Note: SSH connection error handling is tested via unit tests
Test (Bun on ubuntu-latest)	UNKNOWN STEP	2026-08-10T10:44:23.4494049Z (pass) SSH Integration Tests > runInSsh with real SSH connection > should handle special characters in command [0.10ms]
Test (Bun on ubuntu-latest)	UNKNOWN STEP	2026-08-10T10:44:23.4495612Z (pass) SSH Integration Tests > runInSsh with real SSH connection > should work with custom session name [0.13ms]
Test (Bun on ubuntu-latest)	UNKNOWN STEP	2026-08-10T10:44:23.4498088Z (pass) SSH Integration Tests > SSH error handling > should fail gracefully with invalid endpoint [2.43ms]
Test (Bun on ubuntu-latest)	UNKNOWN STEP	2026-08-10T10:44:23.6005179Z (pass) SSH CLI Integration > should work through CLI with --isolated ssh --endpoint [0.32ms]
Test (Bun on ubuntu-latest)	UNKNOWN STEP	2026-08-10T10:44:23.6006227Z 
Test (Bun on ubuntu-latest)	UNKNOWN STEP	2026-08-10T10:44:23.6006999Z ##[endgroup]
Test (Bun on ubuntu-latest)	UNKNOWN STEP	2026-08-10T10:44:23.6007294Z 
Test (Bun on ubuntu-latest)	UNKNOWN STEP	2026-08-10T10:44:23.6007881Z ##[group]test/status-query.js:
Test (Bun on ubuntu-latest)	UNKNOWN STEP	2026-08-10T10:44:23.6008515Z   Skipping: SSH to localhost not available
Test (Bun on ubuntu-latest)	UNKNOWN STEP	2026-08-10T10:44:23.6027505Z === Status Query Integration Tests ===
Test (Bun on ubuntu-latest)	UNKNOWN STEP	2026-08-10T10:44:23.7329427Z (pass) --status query functionality > links-notation format (default) > should output status in links-notation indented format by default [129.83ms]
Test (Bun on ubuntu-latest)	UNKNOWN STEP	2026-08-10T10:44:23.8632043Z (pass) --status query functionality > links-notation format (default) > should output status in links-notation format with explicit flag [130.21ms]
Test (Bun on ubuntu-latest)	UNKNOWN STEP	2026-08-10T10:44:23.9819105Z (pass) --status query functionality > json format > should output status in JSON format [118.76ms]
Test (Bun on ubuntu-latest)	UNKNOWN STEP	2026-08-10T10:44:24.1163273Z (pass) --status query functionality > text format > should output status in human-readable text format [134.35ms]
Test (Bun on ubuntu-latest)	UNKNOWN STEP	2026-08-10T10:44:24.2392522Z (pass) --status query functionality > error handling > should show error for non-existent UUID [122.93ms]
Test (Bun on ubuntu-latest)	UNKNOWN STEP	2026-08-10T10:44:24.2829533Z (pass) --status query functionality > error handling > should show error when tracking is disabled [43.69ms]
Test (Bun on ubuntu-latest)	UNKNOWN STEP	2026-08-10T10:44:24.4245847Z (pass) --status query functionality > --list query functionality > should output all tracked executions in links-notation format by default [141.55ms]
Test (Bun on ubuntu-latest)	UNKNOWN STEP	2026-08-10T10:44:24.5510360Z (pass) --status query functionality > --list query functionality > should output all tracked executions in JSON format [126.44ms]
Test (Bun on ubuntu-latest)	UNKNOWN STEP	2026-08-10T10:44:24.6649363Z (pass) --status query functionality > --list query functionality > should show count zero when no records are stored [113.89ms]
Test (Bun on ubuntu-latest)	UNKNOWN STEP	2026-08-10T10:44:24.7124847Z (pass) --status query functionality > --list query functionality > should show error when tracking is disabled [47.61ms]
Test (Bun on ubuntu-latest)	UNKNOWN STEP	2026-08-10T10:44:24.7721581Z (pass) --status query functionality > --upload-log functionality > should run gh-upload-log with the stored execution log path [59.59ms]
Test (Bun on ubuntu-latest)	UNKNOWN STEP	2026-08-10T10:44:24.8412329Z (pass) --status query functionality > --upload-log functionality > should install gh-upload-log when it is missing before uploading [69.03ms]
Test (Bun on ubuntu-latest)	UNKNOWN STEP	2026-08-10T10:44:24.9621065Z (pass) --status query functionality > --upload-log functionality > should show an error when the stored log file is missing [120.87ms]
Test (Bun on ubuntu-latest)	UNKNOWN STEP	2026-08-10T10:44:25.0818160Z (pass) --status query functionality > executing status > should show executing status for ongoing commands [119.69ms]
Test (Bun on ubuntu-latest)	UNKNOWN STEP	2026-08-10T10:44:25.2208935Z (pass) --status query functionality > executing status > should include currentTime for executing commands (JSON) [139.07ms]
Test (Bun on ubuntu-latest)	UNKNOWN STEP	2026-08-10T10:44:25.3440480Z (pass) --status query functionality > executing status > should not include currentTime for completed commands (JSON) [123.12ms]
Test (Bun on ubuntu-latest)	UNKNOWN STEP	2026-08-10T10:44:25.4793024Z (pass) --status query functionality > executing status > should include currentTime in links-notation for executing commands [135.21ms]
Test (Bun on ubuntu-latest)	UNKNOWN STEP	2026-08-10T10:44:25.6100094Z (pass) --status query functionality > executing status > should indent nested process ID arrays in links-notation [130.72ms]
Test (Bun on ubuntu-latest)	UNKNOWN STEP	2026-08-10T10:44:25.7422773Z (pass) --status query functionality > executing status > should include Current Time in text format for executing commands [132.22ms]
Test (Bun on ubuntu-latest)	UNKNOWN STEP	2026-08-10T10:44:25.8608289Z (pass) --status query functionality > executing status > should not include Current Time in text format for completed commands [118.56ms]
Test (Bun on ubuntu-latest)	UNKNOWN STEP	2026-08-10T10:44:25.8609234Z 
Test (Bun on ubuntu-latest)	UNKNOWN STEP	2026-08-10T10:44:25.8609717Z ##[endgroup]
Test (Bun on ubuntu-latest)	UNKNOWN STEP	2026-08-10T10:44:25.8609934Z 
Test (Bun on ubuntu-latest)	UNKNOWN STEP	2026-08-10T10:44:25.8610327Z ##[group]test/substitution.js:
Test (Bun on ubuntu-latest)	UNKNOWN STEP	2026-08-10T10:44:25.8632569Z === Substitution Engine Unit Tests ===
Test (Bun on ubuntu-latest)	UNKNOWN STEP	2026-08-10T10:44:25.8632925Z 
Test (Bun on ubuntu-latest)	UNKNOWN STEP	2026-08-10T10:44:25.8641342Z ✓ Loaded 48 substitution rules
Test (Bun on ubuntu-latest)	UNKNOWN STEP	2026-08-10T10:44:25.8641636Z 
Test (Bun on ubuntu-latest)	UNKNOWN STEP	2026-08-10T10:44:25.8642340Z ✓ Test: loadDefaultSubstitutions() returns array of rules
Test (Bun on ubuntu-latest)	UNKNOWN STEP	2026-08-10T10:44:25.8643102Z ✓ Test: Rules have correct structure (pattern, replacement, regex)
Test (Bun on ubuntu-latest)	UNKNOWN STEP	2026-08-10T10:44:25.8644044Z 
Test (Bun on ubuntu-latest)	UNKNOWN STEP	2026-08-10T10:44:25.8644253Z === Pattern Matching Tests ===
Test (Bun on ubuntu-latest)	UNKNOWN STEP	2026-08-10T10:44:25.8644546Z 
Test (Bun on ubuntu-latest)	UNKNOWN STEP	2026-08-10T10:44:25.8645274Z ✓ PASS: Basic npm install
Test (Bun on ubuntu-latest)	UNKNOWN STEP	2026-08-10T10:44:25.8645838Z   Input:  "install gh-upload-log npm package"
Test (Bun on ubuntu-latest)	UNKNOWN STEP	2026-08-10T10:44:25.8646458Z   Output: "npm install gh-upload-log"
Test (Bun on ubuntu-latest)	UNKNOWN STEP	2026-08-10T10:44:25.8646786Z 
Test (Bun on ubuntu-latest)	UNKNOWN STEP	2026-08-10T10:44:25.8647413Z ✓ PASS: npm install with version
Test (Bun on ubuntu-latest)	UNKNOWN STEP	2026-08-10T10:44:25.8648372Z   Input:  "install 0.0.1 version of gh-upload-log npm package"
Test (Bun on ubuntu-latest)	UNKNOWN STEP	2026-08-10T10:44:25.8649443Z   Output: "npm install gh-upload-log@0.0.1"
Test (Bun on ubuntu-latest)	UNKNOWN STEP	2026-08-10T10:44:25.8650068Z 
Test (Bun on ubuntu-latest)	UNKNOWN STEP	2026-08-10T10:44:25.8650618Z ✓ PASS: Global npm install
Test (Bun on ubuntu-latest)	UNKNOWN STEP	2026-08-10T10:44:25.8651546Z   Input:  "install lodash npm package globally"
Test (Bun on ubuntu-latest)	UNKNOWN STEP	2026-08-10T10:44:25.8652716Z   Output: "npm install -g lodash"
Test (Bun on ubuntu-latest)	UNKNOWN STEP	2026-08-10T10:44:25.8653078Z 
Test (Bun on ubuntu-latest)	UNKNOWN STEP	2026-08-10T10:44:25.8653442Z ✓ PASS: Global npm install with version
Test (Bun on ubuntu-latest)	UNKNOWN STEP	2026-08-10T10:44:25.8653987Z   Input:  "install 4.17.21 version of lodash npm package globally"
Test (Bun on ubuntu-latest)	UNKNOWN STEP	2026-08-10T10:44:25.8654862Z   Output: "npm install -g lodash@4.17.21"
Test (Bun on ubuntu-latest)	UNKNOWN STEP	2026-08-10T10:44:25.8655518Z 
Test (Bun on ubuntu-latest)	UNKNOWN STEP	2026-08-10T10:44:25.8655840Z ✓ PASS: npm uninstall
Test (Bun on ubuntu-latest)	UNKNOWN STEP	2026-08-10T10:44:25.8656279Z   Input:  "uninstall lodash npm package"
Test (Bun on ubuntu-latest)	UNKNOWN STEP	2026-08-10T10:44:25.8656751Z   Output: "npm uninstall lodash"
Test (Bun on ubuntu-latest)	UNKNOWN STEP	2026-08-10T10:44:25.8657062Z 
Test (Bun on ubuntu-latest)	UNKNOWN STEP	2026-08-10T10:44:25.8657343Z ✓ PASS: Git clone with URL
Test (Bun on ubuntu-latest)	UNKNOWN STEP	2026-08-10T10:44:25.8657826Z   Input:  "clone https://github.com/user/repo repository"
Test (Bun on ubuntu-latest)	UNKNOWN STEP	2026-08-10T10:44:25.8658366Z   Output: "git clone https://github.com/user/repo"
Test (Bun on ubuntu-latest)	UNKNOWN STEP	2026-08-10T10:44:25.8658729Z 
Test (Bun on ubuntu-latest)	UNKNOWN STEP	2026-08-10T10:44:25.8659010Z ✓ PASS: Git clone with SSH URL
Test (Bun on ubuntu-latest)	UNKNOWN STEP	2026-08-10T10:44:25.8659503Z   Input:  "clone git@github.com:user/repo.git repository"
Test (Bun on ubuntu-latest)	UNKNOWN STEP	2026-08-10T10:44:25.8660368Z   Output: "git clone git@github.com:user/repo.git"
Test (Bun on ubuntu-latest)	UNKNOWN STEP	2026-08-10T10:44:25.8661067Z 
Test (Bun on ubuntu-latest)	UNKNOWN STEP	2026-08-10T10:44:25.8661420Z ✓ PASS: Git checkout branch
Test (Bun on ubuntu-latest)	UNKNOWN STEP	2026-08-10T10:44:25.8663147Z   Input:  "checkout main branch"
Test (Bun on ubuntu-latest)	UNKNOWN STEP	2026-08-10T10:44:25.8663608Z   Output: "git checkout main"
Test (Bun on ubuntu-latest)	UNKNOWN STEP	2026-08-10T10:44:25.8663908Z 
Test (Bun on ubuntu-latest)	UNKNOWN STEP	2026-08-10T10:44:25.8664294Z ✓ PASS: Git create branch
Test (Bun on ubuntu-latest)	UNKNOWN STEP	2026-08-10T10:44:25.8664728Z   Input:  "create feature-x branch"
Test (Bun on ubuntu-latest)	UNKNOWN STEP	2026-08-10T10:44:25.8665325Z   Output: "git checkout -b feature-x"
Test (Bun on ubuntu-latest)	UNKNOWN STEP	2026-08-10T10:44:25.8665786Z 
Test (Bun on ubuntu-latest)	UNKNOWN STEP	2026-08-10T10:44:25.8666301Z ##[endgroup]
Test (Bun on ubuntu-latest)	UNKNOWN STEP	2026-08-10T10:44:25.8666544Z 
Test (Bun on ubuntu-latest)	UNKNOWN STEP	2026-08-10T10:44:25.8666985Z ##[group]test/user-manager.js:
Test (Bun on ubuntu-latest)	UNKNOWN STEP	2026-08-10T10:44:25.8667329Z 
Test (Bun on ubuntu-latest)	UNKNOWN STEP	2026-08-10T10:44:25.8667708Z ✓ PASS: List files
Test (Bun on ubuntu-latest)	UNKNOWN STEP	2026-08-10T10:44:25.8668120Z   Input:  "list files"
Test (Bun on ubuntu-latest)	UNKNOWN STEP	2026-08-10T10:44:25.8668529Z   Output: "ls -la"
Test (Bun on ubuntu-latest)	UNKNOWN STEP	2026-08-10T10:44:25.8668737Z 
Test (Bun on ubuntu-latest)	UNKNOWN STEP	2026-08-10T10:44:25.8669023Z ✓ PASS: Show working directory
Test (Bun on ubuntu-latest)	UNKNOWN STEP	2026-08-10T10:44:25.8669495Z   Input:  "show current directory"
Test (Bun on ubuntu-latest)	UNKNOWN STEP	2026-08-10T10:44:25.8669929Z   Output: "pwd"
Test (Bun on ubuntu-latest)	UNKNOWN STEP	2026-08-10T10:44:25.8670115Z 
Test (Bun on ubuntu-latest)	UNKNOWN STEP	2026-08-10T10:44:25.8670355Z ✓ PASS: Create directory
Test (Bun on ubuntu-latest)	UNKNOWN STEP	2026-08-10T10:44:25.8670821Z   Input:  "create my-project directory"
Test (Bun on ubuntu-latest)	UNKNOWN STEP	2026-08-10T10:44:25.8671327Z   Output: "mkdir -p my-project"
Test (Bun on ubuntu-latest)	UNKNOWN STEP	2026-08-10T10:44:25.8671601Z 
Test (Bun on ubuntu-latest)	UNKNOWN STEP	2026-08-10T10:44:25.8672214Z ✓ PASS: pip install
Test (Bun on ubuntu-latest)	UNKNOWN STEP	2026-08-10T10:44:25.8672770Z   Input:  "install requests python package"
Test (Bun on ubuntu-latest)	UNKNOWN STEP	2026-08-10T10:44:25.8673303Z   Output: "pip install requests"
Test (Bun on ubuntu-latest)	UNKNOWN STEP	2026-08-10T10:44:25.8673617Z 
Test (Bun on ubuntu-latest)	UNKNOWN STEP	2026-08-10T10:44:25.8673944Z ✓ PASS: Non-matching command (pass through)
Test (Bun on ubuntu-latest)	UNKNOWN STEP	2026-08-10T10:44:25.8674717Z   Input:  "echo hello world"
Test (Bun on ubuntu-latest)	UNKNOWN STEP	2026-08-10T10:44:25.8675161Z   Output: "echo hello world"
Test (Bun on ubuntu-latest)	UNKNOWN STEP	2026-08-10T10:44:25.8675392Z 
Test (Bun on ubuntu-latest)	UNKNOWN STEP	2026-08-10T10:44:25.8675663Z ✓ PASS: Regular npm command (pass through)
Test (Bun on ubuntu-latest)	UNKNOWN STEP	2026-08-10T10:44:25.8676152Z   Input:  "npm test"
Test (Bun on ubuntu-latest)	UNKNOWN STEP	2026-08-10T10:44:25.8676562Z   Output: "npm test"
Test (Bun on ubuntu-latest)	UNKNOWN STEP	2026-08-10T10:44:25.8676782Z 
Test (Bun on ubuntu-latest)	UNKNOWN STEP	2026-08-10T10:44:25.8676977Z === Pattern Specificity Tests ===
Test (Bun on ubuntu-latest)	UNKNOWN STEP	2026-08-10T10:44:25.8677265Z 
Test (Bun on ubuntu-latest)	UNKNOWN STEP	2026-08-10T10:44:25.8677587Z ✓ Test: Pattern specificity works correctly
Test (Bun on ubuntu-latest)	UNKNOWN STEP	2026-08-10T10:44:25.8678355Z   Input:  "install 1.0.0 version of express npm package globally"
Test (Bun on ubuntu-latest)	UNKNOWN STEP	2026-08-10T10:44:25.8678956Z   Output: "npm install -g express@1.0.0"
Test (Bun on ubuntu-latest)	UNKNOWN STEP	2026-08-10T10:44:25.8679151Z 
Test (Bun on ubuntu-latest)	UNKNOWN STEP	2026-08-10T10:44:25.8679273Z === Variable Extraction Tests ===
Test (Bun on ubuntu-latest)	UNKNOWN STEP	2026-08-10T10:44:25.8679436Z 
Test (Bun on ubuntu-latest)	UNKNOWN STEP	2026-08-10T10:44:25.8679932Z ✓ Test: Variable extraction and substitution works correctly
Test (Bun on ubuntu-latest)	UNKNOWN STEP	2026-08-10T10:44:25.8680352Z   Pattern matched: "install $packageName npm package"
Test (Bun on ubuntu-latest)	UNKNOWN STEP	2026-08-10T10:44:25.8680710Z   Variables in pattern: [packageName]
Test (Bun on ubuntu-latest)	UNKNOWN STEP	2026-08-10T10:44:25.8681016Z   Result command: "npm install my-package"
Test (Bun on ubuntu-latest)	UNKNOWN STEP	2026-08-10T10:44:25.8681199Z 
Test (Bun on ubuntu-latest)	UNKNOWN STEP	2026-08-10T10:44:25.8681330Z === processCommand Integration Tests ===
Test (Bun on ubuntu-latest)	UNKNOWN STEP	2026-08-10T10:44:25.8681511Z 
Test (Bun on ubuntu-latest)	UNKNOWN STEP	2026-08-10T10:44:25.8681694Z ✓ Test: processCommand applies substitutions
Test (Bun on ubuntu-latest)	UNKNOWN STEP	2026-08-10T10:44:25.8682407Z   Input:  "list files"
Test (Bun on ubuntu-latest)	UNKNOWN STEP	2026-08-10T10:44:25.8682652Z   Output: "ls -la"
Test (Bun on ubuntu-latest)	UNKNOWN STEP	2026-08-10T10:44:25.8682850Z   Matched: true
Test (Bun on ubuntu-latest)	UNKNOWN STEP	2026-08-10T10:44:25.8682962Z 
Test (Bun on ubuntu-latest)	UNKNOWN STEP	2026-08-10T10:44:25.8683222Z ✓ Test: processCommand passes through non-matching commands
Test (Bun on ubuntu-latest)	UNKNOWN STEP	2026-08-10T10:44:25.8683569Z   Input:  "echo test"
Test (Bun on ubuntu-latest)	UNKNOWN STEP	2026-08-10T10:44:25.8683786Z   Output: "echo test"
Test (Bun on ubuntu-latest)	UNKNOWN STEP	2026-08-10T10:44:25.8683982Z   Matched: false
Test (Bun on ubuntu-latest)	UNKNOWN STEP	2026-08-10T10:44:25.8684094Z 
Test (Bun on ubuntu-latest)	UNKNOWN STEP	2026-08-10T10:44:25.8684190Z === Test Summary ===
Test (Bun on ubuntu-latest)	UNKNOWN STEP	2026-08-10T10:44:25.8684441Z Pattern Matching: 15/15 tests passed
Test (Bun on ubuntu-latest)	UNKNOWN STEP	2026-08-10T10:44:25.8684711Z Total Tests: 22/22 passed
Test (Bun on ubuntu-latest)	UNKNOWN STEP	2026-08-10T10:44:25.8684849Z 
Test (Bun on ubuntu-latest)	UNKNOWN STEP	2026-08-10T10:44:25.8684997Z ✓ All tests passed!
Test (Bun on ubuntu-latest)	UNKNOWN STEP	2026-08-10T10:44:25.8685119Z 
Test (Bun on ubuntu-latest)	UNKNOWN STEP	2026-08-10T10:44:25.8725102Z (pass) user-manager > getCurrentUser > should return a non-empty string [3.06ms]
Test (Bun on ubuntu-latest)	UNKNOWN STEP	2026-08-10T10:44:25.8743175Z (pass) user-manager > getCurrentUser > should return a valid username format [1.78ms]
Test (Bun on ubuntu-latest)	UNKNOWN STEP	2026-08-10T10:44:25.8761043Z (pass) user-manager > getCurrentUserGroups > should return an array [1.79ms]
Test (Bun on ubuntu-latest)	UNKNOWN STEP	2026-08-10T10:44:25.8778690Z (pass) user-manager > getCurrentUserGroups > should return at least one group (the primary group) [1.74ms]
Test (Bun on ubuntu-latest)	UNKNOWN STEP	2026-08-10T10:44:25.8796527Z (pass) user-manager > getCurrentUserGroups > should return groups as strings [1.78ms]
Test (Bun on ubuntu-latest)	UNKNOWN STEP	2026-08-10T10:44:25.8840650Z (pass) user-manager > userExists > should return true for current user [4.42ms]
Test (Bun on ubuntu-latest)	UNKNOWN STEP	2026-08-10T10:44:25.8866195Z (pass) user-manager > userExists > should return false for non-existent user [2.54ms]
Test (Bun on ubuntu-latest)	UNKNOWN STEP	2026-08-10T10:44:25.8888368Z (pass) user-manager > userExists > should return true for root user (on Unix) [2.21ms]
Test (Bun on ubuntu-latest)	UNKNOWN STEP	2026-08-10T10:44:25.8938370Z (pass) user-manager > groupExists > should return true for root group (on Unix) [4.99ms]
Test (Bun on ubuntu-latest)	UNKNOWN STEP	2026-08-10T10:44:25.8965152Z (pass) user-manager > groupExists > should return false for non-existent group [2.66ms]
Test (Bun on ubuntu-latest)	UNKNOWN STEP	2026-08-10T10:44:25.8966464Z (pass) user-manager > generateIsolatedUsername > should generate unique usernames [0.10ms]
Test (Bun on ubuntu-latest)	UNKNOWN STEP	2026-08-10T10:44:25.8967769Z (pass) user-manager > generateIsolatedUsername > should use default prefix [0.04ms]
Test (Bun on ubuntu-latest)	UNKNOWN STEP	2026-08-10T10:44:25.8969014Z (pass) user-manager > generateIsolatedUsername > should use custom prefix [0.04ms]
Test (Bun on ubuntu-latest)	UNKNOWN STEP	2026-08-10T10:44:25.8970444Z (pass) user-manager > generateIsolatedUsername > should generate valid username (no special chars) [0.04ms]
Test (Bun on ubuntu-latest)	UNKNOWN STEP	2026-08-10T10:44:25.8972199Z (pass) user-manager > generateIsolatedUsername > should not exceed 31 characters [0.04ms]
Test (Bun on ubuntu-latest)	UNKNOWN STEP	2026-08-10T10:44:25.8973110Z (pass) user-manager > generateIsolatedUsername > should handle long prefix by truncating [0.03ms]
Test (Bun on ubuntu-latest)	UNKNOWN STEP	2026-08-10T10:44:25.8994209Z (pass) user-manager > getUserInfo > should return exists: false for non-existent user [2.56ms]
Test (Bun on ubuntu-latest)	UNKNOWN STEP	2026-08-10T10:44:25.9105945Z (pass) user-manager > getUserInfo > should return user info for current user [11.09ms]
Test (Bun on ubuntu-latest)	UNKNOWN STEP	2026-08-10T10:44:25.9185161Z (pass) user-manager > getUserInfo > should include uid for existing user [7.99ms]
Test (Bun on ubuntu-latest)	UNKNOWN STEP	2026-08-10T10:44:25.9186522Z (pass) args-parser user isolation options > --isolated-user option (user isolation) > should parse --isolated-user flag [0.10ms]
Test (Bun on ubuntu-latest)	UNKNOWN STEP	2026-08-10T10:44:25.9188195Z (pass) args-parser user isolation options > --isolated-user option (user isolation) > should parse --isolated-user with custom username [0.08ms]
Test (Bun on ubuntu-latest)	UNKNOWN STEP	2026-08-10T10:44:25.9189881Z (pass) args-parser user isolation options > --isolated-user option (user isolation) > should parse --isolated-user=value format [0.06ms]
Test (Bun on ubuntu-latest)	UNKNOWN STEP	2026-08-10T10:44:25.9191409Z (pass) args-parser user isolation options > --isolated-user option (user isolation) > should parse -u shorthand [0.04ms]
Test (Bun on ubuntu-latest)	UNKNOWN STEP	2026-08-10T10:44:25.9193557Z (pass) args-parser user isolation options > --isolated-user option (user isolation) > should parse -u with custom username [0.06ms]
Test (Bun on ubuntu-latest)	UNKNOWN STEP	2026-08-10T10:44:25.9195181Z (pass) args-parser user isolation options > --isolated-user option (user isolation) > should work with isolation options [0.06ms]
Test (Bun on ubuntu-latest)	UNKNOWN STEP	2026-08-10T10:44:25.9196879Z (pass) args-parser user isolation options > --isolated-user option (user isolation) > should throw error when used with docker isolation [0.09ms]
Test (Bun on ubuntu-latest)	UNKNOWN STEP	2026-08-10T10:44:25.9198598Z (pass) args-parser user isolation options > --isolated-user option (user isolation) > should validate custom username format [0.07ms]
Test (Bun on ubuntu-latest)	UNKNOWN STEP	2026-08-10T10:44:25.9200320Z (pass) args-parser user isolation options > --isolated-user option (user isolation) > should validate custom username length [0.18ms]
Test (Bun on ubuntu-latest)	UNKNOWN STEP	2026-08-10T10:44:25.9201402Z (pass) args-parser user isolation options > --isolated-user option (user isolation) > should work with screen isolation and custom username [0.07ms]
Test (Bun on ubuntu-latest)	UNKNOWN STEP	2026-08-10T10:44:25.9203402Z (pass) args-parser user isolation options > --isolated-user option (user isolation) > should work with tmux isolation [0.07ms]
Test (Bun on ubuntu-latest)	UNKNOWN STEP	2026-08-10T10:44:25.9205072Z (pass) args-parser user isolation options > --keep-user option > should parse --keep-user with --isolated-user [0.05ms]
Test (Bun on ubuntu-latest)	UNKNOWN STEP	2026-08-10T10:44:25.9206104Z (pass) args-parser user isolation options > --keep-user option > should throw error when used without --isolated-user [0.09ms]
Test (Bun on ubuntu-latest)	UNKNOWN STEP	2026-08-10T10:44:25.9206595Z 
Test (Bun on ubuntu-latest)	UNKNOWN STEP	2026-08-10T10:44:25.9206897Z ##[endgroup]
Test (Bun on ubuntu-latest)	UNKNOWN STEP	2026-08-10T10:44:25.9207014Z 
Test (Bun on ubuntu-latest)	UNKNOWN STEP	2026-08-10T10:44:25.9207239Z ##[group]test/version.js:
Test (Bun on ubuntu-latest)	UNKNOWN STEP	2026-08-10T10:44:25.9915801Z (pass) Version Flag Tests > Basic version flag > should show version with --version [70.01ms]
Test (Bun on ubuntu-latest)	UNKNOWN STEP	2026-08-10T10:44:26.0636197Z (pass) Version Flag Tests > Basic version flag > should show version with -v [72.00ms]
Test (Bun on ubuntu-latest)	UNKNOWN STEP	2026-08-10T10:44:26.1308627Z (pass) Version Flag Tests > Basic version flag > should show version with --version -- (trailing separator) [67.20ms]
Test (Bun on ubuntu-latest)	UNKNOWN STEP	2026-08-10T10:44:26.1945116Z (pass) Version Flag Tests > Runtime detection > should show Bun version when running with Bun [63.67ms]
Test (Bun on ubuntu-latest)	UNKNOWN STEP	2026-08-10T10:44:26.2604529Z (pass) Version Flag Tests > OS version detection > should show OS information [65.91ms]
Test (Bun on ubuntu-latest)	UNKNOWN STEP	2026-08-10T10:44:26.3272459Z (pass) Version Flag Tests > OS version detection > should show macOS ProductVersion on darwin [66.73ms]
Test (Bun on ubuntu-latest)	UNKNOWN STEP	2026-08-10T10:44:26.3958777Z (pass) Version Flag Tests > Tool version detection > should detect screen version if installed [68.65ms]
Test (Bun on ubuntu-latest)	UNKNOWN STEP	2026-08-10T10:44:26.4689374Z (pass) Version Flag Tests > Tool version detection > should detect tmux version if installed [73.07ms]
Test (Bun on ubuntu-latest)	UNKNOWN STEP	2026-08-10T10:44:26.5549151Z (pass) Version Flag Tests > Tool version detection > should detect docker version if installed [85.93ms]
Test (Bun on ubuntu-latest)	UNKNOWN STEP	2026-08-10T10:44:26.6294751Z (pass) Version Flag Tests > Verbose mode > should show verbose output with --version --verbose [74.55ms]
Test (Bun on ubuntu-latest)	UNKNOWN STEP	2026-08-10T10:44:26.6929359Z (pass) Version Flag Tests > Verbose mode > should show verbose output with --version --debug [63.49ms]
Test (Bun on ubuntu-latest)	UNKNOWN STEP	2026-08-10T10:44:26.7592717Z (pass) Version Flag Tests > Verbose mode > should show verbose output with START_VERBOSE=1 [66.25ms]
Test (Bun on ubuntu-latest)	UNKNOWN STEP	2026-08-10T10:44:26.8015509Z (pass) Version Flag Tests > Error cases > should error with "No command provided" for $ -- [42.24ms]
Test (Bun on ubuntu-latest)	UNKNOWN STEP	2026-08-10T10:44:26.8408542Z (pass) Version Flag Tests > Error cases > should error with "No command provided" for no args [39.34ms]
Test (Bun on ubuntu-latest)	UNKNOWN STEP	2026-08-10T10:44:26.8410725Z 
Test (Bun on ubuntu-latest)	UNKNOWN STEP	2026-08-10T10:44:26.8411656Z ##[endgroup]
Test (Bun on ubuntu-latest)	UNKNOWN STEP	2026-08-10T10:44:26.8412079Z 
Test (Bun on ubuntu-latest)	UNKNOWN STEP	2026-08-10T10:44:26.8412173Z 1 tests failed:
Test (Bun on ubuntu-latest)	UNKNOWN STEP	2026-08-10T10:44:26.8412754Z (fail) Docker named network integration > reaches a private sidecar and the internet through two networks [395.11ms]
Test (Bun on ubuntu-latest)	UNKNOWN STEP	2026-08-10T10:44:26.8413204Z 
Test (Bun on ubuntu-latest)	UNKNOWN STEP	2026-08-10T10:44:26.8413282Z  714 pass
Test (Bun on ubuntu-latest)	UNKNOWN STEP	2026-08-10T10:44:26.8413460Z  1 fail
Test (Bun on ubuntu-latest)	UNKNOWN STEP	2026-08-10T10:44:26.8413673Z  588 expect() calls
Test (Bun on ubuntu-latest)	UNKNOWN STEP	2026-08-10T10:44:26.8413922Z Ran 715 tests across 38 files. [38.82s]
Test (Bun on ubuntu-latest)	UNKNOWN STEP	2026-08-10T10:44:26.8476286Z error: script "test" exited with code 1
Test (Bun on ubuntu-latest)	UNKNOWN STEP	2026-08-10T10:44:26.8486971Z ##[error]Process completed with exit code 1.
Test (Bun on ubuntu-latest)	UNKNOWN STEP	2026-08-10T10:44:26.8642286Z Post job cleanup.
Test (Bun on ubuntu-latest)	UNKNOWN STEP	2026-08-10T10:44:26.9481436Z [command]/usr/bin/git version
Test (Bun on ubuntu-latest)	UNKNOWN STEP	2026-08-10T10:44:26.9523898Z git version 2.54.0
Test (Bun on ubuntu-latest)	UNKNOWN STEP	2026-08-10T10:44:26.9563980Z Temporarily overriding HOME='/home/runner/work/_temp/96f84496-d58e-4c83-974b-b72561b9387d' before making global git config changes
Test (Bun on ubuntu-latest)	UNKNOWN STEP	2026-08-10T10:44:26.9565802Z Adding repository directory to the temporary git global config as a safe directory
Test (Bun on ubuntu-latest)	UNKNOWN STEP	2026-08-10T10:44:26.9570726Z [command]/usr/bin/git config --global --add safe.directory /home/runner/work/start/start
Test (Bun on ubuntu-latest)	UNKNOWN STEP	2026-08-10T10:44:26.9604416Z Removing SSH command configuration
Test (Bun on ubuntu-latest)	UNKNOWN STEP	2026-08-10T10:44:26.9612493Z [command]/usr/bin/git config --local --name-only --get-regexp core\.sshCommand
Test (Bun on ubuntu-latest)	UNKNOWN STEP	2026-08-10T10:44:26.9649387Z [command]/usr/bin/git submodule foreach --recursive sh -c "git config --local --name-only --get-regexp 'core\.sshCommand' && git config --local --unset-all 'core.sshCommand' || :"
Test (Bun on ubuntu-latest)	UNKNOWN STEP	2026-08-10T10:44:26.9943159Z Removing HTTP extra header
Test (Bun on ubuntu-latest)	UNKNOWN STEP	2026-08-10T10:44:26.9950497Z [command]/usr/bin/git config --local --name-only --get-regexp http\.https\:\/\/github\.com\/\.extraheader
Test (Bun on ubuntu-latest)	UNKNOWN STEP	2026-08-10T10:44:26.9988917Z [command]/usr/bin/git submodule foreach --recursive sh -c "git config --local --name-only --get-regexp 'http\.https\:\/\/github\.com\/\.extraheader' && git config --local --unset-all 'http.https://github.com/.extraheader' || :"
Test (Bun on ubuntu-latest)	UNKNOWN STEP	2026-08-10T10:44:27.0254419Z Removing includeIf entries pointing to credentials config files
Test (Bun on ubuntu-latest)	UNKNOWN STEP	2026-08-10T10:44:27.0263332Z [command]/usr/bin/git config --local --name-only --get-regexp ^includeIf\.gitdir:
Test (Bun on ubuntu-latest)	UNKNOWN STEP	2026-08-10T10:44:27.0295889Z includeif.gitdir:/home/runner/work/start/start/.git.path
Test (Bun on ubuntu-latest)	UNKNOWN STEP	2026-08-10T10:44:27.0296757Z includeif.gitdir:/home/runner/work/start/start/.git/worktrees/*.path
Test (Bun on ubuntu-latest)	UNKNOWN STEP	2026-08-10T10:44:27.0297380Z includeif.gitdir:/github/workspace/.git.path
Test (Bun on ubuntu-latest)	UNKNOWN STEP	2026-08-10T10:44:27.0297926Z includeif.gitdir:/github/workspace/.git/worktrees/*.path
Test (Bun on ubuntu-latest)	UNKNOWN STEP	2026-08-10T10:44:27.0305931Z [command]/usr/bin/git config --local --get-all includeif.gitdir:/home/runner/work/start/start/.git.path
Test (Bun on ubuntu-latest)	UNKNOWN STEP	2026-08-10T10:44:27.0332425Z /home/runner/work/_temp/git-credentials-0476b62a-e69c-436f-9317-77e98ee3126a.config
Test (Bun on ubuntu-latest)	UNKNOWN STEP	2026-08-10T10:44:27.0346602Z [command]/usr/bin/git config --local --unset includeif.gitdir:/home/runner/work/start/start/.git.path /home/runner/work/_temp/git-credentials-0476b62a-e69c-436f-9317-77e98ee3126a.config
Test (Bun on ubuntu-latest)	UNKNOWN STEP	2026-08-10T10:44:27.0393774Z [command]/usr/bin/git config --local --get-all includeif.gitdir:/home/runner/work/start/start/.git/worktrees/*.path
Test (Bun on ubuntu-latest)	UNKNOWN STEP	2026-08-10T10:44:27.0425866Z /home/runner/work/_temp/git-credentials-0476b62a-e69c-436f-9317-77e98ee3126a.config
Test (Bun on ubuntu-latest)	UNKNOWN STEP	2026-08-10T10:44:27.0438049Z [command]/usr/bin/git config --local --unset includeif.gitdir:/home/runner/work/start/start/.git/worktrees/*.path /home/runner/work/_temp/git-credentials-0476b62a-e69c-436f-9317-77e98ee3126a.config
Test (Bun on ubuntu-latest)	UNKNOWN STEP	2026-08-10T10:44:27.0477661Z [command]/usr/bin/git config --local --get-all includeif.gitdir:/github/workspace/.git.path
Test (Bun on ubuntu-latest)	UNKNOWN STEP	2026-08-10T10:44:27.0509842Z /github/runner_temp/git-credentials-0476b62a-e69c-436f-9317-77e98ee3126a.config
Test (Bun on ubuntu-latest)	UNKNOWN STEP	2026-08-10T10:44:27.0536099Z [command]/usr/bin/git config --local --unset includeif.gitdir:/github/workspace/.git.path /github/runner_temp/git-credentials-0476b62a-e69c-436f-9317-77e98ee3126a.config
Test (Bun on ubuntu-latest)	UNKNOWN STEP	2026-08-10T10:44:27.0575313Z [command]/usr/bin/git config --local --get-all includeif.gitdir:/github/workspace/.git/worktrees/*.path
Test (Bun on ubuntu-latest)	UNKNOWN STEP	2026-08-10T10:44:27.0604028Z /github/runner_temp/git-credentials-0476b62a-e69c-436f-9317-77e98ee3126a.config
Test (Bun on ubuntu-latest)	UNKNOWN STEP	2026-08-10T10:44:27.0615873Z [command]/usr/bin/git config --local --unset includeif.gitdir:/github/workspace/.git/worktrees/*.path /github/runner_temp/git-credentials-0476b62a-e69c-436f-9317-77e98ee3126a.config
Test (Bun on ubuntu-latest)	UNKNOWN STEP	2026-08-10T10:44:27.0671319Z [command]/usr/bin/git submodule foreach --recursive git config --local --show-origin --name-only --get-regexp remote.origin.url
Test (Bun on ubuntu-latest)	UNKNOWN STEP	2026-08-10T10:44:27.0888426Z Removing credentials config '/home/runner/work/_temp/git-credentials-0476b62a-e69c-436f-9317-77e98ee3126a.config'
Test (Bun on ubuntu-latest)	UNKNOWN STEP	2026-08-10T10:44:27.1038191Z Cleaning up orphan processes
Test (Bun on windows-latest)	UNKNOWN STEP	﻿2026-08-10T10:43:30.9208913Z Current runner version: '2.336.0'
Test (Bun on windows-latest)	UNKNOWN STEP	2026-08-10T10:43:30.9234607Z ##[group]Runner Image Provisioner
Test (Bun on windows-latest)	UNKNOWN STEP	2026-08-10T10:43:30.9235494Z Hosted Compute Agent
Test (Bun on windows-latest)	UNKNOWN STEP	2026-08-10T10:43:30.9236104Z Version: 20260729.566
Test (Bun on windows-latest)	UNKNOWN STEP	2026-08-10T10:43:30.9236695Z Commit: cf7153fe6e25b664e8693c24944bf2b00355d109
Test (Bun on windows-latest)	UNKNOWN STEP	2026-08-10T10:43:30.9237353Z Build Date: 2026-07-29T19:17:02Z
Test (Bun on windows-latest)	UNKNOWN STEP	2026-08-10T10:43:30.9237954Z Worker ID: {74c2f823-32eb-4e2c-9997-2a57dc2c495b}
Test (Bun on windows-latest)	UNKNOWN STEP	2026-08-10T10:43:30.9238666Z Azure Region: eastus
Test (Bun on windows-latest)	UNKNOWN STEP	2026-08-10T10:43:30.9239178Z ##[endgroup]
Test (Bun on windows-latest)	UNKNOWN STEP	2026-08-10T10:43:30.9240459Z ##[group]Operating System
Test (Bun on windows-latest)	UNKNOWN STEP	2026-08-10T10:43:30.9241103Z Microsoft Windows Server 2025
Test (Bun on windows-latest)	UNKNOWN STEP	2026-08-10T10:43:30.9241670Z 10.0.26100
Test (Bun on windows-latest)	UNKNOWN STEP	2026-08-10T10:43:30.9242157Z Datacenter
Test (Bun on windows-latest)	UNKNOWN STEP	2026-08-10T10:43:30.9242622Z ##[endgroup]
Test (Bun on windows-latest)	UNKNOWN STEP	2026-08-10T10:43:30.9243074Z ##[group]Runner Image
Test (Bun on windows-latest)	UNKNOWN STEP	2026-08-10T10:43:30.9243677Z Image: windows-2025-vs2026
Test (Bun on windows-latest)	UNKNOWN STEP	2026-08-10T10:43:30.9244246Z Version: 20260803.193.1
Test (Bun on windows-latest)	UNKNOWN STEP	2026-08-10T10:43:30.9246052Z Included Software: https://github.com/actions/runner-images/blob/win25-vs2026/20260803.193/images/windows/Windows2025-VS2026-Readme.md
Test (Bun on windows-latest)	UNKNOWN STEP	2026-08-10T10:43:30.9247659Z Image Release: https://github.com/actions/runner-images/releases/tag/win25-vs2026%2F20260803.193
Test (Bun on windows-latest)	UNKNOWN STEP	2026-08-10T10:43:30.9248713Z ##[endgroup]
Test (Bun on windows-latest)	UNKNOWN STEP	2026-08-10T10:43:30.9251951Z ##[group]GITHUB_TOKEN Permissions
Test (Bun on windows-latest)	UNKNOWN STEP	2026-08-10T10:43:30.9254569Z Actions: write
Test (Bun on windows-latest)	UNKNOWN STEP	2026-08-10T10:43:30.9255137Z ArtifactMetadata: write
Test (Bun on windows-latest)	UNKNOWN STEP	2026-08-10T10:43:30.9255730Z Attestations: write
Test (Bun on windows-latest)	UNKNOWN STEP	2026-08-10T10:43:30.9256353Z Checks: write
Test (Bun on windows-latest)	UNKNOWN STEP	2026-08-10T10:43:30.9256856Z CodeQuality: write
Test (Bun on windows-latest)	UNKNOWN STEP	2026-08-10T10:43:30.9257392Z Contents: write
Test (Bun on windows-latest)	UNKNOWN STEP	2026-08-10T10:43:30.9257875Z CopilotRequests: write
Test (Bun on windows-latest)	UNKNOWN STEP	2026-08-10T10:43:30.9258406Z Deployments: write
Test (Bun on windows-latest)	UNKNOWN STEP	2026-08-10T10:43:30.9258984Z Discussions: write
Test (Bun on windows-latest)	UNKNOWN STEP	2026-08-10T10:43:30.9259472Z Drives: write
Test (Bun on windows-latest)	UNKNOWN STEP	2026-08-10T10:43:30.9259955Z Issues: write
Test (Bun on windows-latest)	UNKNOWN STEP	2026-08-10T10:43:30.9260513Z Metadata: read
Test (Bun on windows-latest)	UNKNOWN STEP	2026-08-10T10:43:30.9261093Z Models: read
Test (Bun on windows-latest)	UNKNOWN STEP	2026-08-10T10:43:30.9261600Z Packages: write
Test (Bun on windows-latest)	UNKNOWN STEP	2026-08-10T10:43:30.9262134Z Pages: write
Test (Bun on windows-latest)	UNKNOWN STEP	2026-08-10T10:43:30.9262947Z PullRequests: write
Test (Bun on windows-latest)	UNKNOWN STEP	2026-08-10T10:43:30.9263893Z RepositoryProjects: write
Test (Bun on windows-latest)	UNKNOWN STEP	2026-08-10T10:43:30.9264710Z SecurityEvents: write
Test (Bun on windows-latest)	UNKNOWN STEP	2026-08-10T10:43:30.9265263Z Statuses: write
Test (Bun on windows-latest)	UNKNOWN STEP	2026-08-10T10:43:30.9265777Z VulnerabilityAlerts: read
Test (Bun on windows-latest)	UNKNOWN STEP	2026-08-10T10:43:30.9266306Z ##[endgroup]
Test (Bun on windows-latest)	UNKNOWN STEP	2026-08-10T10:43:30.9268304Z Secret source: Actions
Test (Bun on windows-latest)	UNKNOWN STEP	2026-08-10T10:43:30.9269589Z Prepare workflow directory
Test (Bun on windows-latest)	UNKNOWN STEP	2026-08-10T10:43:30.9663495Z Prepare all required actions
Test (Bun on windows-latest)	UNKNOWN STEP	2026-08-10T10:43:30.9711218Z Getting action download info
Test (Bun on windows-latest)	UNKNOWN STEP	2026-08-10T10:43:31.1371292Z Download action repository 'actions/checkout@v6' (SHA:d23441a48e516b6c34aea4fa41551a30e30af803)
Test (Bun on windows-latest)	UNKNOWN STEP	2026-08-10T10:43:31.2912599Z Download action repository 'oven-sh/setup-bun@v2' (SHA:0c5077e51419868618aeaa5fe8019c62421857d6)
Test (Bun on windows-latest)	UNKNOWN STEP	2026-08-10T10:43:31.4385745Z Download action repository 'actions/setup-dotnet@v5' (SHA:26b0ec14cb23fa6904739307f278c14f94c95bf1)
Test (Bun on windows-latest)	UNKNOWN STEP	2026-08-10T10:43:31.8624338Z Complete job name: Test (Bun on windows-latest)
Test (Bun on windows-latest)	UNKNOWN STEP	2026-08-10T10:43:32.0262081Z ##[group]Run actions/checkout@v6
Test (Bun on windows-latest)	UNKNOWN STEP	2026-08-10T10:43:32.0263293Z with:
Test (Bun on windows-latest)	UNKNOWN STEP	2026-08-10T10:43:32.0263952Z   repository: link-foundation/start
Test (Bun on windows-latest)	UNKNOWN STEP	2026-08-10T10:43:32.0268872Z   token: ***
Test (Bun on windows-latest)	UNKNOWN STEP	2026-08-10T10:43:32.0269478Z   ssh-strict: true
Test (Bun on windows-latest)	UNKNOWN STEP	2026-08-10T10:43:32.0270037Z   ssh-user: git
Test (Bun on windows-latest)	UNKNOWN STEP	2026-08-10T10:43:32.0270565Z   persist-credentials: true
Test (Bun on windows-latest)	UNKNOWN STEP	2026-08-10T10:43:32.0271132Z   clean: true
Test (Bun on windows-latest)	UNKNOWN STEP	2026-08-10T10:43:32.0271687Z   sparse-checkout-cone-mode: true
Test (Bun on windows-latest)	UNKNOWN STEP	2026-08-10T10:43:32.0272302Z   fetch-depth: 1
Test (Bun on windows-latest)	UNKNOWN STEP	2026-08-10T10:43:32.0272814Z   fetch-tags: false
Test (Bun on windows-latest)	UNKNOWN STEP	2026-08-10T10:43:32.0273872Z   show-progress: true
Test (Bun on windows-latest)	UNKNOWN STEP	2026-08-10T10:43:32.0274697Z   lfs: false
Test (Bun on windows-latest)	UNKNOWN STEP	2026-08-10T10:43:32.0275489Z   submodules: false
Test (Bun on windows-latest)	UNKNOWN STEP	2026-08-10T10:43:32.0276339Z   set-safe-directory: true
Test (Bun on windows-latest)	UNKNOWN STEP	2026-08-10T10:43:32.0277811Z   allow-unsafe-pr-checkout: false
Test (Bun on windows-latest)	UNKNOWN STEP	2026-08-10T10:43:32.0279657Z env:
Test (Bun on windows-latest)	UNKNOWN STEP	2026-08-10T10:43:32.0280258Z   FORCE_JAVASCRIPT_ACTIONS_TO_NODE24: true
Test (Bun on windows-latest)	UNKNOWN STEP	2026-08-10T10:43:32.0280917Z ##[endgroup]
Test (Bun on windows-latest)	UNKNOWN STEP	2026-08-10T10:43:32.1714940Z Syncing repository: link-foundation/start
Test (Bun on windows-latest)	UNKNOWN STEP	2026-08-10T10:43:32.1719611Z ##[group]Getting Git version info
Test (Bun on windows-latest)	UNKNOWN STEP	2026-08-10T10:43:32.1720392Z Working directory is 'D:\a\start\start'
Test (Bun on windows-latest)	UNKNOWN STEP	2026-08-10T10:43:32.2752509Z [command]"C:\Program Files\Git\bin\git.exe" version
Test (Bun on windows-latest)	UNKNOWN STEP	2026-08-10T10:43:32.6666527Z git version 2.55.0.windows.3
Test (Bun on windows-latest)	UNKNOWN STEP	2026-08-10T10:43:32.6715379Z ##[endgroup]
Test (Bun on windows-latest)	UNKNOWN STEP	2026-08-10T10:43:32.6735600Z Temporarily overriding HOME='D:\a\_temp\0e2fa985-40da-42be-ad6d-47bc8660ed05' before making global git config changes
Test (Bun on windows-latest)	UNKNOWN STEP	2026-08-10T10:43:32.6738368Z Adding repository directory to the temporary git global config as a safe directory
Test (Bun on windows-latest)	UNKNOWN STEP	2026-08-10T10:43:32.6746728Z [command]"C:\Program Files\Git\bin\git.exe" config --global --add safe.directory D:\a\start\start
Test (Bun on windows-latest)	UNKNOWN STEP	2026-08-10T10:43:32.7377369Z Deleting the contents of 'D:\a\start\start'
Test (Bun on windows-latest)	UNKNOWN STEP	2026-08-10T10:43:32.7383559Z ##[group]Determining repository object format
Test (Bun on windows-latest)	UNKNOWN STEP	2026-08-10T10:43:32.7386035Z ##[endgroup]
Test (Bun on windows-latest)	UNKNOWN STEP	2026-08-10T10:43:32.7387493Z ##[group]Initializing the repository
Test (Bun on windows-latest)	UNKNOWN STEP	2026-08-10T10:43:32.7395136Z [command]"C:\Program Files\Git\bin\git.exe" init D:\a\start\start
Test (Bun on windows-latest)	UNKNOWN STEP	2026-08-10T10:43:32.8450016Z Initialized empty Git repository in D:/a/start/start/.git/
Test (Bun on windows-latest)	UNKNOWN STEP	2026-08-10T10:43:32.8510075Z [command]"C:\Program Files\Git\bin\git.exe" remote add origin https://github.com/link-foundation/start
Test (Bun on windows-latest)	UNKNOWN STEP	2026-08-10T10:43:32.9196485Z ##[endgroup]
Test (Bun on windows-latest)	UNKNOWN STEP	2026-08-10T10:43:32.9199645Z ##[group]Disabling automatic garbage collection
Test (Bun on windows-latest)	UNKNOWN STEP	2026-08-10T10:43:32.9203632Z [command]"C:\Program Files\Git\bin\git.exe" config --local gc.auto 0
Test (Bun on windows-latest)	UNKNOWN STEP	2026-08-10T10:43:32.9522595Z ##[endgroup]
Test (Bun on windows-latest)	UNKNOWN STEP	2026-08-10T10:43:32.9525394Z ##[group]Setting up auth
Test (Bun on windows-latest)	UNKNOWN STEP	2026-08-10T10:43:32.9528004Z Removing SSH command configuration
Test (Bun on windows-latest)	UNKNOWN STEP	2026-08-10T10:43:32.9535218Z [command]"C:\Program Files\Git\bin\git.exe" config --local --name-only --get-regexp core\.sshCommand
Test (Bun on windows-latest)	UNKNOWN STEP	2026-08-10T10:43:32.9882296Z [command]"C:\Program Files\Git\bin\git.exe" submodule foreach --recursive "sh -c \"git config --local --name-only --get-regexp 'core\.sshCommand' && git config --local --unset-all 'core.sshCommand' || :\""
Test (Bun on windows-latest)	UNKNOWN STEP	2026-08-10T10:43:34.5411005Z Removing HTTP extra header
Test (Bun on windows-latest)	UNKNOWN STEP	2026-08-10T10:43:34.5421930Z [command]"C:\Program Files\Git\bin\git.exe" config --local --name-only --get-regexp http\.https\:\/\/github\.com\/\.extraheader
Test (Bun on windows-latest)	UNKNOWN STEP	2026-08-10T10:43:34.5710611Z [command]"C:\Program Files\Git\bin\git.exe" submodule foreach --recursive "sh -c \"git config --local --name-only --get-regexp 'http\.https\:\/\/github\.com\/\.extraheader' && git config --local --unset-all 'http.https://github.com/.extraheader' || :\""
Test (Bun on windows-latest)	UNKNOWN STEP	2026-08-10T10:43:35.0992914Z Removing includeIf entries pointing to credentials config files
Test (Bun on windows-latest)	UNKNOWN STEP	2026-08-10T10:43:35.1003409Z [command]"C:\Program Files\Git\bin\git.exe" config --local --name-only --get-regexp ^includeIf\.gitdir:
Test (Bun on windows-latest)	UNKNOWN STEP	2026-08-10T10:43:35.1300988Z [command]"C:\Program Files\Git\bin\git.exe" submodule foreach --recursive "git config --local --show-origin --name-only --get-regexp remote.origin.url"
Test (Bun on windows-latest)	UNKNOWN STEP	2026-08-10T10:43:35.6232926Z [command]"C:\Program Files\Git\bin\git.exe" config --file D:\a\_temp\git-credentials-a31f12a1-1026-4704-9f7f-e6be98d5e4ad.config http.https://github.com/.extraheader "AUTHORIZATION: basic ***"
Test (Bun on windows-latest)	UNKNOWN STEP	2026-08-10T10:43:35.6526961Z [command]"C:\Program Files\Git\bin\git.exe" config --local includeIf.gitdir:D:/a/start/start/.git.path D:\a\_temp\git-credentials-a31f12a1-1026-4704-9f7f-e6be98d5e4ad.config
Test (Bun on windows-latest)	UNKNOWN STEP	2026-08-10T10:43:35.6831109Z [command]"C:\Program Files\Git\bin\git.exe" config --local includeIf.gitdir:D:/a/start/start/.git/worktrees/*.path D:\a\_temp\git-credentials-a31f12a1-1026-4704-9f7f-e6be98d5e4ad.config
Test (Bun on windows-latest)	UNKNOWN STEP	2026-08-10T10:43:35.7177994Z [command]"C:\Program Files\Git\bin\git.exe" config --local includeIf.gitdir:/github/workspace/.git.path /github/runner_temp/git-credentials-a31f12a1-1026-4704-9f7f-e6be98d5e4ad.config
Test (Bun on windows-latest)	UNKNOWN STEP	2026-08-10T10:43:35.7468173Z [command]"C:\Program Files\Git\bin\git.exe" config --local includeIf.gitdir:/github/workspace/.git/worktrees/*.path /github/runner_temp/git-credentials-a31f12a1-1026-4704-9f7f-e6be98d5e4ad.config
Test (Bun on windows-latest)	UNKNOWN STEP	2026-08-10T10:43:35.7748477Z ##[endgroup]
Test (Bun on windows-latest)	UNKNOWN STEP	2026-08-10T10:43:35.7749152Z ##[group]Fetching the repository
Test (Bun on windows-latest)	UNKNOWN STEP	2026-08-10T10:43:35.7762543Z [command]"C:\Program Files\Git\bin\git.exe" -c protocol.version=2 fetch --no-tags --prune --no-recurse-submodules --depth=1 origin +d959632b399ae343ff29114fc439650bf65122c5:refs/remotes/origin/main
Test (Bun on windows-latest)	UNKNOWN STEP	2026-08-10T10:43:36.8151916Z From https://github.com/link-foundation/start
Test (Bun on windows-latest)	UNKNOWN STEP	2026-08-10T10:43:36.8152949Z  * [new ref]         d959632b399ae343ff29114fc439650bf65122c5 -> origin/main
Test (Bun on windows-latest)	UNKNOWN STEP	2026-08-10T10:43:36.8205142Z [command]"C:\Program Files\Git\bin\git.exe" branch --list --remote origin/main
Test (Bun on windows-latest)	UNKNOWN STEP	2026-08-10T10:43:36.8529674Z   origin/main
Test (Bun on windows-latest)	UNKNOWN STEP	2026-08-10T10:43:36.8571958Z [command]"C:\Program Files\Git\bin\git.exe" rev-parse refs/remotes/origin/main
Test (Bun on windows-latest)	UNKNOWN STEP	2026-08-10T10:43:36.8950219Z d959632b399ae343ff29114fc439650bf65122c5
Test (Bun on windows-latest)	UNKNOWN STEP	2026-08-10T10:43:36.8982090Z ##[endgroup]
Test (Bun on windows-latest)	UNKNOWN STEP	2026-08-10T10:43:36.8982551Z ##[group]Determining the checkout info
Test (Bun on windows-latest)	UNKNOWN STEP	2026-08-10T10:43:36.8984120Z ##[endgroup]
Test (Bun on windows-latest)	UNKNOWN STEP	2026-08-10T10:43:36.8992754Z [command]"C:\Program Files\Git\bin\git.exe" sparse-checkout disable
Test (Bun on windows-latest)	UNKNOWN STEP	2026-08-10T10:43:36.9389512Z [command]"C:\Program Files\Git\bin\git.exe" config --local --unset-all extensions.worktreeConfig
Test (Bun on windows-latest)	UNKNOWN STEP	2026-08-10T10:43:36.9682294Z ##[group]Checking out the ref
Test (Bun on windows-latest)	UNKNOWN STEP	2026-08-10T10:43:36.9691709Z [command]"C:\Program Files\Git\bin\git.exe" checkout --progress --force -B main refs/remotes/origin/main
Test (Bun on windows-latest)	UNKNOWN STEP	2026-08-10T10:43:37.1906538Z Switched to a new branch 'main'
Test (Bun on windows-latest)	UNKNOWN STEP	2026-08-10T10:43:37.1976934Z branch 'main' set up to track 'origin/main'.
Test (Bun on windows-latest)	UNKNOWN STEP	2026-08-10T10:43:37.2024514Z ##[endgroup]
Test (Bun on windows-latest)	UNKNOWN STEP	2026-08-10T10:43:37.2517185Z [command]"C:\Program Files\Git\bin\git.exe" log -1 --format=%H
Test (Bun on windows-latest)	UNKNOWN STEP	2026-08-10T10:43:37.2792299Z d959632b399ae343ff29114fc439650bf65122c5
Test (Bun on windows-latest)	UNKNOWN STEP	2026-08-10T10:43:37.3259897Z ##[group]Run oven-sh/setup-bun@v2
Test (Bun on windows-latest)	UNKNOWN STEP	2026-08-10T10:43:37.3260220Z with:
Test (Bun on windows-latest)	UNKNOWN STEP	2026-08-10T10:43:37.3260401Z   bun-version: latest
Test (Bun on windows-latest)	UNKNOWN STEP	2026-08-10T10:43:37.3260602Z   no-cache: false
Test (Bun on windows-latest)	UNKNOWN STEP	2026-08-10T10:43:37.3263325Z   token: ***
Test (Bun on windows-latest)	UNKNOWN STEP	2026-08-10T10:43:37.3263505Z env:
Test (Bun on windows-latest)	UNKNOWN STEP	2026-08-10T10:43:37.3263687Z   FORCE_JAVASCRIPT_ACTIONS_TO_NODE24: true
Test (Bun on windows-latest)	UNKNOWN STEP	2026-08-10T10:43:37.3263961Z ##[endgroup]
Test (Bun on windows-latest)	UNKNOWN STEP	2026-08-10T10:43:37.8361833Z Downloading a new version of Bun: https://github.com/oven-sh/bun/releases/download/bun-v1.3.14/bun-windows-x64.zip
Test (Bun on windows-latest)	UNKNOWN STEP	2026-08-10T10:43:38.2477892Z [command]"C:\Program Files\PowerShell\7\pwsh.exe" -NoLogo -NoProfile -NonInteractive -ExecutionPolicy Unrestricted -Command "$ErrorActionPreference = 'Stop' ; try { Add-Type -AssemblyName System.IO.Compression.ZipFile } catch { } ; try { [System.IO.Compression.ZipFile]::ExtractToDirectory('D:\a\_temp\ceb14dea-214b-4326-9c84-9834b322f6a3.zip', 'D:\a\_temp\f88314c6-814b-44a4-873c-aa074e26b7e6', $true) } catch { if (($_.Exception.GetType().FullName -eq 'System.Management.Automation.MethodException') -or ($_.Exception.GetType().FullName -eq 'System.Management.Automation.RuntimeException') ){ Expand-Archive -LiteralPath 'D:\a\_temp\ceb14dea-214b-4326-9c84-9834b322f6a3.zip' -DestinationPath 'D:\a\_temp\f88314c6-814b-44a4-873c-aa074e26b7e6' -Force } else { throw $_ } } ;"
Test (Bun on windows-latest)	UNKNOWN STEP	2026-08-10T10:43:38.9893361Z [command]C:\Users\runneradmin\.bun\bin\bun.exe --revision
Test (Bun on windows-latest)	UNKNOWN STEP	2026-08-10T10:43:39.5230064Z 1.3.14+0d9b296af
Test (Bun on windows-latest)	UNKNOWN STEP	2026-08-10T10:43:39.5574541Z ##[group]Run bun install
Test (Bun on windows-latest)	UNKNOWN STEP	2026-08-10T10:43:39.5574851Z ^[[36;1mbun install^[[0m
Test (Bun on windows-latest)	UNKNOWN STEP	2026-08-10T10:43:39.6449616Z shell: C:\Program Files\PowerShell\7\pwsh.EXE -command ". '{0}'"
Test (Bun on windows-latest)	UNKNOWN STEP	2026-08-10T10:43:39.6450020Z env:
Test (Bun on windows-latest)	UNKNOWN STEP	2026-08-10T10:43:39.6450240Z   FORCE_JAVASCRIPT_ACTIONS_TO_NODE24: true
Test (Bun on windows-latest)	UNKNOWN STEP	2026-08-10T10:43:39.6450517Z ##[endgroup]
Test (Bun on windows-latest)	UNKNOWN STEP	2026-08-10T10:43:39.9219075Z bun install v1.3.14 (0d9b296a)
Test (Bun on windows-latest)	UNKNOWN STEP	2026-08-10T10:43:55.3549469Z 
Test (Bun on windows-latest)	UNKNOWN STEP	2026-08-10T10:43:55.4210564Z $ cd .. && husky .husky || true
Test (Bun on windows-latest)	UNKNOWN STEP	2026-08-10T10:44:00.5163219Z 
Test (Bun on windows-latest)	UNKNOWN STEP	2026-08-10T10:44:00.5163698Z + @changesets/cli@2.31.0
Test (Bun on windows-latest)	UNKNOWN STEP	2026-08-10T10:44:00.5164076Z + @eslint/js@10.0.1
Test (Bun on windows-latest)	UNKNOWN STEP	2026-08-10T10:44:00.5165105Z + eslint@10.3.0
Test (Bun on windows-latest)	UNKNOWN STEP	2026-08-10T10:44:00.5166689Z + eslint-config-prettier@10.1.8
Test (Bun on windows-latest)	UNKNOWN STEP	2026-08-10T10:44:00.5167853Z + eslint-plugin-prettier@5.5.5
Test (Bun on windows-latest)	UNKNOWN STEP	2026-08-10T10:44:00.5168312Z + husky@9.1.7
Test (Bun on windows-latest)	UNKNOWN STEP	2026-08-10T10:44:00.5168972Z + lint-staged@17.0.4
Test (Bun on windows-latest)	UNKNOWN STEP	2026-08-10T10:44:00.5169229Z + prettier@3.8.3
Test (Bun on windows-latest)	UNKNOWN STEP	2026-08-10T10:44:00.5169712Z + command-stream@0.9.4
Test (Bun on windows-latest)	UNKNOWN STEP	2026-08-10T10:44:00.5169976Z + lino-objects-codec@0.4.0
Test (Bun on windows-latest)	UNKNOWN STEP	2026-08-10T10:44:00.5170115Z 
Test (Bun on windows-latest)	UNKNOWN STEP	2026-08-10T10:44:00.5170203Z 199 packages installed [20.60s]
Test (Bun on windows-latest)	UNKNOWN STEP	2026-08-10T10:44:00.6296896Z ##[group]Run bun run test
Test (Bun on windows-latest)	UNKNOWN STEP	2026-08-10T10:44:00.6297203Z ^[[36;1mbun run test^[[0m
Test (Bun on windows-latest)	UNKNOWN STEP	2026-08-10T10:44:00.6375070Z shell: C:\Program Files\PowerShell\7\pwsh.EXE -command ". '{0}'"
Test (Bun on windows-latest)	UNKNOWN STEP	2026-08-10T10:44:00.6375405Z env:
Test (Bun on windows-latest)	UNKNOWN STEP	2026-08-10T10:44:00.6375594Z   FORCE_JAVASCRIPT_ACTIONS_TO_NODE24: true
Test (Bun on windows-latest)	UNKNOWN STEP	2026-08-10T10:44:00.6375855Z ##[endgroup]
Test (Bun on windows-latest)	UNKNOWN STEP	2026-08-10T10:44:00.8984651Z $ bun ../scripts/run-js-tests.mjs
Test (Bun on windows-latest)	UNKNOWN STEP	2026-08-10T10:44:00.9836183Z bun test v1.3.14 (0d9b296a)
Test (Bun on windows-latest)	UNKNOWN STEP	2026-08-10T10:44:01.0091690Z 
Test (Bun on windows-latest)	UNKNOWN STEP	2026-08-10T10:44:01.0092440Z ##[group]test\args-parser-control.js:
Test (Bun on windows-latest)	UNKNOWN STEP	2026-08-10T10:44:01.0404641Z (pass) control options > should parse --stop with UUID or session name [1.04ms]
Test (Bun on windows-latest)	UNKNOWN STEP	2026-08-10T10:44:01.0405687Z (pass) control options > should parse --stop=value format [0.07ms]
Test (Bun on windows-latest)	UNKNOWN STEP	2026-08-10T10:44:01.0406772Z (pass) control options > should parse --terminate with UUID or session name [0.07ms]
Test (Bun on windows-latest)	UNKNOWN STEP	2026-08-10T10:44:01.0408325Z (pass) control options > should parse --terminate=value format [0.10ms]
Test (Bun on windows-latest)	UNKNOWN STEP	2026-08-10T10:44:01.0415458Z (pass) control options > should throw error for missing --stop argument [0.72ms]
Test (Bun on windows-latest)	UNKNOWN STEP	2026-08-10T10:44:01.0416292Z (pass) control options > should throw error for empty --stop=value argument [0.09ms]
Test (Bun on windows-latest)	UNKNOWN STEP	2026-08-10T10:44:01.0417056Z (pass) control options > should throw error for missing --terminate argument [0.06ms]
Test (Bun on windows-latest)	UNKNOWN STEP	2026-08-10T10:44:01.0417794Z (pass) control options > should throw error for empty --terminate=value argument [0.05ms]
Test (Bun on windows-latest)	UNKNOWN STEP	2026-08-10T10:44:01.0419248Z (pass) control options > should reject combining query and control modes [0.10ms]
Test (Bun on windows-latest)	UNKNOWN STEP	2026-08-10T10:44:01.0420006Z (pass) control options > should reject combining upload-log with control modes [0.08ms]
Test (Bun on windows-latest)	UNKNOWN STEP	2026-08-10T10:44:01.0421534Z (pass) control options > should reject output-format with control modes [0.12ms]
Test (Bun on windows-latest)	UNKNOWN STEP	2026-08-10T10:44:01.0422402Z (pass) control options > should default control options to null [0.09ms]
Test (Bun on windows-latest)	UNKNOWN STEP	2026-08-10T10:44:01.0423224Z 
Test (Bun on windows-latest)	UNKNOWN STEP	2026-08-10T10:44:01.0423996Z ##[endgroup]
Test (Bun on windows-latest)	UNKNOWN STEP	2026-08-10T10:44:01.0424198Z 
Test (Bun on windows-latest)	UNKNOWN STEP	2026-08-10T10:44:01.0424643Z ##[group]test\args-parser-docker-cleanup.js:
Test (Bun on windows-latest)	UNKNOWN STEP	2026-08-10T10:44:01.0443849Z (pass) docker container cleanup options > should parse --auto-remove-docker-container flag [0.26ms]
Test (Bun on windows-latest)	UNKNOWN STEP	2026-08-10T10:44:01.0445127Z (pass) docker container cleanup options > should parse --always-cleanup-container flag [0.13ms]
Test (Bun on windows-latest)	UNKNOWN STEP	2026-08-10T10:44:01.0445822Z (pass) docker container cleanup options > should parse --keep-container flag [0.08ms]
Test (Bun on windows-latest)	UNKNOWN STEP	2026-08-10T10:44:01.0447012Z (pass) docker container cleanup options > should parse --keep-container-on-fail flag [0.07ms]
Test (Bun on windows-latest)	UNKNOWN STEP	2026-08-10T10:44:01.0447709Z (pass) docker container cleanup options > should default cleanup flags to false [0.07ms]
Test (Bun on windows-latest)	UNKNOWN STEP	2026-08-10T10:44:01.0453012Z (pass) docker container cleanup options > should throw error for docker cleanup options without docker isolation [0.39ms]
Test (Bun on windows-latest)	UNKNOWN STEP	2026-08-10T10:44:01.0455247Z (pass) docker container cleanup options > should throw error for docker cleanup options without isolation [0.24ms]
Test (Bun on windows-latest)	UNKNOWN STEP	2026-08-10T10:44:01.0456516Z (pass) docker container cleanup options > should work with keep-alive and auto-remove-docker-container [0.11ms]
Test (Bun on windows-latest)	UNKNOWN STEP	2026-08-10T10:44:01.0459360Z (pass) docker container cleanup options > should reject conflicting docker cleanup options [0.26ms]
Test (Bun on windows-latest)	UNKNOWN STEP	2026-08-10T10:44:01.0460002Z 
Test (Bun on windows-latest)	UNKNOWN STEP	2026-08-10T10:44:01.0460368Z ##[endgroup]
Test (Bun on windows-latest)	UNKNOWN STEP	2026-08-10T10:44:01.0460750Z 
Test (Bun on windows-latest)	UNKNOWN STEP	2026-08-10T10:44:01.0461357Z ##[group]test\args-parser-isolation-alias.js:
Test (Bun on windows-latest)	UNKNOWN STEP	2026-08-10T10:44:01.0483832Z (pass) parseArgs --isolation alias > should parse --isolation alias with value [0.11ms]
Test (Bun on windows-latest)	UNKNOWN STEP	2026-08-10T10:44:01.0485438Z (pass) parseArgs --isolation alias > should parse --isolation=value alias format [0.14ms]
Test (Bun on windows-latest)	UNKNOWN STEP	2026-08-10T10:44:01.0486757Z (pass) parseArgs --isolation alias > should parse --isolation alias before command without separator [0.07ms]
Test (Bun on windows-latest)	UNKNOWN STEP	2026-08-10T10:44:01.0487788Z (pass) parseArgs unknown wrapper options > should throw for unknown wrapper option before separator [0.14ms]
Test (Bun on windows-latest)	UNKNOWN STEP	2026-08-10T10:44:01.0492474Z (pass) parseArgs unknown wrapper options > should throw for unknown wrapper option without separator [0.14ms]
Test (Bun on windows-latest)	UNKNOWN STEP	2026-08-10T10:44:01.0492987Z 
Test (Bun on windows-latest)	UNKNOWN STEP	2026-08-10T10:44:01.0493260Z ##[endgroup]
Test (Bun on windows-latest)	UNKNOWN STEP	2026-08-10T10:44:01.0493712Z 
Test (Bun on windows-latest)	UNKNOWN STEP	2026-08-10T10:44:01.0494306Z ##[group]test\args-parser-shell.js:
Test (Bun on windows-latest)	UNKNOWN STEP	2026-08-10T10:44:01.0516910Z (pass) shell option > should default shell to auto [0.07ms]
Test (Bun on windows-latest)	UNKNOWN STEP	2026-08-10T10:44:01.0517847Z (pass) shell option > should parse --shell bash [0.08ms]
Test (Bun on windows-latest)	UNKNOWN STEP	2026-08-10T10:44:01.0518889Z (pass) shell option > should parse --shell zsh [0.09ms]
Test (Bun on windows-latest)	UNKNOWN STEP	2026-08-10T10:44:01.0520174Z (pass) shell option > should parse --shell sh [0.11ms]
Test (Bun on windows-latest)	UNKNOWN STEP	2026-08-10T10:44:01.0520965Z (pass) shell option > should parse --shell auto [0.08ms]
Test (Bun on windows-latest)	UNKNOWN STEP	2026-08-10T10:44:01.0522537Z (pass) shell option > should parse --shell=value format [0.11ms]
Test (Bun on windows-latest)	UNKNOWN STEP	2026-08-10T10:44:01.0523625Z (pass) shell option > should normalize shell to lowercase [0.10ms]
Test (Bun on windows-latest)	UNKNOWN STEP	2026-08-10T10:44:01.0526275Z (pass) shell option > should throw error for missing shell argument [0.24ms]
Test (Bun on windows-latest)	UNKNOWN STEP	2026-08-10T10:44:01.0527559Z (pass) shell option > should throw error for invalid shell [0.11ms]
Test (Bun on windows-latest)	UNKNOWN STEP	2026-08-10T10:44:01.0529990Z (pass) shell option > should list valid shells in error message [0.22ms]
Test (Bun on windows-latest)	UNKNOWN STEP	2026-08-10T10:44:01.0531617Z (pass) shell option > should work with ssh isolation [0.14ms]
Test (Bun on windows-latest)	UNKNOWN STEP	2026-08-10T10:44:01.0532050Z (pass) VALID_SHELLS > should include bash [0.05ms]
Test (Bun on windows-latest)	UNKNOWN STEP	2026-08-10T10:44:01.0533315Z (pass) VALID_SHELLS > should include zsh [0.03ms]
Test (Bun on windows-latest)	UNKNOWN STEP	2026-08-10T10:44:01.0533952Z (pass) VALID_SHELLS > should include sh [0.03ms]
Test (Bun on windows-latest)	UNKNOWN STEP	2026-08-10T10:44:01.0534533Z (pass) VALID_SHELLS > should include auto [0.03ms]
Test (Bun on windows-latest)	UNKNOWN STEP	2026-08-10T10:44:01.0534914Z 
Test (Bun on windows-latest)	UNKNOWN STEP	2026-08-10T10:44:01.0535278Z ##[endgroup]
Test (Bun on windows-latest)	UNKNOWN STEP	2026-08-10T10:44:01.0535459Z 
Test (Bun on windows-latest)	UNKNOWN STEP	2026-08-10T10:44:01.0535825Z ##[group]test\args-parser.js:
Test (Bun on windows-latest)	UNKNOWN STEP	2026-08-10T10:44:01.0578670Z (pass) parseArgs > basic command parsing > should parse simple command without options [0.06ms]
Test (Bun on windows-latest)	UNKNOWN STEP	2026-08-10T10:44:01.0581810Z (pass) parseArgs > basic command parsing > should parse command with -- separator [0.07ms]
Test (Bun on windows-latest)	UNKNOWN STEP	2026-08-10T10:44:01.0582998Z (pass) parseArgs > basic command parsing > should parse empty command correctly [0.08ms]
Test (Bun on windows-latest)	UNKNOWN STEP	2026-08-10T10:44:01.0584415Z (pass) parseArgs > isolation options > should parse --isolated with value [0.07ms]
Test (Bun on windows-latest)	UNKNOWN STEP	2026-08-10T10:44:01.0585375Z (pass) parseArgs > isolation options > should parse -i shorthand [0.07ms]
Test (Bun on windows-latest)	UNKNOWN STEP	2026-08-10T10:44:01.0586301Z (pass) parseArgs > isolation options > should parse --isolated=value format [0.10ms]
Test (Bun on windows-latest)	UNKNOWN STEP	2026-08-10T10:44:01.0587960Z (pass) parseArgs > isolation options > should normalize backend to lowercase [0.15ms]
Test (Bun on windows-latest)	UNKNOWN STEP	2026-08-10T10:44:01.0589320Z (pass) parseArgs > isolation options > should throw error for missing backend argument [0.13ms]
Test (Bun on windows-latest)	UNKNOWN STEP	2026-08-10T10:44:01.0590327Z (pass) parseArgs > attached and detached modes > should parse --attached flag [0.13ms]
Test (Bun on windows-latest)	UNKNOWN STEP	2026-08-10T10:44:01.0590898Z (pass) parseArgs > attached and detached modes > should parse -a shorthand [0.09ms]
Test (Bun on windows-latest)	UNKNOWN STEP	2026-08-10T10:44:01.0591455Z (pass) parseArgs > attached and detached modes > should parse --detached flag [0.06ms]
Test (Bun on windows-latest)	UNKNOWN STEP	2026-08-10T10:44:01.0592659Z (pass) parseArgs > attached and detached modes > should parse -d shorthand [0.07ms]
Test (Bun on windows-latest)	UNKNOWN STEP	2026-08-10T10:44:01.0594346Z (pass) parseArgs > attached and detached modes > should throw error when both --attached and --detached are set [0.18ms]
Test (Bun on windows-latest)	UNKNOWN STEP	2026-08-10T10:44:01.0595756Z (pass) parseArgs > attached and detached modes > should provide helpful error message for mode conflict [0.14ms]
Test (Bun on windows-latest)	UNKNOWN STEP	2026-08-10T10:44:01.0596978Z (pass) parseArgs > session option > should parse --session with value [0.09ms]
Test (Bun on windows-latest)	UNKNOWN STEP	2026-08-10T10:44:01.0598070Z (pass) parseArgs > session option > should parse -s shorthand [0.08ms]
Test (Bun on windows-latest)	UNKNOWN STEP	2026-08-10T10:44:01.0599354Z (pass) parseArgs > session option > should parse --session=value format [0.06ms]
Test (Bun on windows-latest)	UNKNOWN STEP	2026-08-10T10:44:01.0599942Z (pass) parseArgs > session option > should throw error for session without isolation [0.13ms]
Test (Bun on windows-latest)	UNKNOWN STEP	2026-08-10T10:44:01.0600489Z (pass) parseArgs > docker image option > should parse --image with value [0.07ms]
Test (Bun on windows-latest)	UNKNOWN STEP	2026-08-10T10:44:01.0602598Z (pass) parseArgs > docker image option > should parse --image=value format [0.11ms]
Test (Bun on windows-latest)	UNKNOWN STEP	2026-08-10T10:44:01.0603692Z (pass) parseArgs > docker image option > should use default OS-matched image for docker without --image [0.11ms]
Test (Bun on windows-latest)	UNKNOWN STEP	2026-08-10T10:44:01.0604654Z (pass) parseArgs > docker image option > should throw error for image with non-docker backend [0.13ms]
Test (Bun on windows-latest)	UNKNOWN STEP	2026-08-10T10:44:01.0605807Z (pass) parseArgs > SSH endpoint option > should parse --endpoint with value [0.07ms]
Test (Bun on windows-latest)	UNKNOWN STEP	2026-08-10T10:44:01.0606359Z (pass) parseArgs > SSH endpoint option > should parse --endpoint=value format [0.08ms]
Test (Bun on windows-latest)	UNKNOWN STEP	2026-08-10T10:44:01.0606982Z (pass) parseArgs > SSH endpoint option > should throw error for ssh without endpoint [0.13ms]
Test (Bun on windows-latest)	UNKNOWN STEP	2026-08-10T10:44:01.0608397Z (pass) parseArgs > SSH endpoint option > should throw error for endpoint with non-ssh backend [0.10ms]
Test (Bun on windows-latest)	UNKNOWN STEP	2026-08-10T10:44:01.0609531Z (pass) parseArgs > keep-alive option > should parse --keep-alive flag [0.07ms]
Test (Bun on windows-latest)	UNKNOWN STEP	2026-08-10T10:44:01.0610876Z (pass) parseArgs > keep-alive option > should parse -k shorthand [0.05ms]
Test (Bun on windows-latest)	UNKNOWN STEP	2026-08-10T10:44:01.0611840Z (pass) parseArgs > keep-alive option > should default keepAlive to false [0.05ms]
Test (Bun on windows-latest)	UNKNOWN STEP	2026-08-10T10:44:01.0613291Z (pass) parseArgs > keep-alive option > should throw error for keep-alive without isolation [0.09ms]
Test (Bun on windows-latest)	UNKNOWN STEP	2026-08-10T10:44:01.0613944Z (pass) parseArgs > keep-alive option > should work with detached mode [0.09ms]
Test (Bun on windows-latest)	UNKNOWN STEP	2026-08-10T10:44:01.0614527Z (pass) parseArgs > keep-alive option > should work with docker [0.06ms]
Test (Bun on windows-latest)	UNKNOWN STEP	2026-08-10T10:44:01.0615671Z (pass) parseArgs > command without separator > should parse command after options without separator [0.10ms]
Test (Bun on windows-latest)	UNKNOWN STEP	2026-08-10T10:44:01.0616363Z (pass) parseArgs > command without separator > should handle mixed options and command [0.09ms]
Test (Bun on windows-latest)	UNKNOWN STEP	2026-08-10T10:44:01.0616907Z (pass) parseArgs > backend validation > should accept valid backends [0.17ms]
Test (Bun on windows-latest)	UNKNOWN STEP	2026-08-10T10:44:01.0619647Z (pass) parseArgs > backend validation > should throw error for invalid backend [0.29ms]
Test (Bun on windows-latest)	UNKNOWN STEP	2026-08-10T10:44:01.0621027Z (pass) parseArgs > backend validation > should list valid backends in error message [0.12ms]
Test (Bun on windows-latest)	UNKNOWN STEP	2026-08-10T10:44:01.0623236Z (pass) validateOptions > should pass for valid options [0.21ms]
Test (Bun on windows-latest)	UNKNOWN STEP	2026-08-10T10:44:01.0624189Z (pass) validateOptions > should throw for attached and detached together [0.06ms]
Test (Bun on windows-latest)	UNKNOWN STEP	2026-08-10T10:44:01.0625452Z (pass) validateOptions > should pass for docker with image [0.11ms]
Test (Bun on windows-latest)	UNKNOWN STEP	2026-08-10T10:44:01.0627542Z (pass) generateSessionName > should generate unique session names [0.18ms]
Test (Bun on windows-latest)	UNKNOWN STEP	2026-08-10T10:44:01.0628237Z (pass) generateSessionName > should use default prefix [0.03ms]
Test (Bun on windows-latest)	UNKNOWN STEP	2026-08-10T10:44:01.0628790Z (pass) generateSessionName > should use custom prefix [0.09ms]
Test (Bun on windows-latest)	UNKNOWN STEP	2026-08-10T10:44:01.0630028Z (pass) generateSessionName > should contain timestamp-like portion [0.07ms]
Test (Bun on windows-latest)	UNKNOWN STEP	2026-08-10T10:44:01.0630533Z (pass) hasIsolation > should return true when isolated is set [0.05ms]
Test (Bun on windows-latest)	UNKNOWN STEP	2026-08-10T10:44:01.0630983Z (pass) hasIsolation > should return false when isolated is null [0.03ms]
Test (Bun on windows-latest)	UNKNOWN STEP	2026-08-10T10:44:01.0632080Z (pass) getEffectiveMode > should return attached by default [0.06ms]
Test (Bun on windows-latest)	UNKNOWN STEP	2026-08-10T10:44:01.0632594Z (pass) getEffectiveMode > should return attached when explicitly set [0.05ms]
Test (Bun on windows-latest)	UNKNOWN STEP	2026-08-10T10:44:01.0633127Z (pass) getEffectiveMode > should return detached when set [0.04ms]
Test (Bun on windows-latest)	UNKNOWN STEP	2026-08-10T10:44:01.0633819Z (pass) VALID_BACKENDS > should include screen [0.04ms]
Test (Bun on windows-latest)	UNKNOWN STEP	2026-08-10T10:44:01.0655260Z (pass) VALID_BACKENDS > should include tmux [0.05ms]
Test (Bun on windows-latest)	UNKNOWN STEP	2026-08-10T10:44:01.0656133Z (pass) VALID_BACKENDS > should include docker [0.03ms]
Test (Bun on windows-latest)	UNKNOWN STEP	2026-08-10T10:44:01.0657533Z (pass) user isolation option > should parse --isolated-user without value (auto-generated username) [0.05ms]
Test (Bun on windows-latest)	UNKNOWN STEP	2026-08-10T10:44:01.0659036Z (pass) user isolation option > should parse --isolated-user with custom username [0.08ms]
Test (Bun on windows-latest)	UNKNOWN STEP	2026-08-10T10:44:01.0659986Z (pass) user isolation option > should parse -u shorthand [0.04ms]
Test (Bun on windows-latest)	UNKNOWN STEP	2026-08-10T10:44:01.0660435Z (pass) user isolation option > should parse -u with custom username [0.05ms]
Test (Bun on windows-latest)	UNKNOWN STEP	2026-08-10T10:44:01.0661331Z (pass) user isolation option > should parse --isolated-user=value format [0.05ms]
Test (Bun on windows-latest)	UNKNOWN STEP	2026-08-10T10:44:01.0662087Z (pass) user isolation option > should work with isolation options [0.04ms]
Test (Bun on windows-latest)	UNKNOWN STEP	2026-08-10T10:44:01.0662800Z (pass) user isolation option > should work without isolation (standalone user isolation) [0.03ms]
Test (Bun on windows-latest)	UNKNOWN STEP	2026-08-10T10:44:01.0663339Z (pass) user isolation option > should accept valid usernames [0.20ms]
Test (Bun on windows-latest)	UNKNOWN STEP	2026-08-10T10:44:01.0664039Z (pass) user isolation option > should reject invalid username formats with --isolated-user=value syntax [0.21ms]
Test (Bun on windows-latest)	UNKNOWN STEP	2026-08-10T10:44:01.0664784Z (pass) user isolation option > should not consume invalid username as argument (treats as command) [0.07ms]
Test (Bun on windows-latest)	UNKNOWN STEP	2026-08-10T10:44:01.0665534Z (pass) user isolation option > should throw error for user with docker isolation [0.21ms]
Test (Bun on windows-latest)	UNKNOWN STEP	2026-08-10T10:44:01.0666059Z (pass) user isolation option > should work with tmux isolation [0.08ms]
Test (Bun on windows-latest)	UNKNOWN STEP	2026-08-10T10:44:01.0666802Z (pass) use-command-stream option > should parse --use-command-stream flag [0.04ms]
Test (Bun on windows-latest)	UNKNOWN STEP	2026-08-10T10:44:01.0667530Z (pass) use-command-stream option > should default useCommandStream to false [0.03ms]
Test (Bun on windows-latest)	UNKNOWN STEP	2026-08-10T10:44:01.0668181Z (pass) use-command-stream option > should work with other options [0.05ms]
Test (Bun on windows-latest)	UNKNOWN STEP	2026-08-10T10:44:01.0668682Z (pass) use-command-stream option > should work without other options [0.08ms]
Test (Bun on windows-latest)	UNKNOWN STEP	2026-08-10T10:44:01.0669289Z (pass) keep-user option > should parse --keep-user flag [0.04ms]
Test (Bun on windows-latest)	UNKNOWN STEP	2026-08-10T10:44:01.0669785Z (pass) keep-user option > should default keepUser to false [0.03ms]
Test (Bun on windows-latest)	UNKNOWN STEP	2026-08-10T10:44:01.0670466Z (pass) keep-user option > should throw error for keep-user without user [0.10ms]
Test (Bun on windows-latest)	UNKNOWN STEP	2026-08-10T10:44:01.0671058Z (pass) keep-user option > should work with user and isolation options [0.06ms]
Test (Bun on windows-latest)	UNKNOWN STEP	2026-08-10T10:44:01.0671623Z (pass) status option > should parse --status with UUID [0.06ms]
Test (Bun on windows-latest)	UNKNOWN STEP	2026-08-10T10:44:01.0672061Z (pass) status option > should parse --status=value format [0.04ms]
Test (Bun on windows-latest)	UNKNOWN STEP	2026-08-10T10:44:01.0673275Z (pass) status option > should throw error for missing UUID argument [0.05ms]
Test (Bun on windows-latest)	UNKNOWN STEP	2026-08-10T10:44:01.0674216Z (pass) status option > should throw error for --status with -flag as next argument [0.05ms]
Test (Bun on windows-latest)	UNKNOWN STEP	2026-08-10T10:44:01.0675061Z (pass) status option > should default status to null [0.03ms]
Test (Bun on windows-latest)	UNKNOWN STEP	2026-08-10T10:44:01.0675843Z (pass) upload-log option > should parse --upload-log with UUID or session name [0.05ms]
Test (Bun on windows-latest)	UNKNOWN STEP	2026-08-10T10:44:01.0676731Z (pass) upload-log option > should parse --upload-log=value format [0.05ms]
Test (Bun on windows-latest)	UNKNOWN STEP	2026-08-10T10:44:01.0677622Z (pass) upload-log option > should throw error for missing --upload-log argument [0.07ms]
Test (Bun on windows-latest)	UNKNOWN STEP	2026-08-10T10:44:01.0678590Z (pass) upload-log option > should throw error for empty --upload-log=value argument [0.09ms]
Test (Bun on windows-latest)	UNKNOWN STEP	2026-08-10T10:44:01.0679770Z (pass) upload-log option > should default uploadLog to null [0.05ms]
Test (Bun on windows-latest)	UNKNOWN STEP	2026-08-10T10:44:01.0680727Z (pass) list option > should parse --list flag [0.04ms]
Test (Bun on windows-latest)	UNKNOWN STEP	2026-08-10T10:44:01.0681458Z (pass) list option > should parse --list with JSON output format [0.06ms]
Test (Bun on windows-latest)	UNKNOWN STEP	2026-08-10T10:44:01.0681954Z (pass) list option > should normalize output format with --list [0.07ms]
Test (Bun on windows-latest)	UNKNOWN STEP	2026-08-10T10:44:01.0682361Z (pass) list option > should default list to false [0.05ms]
Test (Bun on windows-latest)	UNKNOWN STEP	2026-08-10T10:44:01.0682788Z (pass) output-format option > should parse --output-format with --status [0.07ms]
Test (Bun on windows-latest)	UNKNOWN STEP	2026-08-10T10:44:01.0683290Z (pass) output-format option > should parse --output-format=value format [0.07ms]
Test (Bun on windows-latest)	UNKNOWN STEP	2026-08-10T10:44:01.0683761Z (pass) output-format option > should normalize format to lowercase [0.06ms]
Test (Bun on windows-latest)	UNKNOWN STEP	2026-08-10T10:44:01.0684260Z (pass) output-format option > should throw error for missing format argument [0.10ms]
Test (Bun on windows-latest)	UNKNOWN STEP	2026-08-10T10:44:01.0684749Z (pass) output-format option > should throw error for invalid format [0.11ms]
Test (Bun on windows-latest)	UNKNOWN STEP	2026-08-10T10:44:01.0685259Z (pass) output-format option > should throw error for output-format without status [0.08ms]
Test (Bun on windows-latest)	UNKNOWN STEP	2026-08-10T10:44:01.0685775Z (pass) output-format option > should accept all valid output formats [0.13ms]
Test (Bun on windows-latest)	UNKNOWN STEP	2026-08-10T10:44:01.0686485Z (pass) output-format option > should default outputFormat to null [0.08ms]
Test (Bun on windows-latest)	UNKNOWN STEP	2026-08-10T10:44:01.0687726Z (pass) VALID_OUTPUT_FORMATS > should include links-notation [0.03ms]
Test (Bun on windows-latest)	UNKNOWN STEP	2026-08-10T10:44:01.0688507Z (pass) VALID_OUTPUT_FORMATS > should include json [0.03ms]
Test (Bun on windows-latest)	UNKNOWN STEP	2026-08-10T10:44:01.0688863Z (pass) VALID_OUTPUT_FORMATS > should include text [0.04ms]
Test (Bun on windows-latest)	UNKNOWN STEP	2026-08-10T10:44:01.0689220Z (pass) cleanup options > should parse --cleanup flag [0.07ms]
Test (Bun on windows-latest)	UNKNOWN STEP	2026-08-10T10:44:01.0689617Z (pass) cleanup options > should parse --cleanup-dry-run flag [0.08ms]
Test (Bun on windows-latest)	UNKNOWN STEP	2026-08-10T10:44:01.0690254Z (pass) cleanup options > should default cleanup to false [0.05ms]
Test (Bun on windows-latest)	UNKNOWN STEP	2026-08-10T10:44:01.0690919Z 
Test (Bun on windows-latest)	UNKNOWN STEP	2026-08-10T10:44:01.0691366Z ##[endgroup]
Test (Bun on windows-latest)	UNKNOWN STEP	2026-08-10T10:44:01.0691562Z 
Test (Bun on windows-latest)	UNKNOWN STEP	2026-08-10T10:44:01.0691803Z ##[group]test\cli.js:
Test (Bun on windows-latest)	UNKNOWN STEP	2026-08-10T10:44:04.5872417Z (pass) CLI version flag > should display version with --version [3511.39ms]
Test (Bun on windows-latest)	UNKNOWN STEP	2026-08-10T10:44:04.9662357Z (pass) CLI version flag > should display version with -v [378.99ms]
Test (Bun on windows-latest)	UNKNOWN STEP	2026-08-10T10:44:05.3491781Z (pass) CLI version flag > should show correct package version [382.91ms]
Test (Bun on windows-latest)	UNKNOWN STEP	2026-08-10T10:44:05.4274742Z (pass) CLI basic behavior > should show usage when no arguments provided [78.24ms]
Test (Bun on windows-latest)	UNKNOWN STEP	2026-08-10T10:44:05.5059360Z (pass) CLI basic behavior > should show usage when no command provided after -- [78.43ms]
Test (Bun on windows-latest)	UNKNOWN STEP	2026-08-10T10:44:05.5979160Z   Skipping: screen not installed
Test (Bun on windows-latest)	UNKNOWN STEP	2026-08-10T10:44:05.5980021Z (pass) CLI isolation output (issue #67) > should display screen session name when using screen isolation [92.08ms]
Test (Bun on windows-latest)	UNKNOWN STEP	2026-08-10T10:44:05.6861447Z   Skipping: tmux not installed
Test (Bun on windows-latest)	UNKNOWN STEP	2026-08-10T10:44:05.6862102Z (pass) CLI isolation output (issue #67) > should display tmux session name when using tmux isolation [88.16ms]
Test (Bun on windows-latest)	UNKNOWN STEP	2026-08-10T10:44:10.6868628Z (pass) CLI isolation output (issue #67) > should display docker container name when using docker isolation [5000.66ms]
Test (Bun on windows-latest)	UNKNOWN STEP	2026-08-10T10:44:10.6869274Z   Skipping: docker not available or cannot run Linux images
Test (Bun on windows-latest)	UNKNOWN STEP	2026-08-10T10:44:10.6870406Z 
Test (Bun on windows-latest)	UNKNOWN STEP	2026-08-10T10:44:10.6870893Z ##[endgroup]
Test (Bun on windows-latest)	UNKNOWN STEP	2026-08-10T10:44:10.6872296Z 
Test (Bun on windows-latest)	UNKNOWN STEP	2026-08-10T10:44:10.6872777Z ##[group]test\command-builder-docker-cleanup.js:
Test (Bun on windows-latest)	UNKNOWN STEP	2026-08-10T10:44:10.6921844Z (pass) command-builder docker cleanup forwarding > forwards cleanup policy flags when a remaining level uses docker [0.47ms]
Test (Bun on windows-latest)	UNKNOWN STEP	2026-08-10T10:44:10.6923884Z (pass) command-builder docker cleanup forwarding > does not forward docker cleanup flags after the docker level is consumed [0.16ms]
Test (Bun on windows-latest)	UNKNOWN STEP	2026-08-10T10:44:10.6924759Z 
Test (Bun on windows-latest)	UNKNOWN STEP	2026-08-10T10:44:10.6925093Z ##[endgroup]
Test (Bun on windows-latest)	UNKNOWN STEP	2026-08-10T10:44:10.6925249Z 
Test (Bun on windows-latest)	UNKNOWN STEP	2026-08-10T10:44:10.6926629Z ##[group]test\create-github-release.mjs:
Test (Bun on windows-latest)	UNKNOWN STEP	2026-08-10T10:44:10.9185315Z (pass) create-github-release script > treats an existing GitHub release as an idempotent skip [223.50ms]
Test (Bun on windows-latest)	UNKNOWN STEP	2026-08-10T10:44:11.0575573Z (pass) create-github-release script > fails when gh api returns an unexpected error [138.98ms]
Test (Bun on windows-latest)	UNKNOWN STEP	2026-08-10T10:44:11.0576429Z 
Test (Bun on windows-latest)	UNKNOWN STEP	2026-08-10T10:44:11.0577048Z ##[endgroup]
Test (Bun on windows-latest)	UNKNOWN STEP	2026-08-10T10:44:11.0577248Z 
Test (Bun on windows-latest)	UNKNOWN STEP	2026-08-10T10:44:11.0578090Z ##[group]test\docker-autoremove.js:
Test (Bun on windows-latest)	UNKNOWN STEP	2026-08-10T10:44:11.0611519Z (pass) Docker Container Cleanup Policy > cleanup decisions > should keep abnormal containers under the default policy [0.24ms]
Test (Bun on windows-latest)	UNKNOWN STEP	2026-08-10T10:44:11.0613356Z (pass) Docker Container Cleanup Policy > cleanup decisions > should keep OOM-killed containers with keepContainerOnFail [0.07ms]
Test (Bun on windows-latest)	UNKNOWN STEP	2026-08-10T10:44:11.0615176Z (pass) Docker Container Cleanup Policy > cleanup decisions > should honor explicit always-cleanup policy [0.05ms]
Test (Bun on windows-latest)	UNKNOWN STEP	2026-08-10T10:44:11.0618468Z (pass) Docker Container Cleanup Policy > cleanup decisions > should make the detached watcher inspect OOMKilled before default cleanup [0.55ms]
Test (Bun on windows-latest)	UNKNOWN STEP	2026-08-10T10:44:11.2699764Z   Skipping: docker not available, daemon not running, or Linux containers not supported
Test (Bun on windows-latest)	UNKNOWN STEP	2026-08-10T10:44:11.2700659Z (pass) Docker Container Cleanup Policy > auto-remove enabled > should automatically remove container when autoRemoveDockerContainer is true [208.10ms]
Test (Bun on windows-latest)	UNKNOWN STEP	2026-08-10T10:44:11.4596771Z   Skipping: docker not available, daemon not running, or Linux containers not supported
Test (Bun on windows-latest)	UNKNOWN STEP	2026-08-10T10:44:11.6680616Z (pass) Docker Container Cleanup Policy > default cleanup > should remove container filesystem by default [189.69ms]
Test (Bun on windows-latest)	UNKNOWN STEP	2026-08-10T10:44:11.6681856Z   Skipping: docker not available, daemon not running, or Linux containers not supported
Test (Bun on windows-latest)	UNKNOWN STEP	2026-08-10T10:44:11.6683161Z (pass) Docker Container Cleanup Policy > keep-container opt-out > should preserve container filesystem when keepContainer is true [208.25ms]
Test (Bun on windows-latest)	UNKNOWN STEP	2026-08-10T10:44:11.8517261Z (pass) Docker Container Cleanup Policy > keep-container opt-out > should preserve failed containers when keepContainerOnFail is true [183.62ms]
Test (Bun on windows-latest)	UNKNOWN STEP	2026-08-10T10:44:11.8518123Z   Skipping: docker not available, daemon not running, or Linux containers not supported
Test (Bun on windows-latest)	UNKNOWN STEP	2026-08-10T10:44:12.0676651Z (pass) Docker Container Cleanup Policy > attached mode logging > should write attached docker output to the provided host log path [216.01ms]
Test (Bun on windows-latest)	UNKNOWN STEP	2026-08-10T10:44:12.0677840Z   Skipping: docker not available, daemon not running, or Linux containers not supported
Test (Bun on windows-latest)	UNKNOWN STEP	2026-08-10T10:44:12.0678360Z 
Test (Bun on windows-latest)	UNKNOWN STEP	2026-08-10T10:44:12.0678691Z ##[endgroup]
Test (Bun on windows-latest)	UNKNOWN STEP	2026-08-10T10:44:12.0678801Z 
Test (Bun on windows-latest)	UNKNOWN STEP	2026-08-10T10:44:12.0679070Z ##[group]test\docker-network-integration.js:
Test (Bun on windows-latest)	UNKNOWN STEP	2026-08-10T10:44:12.0724344Z (pass) Docker named network integration > reaches a private sidecar and the internet through two networks [0.14ms]
Test (Bun on windows-latest)	UNKNOWN STEP	2026-08-10T10:44:12.0727389Z (pass) Docker named network integration > fails for a missing network without orphaning a container [0.31ms]
Test (Bun on windows-latest)	UNKNOWN STEP	2026-08-10T10:44:12.0728119Z 
Test (Bun on windows-latest)	UNKNOWN STEP	2026-08-10T10:44:12.0728636Z ##[endgroup]
Test (Bun on windows-latest)	UNKNOWN STEP	2026-08-10T10:44:12.0728796Z 
Test (Bun on windows-latest)	UNKNOWN STEP	2026-08-10T10:44:12.0729152Z ##[group]test\docker-runtime-options.js:
Test (Bun on windows-latest)	UNKNOWN STEP	2026-08-10T10:44:12.0759160Z (pass) Docker runtime options parsing > should parse repeatable --volume and -v [0.23ms]
Test (Bun on windows-latest)	UNKNOWN STEP	2026-08-10T10:44:12.0760127Z (pass) Docker runtime options parsing > should parse --volume=value and -v=value [0.11ms]
Test (Bun on windows-latest)	UNKNOWN STEP	2026-08-10T10:44:12.0761427Z (pass) Docker runtime options parsing > should parse repeatable --mount [0.10ms]
Test (Bun on windows-latest)	UNKNOWN STEP	2026-08-10T10:44:12.0762731Z (pass) Docker runtime options parsing > should parse repeatable --env and -e [0.11ms]
Test (Bun on windows-latest)	UNKNOWN STEP	2026-08-10T10:44:12.0763388Z (pass) Docker runtime options parsing > should parse --privileged [0.08ms]
Test (Bun on windows-latest)	UNKNOWN STEP	2026-08-10T10:44:12.0765423Z (pass) Docker runtime options parsing > should parse repeatable --network forms without consuming child args [0.12ms]
Test (Bun on windows-latest)	UNKNOWN STEP	2026-08-10T10:44:12.0766501Z (pass) Docker runtime options parsing > should parse repeatable --network-alias value and equals forms [0.09ms]
Test (Bun on windows-latest)	UNKNOWN STEP	2026-08-10T10:44:12.0767368Z (pass) Docker runtime options parsing > should default runtime options to empty/false [0.10ms]
Test (Bun on windows-latest)	UNKNOWN STEP	2026-08-10T10:44:12.0769240Z (pass) Docker runtime options parsing > should throw when --volume requires an argument [0.14ms]
Test (Bun on windows-latest)	UNKNOWN STEP	2026-08-10T10:44:12.0770715Z (pass) Docker runtime options parsing > should throw when --env requires an argument [0.12ms]
Test (Bun on windows-latest)	UNKNOWN STEP	2026-08-10T10:44:12.0772543Z (pass) Docker runtime options validation > should reject --volume with non-docker backend [0.16ms]
Test (Bun on windows-latest)	UNKNOWN STEP	2026-08-10T10:44:12.0774549Z (pass) Docker runtime options validation > should reject --mount without isolation [0.15ms]
Test (Bun on windows-latest)	UNKNOWN STEP	2026-08-10T10:44:12.0775718Z (pass) Docker runtime options validation > should reject --env with non-docker backend [0.12ms]
Test (Bun on windows-latest)	UNKNOWN STEP	2026-08-10T10:44:12.0777636Z (pass) Docker runtime options validation > should reject --privileged without docker [0.18ms]
Test (Bun on windows-latest)	UNKNOWN STEP	2026-08-10T10:44:12.0780553Z (pass) Docker runtime options validation > should reject network options without docker [0.27ms]
Test (Bun on windows-latest)	UNKNOWN STEP	2026-08-10T10:44:12.0787302Z (pass) Docker runtime options validation > should accept runtime options when stack includes docker [0.64ms]
Test (Bun on windows-latest)	UNKNOWN STEP	2026-08-10T10:44:12.0789468Z (pass) buildDockerRuntimeArgs > should build empty args by default [0.20ms]
Test (Bun on windows-latest)	UNKNOWN STEP	2026-08-10T10:44:12.0790242Z (pass) buildDockerRuntimeArgs > should add --privileged first [0.06ms]
Test (Bun on windows-latest)	UNKNOWN STEP	2026-08-10T10:44:12.0791277Z (pass) buildDockerRuntimeArgs > should expand env, volumes, and mounts in order [0.11ms]
Test (Bun on windows-latest)	UNKNOWN STEP	2026-08-10T10:44:12.0793469Z (pass) buildDockerRuntimeStatusLines > should return no lines for empty options [0.12ms]
Test (Bun on windows-latest)	UNKNOWN STEP	2026-08-10T10:44:12.0795178Z (pass) buildDockerRuntimeStatusLines > should format volumes, mounts, env, and privileged lines [0.12ms]
Test (Bun on windows-latest)	UNKNOWN STEP	2026-08-10T10:44:12.0796339Z (pass) buildDockerRuntimeStatusLines > should join multiple volumes with a comma [0.05ms]
Test (Bun on windows-latest)	UNKNOWN STEP	2026-08-10T10:44:12.0797456Z (pass) buildDockerRuntimeMetadata > should null out empty collections and falsy privileged [0.13ms]
Test (Bun on windows-latest)	UNKNOWN STEP	2026-08-10T10:44:12.0798674Z (pass) buildDockerRuntimeMetadata > should pass through populated collections and privileged [0.07ms]
Test (Bun on windows-latest)	UNKNOWN STEP	2026-08-10T10:44:12.0799373Z 
Test (Bun on windows-latest)	UNKNOWN STEP	2026-08-10T10:44:12.0800802Z ##[endgroup]
Test (Bun on windows-latest)	UNKNOWN STEP	2026-08-10T10:44:12.0800923Z 
Test (Bun on windows-latest)	UNKNOWN STEP	2026-08-10T10:44:12.0801174Z ##[group]test\echo-integration.js:
Test (Bun on windows-latest)	UNKNOWN STEP	2026-08-10T10:44:12.0841274Z === Echo Integration Tests - Issue #55 ===
Test (Bun on windows-latest)	UNKNOWN STEP	2026-08-10T10:44:12.0841898Z Testing that "echo hi" works correctly across all isolation modes
Test (Bun on windows-latest)	UNKNOWN STEP	2026-08-10T10:44:12.0842747Z Coverage: No isolation, Screen (attached/detached), Tmux (attached/detached), Docker (attached/detached)
Test (Bun on windows-latest)	UNKNOWN STEP	2026-08-10T10:44:12.0843174Z 
Test (Bun on windows-latest)	UNKNOWN STEP	2026-08-10T10:44:16.1495727Z   ✓ No isolation mode: echo hi works correctly
Test (Bun on windows-latest)	UNKNOWN STEP	2026-08-10T10:44:16.1497310Z (pass) Echo Integration Tests - Issue #55 > No Isolation Mode (Direct Execution) > should execute echo hi and show output with proper formatting [3668.35ms]
Test (Bun on windows-latest)	UNKNOWN STEP	2026-08-10T10:44:16.4805048Z (pass) Echo Integration Tests - Issue #55 > No Isolation Mode (Direct Execution) > should execute echo with single quotes [330.88ms]
Test (Bun on windows-latest)	UNKNOWN STEP	2026-08-10T10:44:16.4805984Z   ✓ No isolation mode: echo with single quotes works
Test (Bun on windows-latest)	UNKNOWN STEP	2026-08-10T10:44:16.8113097Z (pass) Echo Integration Tests - Issue #55 > No Isolation Mode (Direct Execution) > should execute echo with double quotes [330.84ms]
Test (Bun on windows-latest)	UNKNOWN STEP	2026-08-10T10:44:16.8114016Z   ✓ No isolation mode: echo with double quotes works
Test (Bun on windows-latest)	UNKNOWN STEP	2026-08-10T10:44:17.2145568Z (pass) Echo Integration Tests - Issue #55 > No Isolation Mode (Direct Execution) > should have consistent empty line formatting [403.17ms]
Test (Bun on windows-latest)	UNKNOWN STEP	2026-08-10T10:44:17.2146860Z   ✓ Empty line formatting is consistent
Test (Bun on windows-latest)	UNKNOWN STEP	2026-08-10T10:44:17.2147686Z (pass) Echo Integration Tests - Issue #55 > Screen Isolation Mode > should skip screen tests when screen is not installed [0.14ms]
Test (Bun on windows-latest)	UNKNOWN STEP	2026-08-10T10:44:17.2148495Z (pass) Echo Integration Tests - Issue #55 > Tmux Isolation Mode > should skip tmux tests when tmux is not installed [0.08ms]
Test (Bun on windows-latest)	UNKNOWN STEP	2026-08-10T10:44:17.2149384Z (pass) Echo Integration Tests - Issue #55 > Docker Isolation Mode > should skip docker tests when docker is not available or cannot run Linux containers [0.07ms]
Test (Bun on windows-latest)	UNKNOWN STEP	2026-08-10T10:44:17.2150125Z   ⚠ screen not installed, skipping screen tests
Test (Bun on windows-latest)	UNKNOWN STEP	2026-08-10T10:44:17.2150475Z   ⚠ tmux not installed, skipping tmux tests
Test (Bun on windows-latest)	UNKNOWN STEP	2026-08-10T10:44:17.2150909Z   ⚠ docker not available or cannot run Linux containers, skipping docker tests
Test (Bun on windows-latest)	UNKNOWN STEP	2026-08-10T10:44:17.6152657Z (pass) Echo Integration Tests - Issue #55 > Output Block Formatting > should not truncate long log paths [400.05ms]
Test (Bun on windows-latest)	UNKNOWN STEP	2026-08-10T10:44:17.6153508Z   ✓ Log paths are not truncated
Test (Bun on windows-latest)	UNKNOWN STEP	2026-08-10T10:44:18.0136316Z (pass) Echo Integration Tests - Issue #55 > Output Block Formatting > should show full session ID in both start and finish blocks [398.30ms]
Test (Bun on windows-latest)	UNKNOWN STEP	2026-08-10T10:44:18.0137278Z   ✓ Session IDs are complete UUIDs in both blocks
Test (Bun on windows-latest)	UNKNOWN STEP	2026-08-10T10:44:18.4198874Z (pass) Echo Integration Tests - Issue #55 > Output Block Formatting > should have consistent exit code formatting [406.27ms]
Test (Bun on windows-latest)	UNKNOWN STEP	2026-08-10T10:44:18.4199717Z   ✓ Exit code formatting is consistent
Test (Bun on windows-latest)	UNKNOWN STEP	2026-08-10T10:44:18.8355637Z (pass) Echo Integration Tests - Issue #55 > Output Block Formatting > should include timing information in finish block [415.65ms]
Test (Bun on windows-latest)	UNKNOWN STEP	2026-08-10T10:44:18.8356478Z 
Test (Bun on windows-latest)	UNKNOWN STEP	2026-08-10T10:44:18.8356824Z ##[endgroup]
Test (Bun on windows-latest)	UNKNOWN STEP	2026-08-10T10:44:18.8357295Z   ✓ Timing information is present in finish block
Test (Bun on windows-latest)	UNKNOWN STEP	2026-08-10T10:44:18.8357530Z 
Test (Bun on windows-latest)	UNKNOWN STEP	2026-08-10T10:44:18.8357773Z ##[group]test\execution-control.js:
Test (Bun on windows-latest)	UNKNOWN STEP	2026-08-10T10:44:18.8414183Z (pass) execution control > should map screen stop to CTRL+C injection [0.58ms]
Test (Bun on windows-latest)	UNKNOWN STEP	2026-08-10T10:44:18.8647850Z (pass) execution control > should send stop command to a detached screen session [23.32ms]
Test (Bun on windows-latest)	UNKNOWN STEP	2026-08-10T10:44:18.8697007Z (pass) execution control > should stop a detached docker container with docker stop [4.92ms]
Test (Bun on windows-latest)	UNKNOWN STEP	2026-08-10T10:44:18.8732778Z (pass) execution control > should send docker terminate through docker kill [3.59ms]
Test (Bun on windows-latest)	UNKNOWN STEP	2026-08-10T10:44:18.8761121Z (pass) execution control > should reject non-detached records [2.83ms]
Test (Bun on windows-latest)	UNKNOWN STEP	2026-08-10T10:44:18.8761955Z (pass) process id collection > should parse a GNU Screen process id from screen -ls output [0.08ms]
Test (Bun on windows-latest)	UNKNOWN STEP	2026-08-10T10:44:18.8764115Z (pass) process id collection > should collect wrapper, screen, and descendant process IDs [0.17ms]
Test (Bun on windows-latest)	UNKNOWN STEP	2026-08-10T10:44:18.8764771Z 
Test (Bun on windows-latest)	UNKNOWN STEP	2026-08-10T10:44:18.8765163Z ##[endgroup]
Test (Bun on windows-latest)	UNKNOWN STEP	2026-08-10T10:44:18.8765272Z 
Test (Bun on windows-latest)	UNKNOWN STEP	2026-08-10T10:44:18.8765516Z ##[group]test\execution-store.js:
Test (Bun on windows-latest)	UNKNOWN STEP	2026-08-10T10:44:18.8796953Z === Execution Store Unit Tests ===
Test (Bun on windows-latest)	UNKNOWN STEP	2026-08-10T10:44:18.8823044Z (pass) ExecutionRecord > should create a new execution record with default values [0.15ms]
Test (Bun on windows-latest)	UNKNOWN STEP	2026-08-10T10:44:18.8823897Z (pass) ExecutionRecord > should create a new execution record with custom values [0.12ms]
Test (Bun on windows-latest)	UNKNOWN STEP	2026-08-10T10:44:18.8825525Z (pass) ExecutionRecord > should mark execution as completed [0.11ms]
Test (Bun on windows-latest)	UNKNOWN STEP	2026-08-10T10:44:18.8826223Z (pass) ExecutionRecord > should convert to plain object and back [0.08ms]
Test (Bun on windows-latest)	UNKNOWN STEP	2026-08-10T10:44:18.8842397Z (pass) LockManager > should acquire and release a lock [1.56ms]
Test (Bun on windows-latest)	UNKNOWN STEP	2026-08-10T10:44:18.8864195Z (pass) LockManager > should fail to acquire lock if already held by another process [2.15ms]
Test (Bun on windows-latest)	UNKNOWN STEP	2026-08-10T10:44:18.8873839Z (pass) LockManager > should detect stale locks [0.97ms]
Test (Bun on windows-latest)	UNKNOWN STEP	2026-08-10T10:44:18.8881807Z (pass) ExecutionStore > should create app folder on initialization [0.80ms]
Test (Bun on windows-latest)	UNKNOWN STEP	2026-08-10T10:44:18.8907235Z (pass) ExecutionStore > should save and retrieve an execution record [2.52ms]
Test (Bun on windows-latest)	UNKNOWN STEP	2026-08-10T10:44:18.8950806Z (pass) ExecutionStore > should update an existing record [4.34ms]
Test (Bun on windows-latest)	UNKNOWN STEP	2026-08-10T10:44:18.9012359Z (pass) ExecutionStore > should get all records [6.09ms]
Test (Bun on windows-latest)	UNKNOWN STEP	2026-08-10T10:44:18.9081783Z (pass) ExecutionStore > should get records by status [6.97ms]
Test (Bun on windows-latest)	UNKNOWN STEP	2026-08-10T10:44:18.9144527Z (pass) ExecutionStore > should get recent records [6.26ms]
Test (Bun on windows-latest)	UNKNOWN STEP	2026-08-10T10:44:18.9186201Z (pass) ExecutionStore > should delete a record [4.16ms]
Test (Bun on windows-latest)	UNKNOWN STEP	2026-08-10T10:44:18.9199024Z (pass) ExecutionStore > should return false when deleting non-existent record [1.26ms]
Test (Bun on windows-latest)	UNKNOWN STEP	2026-08-10T10:44:18.9253596Z (pass) ExecutionStore > should clear all records [5.42ms]
Test (Bun on windows-latest)	UNKNOWN STEP	2026-08-10T10:44:18.9322580Z (pass) ExecutionStore > should get statistics [6.87ms]
Test (Bun on windows-latest)	UNKNOWN STEP	2026-08-10T10:44:18.9623111Z (pass) ExecutionStore > should handle concurrent saves with locking [29.99ms]
Test (Bun on windows-latest)	UNKNOWN STEP	2026-08-10T10:44:18.9651294Z (pass) ExecutionStore > should persist data to lino file [2.86ms]
Test (Bun on windows-latest)	UNKNOWN STEP	2026-08-10T10:44:18.9686033Z (pass) isClinkInstalled > should return a boolean [3.44ms]
Test (Bun on windows-latest)	UNKNOWN STEP	2026-08-10T10:44:18.9714966Z (pass) ExecutionStore with lino-objects-codec > should properly encode and decode complex options [2.87ms]
Test (Bun on windows-latest)	UNKNOWN STEP	2026-08-10T10:44:18.9738876Z (pass) ExecutionStore with lino-objects-codec > should handle special characters in command [2.38ms]
Test (Bun on windows-latest)	UNKNOWN STEP	2026-08-10T10:44:18.9765464Z (pass) ExecutionStore with lino-objects-codec > should handle unicode characters [2.64ms]
Test (Bun on windows-latest)	UNKNOWN STEP	2026-08-10T10:44:18.9807875Z (pass) ExecutionStore verifyConsistency > should report consistency status for lino-only store [4.18ms]
Test (Bun on windows-latest)	UNKNOWN STEP	2026-08-10T10:44:18.9876037Z (pass) ExecutionStore cleanupStale > should return empty result when no stale records exist [6.77ms]
Test (Bun on windows-latest)	UNKNOWN STEP	2026-08-10T10:44:18.9902780Z (pass) ExecutionStore cleanupStale > should detect stale records with non-existent PIDs [2.72ms]
Test (Bun on windows-latest)	UNKNOWN STEP	2026-08-10T10:44:18.9926547Z (pass) ExecutionStore cleanupStale > should detect stale records that exceed max age [2.38ms]
Test (Bun on windows-latest)	UNKNOWN STEP	2026-08-10T10:44:18.9949539Z (pass) ExecutionStore cleanupStale > should not detect records within max age as stale [2.29ms]
Test (Bun on windows-latest)	UNKNOWN STEP	2026-08-10T10:44:18.9993398Z (pass) ExecutionStore cleanupStale > should clean up stale records when dryRun is false [4.36ms]
Test (Bun on windows-latest)	UNKNOWN STEP	2026-08-10T10:44:19.0021032Z (pass) ExecutionStore cleanupStale > should handle custom max age [2.76ms]
Test (Bun on windows-latest)	UNKNOWN STEP	2026-08-10T10:44:19.0025126Z 
Test (Bun on windows-latest)	UNKNOWN STEP	2026-08-10T10:44:19.0025632Z ##[endgroup]
Test (Bun on windows-latest)	UNKNOWN STEP	2026-08-10T10:44:19.0025889Z 
Test (Bun on windows-latest)	UNKNOWN STEP	2026-08-10T10:44:19.0026470Z ##[group]test\failure-handler.js:
Test (Bun on windows-latest)	UNKNOWN STEP	2026-08-10T10:44:19.0083765Z (pass) failure-handler > parseGitUrl > should parse HTTPS GitHub URL [0.18ms]
Test (Bun on windows-latest)	UNKNOWN STEP	2026-08-10T10:44:19.0085144Z (pass) failure-handler > parseGitUrl > should parse HTTPS URL with .git suffix [0.05ms]
Test (Bun on windows-latest)	UNKNOWN STEP	2026-08-10T10:44:19.0086326Z (pass) failure-handler > parseGitUrl > should parse SSH git@ URL [0.07ms]
Test (Bun on windows-latest)	UNKNOWN STEP	2026-08-10T10:44:19.0087009Z (pass) failure-handler > parseGitUrl > should parse git+https URL format [0.07ms]
Test (Bun on windows-latest)	UNKNOWN STEP	2026-08-10T10:44:19.0088772Z (pass) failure-handler > parseGitUrl > should return null for empty string [0.04ms]
Test (Bun on windows-latest)	UNKNOWN STEP	2026-08-10T10:44:19.0089886Z (pass) failure-handler > parseGitUrl > should return null for null/undefined input [0.04ms]
Test (Bun on windows-latest)	UNKNOWN STEP	2026-08-10T10:44:19.0090987Z (pass) failure-handler > parseGitUrl > should return null for non-github URL [0.04ms]
Test (Bun on windows-latest)	UNKNOWN STEP	2026-08-10T10:44:19.0092382Z (pass) failure-handler > parseGitUrl > should return null for invalid/random string [0.04ms]
Test (Bun on windows-latest)	UNKNOWN STEP	2026-08-10T10:44:19.0093973Z (pass) failure-handler > parseGitUrl > should normalize URL to https://github.com format [0.06ms]
Test (Bun on windows-latest)	UNKNOWN STEP	2026-08-10T10:44:19.0095217Z (pass) failure-handler > parseGitUrl > should handle URL with subdirectory (only owner/repo captured) [0.06ms]
Test (Bun on windows-latest)	UNKNOWN STEP	2026-08-10T10:44:19.0096435Z (pass) failure-handler > parseGitUrl > should return object with owner, repo, url keys [0.08ms]
Test (Bun on windows-latest)	UNKNOWN STEP	2026-08-10T10:44:19.0097218Z (pass) failure-handler > handleFailure > should return early when disableAutoIssue is true [0.23ms]
Test (Bun on windows-latest)	UNKNOWN STEP	2026-08-10T10:44:19.0097940Z (pass) failure-handler > handleFailure > should return early when disableAutoIssue is true (verbose mode) [0.11ms]
Test (Bun on windows-latest)	UNKNOWN STEP	2026-08-10T10:44:19.0098378Z 
Test (Bun on windows-latest)	UNKNOWN STEP	2026-08-10T10:44:19.0098653Z ##[endgroup]
Test (Bun on windows-latest)	UNKNOWN STEP	2026-08-10T10:44:19.0098757Z 
Test (Bun on windows-latest)	UNKNOWN STEP	2026-08-10T10:44:19.0098991Z ##[group]test\isolation-cleanup.js:
Test (Bun on windows-latest)	UNKNOWN STEP	2026-08-10T10:44:19.0099182Z 
Test (Bun on windows-latest)	UNKNOWN STEP	2026-08-10T10:44:19.0099186Z 
Test (Bun on windows-latest)	UNKNOWN STEP	2026-08-10T10:44:19.0099324Z Auto-issue creation disabled via START_DISABLE_AUTO_ISSUE
Test (Bun on windows-latest)	UNKNOWN STEP	2026-08-10T10:44:19.1124588Z (pass) Isolation Resource Cleanup Verification > screen resource cleanup > should not list screen session after command completes (auto-exit by default) [100.61ms]
Test (Bun on windows-latest)	UNKNOWN STEP	2026-08-10T10:44:19.1125325Z   Skipping: screen not installed
Test (Bun on windows-latest)	UNKNOWN STEP	2026-08-10T10:44:19.2041321Z (pass) Isolation Resource Cleanup Verification > screen resource cleanup > should keep screen session alive when keepAlive is true [91.66ms]
Test (Bun on windows-latest)	UNKNOWN STEP	2026-08-10T10:44:19.2042026Z   Skipping: screen not installed
Test (Bun on windows-latest)	UNKNOWN STEP	2026-08-10T10:44:19.2963772Z   Skipping: tmux not installed
Test (Bun on windows-latest)	UNKNOWN STEP	2026-08-10T10:44:19.2965306Z (pass) Isolation Resource Cleanup Verification > tmux resource cleanup > should not list tmux session after command completes (auto-exit by default) [92.29ms]
Test (Bun on windows-latest)	UNKNOWN STEP	2026-08-10T10:44:19.3898170Z (pass) Isolation Resource Cleanup Verification > tmux resource cleanup > should keep tmux session alive when keepAlive is true [93.35ms]
Test (Bun on windows-latest)	UNKNOWN STEP	2026-08-10T10:44:19.3898854Z   Skipping: tmux not installed
Test (Bun on windows-latest)	UNKNOWN STEP	2026-08-10T10:44:19.5748859Z   Skipping: docker not available, daemon not running, or Linux containers not supported
Test (Bun on windows-latest)	UNKNOWN STEP	2026-08-10T10:44:19.5750037Z (pass) Isolation Resource Cleanup Verification > docker resource cleanup > should show docker container as exited after command completes (auto-exit by default) [185.00ms]
Test (Bun on windows-latest)	UNKNOWN STEP	2026-08-10T10:44:19.7543289Z (pass) Isolation Resource Cleanup Verification > docker resource cleanup > should keep docker container running when keepAlive is true [179.47ms]
Test (Bun on windows-latest)	UNKNOWN STEP	2026-08-10T10:44:19.7544908Z   Skipping: docker not available, daemon not running, or Linux containers not supported
Test (Bun on windows-latest)	UNKNOWN STEP	2026-08-10T10:44:19.7545536Z 
Test (Bun on windows-latest)	UNKNOWN STEP	2026-08-10T10:44:19.7545988Z ##[endgroup]
Test (Bun on windows-latest)	UNKNOWN STEP	2026-08-10T10:44:19.7546153Z 
Test (Bun on windows-latest)	UNKNOWN STEP	2026-08-10T10:44:19.7546545Z ##[group]test\isolation-log-utils.js:
Test (Bun on windows-latest)	UNKNOWN STEP	2026-08-10T10:44:19.7577508Z (pass) isolation-log-utils > getTimestamp > should return a non-empty string [0.10ms]
Test (Bun on windows-latest)	UNKNOWN STEP	2026-08-10T10:44:19.7578446Z (pass) isolation-log-utils > getTimestamp > should return a timestamp without T or Z (ISO-like but space-separated) [0.04ms]
Test (Bun on windows-latest)	UNKNOWN STEP	2026-08-10T10:44:19.7580737Z (pass) isolation-log-utils > getTimestamp > should contain date-like content (numbers and dashes) [0.12ms]
Test (Bun on windows-latest)	UNKNOWN STEP	2026-08-10T10:44:19.7581693Z (pass) isolation-log-utils > getTimestamp > should return different values on successive calls (or same within same ms) [0.06ms]
Test (Bun on windows-latest)	UNKNOWN STEP	2026-08-10T10:44:19.7582951Z (pass) isolation-log-utils > generateLogFilename > should return a string ending with .log [0.10ms]
Test (Bun on windows-latest)	UNKNOWN STEP	2026-08-10T10:44:19.7583844Z (pass) isolation-log-utils > generateLogFilename > should include the environment name in the filename [0.05ms]
Test (Bun on windows-latest)	UNKNOWN STEP	2026-08-10T10:44:19.7584746Z (pass) isolation-log-utils > generateLogFilename > should start with "start-command-" [0.06ms]
Test (Bun on windows-latest)	UNKNOWN STEP	2026-08-10T10:44:19.7585744Z (pass) isolation-log-utils > generateLogFilename > should generate unique filenames on successive calls [0.05ms]
Test (Bun on windows-latest)	UNKNOWN STEP	2026-08-10T10:44:19.7586468Z (pass) isolation-log-utils > generateLogFilename > should handle different environment names [0.11ms]
Test (Bun on windows-latest)	UNKNOWN STEP	2026-08-10T10:44:19.7587451Z (pass) isolation-log-utils > createLogHeader > should return a non-empty string [0.15ms]
Test (Bun on windows-latest)	UNKNOWN STEP	2026-08-10T10:44:19.7589643Z (pass) isolation-log-utils > createLogHeader > should include the command in the header [0.06ms]
Test (Bun on windows-latest)	UNKNOWN STEP	2026-08-10T10:44:19.7591175Z (pass) isolation-log-utils > createLogHeader > should include the environment in the header [0.05ms]
Test (Bun on windows-latest)	UNKNOWN STEP	2026-08-10T10:44:19.7592509Z (pass) isolation-log-utils > createLogHeader > should include the session name in the header [0.05ms]
Test (Bun on windows-latest)	UNKNOWN STEP	2026-08-10T10:44:19.7593745Z (pass) isolation-log-utils > createLogHeader > should include the mode in the header [0.04ms]
Test (Bun on windows-latest)	UNKNOWN STEP	2026-08-10T10:44:19.7595588Z (pass) isolation-log-utils > createLogHeader > should include image field when provided [0.06ms]
Test (Bun on windows-latest)	UNKNOWN STEP	2026-08-10T10:44:19.7597506Z (pass) isolation-log-utils > createLogHeader > should include user field when provided [0.06ms]
Test (Bun on windows-latest)	UNKNOWN STEP	2026-08-10T10:44:19.7598761Z (pass) isolation-log-utils > createLogHeader > should NOT include Image line when image is not provided [0.05ms]
Test (Bun on windows-latest)	UNKNOWN STEP	2026-08-10T10:44:19.7600004Z (pass) isolation-log-utils > createLogHeader > should contain separator line [0.04ms]
Test (Bun on windows-latest)	UNKNOWN STEP	2026-08-10T10:44:19.7601550Z (pass) isolation-log-utils > createLogFooter > should return a non-empty string [0.07ms]
Test (Bun on windows-latest)	UNKNOWN STEP	2026-08-10T10:44:19.7603214Z (pass) isolation-log-utils > createLogFooter > should include the exit code [0.04ms]
Test (Bun on windows-latest)	UNKNOWN STEP	2026-08-10T10:44:19.7604220Z (pass) isolation-log-utils > createLogFooter > should include exit code 0 [0.04ms]
Test (Bun on windows-latest)	UNKNOWN STEP	2026-08-10T10:44:19.7605445Z (pass) isolation-log-utils > createLogFooter > should include the end time [0.05ms]
Test (Bun on windows-latest)	UNKNOWN STEP	2026-08-10T10:44:19.7606704Z (pass) isolation-log-utils > createLogFooter > should contain separator line [0.04ms]
Test (Bun on windows-latest)	UNKNOWN STEP	2026-08-10T10:44:19.7607657Z (pass) isolation-log-utils > getLogDir > should return a string [0.16ms]
Test (Bun on windows-latest)	UNKNOWN STEP	2026-08-10T10:44:19.7609299Z (pass) isolation-log-utils > getLogDir > should return a non-empty path [0.07ms]
Test (Bun on windows-latest)	UNKNOWN STEP	2026-08-10T10:44:19.7610321Z (pass) isolation-log-utils > getLogDir > should use START_LOG_DIR env var when set [0.41ms]
Test (Bun on windows-latest)	UNKNOWN STEP	2026-08-10T10:44:19.7611620Z (pass) isolation-log-utils > getLogDir > should fall back to /tmp/start-command/logs when START_LOG_DIR is not set [0.17ms]
Test (Bun on windows-latest)	UNKNOWN STEP	2026-08-10T10:44:19.7612921Z (pass) isolation-log-utils > createLogPath > should return a string ending with .log [0.13ms]
Test (Bun on windows-latest)	UNKNOWN STEP	2026-08-10T10:44:19.7613974Z (pass) isolation-log-utils > createLogPath > should return an absolute path [0.10ms]
Test (Bun on windows-latest)	UNKNOWN STEP	2026-08-10T10:44:19.7615009Z (pass) isolation-log-utils > createLogPath > should include the environment name [0.07ms]
Test (Bun on windows-latest)	UNKNOWN STEP	2026-08-10T10:44:19.7616083Z (pass) isolation-log-utils > createLogPath > should be under the log directory [0.08ms]
Test (Bun on windows-latest)	UNKNOWN STEP	2026-08-10T10:44:19.7618292Z (pass) isolation-log-utils > createLogPath > should create stable isolation log path when execution id is provided [0.09ms]
Test (Bun on windows-latest)	UNKNOWN STEP	2026-08-10T10:44:19.7619451Z (pass) isolation-log-utils > createLogPath > should create stable direct log path without duplicated environment segment [0.08ms]
Test (Bun on windows-latest)	UNKNOWN STEP	2026-08-10T10:44:19.7620194Z 
Test (Bun on windows-latest)	UNKNOWN STEP	2026-08-10T10:44:19.7620467Z ##[endgroup]
Test (Bun on windows-latest)	UNKNOWN STEP	2026-08-10T10:44:19.7620577Z 
Test (Bun on windows-latest)	UNKNOWN STEP	2026-08-10T10:44:19.7620810Z ##[group]test\isolation-stacking.js:
Test (Bun on windows-latest)	UNKNOWN STEP	2026-08-10T10:44:19.7638307Z (pass) Isolation Stacking - Args Parser > parseArgs with stacked --isolated > should parse single isolation (backward compatible) [0.24ms]
Test (Bun on windows-latest)	UNKNOWN STEP	2026-08-10T10:44:19.7640202Z (pass) Isolation Stacking - Args Parser > parseArgs with stacked --isolated > should parse multi-level isolation [0.20ms]
Test (Bun on windows-latest)	UNKNOWN STEP	2026-08-10T10:44:19.7641534Z (pass) Isolation Stacking - Args Parser > parseArgs with stacked --isolated > should parse 5-level isolation [0.10ms]
Test (Bun on windows-latest)	UNKNOWN STEP	2026-08-10T10:44:19.7643711Z (pass) Isolation Stacking - Args Parser > parseArgs with stacked --isolated > should parse --isolated=value syntax [0.14ms]
Test (Bun on windows-latest)	UNKNOWN STEP	2026-08-10T10:44:19.7644776Z (pass) Isolation Stacking - Args Parser > parseArgs with stacked --image > should parse single image (backward compatible) [0.12ms]
Test (Bun on windows-latest)	UNKNOWN STEP	2026-08-10T10:44:19.7645734Z (pass) Isolation Stacking - Args Parser > parseArgs with stacked --image > should parse image sequence with placeholders [0.11ms]
Test (Bun on windows-latest)	UNKNOWN STEP	2026-08-10T10:44:19.7647321Z (pass) Isolation Stacking - Args Parser > parseArgs with stacked --image > should parse --image=value syntax [0.08ms]
Test (Bun on windows-latest)	UNKNOWN STEP	2026-08-10T10:44:19.7648303Z (pass) Isolation Stacking - Args Parser > parseArgs with stacked --endpoint > should parse single endpoint (backward compatible) [0.09ms]
Test (Bun on windows-latest)	UNKNOWN STEP	2026-08-10T10:44:19.7649398Z (pass) Isolation Stacking - Args Parser > parseArgs with stacked --endpoint > should parse endpoint sequence with placeholders [0.08ms]
Test (Bun on windows-latest)	UNKNOWN STEP	2026-08-10T10:44:19.7650360Z (pass) Isolation Stacking - Args Parser > hasStackedIsolation > should return true for multi-level [0.11ms]
Test (Bun on windows-latest)	UNKNOWN STEP	2026-08-10T10:44:19.7651122Z (pass) Isolation Stacking - Args Parser > hasStackedIsolation > should return false for single level [0.06ms]
Test (Bun on windows-latest)	UNKNOWN STEP	2026-08-10T10:44:19.7652367Z (pass) Isolation Stacking - Args Parser > hasStackedIsolation > should return false for no isolation [0.08ms]
Test (Bun on windows-latest)	UNKNOWN STEP	2026-08-10T10:44:19.7654650Z (pass) Isolation Stacking - Validation > validateOptions > should validate single backend (backward compatible) [0.20ms]
Test (Bun on windows-latest)	UNKNOWN STEP	2026-08-10T10:44:19.7656074Z (pass) Isolation Stacking - Validation > validateOptions > should validate multi-level stack [0.13ms]
Test (Bun on windows-latest)	UNKNOWN STEP	2026-08-10T10:44:19.7657753Z (pass) Isolation Stacking - Validation > validateOptions > should throw on invalid backend in stack [0.14ms]
Test (Bun on windows-latest)	UNKNOWN STEP	2026-08-10T10:44:19.7658617Z (pass) Isolation Stacking - Validation > validateOptions > should throw on missing SSH endpoint [0.08ms]
Test (Bun on windows-latest)	UNKNOWN STEP	2026-08-10T10:44:19.7660639Z (pass) Isolation Stacking - Validation > validateOptions > should throw on image/stack length mismatch [0.12ms]
Test (Bun on windows-latest)	UNKNOWN STEP	2026-08-10T10:44:19.7663026Z (pass) Isolation Stacking - Validation > validateOptions > should throw on depth exceeding limit [0.10ms]
Test (Bun on windows-latest)	UNKNOWN STEP	2026-08-10T10:44:19.7665760Z (pass) Isolation Stacking - Validation > validateOptions > should distribute single image to all levels [0.13ms]
Test (Bun on windows-latest)	UNKNOWN STEP	2026-08-10T10:44:19.7667358Z (pass) Isolation Stacking - Validation > validateOptions > should apply default docker image for each docker level [0.07ms]
Test (Bun on windows-latest)	UNKNOWN STEP	2026-08-10T10:44:19.7668971Z (pass) Isolation Stacking - Validation > validateOptions > should throw if image provided but no docker in stack [0.12ms]
Test (Bun on windows-latest)	UNKNOWN STEP	2026-08-10T10:44:19.7670707Z (pass) Isolation Stacking - Validation > validateOptions > should throw if endpoint provided but no ssh in stack [0.19ms]
Test (Bun on windows-latest)	UNKNOWN STEP	2026-08-10T10:44:19.7671506Z (pass) Isolation Stacking - Backward Compatibility > should work with existing docker command [0.08ms]
Test (Bun on windows-latest)	UNKNOWN STEP	2026-08-10T10:44:19.7672194Z (pass) Isolation Stacking - Backward Compatibility > should work with existing ssh command [0.08ms]
Test (Bun on windows-latest)	UNKNOWN STEP	2026-08-10T10:44:19.7673064Z (pass) Isolation Stacking - Backward Compatibility > should work with existing screen command [0.08ms]
Test (Bun on windows-latest)	UNKNOWN STEP	2026-08-10T10:44:19.7674008Z (pass) Isolation Stacking - Backward Compatibility > should work with -i shorthand [0.06ms]
Test (Bun on windows-latest)	UNKNOWN STEP	2026-08-10T10:44:19.7674611Z (pass) Isolation Stacking - Backward Compatibility > should work with attached mode [0.06ms]
Test (Bun on windows-latest)	UNKNOWN STEP	2026-08-10T10:44:19.7675442Z (pass) Isolation Stacking - Backward Compatibility > should work with session name [0.06ms]
Test (Bun on windows-latest)	UNKNOWN STEP	2026-08-10T10:44:19.7676119Z (pass) Isolation Stacking - Backward Compatibility > should work with session-id [0.15ms]
Test (Bun on windows-latest)	UNKNOWN STEP	2026-08-10T10:44:19.7676467Z 
Test (Bun on windows-latest)	UNKNOWN STEP	2026-08-10T10:44:19.7676730Z ##[endgroup]
Test (Bun on windows-latest)	UNKNOWN STEP	2026-08-10T10:44:19.7676839Z 
Test (Bun on windows-latest)	UNKNOWN STEP	2026-08-10T10:44:19.7677062Z ##[group]test\isolation.js:
Test (Bun on windows-latest)	UNKNOWN STEP	2026-08-10T10:44:19.7715190Z (pass) Isolation Module > wrapCommandWithUser > should return command unchanged when user is null [0.06ms]
Test (Bun on windows-latest)	UNKNOWN STEP	2026-08-10T10:44:19.7716509Z (pass) Isolation Module > wrapCommandWithUser > should wrap command with sudo when user is specified [0.05ms]
Test (Bun on windows-latest)	UNKNOWN STEP	2026-08-10T10:44:19.7717542Z (pass) Isolation Module > wrapCommandWithUser > should escape single quotes in command [0.07ms]
Test (Bun on windows-latest)	UNKNOWN STEP	2026-08-10T10:44:19.7718239Z (pass) Isolation Module > wrapCommandWithUser > should use non-interactive sudo [0.04ms]
Test (Bun on windows-latest)	UNKNOWN STEP	2026-08-10T10:44:19.8618235Z (pass) Isolation Module > isCommandAvailable > should return true for common commands (echo) [89.95ms]
Test (Bun on windows-latest)	UNKNOWN STEP	2026-08-10T10:44:19.9511813Z (pass) Isolation Module > isCommandAvailable > should return true for node [89.40ms]
Test (Bun on windows-latest)	UNKNOWN STEP	2026-08-10T10:44:20.0573138Z (pass) Isolation Module > isCommandAvailable > should return false for non-existent command [106.07ms]
Test (Bun on windows-latest)	UNKNOWN STEP	2026-08-10T10:44:20.0793330Z (pass) Isolation Module > isCommandAvailable > should return false for empty command [22.04ms]
Test (Bun on windows-latest)	UNKNOWN STEP	2026-08-10T10:44:20.0808627Z (pass) Isolation Module > hasTTY > should return a boolean [1.52ms]
Test (Bun on windows-latest)	UNKNOWN STEP	2026-08-10T10:44:20.0809402Z (pass) Isolation Module > hasTTY > should return false when running in test environment (no TTY) [0.08ms]
Test (Bun on windows-latest)	UNKNOWN STEP	2026-08-10T10:44:20.0809857Z   hasTTY: false
Test (Bun on windows-latest)	UNKNOWN STEP	2026-08-10T10:44:20.1739334Z (pass) Isolation Module > isolation environment checks > should check if screen is available [92.97ms]
Test (Bun on windows-latest)	UNKNOWN STEP	2026-08-10T10:44:20.1740139Z   screen available: false
Test (Bun on windows-latest)	UNKNOWN STEP	2026-08-10T10:44:20.2648823Z (pass) Isolation Module > isolation environment checks > should check if tmux is available [90.93ms]
Test (Bun on windows-latest)	UNKNOWN STEP	2026-08-10T10:44:20.2649340Z   tmux available: false
Test (Bun on windows-latest)	UNKNOWN STEP	2026-08-10T10:44:20.3568194Z (pass) Isolation Module > isolation environment checks > should check if docker is available [91.89ms]
Test (Bun on windows-latest)	UNKNOWN STEP	2026-08-10T10:44:20.3568726Z   docker available: true
Test (Bun on windows-latest)	UNKNOWN STEP	2026-08-10T10:44:20.4462204Z (pass) Isolation Module > isolation environment checks > should check if ssh is available [89.41ms]
Test (Bun on windows-latest)	UNKNOWN STEP	2026-08-10T10:44:20.4462784Z   ssh available: true
Test (Bun on windows-latest)	UNKNOWN STEP	2026-08-10T10:44:20.5493090Z   screen not installed, version is null
Test (Bun on windows-latest)	UNKNOWN STEP	2026-08-10T10:44:20.5493881Z (pass) Isolation Module > getScreenVersion > should return version object or null [103.08ms]
Test (Bun on windows-latest)	UNKNOWN STEP	2026-08-10T10:44:20.5612617Z (pass) Isolation Module > getScreenVersion > should cache the version result [11.90ms]
Test (Bun on windows-latest)	UNKNOWN STEP	2026-08-10T10:44:20.5724725Z   supportsLogfileOption: false
Test (Bun on windows-latest)	UNKNOWN STEP	2026-08-10T10:44:20.5841241Z (pass) Isolation Module > supportsLogfileOption > should return boolean [11.26ms]
Test (Bun on windows-latest)	UNKNOWN STEP	2026-08-10T10:44:20.5841907Z (pass) Isolation Module > supportsLogfileOption > should return true for screen >= 4.5.1 [11.56ms]
Test (Bun on windows-latest)	UNKNOWN STEP	2026-08-10T10:44:20.7784085Z (pass) Isolation Runner Error Handling > runInScreen > should return informative error if screen is not installed [194.21ms]
Test (Bun on windows-latest)	UNKNOWN STEP	2026-08-10T10:44:20.9600137Z (pass) Isolation Runner Error Handling > runInTmux > should return informative error if tmux is not installed [181.56ms]
Test (Bun on windows-latest)	UNKNOWN STEP	2026-08-10T10:44:21.0516278Z   Skipping: docker is installed
Test (Bun on windows-latest)	UNKNOWN STEP	2026-08-10T10:44:21.0516949Z (pass) Isolation Runner Error Handling > runInDocker > should return informative error if docker is not installed [91.76ms]
Test (Bun on windows-latest)	UNKNOWN STEP	2026-08-10T10:44:21.4023830Z (pass) Isolation Runner Error Handling > runInDocker > should require image option [350.61ms]
Test (Bun on windows-latest)	UNKNOWN STEP	2026-08-10T10:44:21.4923281Z (pass) Isolation Runner Error Handling > runInSsh > should return informative error if ssh is not installed [89.97ms]
Test (Bun on windows-latest)	UNKNOWN STEP	2026-08-10T10:44:21.4923866Z   Skipping: ssh is installed
Test (Bun on windows-latest)	UNKNOWN STEP	2026-08-10T10:44:21.5822374Z (pass) Isolation Runner Error Handling > runInSsh > should require endpoint option [89.85ms]
Test (Bun on windows-latest)	UNKNOWN STEP	2026-08-10T10:44:21.6730854Z   Skipping: screen not installed
Test (Bun on windows-latest)	UNKNOWN STEP	2026-08-10T10:44:21.6732354Z (pass) Isolation Keep-Alive Behavior > runInScreen keep-alive messages > should include auto-exit message by default in detached mode [90.89ms]
Test (Bun on windows-latest)	UNKNOWN STEP	2026-08-10T10:44:21.7684858Z (pass) Isolation Keep-Alive Behavior > runInScreen keep-alive messages > should include keep-alive message when keepAlive is true [95.31ms]
Test (Bun on windows-latest)	UNKNOWN STEP	2026-08-10T10:44:21.7685542Z   Skipping: screen not installed
Test (Bun on windows-latest)	UNKNOWN STEP	2026-08-10T10:44:21.8636903Z   Skipping: tmux not installed
Test (Bun on windows-latest)	UNKNOWN STEP	2026-08-10T10:44:21.9530486Z (pass) Isolation Keep-Alive Behavior > runInTmux keep-alive messages > should include auto-exit message by default in detached mode [95.25ms]
Test (Bun on windows-latest)	UNKNOWN STEP	2026-08-10T10:44:21.9531602Z (pass) Isolation Keep-Alive Behavior > runInTmux keep-alive messages > should include keep-alive message when keepAlive is true [89.29ms]
Test (Bun on windows-latest)	UNKNOWN STEP	2026-08-10T10:44:21.9532261Z   Skipping: tmux not installed
Test (Bun on windows-latest)	UNKNOWN STEP	2026-08-10T10:44:22.1100025Z (pass) Isolation Keep-Alive Behavior > runInDocker keep-alive messages > should include auto-exit message by default in detached mode [156.94ms]
Test (Bun on windows-latest)	UNKNOWN STEP	2026-08-10T10:44:22.1100893Z   Skipping: docker not available, daemon not running, or Linux containers not supported
Test (Bun on windows-latest)	UNKNOWN STEP	2026-08-10T10:44:22.2750799Z (pass) Isolation Keep-Alive Behavior > runInDocker keep-alive messages > should include keep-alive message when keepAlive is true [165.03ms]
Test (Bun on windows-latest)	UNKNOWN STEP	2026-08-10T10:44:22.2751606Z   Skipping: docker not available, daemon not running, or Linux containers not supported
Test (Bun on windows-latest)	UNKNOWN STEP	2026-08-10T10:44:22.3666729Z (pass) Isolation Runner with Available Backends > runInTmux (if available) > should run command in detached tmux session [91.59ms]
Test (Bun on windows-latest)	UNKNOWN STEP	2026-08-10T10:44:22.3667740Z   Skipping: tmux not installed
Test (Bun on windows-latest)	UNKNOWN STEP	2026-08-10T10:44:22.3671023Z (pass) Isolation Runner with Available Backends > runIsolated dispatcher > should dispatch to correct backend [0.44ms]
Test (Bun on windows-latest)	UNKNOWN STEP	2026-08-10T10:44:22.6350822Z $ docker pull alpine:latest
Test (Bun on windows-latest)	UNKNOWN STEP	2026-08-10T10:44:22.6351086Z 
Test (Bun on windows-latest)	UNKNOWN STEP	2026-08-10T10:44:23.0915488Z latest: Pulling from library/alpine
Test (Bun on windows-latest)	UNKNOWN STEP	2026-08-10T10:44:23.1026766Z no matching manifest for windows(10.0.26100)/amd64 in the manifest list entries
Test (Bun on windows-latest)	UNKNOWN STEP	2026-08-10T10:44:23.1059070Z 
Test (Bun on windows-latest)	UNKNOWN STEP	2026-08-10T10:44:23.1061052Z ✗
Test (Bun on windows-latest)	UNKNOWN STEP	2026-08-10T10:44:23.1061386Z │
Test (Bun on windows-latest)	UNKNOWN STEP	2026-08-10T10:44:23.1062900Z (pass) Isolation Runner with Available Backends > runIsolated dispatcher > should pass options to backend [739.14ms]
Test (Bun on windows-latest)	UNKNOWN STEP	2026-08-10T10:44:23.1064254Z (pass) Default Docker Image Detection > getDefaultDockerImage > should return a valid Docker image string [0.08ms]
Test (Bun on windows-latest)	UNKNOWN STEP	2026-08-10T10:44:23.1065619Z (pass) Default Docker Image Detection > getDefaultDockerImage > should return an image with a tag [0.07ms]
Test (Bun on windows-latest)	UNKNOWN STEP	2026-08-10T10:44:23.1066431Z (pass) Default Docker Image Detection > getDefaultDockerImage > should return a known base image [0.09ms]
Test (Bun on windows-latest)	UNKNOWN STEP	2026-08-10T10:44:23.1069346Z (pass) detectShellInEnvironment > should return the forced shell when shellPreference is not auto [0.30ms]
Test (Bun on windows-latest)	UNKNOWN STEP	2026-08-10T10:44:23.1070483Z (pass) detectShellInEnvironment > should return zsh when shellPreference is zsh [0.06ms]
Test (Bun on windows-latest)	UNKNOWN STEP	2026-08-10T10:44:23.1071800Z (pass) detectShellInEnvironment > should return sh when shellPreference is sh [0.05ms]
Test (Bun on windows-latest)	UNKNOWN STEP	2026-08-10T10:44:23.1073004Z (pass) detectShellInEnvironment > should return sh fallback when docker image is not provided [0.05ms]
Test (Bun on windows-latest)	UNKNOWN STEP	2026-08-10T10:44:23.1074192Z (pass) detectShellInEnvironment > should return sh fallback when ssh endpoint is not provided [0.05ms]
Test (Bun on windows-latest)	UNKNOWN STEP	2026-08-10T10:44:23.1075578Z (pass) detectShellInEnvironment > should return sh fallback for unknown environment [0.05ms]
Test (Bun on windows-latest)	UNKNOWN STEP	2026-08-10T10:44:23.7655382Z (pass) detectShellInEnvironment > should auto-detect shell in docker if docker is available [658.27ms]
Test (Bun on windows-latest)	UNKNOWN STEP	2026-08-10T10:44:23.7655940Z   Detected shell in alpine:latest: sh
Test (Bun on windows-latest)	UNKNOWN STEP	2026-08-10T10:44:23.7656563Z (pass) detectShellInEnvironment > should read shell preference from options.shell [0.14ms]
Test (Bun on windows-latest)	UNKNOWN STEP	2026-08-10T10:44:24.1156269Z $ docker pull alpine:latest
Test (Bun on windows-latest)	UNKNOWN STEP	2026-08-10T10:44:24.1156516Z 
Test (Bun on windows-latest)	UNKNOWN STEP	2026-08-10T10:44:24.2845678Z latest: Pulling from library/alpine
Test (Bun on windows-latest)	UNKNOWN STEP	2026-08-10T10:44:24.2919076Z no matching manifest for windows(10.0.26100)/amd64 in the manifest list entries
Test (Bun on windows-latest)	UNKNOWN STEP	2026-08-10T10:44:24.2951524Z 
Test (Bun on windows-latest)	UNKNOWN STEP	2026-08-10T10:44:24.2952232Z ✗
Test (Bun on windows-latest)	UNKNOWN STEP	2026-08-10T10:44:24.2953450Z (pass) Shell option forwarding to isolation runners > runInDocker shell option > should accept shell option in options object [529.57ms]
Test (Bun on windows-latest)	UNKNOWN STEP	2026-08-10T10:44:24.2954323Z │
Test (Bun on windows-latest)	UNKNOWN STEP	2026-08-10T10:44:24.2954520Z   runInDocker with --shell sh result: false
Test (Bun on windows-latest)	UNKNOWN STEP	2026-08-10T10:44:24.3856997Z (pass) Shell option forwarding to isolation runners > runInSsh shell option > should accept shell option in options object [90.31ms]
Test (Bun on windows-latest)	UNKNOWN STEP	2026-08-10T10:44:24.4766385Z (pass) Shell option forwarding to isolation runners > runInSsh shell option > should use auto mode when shell option is auto [90.89ms]
Test (Bun on windows-latest)	UNKNOWN STEP	2026-08-10T10:44:24.4767747Z (pass) isInteractiveShellCommand (issue #84) > should return true for "bash" [0.20ms]
Test (Bun on windows-latest)	UNKNOWN STEP	2026-08-10T10:44:24.4768467Z (pass) isInteractiveShellCommand (issue #84) > should return true for "zsh" [0.06ms]
Test (Bun on windows-latest)	UNKNOWN STEP	2026-08-10T10:44:24.4769298Z (pass) isInteractiveShellCommand (issue #84) > should return true for "sh" [0.05ms]
Test (Bun on windows-latest)	UNKNOWN STEP	2026-08-10T10:44:24.4770668Z (pass) isInteractiveShellCommand (issue #84) > should return true for "/bin/bash" [0.05ms]
Test (Bun on windows-latest)	UNKNOWN STEP	2026-08-10T10:44:24.4772209Z (pass) isInteractiveShellCommand (issue #84) > should return true for "/usr/bin/zsh" [0.04ms]
Test (Bun on windows-latest)	UNKNOWN STEP	2026-08-10T10:44:24.4774022Z (pass) isInteractiveShellCommand (issue #84) > should return true for "bash -l" (login flag, no -c) [0.04ms]
Test (Bun on windows-latest)	UNKNOWN STEP	2026-08-10T10:44:24.4776227Z (pass) isInteractiveShellCommand (issue #84) > should return false for "bash -c echo" [0.04ms]
Test (Bun on windows-latest)	UNKNOWN STEP	2026-08-10T10:44:24.4777299Z (pass) isInteractiveShellCommand (issue #84) > should return false for "bash -c 'echo hi'" [0.04ms]
Test (Bun on windows-latest)	UNKNOWN STEP	2026-08-10T10:44:24.4777927Z (pass) isInteractiveShellCommand (issue #84) > should return false for "npm test" [0.05ms]
Test (Bun on windows-latest)	UNKNOWN STEP	2026-08-10T10:44:24.4778532Z (pass) isInteractiveShellCommand (issue #84) > should return false for "echo hello" [0.06ms]
Test (Bun on windows-latest)	UNKNOWN STEP	2026-08-10T10:44:24.4779099Z (pass) isInteractiveShellCommand (issue #84) > should return false for "ls -la" [0.05ms]
Test (Bun on windows-latest)	UNKNOWN STEP	2026-08-10T10:44:24.4779665Z (pass) isInteractiveShellCommand (issue #84) > should return false for empty string [0.09ms]
Test (Bun on windows-latest)	UNKNOWN STEP	2026-08-10T10:44:24.4780298Z (pass) isInteractiveShellCommand (issue #84) > should return false for "  " [0.07ms]
Test (Bun on windows-latest)	UNKNOWN STEP	2026-08-10T10:44:24.4780873Z 
Test (Bun on windows-latest)	UNKNOWN STEP	2026-08-10T10:44:24.4781338Z ##[endgroup]
Test (Bun on windows-latest)	UNKNOWN STEP	2026-08-10T10:44:24.4781522Z 
Test (Bun on windows-latest)	UNKNOWN STEP	2026-08-10T10:44:24.4781930Z ##[group]test\merge-changesets.mjs:
Test (Bun on windows-latest)	UNKNOWN STEP	2026-08-10T10:44:24.4856487Z Working directory: C:\Users\RUNNER~1\AppData\Local\Temp\merge-changesets-FEolWc
Test (Bun on windows-latest)	UNKNOWN STEP	2026-08-10T10:44:24.4857286Z Changeset directory: C:\Users\RUNNER~1\AppData\Local\Temp\merge-changesets-FEolWc\.changeset
Test (Bun on windows-latest)	UNKNOWN STEP	2026-08-10T10:44:24.4858021Z Package name: start-command
Test (Bun on windows-latest)	UNKNOWN STEP	2026-08-10T10:44:24.4858257Z Found 0 changeset file(s)
Test (Bun on windows-latest)	UNKNOWN STEP	2026-08-10T10:44:24.4858482Z No merging needed (0 or 1 changeset found)
Test (Bun on windows-latest)	UNKNOWN STEP	2026-08-10T10:44:24.4869186Z (pass) mergeChangesetsIn > does nothing with zero changesets [3.06ms]
Test (Bun on windows-latest)	UNKNOWN STEP	2026-08-10T10:44:24.4884797Z Working directory: C:\Users\RUNNER~1\AppData\Local\Temp\merge-changesets-kGbsjs
Test (Bun on windows-latest)	UNKNOWN STEP	2026-08-10T10:44:24.4885518Z Changeset directory: C:\Users\RUNNER~1\AppData\Local\Temp\merge-changesets-kGbsjs\.changeset
Test (Bun on windows-latest)	UNKNOWN STEP	2026-08-10T10:44:24.4886067Z Package name: start-command
Test (Bun on windows-latest)	UNKNOWN STEP	2026-08-10T10:44:24.4887160Z Found 1 changeset file(s)
Test (Bun on windows-latest)	UNKNOWN STEP	2026-08-10T10:44:24.4887607Z No merging needed (0 or 1 changeset found)
Test (Bun on windows-latest)	UNKNOWN STEP	2026-08-10T10:44:24.4897991Z (pass) mergeChangesetsIn > does nothing with a single changeset [2.86ms]
Test (Bun on windows-latest)	UNKNOWN STEP	2026-08-10T10:44:24.4915203Z Working directory: C:\Users\RUNNER~1\AppData\Local\Temp\merge-changesets-RT0pO4
Test (Bun on windows-latest)	UNKNOWN STEP	2026-08-10T10:44:24.4916207Z Changeset directory: C:\Users\RUNNER~1\AppData\Local\Temp\merge-changesets-RT0pO4\.changeset
Test (Bun on windows-latest)	UNKNOWN STEP	2026-08-10T10:44:24.4916967Z Package name: start-command
Test (Bun on windows-latest)	UNKNOWN STEP	2026-08-10T10:44:24.4917297Z Found 2 changeset file(s)
Test (Bun on windows-latest)	UNKNOWN STEP	2026-08-10T10:44:24.4917527Z Multiple changesets found, merging...
Test (Bun on windows-latest)	UNKNOWN STEP	2026-08-10T10:44:24.4917769Z   - a.md
Test (Bun on windows-latest)	UNKNOWN STEP	2026-08-10T10:44:24.4917946Z   - b.md
Test (Bun on windows-latest)	UNKNOWN STEP	2026-08-10T10:44:24.4922384Z 
Test (Bun on windows-latest)	UNKNOWN STEP	2026-08-10T10:44:24.4922654Z Merge summary:
Test (Bun on windows-latest)	UNKNOWN STEP	2026-08-10T10:44:24.4923393Z   Bump types found: patch, minor
Test (Bun on windows-latest)	UNKNOWN STEP	2026-08-10T10:44:24.4925478Z   Using highest: minor
Test (Bun on windows-latest)	UNKNOWN STEP	2026-08-10T10:44:24.4925875Z   Descriptions to merge: 2
Test (Bun on windows-latest)	UNKNOWN STEP	2026-08-10T10:44:24.4929083Z 
Test (Bun on windows-latest)	UNKNOWN STEP	2026-08-10T10:44:24.4929396Z Created merged changeset: merged-green-cloud.md
Test (Bun on windows-latest)	UNKNOWN STEP	2026-08-10T10:44:24.4930011Z 
Test (Bun on windows-latest)	UNKNOWN STEP	2026-08-10T10:44:24.4930147Z Removing original changeset files:
Test (Bun on windows-latest)	UNKNOWN STEP	2026-08-10T10:44:24.4931603Z   Removed: a.md
Test (Bun on windows-latest)	UNKNOWN STEP	2026-08-10T10:44:24.4933544Z   Removed: b.md
Test (Bun on windows-latest)	UNKNOWN STEP	2026-08-10T10:44:24.4934142Z 
Test (Bun on windows-latest)	UNKNOWN STEP	2026-08-10T10:44:24.4934318Z Changeset merge completed successfully
Test (Bun on windows-latest)	UNKNOWN STEP	2026-08-10T10:44:24.4934608Z 
Test (Bun on windows-latest)	UNKNOWN STEP	2026-08-10T10:44:24.4934698Z Merged changeset content:
Test (Bun on windows-latest)	UNKNOWN STEP	2026-08-10T10:44:24.4934904Z ---
Test (Bun on windows-latest)	UNKNOWN STEP	2026-08-10T10:44:24.4935073Z 'start-command': minor
Test (Bun on windows-latest)	UNKNOWN STEP	2026-08-10T10:44:24.4935261Z ---
Test (Bun on windows-latest)	UNKNOWN STEP	2026-08-10T10:44:24.4935342Z 
Test (Bun on windows-latest)	UNKNOWN STEP	2026-08-10T10:44:24.4935412Z Fix A
Test (Bun on windows-latest)	UNKNOWN STEP	2026-08-10T10:44:24.4935498Z 
Test (Bun on windows-latest)	UNKNOWN STEP	2026-08-10T10:44:24.4935568Z Feature B
Test (Bun on windows-latest)	UNKNOWN STEP	2026-08-10T10:44:24.4935657Z 
Test (Bun on windows-latest)	UNKNOWN STEP	2026-08-10T10:44:24.4946324Z (pass) mergeChangesetsIn > merges multiple changesets into a single file with the highest bump [4.81ms]
Test (Bun on windows-latest)	UNKNOWN STEP	2026-08-10T10:44:24.4965797Z Working directory: C:\Users\RUNNER~1\AppData\Local\Temp\merge-changesets-8Kl49T
Test (Bun on windows-latest)	UNKNOWN STEP	2026-08-10T10:44:24.4966739Z Changeset directory: C:\Users\RUNNER~1\AppData\Local\Temp\merge-changesets-8Kl49T\.changeset
Test (Bun on windows-latest)	UNKNOWN STEP	2026-08-10T10:44:24.4967200Z Package name: start-command
Test (Bun on windows-latest)	UNKNOWN STEP	2026-08-10T10:44:24.4967430Z Found 3 changeset file(s)
Test (Bun on windows-latest)	UNKNOWN STEP	2026-08-10T10:44:24.4967652Z Multiple changesets found, merging...
Test (Bun on windows-latest)	UNKNOWN STEP	2026-08-10T10:44:24.4967887Z   - a.md
Test (Bun on windows-latest)	UNKNOWN STEP	2026-08-10T10:44:24.4968045Z   - b.md
Test (Bun on windows-latest)	UNKNOWN STEP	2026-08-10T10:44:24.4968196Z   - c.md
Test (Bun on windows-latest)	UNKNOWN STEP	2026-08-10T10:44:24.4970208Z 
Test (Bun on windows-latest)	UNKNOWN STEP	2026-08-10T10:44:24.4970587Z Merge summary:
Test (Bun on windows-latest)	UNKNOWN STEP	2026-08-10T10:44:24.4970988Z   Bump types found: patch, major, minor
Test (Bun on windows-latest)	UNKNOWN STEP	2026-08-10T10:44:24.4971463Z   Using highest: major
Test (Bun on windows-latest)	UNKNOWN STEP	2026-08-10T10:44:24.4971791Z   Descriptions to merge: 3
Test (Bun on windows-latest)	UNKNOWN STEP	2026-08-10T10:44:24.4977504Z 
Test (Bun on windows-latest)	UNKNOWN STEP	2026-08-10T10:44:24.4977785Z Created merged changeset: merged-rich-lake.md
Test (Bun on windows-latest)	UNKNOWN STEP	2026-08-10T10:44:24.4978153Z 
Test (Bun on windows-latest)	UNKNOWN STEP	2026-08-10T10:44:24.4978312Z Removing original changeset files:
Test (Bun on windows-latest)	UNKNOWN STEP	2026-08-10T10:44:24.4980164Z   Removed: a.md
Test (Bun on windows-latest)	UNKNOWN STEP	2026-08-10T10:44:24.4982074Z   Removed: b.md
Test (Bun on windows-latest)	UNKNOWN STEP	2026-08-10T10:44:24.4983839Z   Removed: c.md
Test (Bun on windows-latest)	UNKNOWN STEP	2026-08-10T10:44:24.4984050Z 
Test (Bun on windows-latest)	UNKNOWN STEP	2026-08-10T10:44:24.4984202Z Changeset merge completed successfully
Test (Bun on windows-latest)	UNKNOWN STEP	2026-08-10T10:44:24.4984526Z 
Test (Bun on windows-latest)	UNKNOWN STEP	2026-08-10T10:44:24.4984651Z Merged changeset content:
Test (Bun on windows-latest)	UNKNOWN STEP	2026-08-10T10:44:24.4984970Z ---
Test (Bun on windows-latest)	UNKNOWN STEP	2026-08-10T10:44:24.4985154Z 'start-command': major
Test (Bun on windows-latest)	UNKNOWN STEP	2026-08-10T10:44:24.4985340Z ---
Test (Bun on windows-latest)	UNKNOWN STEP	2026-08-10T10:44:24.4985430Z 
Test (Bun on windows-latest)	UNKNOWN STEP	2026-08-10T10:44:24.4985489Z Fix
Test (Bun on windows-latest)	UNKNOWN STEP	2026-08-10T10:44:24.4985575Z 
Test (Bun on windows-latest)	UNKNOWN STEP	2026-08-10T10:44:24.4985636Z Breaking
Test (Bun on windows-latest)	UNKNOWN STEP	2026-08-10T10:44:24.4985735Z 
Test (Bun on windows-latest)	UNKNOWN STEP	2026-08-10T10:44:24.4985793Z Feat
Test (Bun on windows-latest)	UNKNOWN STEP	2026-08-10T10:44:24.4985883Z 
Test (Bun on windows-latest)	UNKNOWN STEP	2026-08-10T10:44:24.4994716Z (pass) mergeChangesetsIn > chooses major over minor and patch [4.83ms]
Test (Bun on windows-latest)	UNKNOWN STEP	2026-08-10T10:44:24.5019746Z Working directory: C:\Users\RUNNER~1\AppData\Local\Temp\merge-changesets-other-46ALlM
Test (Bun on windows-latest)	UNKNOWN STEP	2026-08-10T10:44:24.5020629Z Changeset directory: C:\Users\RUNNER~1\AppData\Local\Temp\merge-changesets-other-46ALlM\.changeset
Test (Bun on windows-latest)	UNKNOWN STEP	2026-08-10T10:44:24.5022038Z Package name: some-other-pkg
Test (Bun on windows-latest)	UNKNOWN STEP	2026-08-10T10:44:24.5022506Z Found 2 changeset file(s)
Test (Bun on windows-latest)	UNKNOWN STEP	2026-08-10T10:44:24.5022917Z Multiple changesets found, merging...
Test (Bun on windows-latest)	UNKNOWN STEP	2026-08-10T10:44:24.5023359Z   - a.md
Test (Bun on windows-latest)	UNKNOWN STEP	2026-08-10T10:44:24.5024049Z   - b.md
Test (Bun on windows-latest)	UNKNOWN STEP	2026-08-10T10:44:24.5025017Z 
Test (Bun on windows-latest)	UNKNOWN STEP	2026-08-10T10:44:24.5025237Z Merge summary:
Test (Bun on windows-latest)	UNKNOWN STEP	2026-08-10T10:44:24.5025549Z   Bump types found: minor, patch
Test (Bun on windows-latest)	UNKNOWN STEP	2026-08-10T10:44:24.5025865Z   Using highest: minor
Test (Bun on windows-latest)	UNKNOWN STEP	2026-08-10T10:44:24.5026081Z   Descriptions to merge: 2
Test (Bun on windows-latest)	UNKNOWN STEP	2026-08-10T10:44:24.5028827Z 
Test (Bun on windows-latest)	UNKNOWN STEP	2026-08-10T10:44:24.5029176Z Created merged changeset: merged-gold-key.md
Test (Bun on windows-latest)	UNKNOWN STEP	2026-08-10T10:44:24.5029581Z 
Test (Bun on windows-latest)	UNKNOWN STEP	2026-08-10T10:44:24.5029752Z Removing original changeset files:
Test (Bun on windows-latest)	UNKNOWN STEP	2026-08-10T10:44:24.5031126Z   Removed: a.md
Test (Bun on windows-latest)	UNKNOWN STEP	2026-08-10T10:44:24.5032947Z   Removed: b.md
Test (Bun on windows-latest)	UNKNOWN STEP	2026-08-10T10:44:24.5033147Z 
Test (Bun on windows-latest)	UNKNOWN STEP	2026-08-10T10:44:24.5033298Z Changeset merge completed successfully
Test (Bun on windows-latest)	UNKNOWN STEP	2026-08-10T10:44:24.5033547Z 
Test (Bun on windows-latest)	UNKNOWN STEP	2026-08-10T10:44:24.5033635Z Merged changeset content:
Test (Bun on windows-latest)	UNKNOWN STEP	2026-08-10T10:44:24.5033841Z ---
Test (Bun on windows-latest)	UNKNOWN STEP	2026-08-10T10:44:24.5034010Z 'some-other-pkg': minor
Test (Bun on windows-latest)	UNKNOWN STEP	2026-08-10T10:44:24.5034442Z ---
Test (Bun on windows-latest)	UNKNOWN STEP	2026-08-10T10:44:24.5034534Z 
Test (Bun on windows-latest)	UNKNOWN STEP	2026-08-10T10:44:24.5034599Z A
Test (Bun on windows-latest)	UNKNOWN STEP	2026-08-10T10:44:24.5034689Z 
Test (Bun on windows-latest)	UNKNOWN STEP	2026-08-10T10:44:24.5034746Z B
Test (Bun on windows-latest)	UNKNOWN STEP	2026-08-10T10:44:24.5034832Z 
Test (Bun on windows-latest)	UNKNOWN STEP	2026-08-10T10:44:24.5053271Z (pass) mergeChangesetsIn > reads package name from package.json (no hardcoded placeholder) [5.80ms]
Test (Bun on windows-latest)	UNKNOWN STEP	2026-08-10T10:44:24.5081595Z (pass) mergeChangesetsIn > throws when .changeset directory is missing [2.85ms]
Test (Bun on windows-latest)	UNKNOWN STEP	2026-08-10T10:44:24.5082075Z 
Test (Bun on windows-latest)	UNKNOWN STEP	2026-08-10T10:44:24.5082405Z ##[endgroup]
Test (Bun on windows-latest)	UNKNOWN STEP	2026-08-10T10:44:24.5082519Z 
Test (Bun on windows-latest)	UNKNOWN STEP	2026-08-10T10:44:24.5082764Z ##[group]test\output-blocks.js:
Test (Bun on windows-latest)	UNKNOWN STEP	2026-08-10T10:44:24.5110890Z === Output Blocks Unit Tests ===
Test (Bun on windows-latest)	UNKNOWN STEP	2026-08-10T10:44:24.5117481Z (pass) output-blocks module > timeline format constants > should export timeline marker character [0.02ms]
Test (Bun on windows-latest)	UNKNOWN STEP	2026-08-10T10:44:24.5118727Z (pass) output-blocks module > timeline format constants > should export spine as alias for backward compatibility [0.02ms]
Test (Bun on windows-latest)	UNKNOWN STEP	2026-08-10T10:44:24.5120021Z (pass) output-blocks module > timeline format constants > should export result markers [0.02ms]
Test (Bun on windows-latest)	UNKNOWN STEP	2026-08-10T10:44:24.5121297Z (pass) output-blocks module > createTimelineLine > should create a line with timeline marker prefix and padded label [0.08ms]
Test (Bun on windows-latest)	UNKNOWN STEP	2026-08-10T10:44:24.5122433Z (pass) output-blocks module > createTimelineLine > should pad labels to 10 characters [0.06ms]
Test (Bun on windows-latest)	UNKNOWN STEP	2026-08-10T10:44:24.5123514Z (pass) output-blocks module > createSpineLine (deprecated alias) > should work as alias for createTimelineLine [0.07ms]
Test (Bun on windows-latest)	UNKNOWN STEP	2026-08-10T10:44:24.5124594Z (pass) output-blocks module > createEmptyTimelineLine > should create just the timeline marker character [0.02ms]
Test (Bun on windows-latest)	UNKNOWN STEP	2026-08-10T10:44:24.5125726Z (pass) output-blocks module > createEmptySpineLine (deprecated alias) > should work as alias for createEmptyTimelineLine [0.06ms]
Test (Bun on windows-latest)	UNKNOWN STEP	2026-08-10T10:44:24.5126833Z (pass) output-blocks module > createCommandLine > should create a line with $ prefix [0.03ms]
Test (Bun on windows-latest)	UNKNOWN STEP	2026-08-10T10:44:24.5127851Z (pass) output-blocks module > getResultMarker > should return success marker for exit code 0 [0.06ms]
Test (Bun on windows-latest)	UNKNOWN STEP	2026-08-10T10:44:24.5129502Z (pass) output-blocks module > getResultMarker > should return failure marker for non-zero exit codes [0.05ms]
Test (Bun on windows-latest)	UNKNOWN STEP	2026-08-10T10:44:24.5130870Z (pass) output-blocks module > parseIsolationMetadata > should parse environment and mode [0.20ms]
Test (Bun on windows-latest)	UNKNOWN STEP	2026-08-10T10:44:24.5132077Z (pass) output-blocks module > parseIsolationMetadata > should parse session name [0.07ms]
Test (Bun on windows-latest)	UNKNOWN STEP	2026-08-10T10:44:24.5133219Z (pass) output-blocks module > parseIsolationMetadata > should parse docker image [0.07ms]
Test (Bun on windows-latest)	UNKNOWN STEP	2026-08-10T10:44:24.5134401Z (pass) output-blocks module > parseIsolationMetadata > should parse all fields together [0.28ms]
Test (Bun on windows-latest)	UNKNOWN STEP	2026-08-10T10:44:24.5135695Z (pass) output-blocks module > generateIsolationLines > should generate lines for docker isolation [0.17ms]
Test (Bun on windows-latest)	UNKNOWN STEP	2026-08-10T10:44:24.5137036Z (pass) output-blocks module > generateIsolationLines > should generate lines for screen isolation [0.06ms]
Test (Bun on windows-latest)	UNKNOWN STEP	2026-08-10T10:44:24.5138420Z (pass) output-blocks module > createStartBlock > should create a start block with session and timestamp [0.14ms]
Test (Bun on windows-latest)	UNKNOWN STEP	2026-08-10T10:44:24.5139775Z (pass) output-blocks module > createStartBlock > should include empty spine line before command [0.07ms]
Test (Bun on windows-latest)	UNKNOWN STEP	2026-08-10T10:44:24.5141115Z (pass) output-blocks module > createStartBlock > should include isolation metadata when provided [0.09ms]
Test (Bun on windows-latest)	UNKNOWN STEP	2026-08-10T10:44:24.5142729Z (pass) output-blocks module > createStartBlock > should include docker metadata correctly [0.08ms]
Test (Bun on windows-latest)	UNKNOWN STEP	2026-08-10T10:44:24.5144101Z (pass) output-blocks module > createFinishBlock > should create a finish block with result marker and metadata [0.23ms]
Test (Bun on windows-latest)	UNKNOWN STEP	2026-08-10T10:44:24.5145531Z (pass) output-blocks module > createFinishBlock > should use failure marker for non-zero exit code [0.10ms]
Test (Bun on windows-latest)	UNKNOWN STEP	2026-08-10T10:44:24.5146819Z (pass) output-blocks module > createFinishBlock > should omit duration when not provided [0.08ms]
Test (Bun on windows-latest)	UNKNOWN STEP	2026-08-10T10:44:24.5148125Z (pass) output-blocks module > createFinishBlock > should repeat isolation metadata in footer [0.13ms]
Test (Bun on windows-latest)	UNKNOWN STEP	2026-08-10T10:44:24.5149849Z (pass) output-blocks module > createFinishBlock > should have log and session as the last two lines [0.09ms]
Test (Bun on windows-latest)	UNKNOWN STEP	2026-08-10T10:44:24.5151354Z (pass) output-blocks module > formatDuration > should format very small durations [0.03ms]
Test (Bun on windows-latest)	UNKNOWN STEP	2026-08-10T10:44:24.5152490Z (pass) output-blocks module > formatDuration > should format millisecond durations [0.03ms]
Test (Bun on windows-latest)	UNKNOWN STEP	2026-08-10T10:44:24.5153595Z (pass) output-blocks module > formatDuration > should format second durations [0.03ms]
Test (Bun on windows-latest)	UNKNOWN STEP	2026-08-10T10:44:24.5154794Z (pass) output-blocks module > formatDuration > should format longer durations with less precision [0.03ms]
Test (Bun on windows-latest)	UNKNOWN STEP	2026-08-10T10:44:24.5156044Z (pass) output-blocks module > escapeForLinksNotation > should not quote simple values [0.06ms]
Test (Bun on windows-latest)	UNKNOWN STEP	2026-08-10T10:44:24.5157265Z (pass) output-blocks module > escapeForLinksNotation > should quote values with spaces [0.03ms]
Test (Bun on windows-latest)	UNKNOWN STEP	2026-08-10T10:44:24.5158446Z (pass) output-blocks module > escapeForLinksNotation > should quote values with colons [0.04ms]
Test (Bun on windows-latest)	UNKNOWN STEP	2026-08-10T10:44:24.5159801Z (pass) output-blocks module > escapeForLinksNotation > should use single quotes for values with double quotes [0.04ms]
Test (Bun on windows-latest)	UNKNOWN STEP	2026-08-10T10:44:24.5161319Z (pass) output-blocks module > escapeForLinksNotation > should use double quotes for values with single quotes [0.03ms]
Test (Bun on windows-latest)	UNKNOWN STEP	2026-08-10T10:44:24.5163081Z (pass) output-blocks module > escapeForLinksNotation > should escape quotes when both types are present [0.08ms]
Test (Bun on windows-latest)	UNKNOWN STEP	2026-08-10T10:44:24.5164279Z (pass) output-blocks module > escapeForLinksNotation > should handle null values [0.03ms]
Test (Bun on windows-latest)	UNKNOWN STEP	2026-08-10T10:44:24.5165405Z (pass) output-blocks module > formatAsNestedLinksNotation > should format simple objects [0.08ms]
Test (Bun on windows-latest)	UNKNOWN STEP	2026-08-10T10:44:24.5166604Z (pass) output-blocks module > formatAsNestedLinksNotation > should quote values with spaces [0.05ms]
Test (Bun on windows-latest)	UNKNOWN STEP	2026-08-10T10:44:24.5167797Z (pass) output-blocks module > formatAsNestedLinksNotation > should handle empty objects [0.03ms]
Test (Bun on windows-latest)	UNKNOWN STEP	2026-08-10T10:44:24.5170009Z (pass) output-blocks module > formatAsNestedLinksNotation > should handle null [0.03ms]
Test (Bun on windows-latest)	UNKNOWN STEP	2026-08-10T10:44:24.5171236Z (pass) output-blocks module > formatAsNestedLinksNotation > should indent nested arrays under their parent key [0.10ms]
Test (Bun on windows-latest)	UNKNOWN STEP	2026-08-10T10:44:24.5172769Z (pass) output-blocks module > Virtual Command API > createVirtualCommandBlock > should create a command line for virtual commands [0.03ms]
Test (Bun on windows-latest)	UNKNOWN STEP	2026-08-10T10:44:24.5174322Z (pass) output-blocks module > Virtual Command API > createVirtualCommandBlock > should behave like createCommandLine [0.03ms]
Test (Bun on windows-latest)	UNKNOWN STEP	2026-08-10T10:44:24.5175807Z (pass) output-blocks module > Virtual Command API > createVirtualCommandResult > should return success marker for true [0.02ms]
Test (Bun on windows-latest)	UNKNOWN STEP	2026-08-10T10:44:24.5177305Z (pass) output-blocks module > Virtual Command API > createVirtualCommandResult > should return failure marker for false [0.02ms]
Test (Bun on windows-latest)	UNKNOWN STEP	2026-08-10T10:44:24.5178778Z (pass) output-blocks module > Virtual Command API > createTimelineSeparator > should create an empty timeline line [0.02ms]
Test (Bun on windows-latest)	UNKNOWN STEP	2026-08-10T10:44:24.5180836Z (pass) output-blocks module > Virtual Command API > createTimelineSeparator > should behave like createEmptyTimelineLine [0.02ms]
Test (Bun on windows-latest)	UNKNOWN STEP	2026-08-10T10:44:24.5182292Z (pass) output-blocks module > createStartBlock with deferCommand > should include command line by default [0.05ms]
Test (Bun on windows-latest)	UNKNOWN STEP	2026-08-10T10:44:24.5183608Z (pass) output-blocks module > createStartBlock with deferCommand > should omit command line when deferCommand is true [0.04ms]
Test (Bun on windows-latest)	UNKNOWN STEP	2026-08-10T10:44:24.5184517Z (pass) output-blocks module > createStartBlock with deferCommand > should end with empty timeline line when deferCommand is true (issue #73) [0.10ms]
Test (Bun on windows-latest)	UNKNOWN STEP	2026-08-10T10:44:24.5185483Z (pass) output-blocks module > Visual Continuity (issue #73) > virtual command block should be followed by empty line for visual separation [0.03ms]
Test (Bun on windows-latest)	UNKNOWN STEP	2026-08-10T10:44:24.5186395Z (pass) output-blocks module > Visual Continuity (issue #73) > timeline separator should be empty timeline line for visual structure [0.02ms]
Test (Bun on windows-latest)	UNKNOWN STEP	2026-08-10T10:44:24.5187311Z (pass) output-blocks module > Visual Continuity (issue #73) > start block with docker isolation should end cleanly for virtual commands [0.09ms]
Test (Bun on windows-latest)	UNKNOWN STEP	2026-08-10T10:44:24.5189579Z (pass) output-blocks module > Visual Continuity (issue #73) > output formatting follows visual continuity pattern [0.05ms]
Test (Bun on windows-latest)	UNKNOWN STEP	2026-08-10T10:44:24.5190384Z 
Test (Bun on windows-latest)	UNKNOWN STEP	2026-08-10T10:44:24.5190815Z ##[endgroup]
Test (Bun on windows-latest)	UNKNOWN STEP	2026-08-10T10:44:24.5190932Z 
Test (Bun on windows-latest)	UNKNOWN STEP	2026-08-10T10:44:24.5191167Z ##[group]test\public-exports.js:
Test (Bun on windows-latest)	UNKNOWN STEP	2026-08-10T10:44:24.5191814Z (pass) Public Exports > execution-store export > should export ExecutionStore class [0.09ms]
Test (Bun on windows-latest)	UNKNOWN STEP	2026-08-10T10:44:24.5192554Z (pass) Public Exports > execution-store export > should export ExecutionRecord class [0.10ms]
Test (Bun on windows-latest)	UNKNOWN STEP	2026-08-10T10:44:24.5193297Z (pass) Public Exports > execution-store export > should export ExecutionStatus enum [0.10ms]
Test (Bun on windows-latest)	UNKNOWN STEP	2026-08-10T10:44:24.5194135Z (pass) Public Exports > execution-store export > should export LockManager class [0.09ms]
Test (Bun on windows-latest)	UNKNOWN STEP	2026-08-10T10:44:24.5194734Z (pass) Public Exports > execution-store export > should export isClinkInstalled function [0.09ms]
Test (Bun on windows-latest)	UNKNOWN STEP	2026-08-10T10:44:24.5195616Z (pass) Public Exports > execution-store export > should export configuration constants [0.11ms]
Test (Bun on windows-latest)	UNKNOWN STEP	2026-08-10T10:44:24.5271408Z (pass) Public Exports > execution-store export > should allow creating and using ExecutionStore instance [7.49ms]
Test (Bun on windows-latest)	UNKNOWN STEP	2026-08-10T10:44:24.5271908Z 
Test (Bun on windows-latest)	UNKNOWN STEP	2026-08-10T10:44:24.5272201Z ##[endgroup]
Test (Bun on windows-latest)	UNKNOWN STEP	2026-08-10T10:44:24.5272304Z 
Test (Bun on windows-latest)	UNKNOWN STEP	2026-08-10T10:44:24.5272769Z ##[group]test\publish-to-crates.mjs:
Test (Bun on windows-latest)	UNKNOWN STEP	2026-08-10T10:44:25.1753383Z (pass) publish-to-crates script > reports success without a token when the version is already published [639.72ms]
Test (Bun on windows-latest)	UNKNOWN STEP	2026-08-10T10:44:25.3014467Z (pass) publish-to-crates script > fails clearly when a missing version needs a crates token [126.09ms]
Test (Bun on windows-latest)	UNKNOWN STEP	2026-08-10T10:44:25.4936970Z (pass) publish-to-crates script > publishes a missing version with cargo publish [192.23ms]
Test (Bun on windows-latest)	UNKNOWN STEP	2026-08-10T10:44:25.4937404Z 
Test (Bun on windows-latest)	UNKNOWN STEP	2026-08-10T10:44:25.4937784Z ##[endgroup]
Test (Bun on windows-latest)	UNKNOWN STEP	2026-08-10T10:44:25.4937888Z 
Test (Bun on windows-latest)	UNKNOWN STEP	2026-08-10T10:44:25.4938129Z ##[group]test\regression-138.js:
Test (Bun on windows-latest)	UNKNOWN STEP	2026-08-10T10:44:25.6052492Z invalid reference format
Test (Bun on windows-latest)	UNKNOWN STEP	2026-08-10T10:44:25.6064296Z (pass) docker pull is recorded in the session log (issue #138) > writes prep markers and the docker error into the log on a failed pull [110.41ms]
Test (Bun on windows-latest)	UNKNOWN STEP	2026-08-10T10:44:25.6985296Z   Skipping: real pull is unreliable on Windows Docker
Test (Bun on windows-latest)	UNKNOWN STEP	2026-08-10T10:44:25.6987197Z (pass) docker pull is recorded in the session log (issue #138) > tees real pull output and an "Image ready" marker into the log [92.12ms]
Test (Bun on windows-latest)	UNKNOWN STEP	2026-08-10T10:44:25.8036544Z invalid reference format
Test (Bun on windows-latest)	UNKNOWN STEP	2026-08-10T10:44:25.8066614Z (pass) docker pull is recorded in the session log (issue #138) > does not write prep markers when no logPath is given (backward compat) [108.04ms]
Test (Bun on windows-latest)	UNKNOWN STEP	2026-08-10T10:44:25.8070570Z (pass) runInDocker threads logPath into dockerPullImage (issue #138) > source passes options.logPath to dockerPullImage [0.37ms]
Test (Bun on windows-latest)	UNKNOWN STEP	2026-08-10T10:44:25.8071737Z (pass) runInDocker threads logPath into dockerPullImage (issue #138) > dockerPullImage tees output and writes prep markers in source [0.15ms]
Test (Bun on windows-latest)	UNKNOWN STEP	2026-08-10T10:44:25.8072527Z 
Test (Bun on windows-latest)	UNKNOWN STEP	2026-08-10T10:44:25.8073623Z ##[endgroup]
Test (Bun on windows-latest)	UNKNOWN STEP	2026-08-10T10:44:25.8073984Z 
Test (Bun on windows-latest)	UNKNOWN STEP	2026-08-10T10:44:25.8074724Z ##[group]test\regression-150.js:
Test (Bun on windows-latest)	UNKNOWN STEP	2026-08-10T10:44:25.8135378Z (pass) anchored log footer parsing (issue #150) > ignores an `Exit Code:` substring inside the command output [2.20ms]
Test (Bun on windows-latest)	UNKNOWN STEP	2026-08-10T10:44:25.8150286Z (pass) anchored log footer parsing (issue #150) > ignores a bare `Exit Code:` line without the footer block around it [1.49ms]
Test (Bun on windows-latest)	UNKNOWN STEP	2026-08-10T10:44:25.8164705Z (pass) anchored log footer parsing (issue #150) > ignores an `Exit Code:` substring in the middle of a line [1.41ms]
Test (Bun on windows-latest)	UNKNOWN STEP	2026-08-10T10:44:25.8178727Z (pass) anchored log footer parsing (issue #150) > reads the real footer that `start` appends [1.38ms]
Test (Bun on windows-latest)	UNKNOWN STEP	2026-08-10T10:44:25.8192460Z (pass) anchored log footer parsing (issue #150) > reads the real footer even when the output forged one earlier [1.41ms]
Test (Bun on windows-latest)	UNKNOWN STEP	2026-08-10T10:44:25.8208870Z (pass) anchored log footer parsing (issue #150) > reads negative and multi-digit codes, and tolerates CRLF logs [1.64ms]
Test (Bun on windows-latest)	UNKNOWN STEP	2026-08-10T10:44:25.8222931Z (pass) anchored log footer parsing (issue #150) > returns null for a log without a footer and for a missing file [1.37ms]
Test (Bun on windows-latest)	UNKNOWN STEP	2026-08-10T10:44:25.8298939Z (pass) anchored log footer parsing (issue #150) > finds the footer at the end of a large log without reading it all [7.52ms]
Test (Bun on windows-latest)	UNKNOWN STEP	2026-08-10T10:44:25.8313517Z (pass) anchored log footer parsing (issue #150) > drops the partial first line of the tail so it cannot be a line start [1.49ms]
Test (Bun on windows-latest)	UNKNOWN STEP	2026-08-10T10:44:25.8694175Z (pass) detached status is not derailed by forged output (issue #150) > keeps an executing record executing when only the output claims an exit code [38.01ms]
Test (Bun on windows-latest)	UNKNOWN STEP	2026-08-10T10:44:25.9032188Z (pass) detached status is not derailed by forged output (issue #150) > marks the record executed once the genuine footer is appended [33.67ms]
Test (Bun on windows-latest)	UNKNOWN STEP	2026-08-10T10:44:25.9032799Z 
Test (Bun on windows-latest)	UNKNOWN STEP	2026-08-10T10:44:25.9033120Z ##[endgroup]
Test (Bun on windows-latest)	UNKNOWN STEP	2026-08-10T10:44:25.9033234Z 
Test (Bun on windows-latest)	UNKNOWN STEP	2026-08-10T10:44:25.9033472Z ##[group]test\regression-84.js:
Test (Bun on windows-latest)	UNKNOWN STEP	2026-08-10T10:44:25.9066469Z (pass) isInteractiveShellCommand additional cases (issue #84) > should return true for "bash --norc" [0.13ms]
Test (Bun on windows-latest)	UNKNOWN STEP	2026-08-10T10:44:25.9068765Z (pass) isInteractiveShellCommand additional cases (issue #84) > should return true for "zsh --no-rcs" [0.07ms]
Test (Bun on windows-latest)	UNKNOWN STEP	2026-08-10T10:44:25.9070335Z (pass) isInteractiveShellCommand additional cases (issue #84) > should return true for "bash -i" (interactive flag, no -c) [0.05ms]
Test (Bun on windows-latest)	UNKNOWN STEP	2026-08-10T10:44:25.9071875Z (pass) isInteractiveShellCommand additional cases (issue #84) > should return true for "fish" [0.04ms]
Test (Bun on windows-latest)	UNKNOWN STEP	2026-08-10T10:44:25.9073194Z (pass) isInteractiveShellCommand additional cases (issue #84) > should return true for "dash" [0.03ms]
Test (Bun on windows-latest)	UNKNOWN STEP	2026-08-10T10:44:25.9074603Z (pass) isInteractiveShellCommand additional cases (issue #84) > should return true for "/usr/local/bin/bash" [0.03ms]
Test (Bun on windows-latest)	UNKNOWN STEP	2026-08-10T10:44:25.9076880Z (pass) isInteractiveShellCommand additional cases (issue #84) > should return false for 'bash -c "echo hello"' [0.04ms]
Test (Bun on windows-latest)	UNKNOWN STEP	2026-08-10T10:44:25.9078530Z (pass) Regression: No Shell-Inside-Shell (issue #84) > should pass "bash" with -i flag, not wrap in shell -c [0.23ms]
Test (Bun on windows-latest)	UNKNOWN STEP	2026-08-10T10:44:25.9080056Z (pass) Regression: No Shell-Inside-Shell (issue #84) > should pass "zsh" with -i flag, not wrap in shell -c [0.07ms]
Test (Bun on windows-latest)	UNKNOWN STEP	2026-08-10T10:44:25.9081664Z (pass) Regression: No Shell-Inside-Shell (issue #84) > should pass "sh" directly without -i (sh does not use -i flag), not wrap in shell -c [0.06ms]
Test (Bun on windows-latest)	UNKNOWN STEP	2026-08-10T10:44:25.9083639Z (pass) Regression: No Shell-Inside-Shell (issue #84) > should pass "/bin/bash" with -i flag, not wrap in shell -c [0.05ms]
Test (Bun on windows-latest)	UNKNOWN STEP	2026-08-10T10:44:25.9085248Z (pass) Regression: No Shell-Inside-Shell (issue #84) > should pass "bash --norc" with -i flag (workaround for broken .bashrc) [0.06ms]
Test (Bun on windows-latest)	UNKNOWN STEP	2026-08-10T10:44:25.9086851Z (pass) Regression: No Shell-Inside-Shell (issue #84) > should pass "bash -l" directly (login shell, already has its own init) [0.11ms]
Test (Bun on windows-latest)	UNKNOWN STEP	2026-08-10T10:44:25.9088609Z (pass) Regression: No Shell-Inside-Shell (issue #84) > should still wrap non-shell commands in shell -c (guard against over-broad fix) [0.09ms]
Test (Bun on windows-latest)	UNKNOWN STEP	2026-08-10T10:44:25.9090381Z (pass) Regression: No Shell-Inside-Shell (issue #84) > should still wrap "npm test" in shell -c (guard against over-broad fix) [0.06ms]
Test (Bun on windows-latest)	UNKNOWN STEP	2026-08-10T10:44:25.9091885Z (pass) Regression: No Shell-Inside-Shell (issue #84) > should not treat "bash -c something" as bare shell [0.05ms]
Test (Bun on windows-latest)	UNKNOWN STEP	2026-08-10T10:44:25.9093420Z (pass) Regression: No Shell-Inside-Shell (issue #84) > should not duplicate -i if user already passes "bash -i" [0.05ms]
Test (Bun on windows-latest)	UNKNOWN STEP	2026-08-10T10:44:25.9892496Z (pass) Docker daemon availability check (issue #84) > isDockerAvailable should return a boolean [81.27ms]
Test (Bun on windows-latest)	UNKNOWN STEP	2026-08-10T10:44:25.9893732Z (pass) Docker daemon availability check (issue #84) > runInDocker error message for non-running daemon should be actionable [0.12ms]
Test (Bun on windows-latest)	UNKNOWN STEP	2026-08-10T10:44:26.0901522Z (pass) Docker not installed check (issue #84) > isDockerInstalled should return a boolean [99.66ms]
Test (Bun on windows-latest)	UNKNOWN STEP	2026-08-10T10:44:26.0903418Z (pass) Docker not installed check (issue #84) > runInDocker error message for missing docker binary should be actionable [0.15ms]
Test (Bun on windows-latest)	UNKNOWN STEP	2026-08-10T10:44:26.1815583Z (pass) Docker not installed check (issue #84) > isDockerInstalled should return false consistently when docker binary is absent (mock) [92.22ms]
Test (Bun on windows-latest)	UNKNOWN STEP	2026-08-10T10:44:26.1817850Z (pass) Post-fix regression hint: --norc suggestion (issue #84) > should suggest --norc for bare bash that exits quickly [0.24ms]
Test (Bun on windows-latest)	UNKNOWN STEP	2026-08-10T10:44:26.1819889Z (pass) Post-fix regression hint: --norc suggestion (issue #84) > should suggest --no-rcs for bare zsh that exits quickly [0.08ms]
Test (Bun on windows-latest)	UNKNOWN STEP	2026-08-10T10:44:26.1821471Z (pass) Post-fix regression hint: --norc suggestion (issue #84) > should suggest --norc for /bin/bash path that exits quickly [0.12ms]
Test (Bun on windows-latest)	UNKNOWN STEP	2026-08-10T10:44:26.1823339Z (pass) Post-fix regression hint: --norc suggestion (issue #84) > should suggest --norc for bare sh that exits quickly [0.06ms]
Test (Bun on windows-latest)	UNKNOWN STEP	2026-08-10T10:44:26.1824858Z (pass) Post-fix regression hint: --norc suggestion (issue #84) > should confirm workaround: bash --norc is detected as bare shell [0.06ms]
Test (Bun on windows-latest)	UNKNOWN STEP	2026-08-10T10:44:26.1825797Z 
Test (Bun on windows-latest)	UNKNOWN STEP	2026-08-10T10:44:26.1826248Z ##[endgroup]
Test (Bun on windows-latest)	UNKNOWN STEP	2026-08-10T10:44:26.1826417Z 
Test (Bun on windows-latest)	UNKNOWN STEP	2026-08-10T10:44:26.1826798Z ##[group]test\regression-89.js:
Test (Bun on windows-latest)	UNKNOWN STEP	2026-08-10T10:44:26.1849180Z (pass) Virtual docker pull output before Docker error (issue #89) > should show "$ docker pull <image>" line when Docker is not installed and image is specified [0.24ms]
Test (Bun on windows-latest)	UNKNOWN STEP	2026-08-10T10:44:26.1851728Z (pass) Virtual docker pull output before Docker error (issue #89) > should show "$ docker pull <image>" before the error message (issue #89) [0.26ms]
Test (Bun on windows-latest)	UNKNOWN STEP	2026-08-10T10:44:26.1852931Z (pass) Virtual docker pull output before Docker error (issue #89) > should output "$ docker pull <image>" in the correct format ($ prefix, no extra prefix) [0.11ms]
Test (Bun on windows-latest)	UNKNOWN STEP	2026-08-10T10:44:26.1858018Z (pass) runInDocker virtual pull output contract (issue #89) > runInDocker should output docker pull command but NOT ✗/│ markers before returning (issue #89) [0.31ms]
Test (Bun on windows-latest)	UNKNOWN STEP	2026-08-10T10:44:26.1859487Z 
Test (Bun on windows-latest)	UNKNOWN STEP	2026-08-10T10:44:26.1859881Z ##[endgroup]
Test (Bun on windows-latest)	UNKNOWN STEP	2026-08-10T10:44:26.1860058Z 
Test (Bun on windows-latest)	UNKNOWN STEP	2026-08-10T10:44:26.1860423Z ##[group]test\regression-91.js:
Test (Bun on windows-latest)	UNKNOWN STEP	2026-08-10T10:44:26.1881193Z (pass) isShellInvocationWithArgs (issue #91) > should return true for "bash -i -c nvm --version" [0.08ms]
Test (Bun on windows-latest)	UNKNOWN STEP	2026-08-10T10:44:26.1882421Z (pass) isShellInvocationWithArgs (issue #91) > should return true for 'bash -c "echo hello"' [0.03ms]
Test (Bun on windows-latest)	UNKNOWN STEP	2026-08-10T10:44:26.1883571Z (pass) isShellInvocationWithArgs (issue #91) > should return true for "bash -c echo hello" [0.04ms]
Test (Bun on windows-latest)	UNKNOWN STEP	2026-08-10T10:44:26.1884634Z (pass) isShellInvocationWithArgs (issue #91) > should return true for "zsh -c nvm --version" [0.03ms]
Test (Bun on windows-latest)	UNKNOWN STEP	2026-08-10T10:44:26.1885606Z (pass) isShellInvocationWithArgs (issue #91) > should return true for "sh -c ls" [0.04ms]
Test (Bun on windows-latest)	UNKNOWN STEP	2026-08-10T10:44:26.1886249Z (pass) isShellInvocationWithArgs (issue #91) > should return true for "/bin/bash -c echo hi" [0.04ms]
Test (Bun on windows-latest)	UNKNOWN STEP	2026-08-10T10:44:26.1887549Z (pass) isShellInvocationWithArgs (issue #91) > should return false for bare "bash" (no -c) [0.03ms]
Test (Bun on windows-latest)	UNKNOWN STEP	2026-08-10T10:44:26.1888851Z (pass) isShellInvocationWithArgs (issue #91) > should return false for "bash -i" (no -c) [0.04ms]
Test (Bun on windows-latest)	UNKNOWN STEP	2026-08-10T10:44:26.1890114Z (pass) isShellInvocationWithArgs (issue #91) > should return false for "bash --norc" (no -c) [0.05ms]
Test (Bun on windows-latest)	UNKNOWN STEP	2026-08-10T10:44:26.1891382Z (pass) isShellInvocationWithArgs (issue #91) > should return false for non-shell commands [0.05ms]
Test (Bun on windows-latest)	UNKNOWN STEP	2026-08-10T10:44:26.1892755Z (pass) buildShellWithArgsCmdArgs (issue #91) > should reconstruct "bash -i -c nvm --version" correctly [0.12ms]
Test (Bun on windows-latest)	UNKNOWN STEP	2026-08-10T10:44:26.1894139Z (pass) buildShellWithArgsCmdArgs (issue #91) > should reconstruct "bash -c echo hello" correctly [0.07ms]
Test (Bun on windows-latest)	UNKNOWN STEP	2026-08-10T10:44:26.1895443Z (pass) buildShellWithArgsCmdArgs (issue #91) > should handle single-word script "bash -c ls" [0.04ms]
Test (Bun on windows-latest)	UNKNOWN STEP	2026-08-10T10:44:26.1896619Z (pass) buildShellWithArgsCmdArgs (issue #91) > should handle zsh with -c [0.04ms]
Test (Bun on windows-latest)	UNKNOWN STEP	2026-08-10T10:44:26.1897818Z (pass) buildShellWithArgsCmdArgs (issue #91) > should handle /bin/bash -i -c with multi-word script [0.04ms]
Test (Bun on windows-latest)	UNKNOWN STEP	2026-08-10T10:44:26.1900307Z (pass) buildShellWithArgsCmdArgs (issue #91) > should not include -c argument inside script argument (no double -c) [0.05ms]
Test (Bun on windows-latest)	UNKNOWN STEP	2026-08-10T10:44:26.1902060Z (pass) Regression: No Double-Wrapping for Shell With -c (issue #91) > should pass "bash -i -c nvm --version" directly without outer shell wrapper [0.20ms]
Test (Bun on windows-latest)	UNKNOWN STEP	2026-08-10T10:44:26.1903928Z (pass) Regression: No Double-Wrapping for Shell With -c (issue #91) > should pass "zsh -c nvm --version" directly without outer shell wrapper [0.12ms]
Test (Bun on windows-latest)	UNKNOWN STEP	2026-08-10T10:44:26.1905589Z (pass) Regression: No Double-Wrapping for Shell With -c (issue #91) > should pass "bash -c echo hello" directly [0.07ms]
Test (Bun on windows-latest)	UNKNOWN STEP	2026-08-10T10:44:26.1907122Z (pass) Regression: No Double-Wrapping for Shell With -c (issue #91) > should not introduce a second bash layer (no shell-inside-shell) [0.08ms]
Test (Bun on windows-latest)	UNKNOWN STEP	2026-08-10T10:44:26.1908831Z (pass) Regression: No Double-Wrapping for Shell With -c (issue #91) > should still handle bare "bash" with -i (regression guard for issue #84) [0.06ms]
Test (Bun on windows-latest)	UNKNOWN STEP	2026-08-10T10:44:26.1911451Z (pass) Regression: No Double-Wrapping for Shell With -c (issue #91) > should still wrap non-shell commands in outer shell -c (guard against over-broad fix) [0.06ms]
Test (Bun on windows-latest)	UNKNOWN STEP	2026-08-10T10:44:26.1913104Z (pass) Regression: No Double-Wrapping for Shell With -c (issue #91) > should still wrap "npm test" in outer shell -c [0.07ms]
Test (Bun on windows-latest)	UNKNOWN STEP	2026-08-10T10:44:26.1914690Z (pass) isShellInvocationWithArgs is mutually exclusive with isInteractiveShellCommand > "bash" is not both bare-shell and shell-with-args [0.06ms]
Test (Bun on windows-latest)	UNKNOWN STEP	2026-08-10T10:44:26.1916488Z (pass) isShellInvocationWithArgs is mutually exclusive with isInteractiveShellCommand > "bash -i" is not both bare-shell and shell-with-args [0.01ms]
Test (Bun on windows-latest)	UNKNOWN STEP	2026-08-10T10:44:26.1918267Z (pass) isShellInvocationWithArgs is mutually exclusive with isInteractiveShellCommand > "bash --norc" is not both bare-shell and shell-with-args
Test (Bun on windows-latest)	UNKNOWN STEP	2026-08-10T10:44:26.1920438Z (pass) isShellInvocationWithArgs is mutually exclusive with isInteractiveShellCommand > "bash -i -c nvm --version" is not both bare-shell and shell-with-args [0.01ms]
Test (Bun on windows-latest)	UNKNOWN STEP	2026-08-10T10:44:26.1922761Z (pass) isShellInvocationWithArgs is mutually exclusive with isInteractiveShellCommand > "bash -c echo hi" is not both bare-shell and shell-with-args
Test (Bun on windows-latest)	UNKNOWN STEP	2026-08-10T10:44:26.1924081Z (pass) isShellInvocationWithArgs is mutually exclusive with isInteractiveShellCommand > "zsh -c ls" is not both bare-shell and shell-with-args
Test (Bun on windows-latest)	UNKNOWN STEP	2026-08-10T10:44:26.1925103Z (pass) isShellInvocationWithArgs is mutually exclusive with isInteractiveShellCommand > "nvm --version" is not both bare-shell and shell-with-args
Test (Bun on windows-latest)	UNKNOWN STEP	2026-08-10T10:44:26.1926118Z (pass) isShellInvocationWithArgs is mutually exclusive with isInteractiveShellCommand > "echo hello" is not both bare-shell and shell-with-args
Test (Bun on windows-latest)	UNKNOWN STEP	2026-08-10T10:44:26.1927415Z (pass) buildDisplayCommand (issue #91 display fix) > should quote the -c script argument when it contains spaces [0.13ms]
Test (Bun on windows-latest)	UNKNOWN STEP	2026-08-10T10:44:26.1928906Z (pass) buildDisplayCommand (issue #91 display fix) > should quote the -c script argument for plain "bash -c echo hello" [0.04ms]
Test (Bun on windows-latest)	UNKNOWN STEP	2026-08-10T10:44:26.1930332Z (pass) buildDisplayCommand (issue #91 display fix) > should not double-quote if script has no spaces [0.03ms]
Test (Bun on windows-latest)	UNKNOWN STEP	2026-08-10T10:44:26.1931729Z (pass) buildDisplayCommand (issue #91 display fix) > should return command unchanged for non-shell-with-args commands [0.03ms]
Test (Bun on windows-latest)	UNKNOWN STEP	2026-08-10T10:44:26.1933198Z (pass) buildDisplayCommand (issue #91 display fix) > should return command unchanged for bare shell invocations [0.02ms]
Test (Bun on windows-latest)	UNKNOWN STEP	2026-08-10T10:44:26.1934450Z (pass) buildDisplayCommand (issue #91 display fix) > should handle zsh -c with spaces [0.03ms]
Test (Bun on windows-latest)	UNKNOWN STEP	2026-08-10T10:44:26.1935145Z 
Test (Bun on windows-latest)	UNKNOWN STEP	2026-08-10T10:44:26.1935909Z ##[endgroup]
Test (Bun on windows-latest)	UNKNOWN STEP	2026-08-10T10:44:26.1936041Z 
Test (Bun on windows-latest)	UNKNOWN STEP	2026-08-10T10:44:26.1936297Z ##[group]test\release-name.mjs:
Test (Bun on windows-latest)	UNKNOWN STEP	2026-08-10T10:44:26.1949624Z (pass) releaseTag > uses plain "v${version}" when no prefix is given [0.05ms]
Test (Bun on windows-latest)	UNKNOWN STEP	2026-08-10T10:44:26.1950243Z (pass) releaseTag > prepends known language prefixes [0.03ms]
Test (Bun on windows-latest)	UNKNOWN STEP	2026-08-10T10:44:26.1951256Z (pass) releaseTag > passes arbitrary prefixes through [0.02ms]
Test (Bun on windows-latest)	UNKNOWN STEP	2026-08-10T10:44:26.1952092Z (pass) releaseName > returns bare version when prefix is empty (preserves pre-issue-108 behaviour) [0.06ms]
Test (Bun on windows-latest)	UNKNOWN STEP	2026-08-10T10:44:26.1952713Z (pass) releaseName > decorates known language prefixes with human titles [0.04ms]
Test (Bun on windows-latest)	UNKNOWN STEP	2026-08-10T10:44:26.1953243Z (pass) releaseName > falls back to "${prefix}${version}" for unknown prefixes [0.03ms]
Test (Bun on windows-latest)	UNKNOWN STEP	2026-08-10T10:44:26.1954283Z (pass) release badge helpers > strips plain and language-prefixed v tags before building badge versions [0.19ms]
Test (Bun on windows-latest)	UNKNOWN STEP	2026-08-10T10:44:26.1955583Z (pass) release badge helpers > escapes shields.io static badge path delimiters in prerelease versions [0.14ms]
Test (Bun on windows-latest)	UNKNOWN STEP	2026-08-10T10:44:26.1957566Z (pass) release badge helpers > builds an exact npm version badge without leaking the js tag prefix [0.16ms]
Test (Bun on windows-latest)	UNKNOWN STEP	2026-08-10T10:44:26.1958818Z (pass) release badge helpers > builds an exact crates.io version badge without leaking the rust tag prefix [0.09ms]
Test (Bun on windows-latest)	UNKNOWN STEP	2026-08-10T10:44:26.1962693Z (pass) extractChangelogEntry > extracts a Changesets-style JavaScript entry [0.38ms]
Test (Bun on windows-latest)	UNKNOWN STEP	2026-08-10T10:44:26.1963680Z (pass) extractChangelogEntry > extracts a Keep-a-Changelog-style Rust entry [0.10ms]
Test (Bun on windows-latest)	UNKNOWN STEP	2026-08-10T10:44:26.1964200Z 
Test (Bun on windows-latest)	UNKNOWN STEP	2026-08-10T10:44:26.1964437Z ##[endgroup]
Test (Bun on windows-latest)	UNKNOWN STEP	2026-08-10T10:44:26.1964547Z 
Test (Bun on windows-latest)	UNKNOWN STEP	2026-08-10T10:44:26.1964764Z ##[group]test\run-js-tests.mjs:
Test (Bun on windows-latest)	UNKNOWN STEP	2026-08-10T10:44:26.1990589Z (pass) run-js-tests timeout defaults > adds a 30 second timeout when no timeout is supplied [0.08ms]
Test (Bun on windows-latest)	UNKNOWN STEP	2026-08-10T10:44:26.1991520Z (pass) run-js-tests timeout defaults > preserves an explicit long timeout flag [0.05ms]
Test (Bun on windows-latest)	UNKNOWN STEP	2026-08-10T10:44:26.1992429Z (pass) run-js-tests timeout defaults > preserves an explicit inline timeout flag [0.06ms]
Test (Bun on windows-latest)	UNKNOWN STEP	2026-08-10T10:44:26.1992994Z (pass) run-js-tests timeout defaults > preserves Bun short timeout flag [0.05ms]
Test (Bun on windows-latest)	UNKNOWN STEP	2026-08-10T10:44:26.1993296Z 
Test (Bun on windows-latest)	UNKNOWN STEP	2026-08-10T10:44:26.1993528Z ##[endgroup]
Test (Bun on windows-latest)	UNKNOWN STEP	2026-08-10T10:44:26.1993634Z 
Test (Bun on windows-latest)	UNKNOWN STEP	2026-08-10T10:44:26.1993880Z ##[group]test\screen-integration.js:
Test (Bun on windows-latest)	UNKNOWN STEP	2026-08-10T10:44:26.2968831Z (pass) Screen Integration Tests > runInScreen (if available) > should run command in detached screen session [95.34ms]
Test (Bun on windows-latest)	UNKNOWN STEP	2026-08-10T10:44:26.2969445Z   Skipping: screen not installed
Test (Bun on windows-latest)	UNKNOWN STEP	2026-08-10T10:44:26.3906013Z (pass) Screen Integration Tests > runInScreen (if available) > should stream detached screen output to the tracked CLI log path [93.72ms]
Test (Bun on windows-latest)	UNKNOWN STEP	2026-08-10T10:44:26.3906682Z   Skipping: screen not installed
Test (Bun on windows-latest)	UNKNOWN STEP	2026-08-10T10:44:26.4832250Z   Skipping: screen not installed
Test (Bun on windows-latest)	UNKNOWN STEP	2026-08-10T10:44:26.5764436Z (pass) Screen Integration Tests > runInScreen (if available) > should run command in attached mode and capture output (issue #15) [92.60ms]
Test (Bun on windows-latest)	UNKNOWN STEP	2026-08-10T10:44:26.5765371Z (pass) Screen Integration Tests > runInScreen (if available) > should handle multi-line output in attached mode [93.15ms]
Test (Bun on windows-latest)	UNKNOWN STEP	2026-08-10T10:44:26.5765911Z   Skipping: screen not installed
Test (Bun on windows-latest)	UNKNOWN STEP	2026-08-10T10:44:26.6689733Z   Skipping: screen not installed
Test (Bun on windows-latest)	UNKNOWN STEP	2026-08-10T10:44:26.6690444Z (pass) Screen Integration Tests > runInScreen (if available) > should capture output from commands with quoted strings (issue #25) [92.60ms]
Test (Bun on windows-latest)	UNKNOWN STEP	2026-08-10T10:44:26.7691342Z (pass) Screen Integration Tests > runInScreen (if available) > should capture output from commands with complex quoted strings [100.06ms]
Test (Bun on windows-latest)	UNKNOWN STEP	2026-08-10T10:44:26.7692491Z   Skipping: screen not installed
Test (Bun on windows-latest)	UNKNOWN STEP	2026-08-10T10:44:26.8629095Z (pass) Screen Integration Tests > runInScreen (if available) > should always return output property in attached mode (issue #25 fix verification) [93.79ms]
Test (Bun on windows-latest)	UNKNOWN STEP	2026-08-10T10:44:26.8629803Z   Skipping: screen not installed
Test (Bun on windows-latest)	UNKNOWN STEP	2026-08-10T10:44:26.9548298Z (pass) Screen Integration Tests > runInScreen (if available) > should capture output from version-flag commands (issue #96) [91.91ms]
Test (Bun on windows-latest)	UNKNOWN STEP	2026-08-10T10:44:26.9548933Z   Skipping: screen not installed
Test (Bun on windows-latest)	UNKNOWN STEP	2026-08-10T10:44:27.0465673Z (pass) Screen Integration Tests > runInScreen (if available) > should capture exit code from failed commands (issue #96) [91.71ms]
Test (Bun on windows-latest)	UNKNOWN STEP	2026-08-10T10:44:27.0466604Z   Skipping: screen not installed
Test (Bun on windows-latest)	UNKNOWN STEP	2026-08-10T10:44:27.1379768Z (pass) Screen Integration Tests > runInScreen (if available) > should capture stderr output in screen isolation (issue #96) [91.28ms]
Test (Bun on windows-latest)	UNKNOWN STEP	2026-08-10T10:44:27.1380853Z   Skipping: screen not installed
Test (Bun on windows-latest)	UNKNOWN STEP	2026-08-10T10:44:27.2310244Z   Skipping: screen not installed
Test (Bun on windows-latest)	UNKNOWN STEP	2026-08-10T10:44:27.2310949Z (pass) Screen Integration Tests > runInScreen (if available) > should capture multi-line output with correct exit code (issue #96) [93.16ms]
Test (Bun on windows-latest)	UNKNOWN STEP	2026-08-10T10:44:27.2311490Z 
Test (Bun on windows-latest)	UNKNOWN STEP	2026-08-10T10:44:27.2311792Z ##[endgroup]
Test (Bun on windows-latest)	UNKNOWN STEP	2026-08-10T10:44:27.2311956Z 
Test (Bun on windows-latest)	UNKNOWN STEP	2026-08-10T10:44:27.2312387Z ##[group]test\sequence-parser.js:
Test (Bun on windows-latest)	UNKNOWN STEP	2026-08-10T10:44:27.2338744Z (pass) Sequence Parser > parseSequence > should parse single value [0.05ms]
Test (Bun on windows-latest)	UNKNOWN STEP	2026-08-10T10:44:27.2339719Z (pass) Sequence Parser > parseSequence > should parse space-separated sequence [0.04ms]
Test (Bun on windows-latest)	UNKNOWN STEP	2026-08-10T10:44:27.2340619Z (pass) Sequence Parser > parseSequence > should parse sequence with underscores as null [0.04ms]
Test (Bun on windows-latest)	UNKNOWN STEP	2026-08-10T10:44:27.2341659Z (pass) Sequence Parser > parseSequence > should handle all underscores [0.03ms]
Test (Bun on windows-latest)	UNKNOWN STEP	2026-08-10T10:44:27.2342446Z (pass) Sequence Parser > parseSequence > should handle empty string [0.04ms]
Test (Bun on windows-latest)	UNKNOWN STEP	2026-08-10T10:44:27.2343788Z (pass) Sequence Parser > parseSequence > should handle null/undefined [0.04ms]
Test (Bun on windows-latest)	UNKNOWN STEP	2026-08-10T10:44:27.2344713Z (pass) Sequence Parser > parseSequence > should trim whitespace [0.04ms]
Test (Bun on windows-latest)	UNKNOWN STEP	2026-08-10T10:44:27.2345778Z (pass) Sequence Parser > parseSequence > should handle multiple spaces between values [0.04ms]
Test (Bun on windows-latest)	UNKNOWN STEP	2026-08-10T10:44:27.2346889Z (pass) Sequence Parser > formatSequence > should format array with values [0.06ms]
Test (Bun on windows-latest)	UNKNOWN STEP	2026-08-10T10:44:27.2348025Z (pass) Sequence Parser > formatSequence > should format array with nulls as underscores [0.05ms]
Test (Bun on windows-latest)	UNKNOWN STEP	2026-08-10T10:44:27.2349076Z (pass) Sequence Parser > formatSequence > should handle empty array [0.03ms]
Test (Bun on windows-latest)	UNKNOWN STEP	2026-08-10T10:44:27.2350006Z (pass) Sequence Parser > formatSequence > should handle non-array [0.03ms]
Test (Bun on windows-latest)	UNKNOWN STEP	2026-08-10T10:44:27.2350914Z (pass) Sequence Parser > shiftSequence > should remove first element [0.06ms]
Test (Bun on windows-latest)	UNKNOWN STEP	2026-08-10T10:44:27.2351822Z (pass) Sequence Parser > shiftSequence > should handle nulls [0.03ms]
Test (Bun on windows-latest)	UNKNOWN STEP	2026-08-10T10:44:27.2353067Z (pass) Sequence Parser > shiftSequence > should handle single element [0.03ms]
Test (Bun on windows-latest)	UNKNOWN STEP	2026-08-10T10:44:27.2354044Z (pass) Sequence Parser > shiftSequence > should handle empty array [0.05ms]
Test (Bun on windows-latest)	UNKNOWN STEP	2026-08-10T10:44:27.2355070Z (pass) Sequence Parser > isSequence > should return true for space-separated values [0.03ms]
Test (Bun on windows-latest)	UNKNOWN STEP	2026-08-10T10:44:27.2356139Z (pass) Sequence Parser > isSequence > should return false for single value [0.03ms]
Test (Bun on windows-latest)	UNKNOWN STEP	2026-08-10T10:44:27.2357107Z (pass) Sequence Parser > isSequence > should return false for non-string [0.04ms]
Test (Bun on windows-latest)	UNKNOWN STEP	2026-08-10T10:44:27.2358194Z (pass) Sequence Parser > distributeOption > should replicate single value for all levels [0.11ms]
Test (Bun on windows-latest)	UNKNOWN STEP	2026-08-10T10:44:27.2359389Z (pass) Sequence Parser > distributeOption > should parse sequence with matching length [0.04ms]
Test (Bun on windows-latest)	UNKNOWN STEP	2026-08-10T10:44:27.2360497Z (pass) Sequence Parser > distributeOption > should throw on length mismatch [0.08ms]
Test (Bun on windows-latest)	UNKNOWN STEP	2026-08-10T10:44:27.2361552Z (pass) Sequence Parser > distributeOption > should handle null/undefined value [0.04ms]
Test (Bun on windows-latest)	UNKNOWN STEP	2026-08-10T10:44:27.2362543Z (pass) Sequence Parser > getValueAtLevel > should get value at valid index [0.12ms]
Test (Bun on windows-latest)	UNKNOWN STEP	2026-08-10T10:44:27.2363408Z (pass) Sequence Parser > getValueAtLevel > should handle nulls [0.05ms]
Test (Bun on windows-latest)	UNKNOWN STEP	2026-08-10T10:44:27.2364293Z (pass) Sequence Parser > getValueAtLevel > should return null for out of bounds [0.03ms]
Test (Bun on windows-latest)	UNKNOWN STEP	2026-08-10T10:44:27.2365263Z (pass) Sequence Parser > getValueAtLevel > should handle non-array [0.03ms]
Test (Bun on windows-latest)	UNKNOWN STEP	2026-08-10T10:44:27.2366198Z (pass) Sequence Parser > formatIsolationChain > should format simple chain [0.15ms]
Test (Bun on windows-latest)	UNKNOWN STEP	2026-08-10T10:44:27.2367168Z (pass) Sequence Parser > formatIsolationChain > should add SSH endpoint [0.06ms]
Test (Bun on windows-latest)	UNKNOWN STEP	2026-08-10T10:44:27.2368196Z (pass) Sequence Parser > formatIsolationChain > should add Docker image short name [0.05ms]
Test (Bun on windows-latest)	UNKNOWN STEP	2026-08-10T10:44:27.2369564Z (pass) Sequence Parser > formatIsolationChain > should handle placeholders [0.03ms]
Test (Bun on windows-latest)	UNKNOWN STEP	2026-08-10T10:44:27.2370770Z (pass) Sequence Parser > formatIsolationChain > should handle empty array [0.02ms]
Test (Bun on windows-latest)	UNKNOWN STEP	2026-08-10T10:44:27.2371767Z (pass) Sequence Parser > buildNextLevelOptions > should shift all stacks [0.16ms]
Test (Bun on windows-latest)	UNKNOWN STEP	2026-08-10T10:44:27.2373081Z (pass) Sequence Parser > buildNextLevelOptions > should handle last level [0.05ms]
Test (Bun on windows-latest)	UNKNOWN STEP	2026-08-10T10:44:27.2373654Z 
Test (Bun on windows-latest)	UNKNOWN STEP	2026-08-10T10:44:27.2374063Z ##[endgroup]
Test (Bun on windows-latest)	UNKNOWN STEP	2026-08-10T10:44:27.2374234Z 
Test (Bun on windows-latest)	UNKNOWN STEP	2026-08-10T10:44:27.2374631Z ##[group]test\session-name-status.js:
Test (Bun on windows-latest)	UNKNOWN STEP	2026-08-10T10:44:27.2399893Z === Session Name Status Tests (Issue #101) ===
Test (Bun on windows-latest)	UNKNOWN STEP	2026-08-10T10:44:27.4152438Z (pass) Issue #101: --status with session name lookup > ExecutionStore.get() session name lookup > should find record by UUID [3.06ms]
Test (Bun on windows-latest)	UNKNOWN STEP	2026-08-10T10:44:27.4179132Z (pass) Issue #101: --status with session name lookup > ExecutionStore.get() session name lookup > should find record by session name [2.68ms]
Test (Bun on windows-latest)	UNKNOWN STEP	2026-08-10T10:44:27.4221325Z (pass) Issue #101: --status with session name lookup > ExecutionStore.get() session name lookup > should prefer UUID match over session name [4.20ms]
Test (Bun on windows-latest)	UNKNOWN STEP	2026-08-10T10:44:27.4228841Z (pass) Issue #101: --status with session name lookup > ExecutionStore.get() session name lookup > should return null for non-existent session name [0.74ms]
Test (Bun on windows-latest)	UNKNOWN STEP	2026-08-10T10:44:27.4253259Z (pass) Issue #101: --status with session name lookup > ExecutionStore.get() session name lookup > should return null for record without session name [2.41ms]
Test (Bun on windows-latest)	UNKNOWN STEP	2026-08-10T10:44:27.4314223Z (pass) Issue #101: --status with session name lookup > queryStatus() with session name > should query status by session name [6.04ms]
Test (Bun on windows-latest)	UNKNOWN STEP	2026-08-10T10:44:27.4323054Z (pass) Issue #101: --status with session name lookup > queryStatus() with session name > should show error for non-existent session name [0.92ms]
Test (Bun on windows-latest)	UNKNOWN STEP	2026-08-10T10:44:27.5436398Z (pass) Issue #101: --status with session name lookup > CLI --status with session name > should query by session name via CLI [111.25ms]
Test (Bun on windows-latest)	UNKNOWN STEP	2026-08-10T10:44:27.6342824Z (pass) Issue #101: --status with session name lookup > CLI --status with session name > should show error for non-existent session name via CLI [90.60ms]
Test (Bun on windows-latest)	UNKNOWN STEP	2026-08-10T10:44:27.6344523Z (pass) Issue #101: Detached status enrichment > isDetachedSessionAlive() > should return null for non-detached records [0.15ms]
Test (Bun on windows-latest)	UNKNOWN STEP	2026-08-10T10:44:27.6345484Z (pass) Issue #101: Detached status enrichment > isDetachedSessionAlive() > should return null for records without session name [0.06ms]
Test (Bun on windows-latest)	UNKNOWN STEP	2026-08-10T10:44:27.6469550Z (pass) Issue #101: Detached status enrichment > isDetachedSessionAlive() > should return false for non-existent screen session [12.43ms]
Test (Bun on windows-latest)	UNKNOWN STEP	2026-08-10T10:44:27.6812196Z (pass) Issue #101: Detached status enrichment > isDetachedSessionAlive() > should return false for non-existent docker container [34.19ms]
Test (Bun on windows-latest)	UNKNOWN STEP	2026-08-10T10:44:27.6813413Z (pass) Issue #101: Detached status enrichment > enrichDetachedStatus() > should not modify non-detached records [0.20ms]
Test (Bun on windows-latest)	UNKNOWN STEP	2026-08-10T10:44:27.6944370Z (pass) Issue #101: Detached status enrichment > enrichDetachedStatus() > should mark non-running detached session as executed [13.00ms]
Test (Bun on windows-latest)	UNKNOWN STEP	2026-08-10T10:44:27.6946810Z (pass) Issue #101: Detached status enrichment > enrichDetachedStatus() > Issue #134: completed record with a lingering live session > keeps the recorded exit code when the session is still listed [0.23ms]
Test (Bun on windows-latest)	UNKNOWN STEP	2026-08-10T10:44:27.6948499Z (pass) Issue #101: Detached status enrichment > enrichDetachedStatus() > Issue #134: completed record with a lingering live session > honors the log footer exit code even without a recorded exit code [0.09ms]
Test (Bun on windows-latest)	UNKNOWN STEP	2026-08-10T10:44:27.6950264Z (pass) Issue #101: Detached status enrichment > enrichDetachedStatus() > Issue #134: completed record with a lingering live session > flips to executing only when there is no terminal record at all [0.10ms]
Test (Bun on windows-latest)	UNKNOWN STEP	2026-08-10T10:44:27.6952850Z (pass) Issue #136: detached docker session liveness > reports unknown (null) — not false — when the container is not visible yet [0.06ms]
Test (Bun on windows-latest)	UNKNOWN STEP	2026-08-10T10:44:27.6954628Z (pass) Issue #136: detached docker session liveness > keeps the record executing while the container is not visible yet [0.05ms]
Test (Bun on windows-latest)	UNKNOWN STEP	2026-08-10T10:44:27.6955534Z (pass) Issue #136: detached docker session liveness > keeps a running container executing [0.09ms]
Test (Bun on windows-latest)	UNKNOWN STEP	2026-08-10T10:44:27.6956318Z (pass) Issue #136: detached docker session liveness > resolves a stopped container to its real exit code, never the -1 sentinel [0.10ms]
Test (Bun on windows-latest)	UNKNOWN STEP	2026-08-10T10:44:27.8940274Z (pass) Issue #144: detached docker OOMKilled status signal > surfaces oomKilled in status output even when Docker exit code is 0 [198.67ms]
Test (Bun on windows-latest)	UNKNOWN STEP	2026-08-10T10:44:27.9581422Z (pass) Issue #144: detached docker OOMKilled status signal > surfaces oomKilled in list output [64.12ms]
Test (Bun on windows-latest)	UNKNOWN STEP	2026-08-10T10:44:27.9901677Z (pass) Issue #148: detached docker OOMKilled terminal status when the container is gone > makes an OOM-killed session terminal once its container is gone [31.94ms]
Test (Bun on windows-latest)	UNKNOWN STEP	2026-08-10T10:44:28.0504498Z (pass) Issue #148: detached docker OOMKilled terminal status when the container is gone > uses the container exit code, not 137, for a stopped OOM-flagged container [60.27ms]
Test (Bun on windows-latest)	UNKNOWN STEP	2026-08-10T10:44:28.1118771Z (pass) Issue #151: OOMKilled is an observation, not a verdict > keeps a running container executing while exposing oomKilled [61.42ms]
Test (Bun on windows-latest)	UNKNOWN STEP	2026-08-10T10:44:28.1444576Z (pass) Issue #151: OOMKilled is an observation, not a verdict > never synthesizes 137 for a running container that reports exit code 137 [32.54ms]
Test (Bun on windows-latest)	UNKNOWN STEP	2026-08-10T10:44:28.2054868Z (pass) Issue #151: OOMKilled is an observation, not a verdict > reports the container exit code 0 once an OOM-flagged container finishes [61.04ms]
Test (Bun on windows-latest)	UNKNOWN STEP	2026-08-10T10:44:28.2372442Z (pass) Issue #151: OOMKilled is an observation, not a verdict > prefers the log footer exit code over the OOM fallback when the container is gone [31.75ms]
Test (Bun on windows-latest)	UNKNOWN STEP	2026-08-10T10:44:28.2979849Z (pass) Issue #151: OOMKilled is an observation, not a verdict > keeps the list output executing for an OOM-flagged running container [60.70ms]
Test (Bun on windows-latest)	UNKNOWN STEP	2026-08-10T10:44:28.2981941Z (pass) Issue #105: attachCurrentTime for executing status > should add currentTime to serialization when status is executing [0.24ms]
Test (Bun on windows-latest)	UNKNOWN STEP	2026-08-10T10:44:28.2983815Z (pass) Issue #105: attachCurrentTime for executing status > should not add currentTime when status is executed [0.08ms]
Test (Bun on windows-latest)	UNKNOWN STEP	2026-08-10T10:44:28.2985168Z (pass) Issue #105: attachCurrentTime for executing status > should not mutate the original record [0.08ms]
Test (Bun on windows-latest)	UNKNOWN STEP	2026-08-10T10:44:28.2986622Z (pass) Issue #105: attachCurrentTime for executing status > should place currentTime right after startTime in serialization order [0.10ms]
Test (Bun on windows-latest)	UNKNOWN STEP	2026-08-10T10:44:28.2988089Z (pass) Issue #105: attachCurrentTime for executing status > should handle null record gracefully [0.03ms]
Test (Bun on windows-latest)	UNKNOWN STEP	2026-08-10T10:44:28.2988834Z 
Test (Bun on windows-latest)	UNKNOWN STEP	2026-08-10T10:44:28.2989385Z ##[endgroup]
Test (Bun on windows-latest)	UNKNOWN STEP	2026-08-10T10:44:28.2989557Z 
Test (Bun on windows-latest)	UNKNOWN STEP	2026-08-10T10:44:28.2989941Z ##[group]test\ssh-integration.js:
Test (Bun on windows-latest)	UNKNOWN STEP	2026-08-10T10:44:28.5865039Z   SSH to localhost not available, integration tests will be skipped
Test (Bun on windows-latest)	UNKNOWN STEP	2026-08-10T10:44:28.5869466Z (pass) SSH Integration Tests > runInSsh with real SSH connection > should execute simple command in attached mode [0.35ms]
Test (Bun on windows-latest)	UNKNOWN STEP	2026-08-10T10:44:28.5870469Z   Skipping: SSH to localhost not available
Test (Bun on windows-latest)	UNKNOWN STEP	2026-08-10T10:44:28.5872083Z (pass) SSH Integration Tests > runInSsh with real SSH connection > should execute command with arguments [0.16ms]
Test (Bun on windows-latest)	UNKNOWN STEP	2026-08-10T10:44:28.5873009Z   Skipping: SSH to localhost not available
Test (Bun on windows-latest)	UNKNOWN STEP	2026-08-10T10:44:28.5874275Z (pass) SSH Integration Tests > runInSsh with real SSH connection > should handle command failure with non-zero exit code [0.15ms]
Test (Bun on windows-latest)	UNKNOWN STEP	2026-08-10T10:44:28.5875464Z   Skipping: SSH to localhost not available
Test (Bun on windows-latest)	UNKNOWN STEP	2026-08-10T10:44:28.5876778Z (pass) SSH Integration Tests > runInSsh with real SSH connection > should execute command in detached mode [0.18ms]
Test (Bun on windows-latest)	UNKNOWN STEP	2026-08-10T10:44:28.5878439Z (pass) SSH Integration Tests > runInSsh with real SSH connection > should handle multiple sequential commands [0.14ms]
Test (Bun on windows-latest)	UNKNOWN STEP	2026-08-10T10:44:28.5881497Z (pass) SSH Integration Tests > runInSsh with real SSH connection > should handle command with environment variables [0.16ms]
Test (Bun on windows-latest)	UNKNOWN STEP	2026-08-10T10:44:28.5882824Z   Skipping: SSH to localhost not available
Test (Bun on windows-latest)	UNKNOWN STEP	2026-08-10T10:44:28.5883598Z   Skipping: SSH to localhost not available
Test (Bun on windows-latest)	UNKNOWN STEP	2026-08-10T10:44:28.5884031Z   Skipping: SSH to localhost not available
Test (Bun on windows-latest)	UNKNOWN STEP	2026-08-10T10:44:28.5884584Z (pass) SSH Integration Tests > runInSsh with real SSH connection > should handle special characters in command [0.15ms]
Test (Bun on windows-latest)	UNKNOWN STEP	2026-08-10T10:44:28.5885314Z (pass) SSH Integration Tests > runInSsh with real SSH connection > should work with custom session name [0.22ms]
Test (Bun on windows-latest)	UNKNOWN STEP	2026-08-10T10:44:28.5885809Z   Skipping: SSH to localhost not available
Test (Bun on windows-latest)	UNKNOWN STEP	2026-08-10T10:44:28.5886083Z   Skipping: SSH to localhost not available
Test (Bun on windows-latest)	UNKNOWN STEP	2026-08-10T10:44:28.5886400Z   Note: SSH connection error handling is tested via unit tests
Test (Bun on windows-latest)	UNKNOWN STEP	2026-08-10T10:44:28.6782996Z (pass) SSH Integration Tests > SSH error handling > should fail gracefully with invalid endpoint [90.13ms]
Test (Bun on windows-latest)	UNKNOWN STEP	2026-08-10T10:44:28.8661677Z (pass) SSH CLI Integration > should work through CLI with --isolated ssh --endpoint [0.37ms]
Test (Bun on windows-latest)	UNKNOWN STEP	2026-08-10T10:44:28.8662510Z   Skipping: SSH to localhost not available
Test (Bun on windows-latest)	UNKNOWN STEP	2026-08-10T10:44:28.8674395Z 
Test (Bun on windows-latest)	UNKNOWN STEP	2026-08-10T10:44:28.8675116Z ##[endgroup]
Test (Bun on windows-latest)	UNKNOWN STEP	2026-08-10T10:44:28.8675326Z 
Test (Bun on windows-latest)	UNKNOWN STEP	2026-08-10T10:44:28.8675746Z ##[group]test\status-query.js:
Test (Bun on windows-latest)	UNKNOWN STEP	2026-08-10T10:44:28.8706392Z === Status Query Integration Tests ===
Test (Bun on windows-latest)	UNKNOWN STEP	2026-08-10T10:44:28.9750405Z (pass) --status query functionality > links-notation format (default) > should output status in links-notation indented format by default [103.95ms]
Test (Bun on windows-latest)	UNKNOWN STEP	2026-08-10T10:44:29.0843542Z (pass) --status query functionality > links-notation format (default) > should output status in links-notation format with explicit flag [109.30ms]
Test (Bun on windows-latest)	UNKNOWN STEP	2026-08-10T10:44:29.1916558Z (pass) --status query functionality > json format > should output status in JSON format [107.28ms]
Test (Bun on windows-latest)	UNKNOWN STEP	2026-08-10T10:44:29.2999862Z (pass) --status query functionality > text format > should output status in human-readable text format [108.30ms]
Test (Bun on windows-latest)	UNKNOWN STEP	2026-08-10T10:44:29.4059634Z (pass) --status query functionality > error handling > should show error for non-existent UUID [105.96ms]
Test (Bun on windows-latest)	UNKNOWN STEP	2026-08-10T10:44:29.4900788Z (pass) --status query functionality > error handling > should show error when tracking is disabled [84.08ms]
Test (Bun on windows-latest)	UNKNOWN STEP	2026-08-10T10:44:29.6028566Z (pass) --status query functionality > --list query functionality > should output all tracked executions in links-notation format by default [112.74ms]
Test (Bun on windows-latest)	UNKNOWN STEP	2026-08-10T10:44:29.7106056Z (pass) --status query functionality > --list query functionality > should output all tracked executions in JSON format [107.76ms]
Test (Bun on windows-latest)	UNKNOWN STEP	2026-08-10T10:44:29.8001058Z (pass) --status query functionality > --list query functionality > should show count zero when no records are stored [89.47ms]
Test (Bun on windows-latest)	UNKNOWN STEP	2026-08-10T10:44:29.8826896Z (pass) --status query functionality > --list query functionality > should show error when tracking is disabled [82.56ms]
Test (Bun on windows-latest)	UNKNOWN STEP	2026-08-10T10:44:30.0057403Z (pass) --status query functionality > --upload-log functionality > should run gh-upload-log with the stored execution log path [123.01ms]
Test (Bun on windows-latest)	UNKNOWN STEP	2026-08-10T10:44:30.0073701Z   Skipping: shell fixture uses POSIX scripts
Test (Bun on windows-latest)	UNKNOWN STEP	2026-08-10T10:44:30.0079848Z (pass) --status query functionality > --upload-log functionality > should install gh-upload-log when it is missing before uploading [2.29ms]
Test (Bun on windows-latest)	UNKNOWN STEP	2026-08-10T10:44:30.1237054Z (pass) --status query functionality > --upload-log functionality > should show an error when the stored log file is missing [115.65ms]
Test (Bun on windows-latest)	UNKNOWN STEP	2026-08-10T10:44:30.2304799Z (pass) --status query functionality > executing status > should show executing status for ongoing commands [106.77ms]
Test (Bun on windows-latest)	UNKNOWN STEP	2026-08-10T10:44:30.3376885Z (pass) --status query functionality > executing status > should include currentTime for executing commands (JSON) [107.17ms]
Test (Bun on windows-latest)	UNKNOWN STEP	2026-08-10T10:44:30.4424532Z (pass) --status query functionality > executing status > should not include currentTime for completed commands (JSON) [104.75ms]
Test (Bun on windows-latest)	UNKNOWN STEP	2026-08-10T10:44:30.5500194Z (pass) --status query functionality > executing status > should include currentTime in links-notation for executing commands [107.53ms]
Test (Bun on windows-latest)	UNKNOWN STEP	2026-08-10T10:44:30.5517171Z   Skipping: POSIX screen/pgrep process tree fixture is not available on Windows
Test (Bun on windows-latest)	UNKNOWN STEP	2026-08-10T10:44:30.5523478Z (pass) --status query functionality > executing status > should indent nested process ID arrays in links-notation [2.36ms]
Test (Bun on windows-latest)	UNKNOWN STEP	2026-08-10T10:44:30.6650181Z (pass) --status query functionality > executing status > should include Current Time in text format for executing commands [112.59ms]
Test (Bun on windows-latest)	UNKNOWN STEP	2026-08-10T10:44:30.7725370Z (pass) --status query functionality > executing status > should not include Current Time in text format for completed commands [107.49ms]
Test (Bun on windows-latest)	UNKNOWN STEP	2026-08-10T10:44:30.7725973Z 
Test (Bun on windows-latest)	UNKNOWN STEP	2026-08-10T10:44:30.7726405Z ##[endgroup]
Test (Bun on windows-latest)	UNKNOWN STEP	2026-08-10T10:44:30.7726509Z 
Test (Bun on windows-latest)	UNKNOWN STEP	2026-08-10T10:44:30.7726748Z ##[group]test\substitution.js:
Test (Bun on windows-latest)	UNKNOWN STEP	2026-08-10T10:44:30.7761621Z === Substitution Engine Unit Tests ===
Test (Bun on windows-latest)	UNKNOWN STEP	2026-08-10T10:44:30.7761846Z 
Test (Bun on windows-latest)	UNKNOWN STEP	2026-08-10T10:44:30.7772440Z ✓ Loaded 48 substitution rules
Test (Bun on windows-latest)	UNKNOWN STEP	2026-08-10T10:44:30.7772751Z 
Test (Bun on windows-latest)	UNKNOWN STEP	2026-08-10T10:44:30.7773327Z ✓ Test: loadDefaultSubstitutions() returns array of rules
Test (Bun on windows-latest)	UNKNOWN STEP	2026-08-10T10:44:30.7773903Z ✓ Test: Rules have correct structure (pattern, replacement, regex)
Test (Bun on windows-latest)	UNKNOWN STEP	2026-08-10T10:44:30.7774179Z 
Test (Bun on windows-latest)	UNKNOWN STEP	2026-08-10T10:44:30.7774270Z === Pattern Matching Tests ===
Test (Bun on windows-latest)	UNKNOWN STEP	2026-08-10T10:44:30.7774420Z 
Test (Bun on windows-latest)	UNKNOWN STEP	2026-08-10T10:44:30.7778587Z ✓ PASS: Basic npm install
Test (Bun on windows-latest)	UNKNOWN STEP	2026-08-10T10:44:30.7779829Z   Input:  "install gh-upload-log npm package"
Test (Bun on windows-latest)	UNKNOWN STEP	2026-08-10T10:44:30.7780406Z   Output: "npm install gh-upload-log"
Test (Bun on windows-latest)	UNKNOWN STEP	2026-08-10T10:44:30.7780732Z 
Test (Bun on windows-latest)	UNKNOWN STEP	2026-08-10T10:44:30.7781032Z ✓ PASS: npm install with version
Test (Bun on windows-latest)	UNKNOWN STEP	2026-08-10T10:44:30.7781599Z   Input:  "install 0.0.1 version of gh-upload-log npm package"
Test (Bun on windows-latest)	UNKNOWN STEP	2026-08-10T10:44:30.7782219Z   Output: "npm install gh-upload-log@0.0.1"
Test (Bun on windows-latest)	UNKNOWN STEP	2026-08-10T10:44:30.7782559Z 
Test (Bun on windows-latest)	UNKNOWN STEP	2026-08-10T10:44:30.7783389Z ✓ PASS: Global npm install
Test (Bun on windows-latest)	UNKNOWN STEP	2026-08-10T10:44:30.7783871Z   Input:  "install lodash npm package globally"
Test (Bun on windows-latest)	UNKNOWN STEP	2026-08-10T10:44:30.7784410Z   Output: "npm install -g lodash"
Test (Bun on windows-latest)	UNKNOWN STEP	2026-08-10T10:44:30.7785156Z 
Test (Bun on windows-latest)	UNKNOWN STEP	2026-08-10T10:44:30.7785655Z ✓ PASS: Global npm install with version
Test (Bun on windows-latest)	UNKNOWN STEP	2026-08-10T10:44:30.7786286Z   Input:  "install 4.17.21 version of lodash npm package globally"
Test (Bun on windows-latest)	UNKNOWN STEP	2026-08-10T10:44:30.7786905Z   Output: "npm install -g lodash@4.17.21"
Test (Bun on windows-latest)	UNKNOWN STEP	2026-08-10T10:44:30.7787246Z 
Test (Bun on windows-latest)	UNKNOWN STEP	2026-08-10T10:44:30.7787458Z ✓ PASS: npm uninstall
Test (Bun on windows-latest)	UNKNOWN STEP	2026-08-10T10:44:30.7787783Z   Input:  "uninstall lodash npm package"
Test (Bun on windows-latest)	UNKNOWN STEP	2026-08-10T10:44:30.7788043Z   Output: "npm uninstall lodash"
Test (Bun on windows-latest)	UNKNOWN STEP	2026-08-10T10:44:30.7788204Z 
Test (Bun on windows-latest)	UNKNOWN STEP	2026-08-10T10:44:30.7788317Z ✓ PASS: Git clone with URL
Test (Bun on windows-latest)	UNKNOWN STEP	2026-08-10T10:44:30.7788606Z   Input:  "clone https://github.com/user/repo repository"
Test (Bun on windows-latest)	UNKNOWN STEP	2026-08-10T10:44:30.7788959Z   Output: "git clone https://github.com/user/repo"
Test (Bun on windows-latest)	UNKNOWN STEP	2026-08-10T10:44:30.7789165Z 
Test (Bun on windows-latest)	UNKNOWN STEP	2026-08-10T10:44:30.7789281Z ✓ PASS: Git clone with SSH URL
Test (Bun on windows-latest)	UNKNOWN STEP	2026-08-10T10:44:30.7789549Z   Input:  "clone git@github.com:user/repo.git repository"
Test (Bun on windows-latest)	UNKNOWN STEP	2026-08-10T10:44:30.7789877Z   Output: "git clone git@github.com:user/repo.git"
Test (Bun on windows-latest)	UNKNOWN STEP	2026-08-10T10:44:30.7790093Z 
Test (Bun on windows-latest)	UNKNOWN STEP	2026-08-10T10:44:30.7790224Z ✓ PASS: Git checkout branch
Test (Bun on windows-latest)	UNKNOWN STEP	2026-08-10T10:44:30.7790526Z   Input:  "checkout main branch"
Test (Bun on windows-latest)	UNKNOWN STEP	2026-08-10T10:44:30.7791307Z   Output: "git checkout main"
Test (Bun on windows-latest)	UNKNOWN STEP	2026-08-10T10:44:30.7791862Z 
Test (Bun on windows-latest)	UNKNOWN STEP	2026-08-10T10:44:30.7792291Z ✓ PASS: Git create branch
Test (Bun on windows-latest)	UNKNOWN STEP	2026-08-10T10:44:30.7792664Z   Input:  "create feature-x branch"
Test (Bun on windows-latest)	UNKNOWN STEP	2026-08-10T10:44:30.7792979Z   Output: "git checkout -b feature-x"
Test (Bun on windows-latest)	UNKNOWN STEP	2026-08-10T10:44:30.7793171Z 
Test (Bun on windows-latest)	UNKNOWN STEP	2026-08-10T10:44:30.7793364Z ✓ PASS: List files
Test (Bun on windows-latest)	UNKNOWN STEP	2026-08-10T10:44:30.7793625Z   Input:  "list files"
Test (Bun on windows-latest)	UNKNOWN STEP	2026-08-10T10:44:30.7793813Z   Output: "ls -la"
Test (Bun on windows-latest)	UNKNOWN STEP	2026-08-10T10:44:30.7793919Z 
Test (Bun on windows-latest)	UNKNOWN STEP	2026-08-10T10:44:30.7794046Z ✓ PASS: Show working directory
Test (Bun on windows-latest)	UNKNOWN STEP	2026-08-10T10:44:30.7794267Z   Input:  "show current directory"
Test (Bun on windows-latest)	UNKNOWN STEP	2026-08-10T10:44:30.7794487Z   Output: "pwd"
Test (Bun on windows-latest)	UNKNOWN STEP	2026-08-10T10:44:30.7794592Z 
Test (Bun on windows-latest)	UNKNOWN STEP	2026-08-10T10:44:30.7794699Z ✓ PASS: Create directory
Test (Bun on windows-latest)	UNKNOWN STEP	2026-08-10T10:44:30.7794910Z   Input:  "create my-project directory"
Test (Bun on windows-latest)	UNKNOWN STEP	2026-08-10T10:44:30.7795157Z   Output: "mkdir -p my-project"
Test (Bun on windows-latest)	UNKNOWN STEP	2026-08-10T10:44:30.7795589Z 
Test (Bun on windows-latest)	UNKNOWN STEP	2026-08-10T10:44:30.7795697Z ✓ PASS: pip install
Test (Bun on windows-latest)	UNKNOWN STEP	2026-08-10T10:44:30.7795901Z   Input:  "install requests python package"
Test (Bun on windows-latest)	UNKNOWN STEP	2026-08-10T10:44:30.7796294Z   Output: "pip install requests"
Test (Bun on windows-latest)	UNKNOWN STEP	2026-08-10T10:44:30.7796444Z 
Test (Bun on windows-latest)	UNKNOWN STEP	2026-08-10T10:44:30.7796614Z ✓ PASS: Non-matching command (pass through)
Test (Bun on windows-latest)	UNKNOWN STEP	2026-08-10T10:44:30.7796882Z   Input:  "echo hello world"
Test (Bun on windows-latest)	UNKNOWN STEP	2026-08-10T10:44:30.7797096Z   Output: "echo hello world"
Test (Bun on windows-latest)	UNKNOWN STEP	2026-08-10T10:44:30.7797227Z 
Test (Bun on windows-latest)	UNKNOWN STEP	2026-08-10T10:44:30.7797369Z ✓ PASS: Regular npm command (pass through)
Test (Bun on windows-latest)	UNKNOWN STEP	2026-08-10T10:44:30.7797616Z   Input:  "npm test"
Test (Bun on windows-latest)	UNKNOWN STEP	2026-08-10T10:44:30.7797799Z   Output: "npm test"
Test (Bun on windows-latest)	UNKNOWN STEP	2026-08-10T10:44:30.7797905Z 
Test (Bun on windows-latest)	UNKNOWN STEP	2026-08-10T10:44:30.7797993Z === Pattern Specificity Tests ===
Test (Bun on windows-latest)	UNKNOWN STEP	2026-08-10T10:44:30.7798146Z 
Test (Bun on windows-latest)	UNKNOWN STEP	2026-08-10T10:44:30.7798283Z ✓ Test: Pattern specificity works correctly
Test (Bun on windows-latest)	UNKNOWN STEP	2026-08-10T10:44:30.7798614Z   Input:  "install 1.0.0 version of express npm package globally"
Test (Bun on windows-latest)	UNKNOWN STEP	2026-08-10T10:44:30.7798951Z   Output: "npm install -g express@1.0.0"
Test (Bun on windows-latest)	UNKNOWN STEP	2026-08-10T10:44:30.7799129Z 
Test (Bun on windows-latest)	UNKNOWN STEP	2026-08-10T10:44:30.7799211Z === Variable Extraction Tests ===
Test (Bun on windows-latest)	UNKNOWN STEP	2026-08-10T10:44:30.7799367Z 
Test (Bun on windows-latest)	UNKNOWN STEP	2026-08-10T10:44:30.7799562Z ✓ Test: Variable extraction and substitution works correctly
Test (Bun on windows-latest)	UNKNOWN STEP	2026-08-10T10:44:30.7799921Z   Pattern matched: "install $packageName npm package"
Test (Bun on windows-latest)	UNKNOWN STEP	2026-08-10T10:44:30.7800214Z   Variables in pattern: [packageName]
Test (Bun on windows-latest)	UNKNOWN STEP	2026-08-10T10:44:30.7800467Z   Result command: "npm install my-package"
Test (Bun on windows-latest)	UNKNOWN STEP	2026-08-10T10:44:30.7800643Z 
Test (Bun on windows-latest)	UNKNOWN STEP	2026-08-10T10:44:30.7800732Z === processCommand Integration Tests ===
Test (Bun on windows-latest)	UNKNOWN STEP	2026-08-10T10:44:30.7800904Z 
Test (Bun on windows-latest)	UNKNOWN STEP	2026-08-10T10:44:30.7801257Z ✓ Test: processCommand applies substitutions
Test (Bun on windows-latest)	UNKNOWN STEP	2026-08-10T10:44:30.7801875Z   Input:  "list files"
Test (Bun on windows-latest)	UNKNOWN STEP	2026-08-10T10:44:30.7802291Z   Output: "ls -la"
Test (Bun on windows-latest)	UNKNOWN STEP	2026-08-10T10:44:30.7802481Z   Matched: true
Test (Bun on windows-latest)	UNKNOWN STEP	2026-08-10T10:44:30.7802588Z 
Test (Bun on windows-latest)	UNKNOWN STEP	2026-08-10T10:44:30.7805784Z ✓ Test: processCommand passes through non-matching commands
Test (Bun on windows-latest)	UNKNOWN STEP	2026-08-10T10:44:30.7806272Z 
Test (Bun on windows-latest)	UNKNOWN STEP	2026-08-10T10:44:30.7806639Z ##[endgroup]
Test (Bun on windows-latest)	UNKNOWN STEP	2026-08-10T10:44:30.7806763Z 
Test (Bun on windows-latest)	UNKNOWN STEP	2026-08-10T10:44:30.7806991Z ##[group]test\user-manager.js:
Test (Bun on windows-latest)	UNKNOWN STEP	2026-08-10T10:44:30.7807309Z   Input:  "echo test"
Test (Bun on windows-latest)	UNKNOWN STEP	2026-08-10T10:44:30.7807534Z   Output: "echo test"
Test (Bun on windows-latest)	UNKNOWN STEP	2026-08-10T10:44:30.7807715Z   Matched: false
Test (Bun on windows-latest)	UNKNOWN STEP	2026-08-10T10:44:30.7807816Z 
Test (Bun on windows-latest)	UNKNOWN STEP	2026-08-10T10:44:30.7807886Z === Test Summary ===
Test (Bun on windows-latest)	UNKNOWN STEP	2026-08-10T10:44:30.7808077Z Pattern Matching: 15/15 tests passed
Test (Bun on windows-latest)	UNKNOWN STEP	2026-08-10T10:44:30.7808314Z Total Tests: 22/22 passed
Test (Bun on windows-latest)	UNKNOWN STEP	2026-08-10T10:44:30.7808436Z 
Test (Bun on windows-latest)	UNKNOWN STEP	2026-08-10T10:44:30.7808666Z ✓ All tests passed!
Test (Bun on windows-latest)	UNKNOWN STEP	2026-08-10T10:44:30.7808838Z 
Test (Bun on windows-latest)	UNKNOWN STEP	2026-08-10T10:44:30.8209201Z (pass) user-manager > getCurrentUser > should return a non-empty string [36.80ms]
Test (Bun on windows-latest)	UNKNOWN STEP	2026-08-10T10:44:30.8438928Z (pass) user-manager > getCurrentUser > should return a valid username format [22.92ms]
Test (Bun on windows-latest)	UNKNOWN STEP	2026-08-10T10:44:30.8769547Z groups: cannot find name for group ID 197121
Test (Bun on windows-latest)	UNKNOWN STEP	2026-08-10T10:44:30.8770178Z (pass) user-manager > getCurrentUserGroups > should return an array [33.20ms]
Test (Bun on windows-latest)	UNKNOWN STEP	2026-08-10T10:44:30.9017481Z groups: cannot find name for group ID 197121
Test (Bun on windows-latest)	UNKNOWN STEP	2026-08-10T10:44:30.9018111Z (pass) user-manager > getCurrentUserGroups > should return at least one group (the primary group) [24.70ms]
Test (Bun on windows-latest)	UNKNOWN STEP	2026-08-10T10:44:30.9264962Z groups: cannot find name for group ID 197121
Test (Bun on windows-latest)	UNKNOWN STEP	2026-08-10T10:44:30.9265491Z (pass) user-manager > getCurrentUserGroups > should return groups as strings [24.71ms]
Test (Bun on windows-latest)	UNKNOWN STEP	2026-08-10T10:44:30.9839304Z (pass) user-manager > userExists > should return true for current user [57.36ms]
Test (Bun on windows-latest)	UNKNOWN STEP	2026-08-10T10:44:31.0088170Z (pass) user-manager > userExists > should return false for non-existent user [24.85ms]
Test (Bun on windows-latest)	UNKNOWN STEP	2026-08-10T10:44:31.0089474Z (pass) user-manager > userExists > should return true for root user (on Unix) [0.11ms]
Test (Bun on windows-latest)	UNKNOWN STEP	2026-08-10T10:44:31.0090252Z (pass) user-manager > groupExists > should return true for root group (on Unix) [0.10ms]
Test (Bun on windows-latest)	UNKNOWN STEP	2026-08-10T10:44:31.0211232Z (pass) user-manager > groupExists > should return false for non-existent group [12.05ms]
Test (Bun on windows-latest)	UNKNOWN STEP	2026-08-10T10:44:31.0213056Z (pass) user-manager > generateIsolatedUsername > should generate unique usernames [0.17ms]
Test (Bun on windows-latest)	UNKNOWN STEP	2026-08-10T10:44:31.0215251Z (pass) user-manager > generateIsolatedUsername > should use default prefix [0.06ms]
Test (Bun on windows-latest)	UNKNOWN STEP	2026-08-10T10:44:31.0216576Z (pass) user-manager > generateIsolatedUsername > should use custom prefix [0.06ms]
Test (Bun on windows-latest)	UNKNOWN STEP	2026-08-10T10:44:31.0217752Z (pass) user-manager > generateIsolatedUsername > should generate valid username (no special chars) [0.08ms]
Test (Bun on windows-latest)	UNKNOWN STEP	2026-08-10T10:44:31.0218902Z (pass) user-manager > generateIsolatedUsername > should not exceed 31 characters [0.04ms]
Test (Bun on windows-latest)	UNKNOWN STEP	2026-08-10T10:44:31.0220011Z (pass) user-manager > generateIsolatedUsername > should handle long prefix by truncating [0.06ms]
Test (Bun on windows-latest)	UNKNOWN STEP	2026-08-10T10:44:31.0468677Z (pass) user-manager > getUserInfo > should return exists: false for non-existent user [25.11ms]
Test (Bun on windows-latest)	UNKNOWN STEP	2026-08-10T10:44:31.0935742Z (pass) user-manager > getUserInfo > should return user info for current user [46.68ms]
Test (Bun on windows-latest)	UNKNOWN STEP	2026-08-10T10:44:31.0936823Z (pass) user-manager > getUserInfo > should include uid for existing user [0.16ms]
Test (Bun on windows-latest)	UNKNOWN STEP	2026-08-10T10:44:31.0938715Z (pass) args-parser user isolation options > --isolated-user option (user isolation) > should parse --isolated-user flag [0.14ms]
Test (Bun on windows-latest)	UNKNOWN STEP	2026-08-10T10:44:31.0940582Z (pass) args-parser user isolation options > --isolated-user option (user isolation) > should parse --isolated-user with custom username [0.10ms]
Test (Bun on windows-latest)	UNKNOWN STEP	2026-08-10T10:44:31.0942271Z (pass) args-parser user isolation options > --isolated-user option (user isolation) > should parse --isolated-user=value format [0.08ms]
Test (Bun on windows-latest)	UNKNOWN STEP	2026-08-10T10:44:31.0943985Z (pass) args-parser user isolation options > --isolated-user option (user isolation) > should parse -u shorthand [0.09ms]
Test (Bun on windows-latest)	UNKNOWN STEP	2026-08-10T10:44:31.0945833Z (pass) args-parser user isolation options > --isolated-user option (user isolation) > should parse -u with custom username [0.09ms]
Test (Bun on windows-latest)	UNKNOWN STEP	2026-08-10T10:44:31.0947460Z (pass) args-parser user isolation options > --isolated-user option (user isolation) > should work with isolation options [0.09ms]
Test (Bun on windows-latest)	UNKNOWN STEP	2026-08-10T10:44:31.0949164Z (pass) args-parser user isolation options > --isolated-user option (user isolation) > should throw error when used with docker isolation [0.30ms]
Test (Bun on windows-latest)	UNKNOWN STEP	2026-08-10T10:44:31.0950913Z (pass) args-parser user isolation options > --isolated-user option (user isolation) > should validate custom username format [0.12ms]
Test (Bun on windows-latest)	UNKNOWN STEP	2026-08-10T10:44:31.0952616Z (pass) args-parser user isolation options > --isolated-user option (user isolation) > should validate custom username length [0.14ms]
Test (Bun on windows-latest)	UNKNOWN STEP	2026-08-10T10:44:31.0954377Z (pass) args-parser user isolation options > --isolated-user option (user isolation) > should work with screen isolation and custom username [0.09ms]
Test (Bun on windows-latest)	UNKNOWN STEP	2026-08-10T10:44:31.0955862Z (pass) args-parser user isolation options > --isolated-user option (user isolation) > should work with tmux isolation [0.06ms]
Test (Bun on windows-latest)	UNKNOWN STEP	2026-08-10T10:44:31.0957193Z (pass) args-parser user isolation options > --keep-user option > should parse --keep-user with --isolated-user [0.06ms]
Test (Bun on windows-latest)	UNKNOWN STEP	2026-08-10T10:44:31.0958567Z (pass) args-parser user isolation options > --keep-user option > should throw error when used without --isolated-user [0.11ms]
Test (Bun on windows-latest)	UNKNOWN STEP	2026-08-10T10:44:31.0959401Z 
Test (Bun on windows-latest)	UNKNOWN STEP	2026-08-10T10:44:31.0959839Z ##[endgroup]
Test (Bun on windows-latest)	UNKNOWN STEP	2026-08-10T10:44:31.0960011Z 
Test (Bun on windows-latest)	UNKNOWN STEP	2026-08-10T10:44:31.0960382Z ##[group]test\version.js:
Test (Bun on windows-latest)	UNKNOWN STEP	2026-08-10T10:44:31.4964367Z (pass) Version Flag Tests > Basic version flag > should show version with --version [397.25ms]
Test (Bun on windows-latest)	UNKNOWN STEP	2026-08-10T10:44:31.8980288Z (pass) Version Flag Tests > Basic version flag > should show version with -v [401.63ms]
Test (Bun on windows-latest)	UNKNOWN STEP	2026-08-10T10:44:32.2793396Z (pass) Version Flag Tests > Basic version flag > should show version with --version -- (trailing separator) [381.22ms]
Test (Bun on windows-latest)	UNKNOWN STEP	2026-08-10T10:44:32.6615615Z (pass) Version Flag Tests > Runtime detection > should show Bun version when running with Bun [382.21ms]
Test (Bun on windows-latest)	UNKNOWN STEP	2026-08-10T10:44:33.0521089Z (pass) Version Flag Tests > OS version detection > should show OS information [390.54ms]
Test (Bun on windows-latest)	UNKNOWN STEP	2026-08-10T10:44:33.4373766Z (pass) Version Flag Tests > OS version detection > should show macOS ProductVersion on darwin [385.25ms]
Test (Bun on windows-latest)	UNKNOWN STEP	2026-08-10T10:44:33.8310631Z (pass) Version Flag Tests > Tool version detection > should detect screen version if installed [393.65ms]
Test (Bun on windows-latest)	UNKNOWN STEP	2026-08-10T10:44:34.2311094Z (pass) Version Flag Tests > Tool version detection > should detect tmux version if installed [400.00ms]
Test (Bun on windows-latest)	UNKNOWN STEP	2026-08-10T10:44:34.6710493Z (pass) Version Flag Tests > Tool version detection > should detect docker version if installed [439.95ms]
Test (Bun on windows-latest)	UNKNOWN STEP	2026-08-10T10:44:35.0611515Z (pass) Version Flag Tests > Verbose mode > should show verbose output with --version --verbose [390.05ms]
Test (Bun on windows-latest)	UNKNOWN STEP	2026-08-10T10:44:35.4434416Z (pass) Version Flag Tests > Verbose mode > should show verbose output with --version --debug [382.30ms]
Test (Bun on windows-latest)	UNKNOWN STEP	2026-08-10T10:44:35.8317939Z (pass) Version Flag Tests > Verbose mode > should show verbose output with START_VERBOSE=1 [388.31ms]
Test (Bun on windows-latest)	UNKNOWN STEP	2026-08-10T10:44:35.9089765Z (pass) Version Flag Tests > Error cases > should error with "No command provided" for $ -- [77.19ms]
Test (Bun on windows-latest)	UNKNOWN STEP	2026-08-10T10:44:35.9873936Z (pass) Version Flag Tests > Error cases > should error with "No command provided" for no args [78.36ms]
Test (Bun on windows-latest)	UNKNOWN STEP	2026-08-10T10:44:35.9874414Z 
Test (Bun on windows-latest)	UNKNOWN STEP	2026-08-10T10:44:35.9874718Z ##[endgroup]
Test (Bun on windows-latest)	UNKNOWN STEP	2026-08-10T10:44:35.9880416Z 
Test (Bun on windows-latest)	UNKNOWN STEP	2026-08-10T10:44:35.9880635Z  705 pass
Test (Bun on windows-latest)	UNKNOWN STEP	2026-08-10T10:44:35.9880916Z  0 fail
Test (Bun on windows-latest)	UNKNOWN STEP	2026-08-10T10:44:35.9881202Z  560 expect() calls
Test (Bun on windows-latest)	UNKNOWN STEP	2026-08-10T10:44:35.9881535Z Ran 705 tests across 38 files. [35.01s]
Test (Bun on windows-latest)	UNKNOWN STEP	2026-08-10T10:44:36.1278089Z ##[group]Run bun run src/bin/cli.js echo "Testing default mode"
Test (Bun on windows-latest)	UNKNOWN STEP	2026-08-10T10:44:36.1278637Z ^[[36;1mbun run src/bin/cli.js echo "Testing default mode"^[[0m
Test (Bun on windows-latest)	UNKNOWN STEP	2026-08-10T10:44:36.1278986Z ^[[36;1mecho "Default mode test passed"^[[0m
Test (Bun on windows-latest)	UNKNOWN STEP	2026-08-10T10:44:36.1349728Z shell: C:\Program Files\PowerShell\7\pwsh.EXE -command ". '{0}'"
Test (Bun on windows-latest)	UNKNOWN STEP	2026-08-10T10:44:36.1350072Z env:
Test (Bun on windows-latest)	UNKNOWN STEP	2026-08-10T10:44:36.1350265Z   FORCE_JAVASCRIPT_ACTIONS_TO_NODE24: true
Test (Bun on windows-latest)	UNKNOWN STEP	2026-08-10T10:44:36.1350514Z ##[endgroup]
Test (Bun on windows-latest)	UNKNOWN STEP	2026-08-10T10:44:36.4731963Z │ session   909bdfce-d1ac-4864-b091-74d428a82089
Test (Bun on windows-latest)	UNKNOWN STEP	2026-08-10T10:44:36.4732392Z │ start     2026-08-10 10:44:36.467
Test (Bun on windows-latest)	UNKNOWN STEP	2026-08-10T10:44:36.4732643Z │
Test (Bun on windows-latest)	UNKNOWN STEP	2026-08-10T10:44:36.4732805Z $ echo Testing default mode
Test (Bun on windows-latest)	UNKNOWN STEP	2026-08-10T10:44:36.4732982Z 
Test (Bun on windows-latest)	UNKNOWN STEP	2026-08-10T10:44:36.7847985Z Testing
Test (Bun on windows-latest)	UNKNOWN STEP	2026-08-10T10:44:36.7860873Z default
Test (Bun on windows-latest)	UNKNOWN STEP	2026-08-10T10:44:36.7861153Z mode
Test (Bun on windows-latest)	UNKNOWN STEP	2026-08-10T10:44:36.8037733Z 
Test (Bun on windows-latest)	UNKNOWN STEP	2026-08-10T10:44:36.8040152Z ✓
Test (Bun on windows-latest)	UNKNOWN STEP	2026-08-10T10:44:36.8040944Z │ finish    2026-08-10 10:44:36.795
Test (Bun on windows-latest)	UNKNOWN STEP	2026-08-10T10:44:36.8042474Z │ duration  0.328s
Test (Bun on windows-latest)	UNKNOWN STEP	2026-08-10T10:44:36.8042934Z │ exit      0
Test (Bun on windows-latest)	UNKNOWN STEP	2026-08-10T10:44:36.8043275Z │
Test (Bun on windows-latest)	UNKNOWN STEP	2026-08-10T10:44:36.8044213Z │ log       C:\Users\RUNNER~1\AppData\Local\Temp\start-command\logs\direct\909bdfce-d1ac-4864-b091-74d428a82089.log
Test (Bun on windows-latest)	UNKNOWN STEP	2026-08-10T10:44:36.8045110Z │ session   909bdfce-d1ac-4864-b091-74d428a82089
Test (Bun on windows-latest)	UNKNOWN STEP	2026-08-10T10:44:36.8991867Z Default mode test passed
Test (Bun on windows-latest)	UNKNOWN STEP	2026-08-10T10:44:36.9857024Z ##[group]Run bun run src/bin/cli.js --use-command-stream echo "Testing command-stream mode"
Test (Bun on windows-latest)	UNKNOWN STEP	2026-08-10T10:44:36.9857753Z ^[[36;1mbun run src/bin/cli.js --use-command-stream echo "Testing command-stream mode"^[[0m
Test (Bun on windows-latest)	UNKNOWN STEP	2026-08-10T10:44:36.9858222Z ^[[36;1mecho "Command-stream mode test passed"^[[0m
Test (Bun on windows-latest)	UNKNOWN STEP	2026-08-10T10:44:36.9928674Z shell: C:\Program Files\PowerShell\7\pwsh.EXE -command ". '{0}'"
Test (Bun on windows-latest)	UNKNOWN STEP	2026-08-10T10:44:36.9929007Z env:
Test (Bun on windows-latest)	UNKNOWN STEP	2026-08-10T10:44:36.9929200Z   FORCE_JAVASCRIPT_ACTIONS_TO_NODE24: true
Test (Bun on windows-latest)	UNKNOWN STEP	2026-08-10T10:44:36.9929450Z ##[endgroup]
Test (Bun on windows-latest)	UNKNOWN STEP	2026-08-10T10:44:37.3411528Z │ session   6d22b4db-07b9-476b-8c71-5bd6776a2ae8
Test (Bun on windows-latest)	UNKNOWN STEP	2026-08-10T10:44:37.3412221Z │ start     2026-08-10 10:44:37.336
Test (Bun on windows-latest)	UNKNOWN STEP	2026-08-10T10:44:37.3412667Z │
Test (Bun on windows-latest)	UNKNOWN STEP	2026-08-10T10:44:37.3413037Z $ echo Testing command-stream mode
Test (Bun on windows-latest)	UNKNOWN STEP	2026-08-10T10:44:37.3413533Z [command-stream] Using command-stream library
Test (Bun on windows-latest)	UNKNOWN STEP	2026-08-10T10:44:37.3413878Z 
Test (Bun on windows-latest)	UNKNOWN STEP	2026-08-10T10:44:37.3699066Z Testing command-stream mode
Test (Bun on windows-latest)	UNKNOWN STEP	2026-08-10T10:44:37.3763429Z 
Test (Bun on windows-latest)	UNKNOWN STEP	2026-08-10T10:44:37.3765962Z ✓
Test (Bun on windows-latest)	UNKNOWN STEP	2026-08-10T10:44:37.3766403Z │ finish    2026-08-10 10:44:37.371
Test (Bun on windows-latest)	UNKNOWN STEP	2026-08-10T10:44:37.3767198Z │ duration  0.040s
Test (Bun on windows-latest)	UNKNOWN STEP	2026-08-10T10:44:37.3767562Z │ exit      0
Test (Bun on windows-latest)	UNKNOWN STEP	2026-08-10T10:44:37.3768042Z │
Test (Bun on windows-latest)	UNKNOWN STEP	2026-08-10T10:44:37.3769255Z │ log       C:\Users\RUNNER~1\AppData\Local\Temp\start-command\logs\direct\6d22b4db-07b9-476b-8c71-5bd6776a2ae8.log
Test (Bun on windows-latest)	UNKNOWN STEP	2026-08-10T10:44:37.3771450Z │ session   6d22b4db-07b9-476b-8c71-5bd6776a2ae8
Test (Bun on windows-latest)	UNKNOWN STEP	2026-08-10T10:44:37.4523967Z Command-stream mode test passed
Test (Bun on windows-latest)	UNKNOWN STEP	2026-08-10T10:44:37.5292205Z ##[group]Run bun run src/bin/cli.js echo "Testing env var mode"
Test (Bun on windows-latest)	UNKNOWN STEP	2026-08-10T10:44:37.5292725Z ^[[36;1mbun run src/bin/cli.js echo "Testing env var mode"^[[0m
Test (Bun on windows-latest)	UNKNOWN STEP	2026-08-10T10:44:37.5293054Z ^[[36;1mecho "Env var mode test passed"^[[0m
Test (Bun on windows-latest)	UNKNOWN STEP	2026-08-10T10:44:37.5363222Z shell: C:\Program Files\PowerShell\7\pwsh.EXE -command ". '{0}'"
Test (Bun on windows-latest)	UNKNOWN STEP	2026-08-10T10:44:37.5363566Z env:
Test (Bun on windows-latest)	UNKNOWN STEP	2026-08-10T10:44:37.5363766Z   FORCE_JAVASCRIPT_ACTIONS_TO_NODE24: true
Test (Bun on windows-latest)	UNKNOWN STEP	2026-08-10T10:44:37.5364044Z   START_USE_COMMAND_STREAM: 1
Test (Bun on windows-latest)	UNKNOWN STEP	2026-08-10T10:44:37.5364273Z ##[endgroup]
Test (Bun on windows-latest)	UNKNOWN STEP	2026-08-10T10:44:37.9231112Z │ session   dc5eeccf-93ff-4859-9734-bf56e3ff7940
Test (Bun on windows-latest)	UNKNOWN STEP	2026-08-10T10:44:37.9231815Z │ start     2026-08-10 10:44:37.918
Test (Bun on windows-latest)	UNKNOWN STEP	2026-08-10T10:44:37.9232297Z │
Test (Bun on windows-latest)	UNKNOWN STEP	2026-08-10T10:44:37.9232567Z $ echo Testing env var mode
Test (Bun on windows-latest)	UNKNOWN STEP	2026-08-10T10:44:37.9232996Z [command-stream] Using command-stream library
Test (Bun on windows-latest)	UNKNOWN STEP	2026-08-10T10:44:37.9233407Z 
Test (Bun on windows-latest)	UNKNOWN STEP	2026-08-10T10:44:37.9506289Z Testing env var mode
Test (Bun on windows-latest)	UNKNOWN STEP	2026-08-10T10:44:37.9566964Z 
Test (Bun on windows-latest)	UNKNOWN STEP	2026-08-10T10:44:37.9569578Z ✓
Test (Bun on windows-latest)	UNKNOWN STEP	2026-08-10T10:44:37.9570170Z │ finish    2026-08-10 10:44:37.952
Test (Bun on windows-latest)	UNKNOWN STEP	2026-08-10T10:44:37.9570707Z │ duration  0.039s
Test (Bun on windows-latest)	UNKNOWN STEP	2026-08-10T10:44:37.9571061Z │ exit      0
Test (Bun on windows-latest)	UNKNOWN STEP	2026-08-10T10:44:37.9571382Z │
Test (Bun on windows-latest)	UNKNOWN STEP	2026-08-10T10:44:37.9572303Z │ log       C:\Users\RUNNER~1\AppData\Local\Temp\start-command\logs\direct\dc5eeccf-93ff-4859-9734-bf56e3ff7940.log
Test (Bun on windows-latest)	UNKNOWN STEP	2026-08-10T10:44:37.9573405Z │ session   dc5eeccf-93ff-4859-9734-bf56e3ff7940
Test (Bun on windows-latest)	UNKNOWN STEP	2026-08-10T10:44:38.0356374Z Env var mode test passed
Test (Bun on windows-latest)	UNKNOWN STEP	2026-08-10T10:44:38.1353859Z ##[group]Run bun run src/bin/cli.js echo "Testing execution tracking"
Test (Bun on windows-latest)	UNKNOWN STEP	2026-08-10T10:44:38.1354742Z ^[[36;1mbun run src/bin/cli.js echo "Testing execution tracking"^[[0m
Test (Bun on windows-latest)	UNKNOWN STEP	2026-08-10T10:44:38.1355400Z ^[[36;1mls -la "$USERPROFILE/.start-command/"^[[0m
Test (Bun on windows-latest)	UNKNOWN STEP	2026-08-10T10:44:38.1356026Z ^[[36;1mcat "$USERPROFILE/.start-command/executions.lino"^[[0m
Test (Bun on windows-latest)	UNKNOWN STEP	2026-08-10T10:44:38.1356681Z ^[[36;1mecho "Execution tracking test passed"^[[0m
Test (Bun on windows-latest)	UNKNOWN STEP	2026-08-10T10:44:38.1379119Z shell: C:\Program Files\Git\bin\bash.EXE --noprofile --norc -e -o pipefail {0}
Test (Bun on windows-latest)	UNKNOWN STEP	2026-08-10T10:44:38.1379513Z env:
Test (Bun on windows-latest)	UNKNOWN STEP	2026-08-10T10:44:38.1379708Z   FORCE_JAVASCRIPT_ACTIONS_TO_NODE24: true
Test (Bun on windows-latest)	UNKNOWN STEP	2026-08-10T10:44:38.1379967Z   START_VERBOSE: 1
Test (Bun on windows-latest)	UNKNOWN STEP	2026-08-10T10:44:38.1380145Z ##[endgroup]
Test (Bun on windows-latest)	UNKNOWN STEP	2026-08-10T10:44:38.4134030Z │ session   78e2e7cd-8878-4e4f-99f1-f6007568d7a5
Test (Bun on windows-latest)	UNKNOWN STEP	2026-08-10T10:44:38.4134627Z │ start     2026-08-10 10:44:38.405
Test (Bun on windows-latest)	UNKNOWN STEP	2026-08-10T10:44:38.4134997Z │
Test (Bun on windows-latest)	UNKNOWN STEP	2026-08-10T10:44:38.4135177Z $ echo Testing execution tracking
Test (Bun on windows-latest)	UNKNOWN STEP	2026-08-10T10:44:38.4135463Z 
Test (Bun on windows-latest)	UNKNOWN STEP	2026-08-10T10:44:38.4479749Z [ExecutionStore] Wrote 4 records to lino file
Test (Bun on windows-latest)	UNKNOWN STEP	2026-08-10T10:44:38.4480378Z [verbose] Using Bun.spawn for reliable macOS handling
Test (Bun on windows-latest)	UNKNOWN STEP	2026-08-10T10:44:38.4480915Z [verbose] Process PID: 4280
Test (Bun on windows-latest)	UNKNOWN STEP	2026-08-10T10:44:38.8545333Z Testing
Test (Bun on windows-latest)	UNKNOWN STEP	2026-08-10T10:44:38.8565098Z execution
Test (Bun on windows-latest)	UNKNOWN STEP	2026-08-10T10:44:38.8565623Z tracking
Test (Bun on windows-latest)	UNKNOWN STEP	2026-08-10T10:44:38.8741589Z [ExecutionStore] Wrote 4 records to lino file
Test (Bun on windows-latest)	UNKNOWN STEP	2026-08-10T10:44:38.8743764Z 
Test (Bun on windows-latest)	UNKNOWN STEP	2026-08-10T10:44:38.8746475Z ✓
Test (Bun on windows-latest)	UNKNOWN STEP	2026-08-10T10:44:38.8747000Z │ finish    2026-08-10 10:44:38.868
Test (Bun on windows-latest)	UNKNOWN STEP	2026-08-10T10:44:38.8747454Z │ duration  0.463s
Test (Bun on windows-latest)	UNKNOWN STEP	2026-08-10T10:44:38.8747797Z │ exit      0
Test (Bun on windows-latest)	UNKNOWN STEP	2026-08-10T10:44:38.8748090Z │
Test (Bun on windows-latest)	UNKNOWN STEP	2026-08-10T10:44:38.8748942Z │ log       C:\Users\RUNNER~1\AppData\Local\Temp\start-command\logs\direct\78e2e7cd-8878-4e4f-99f1-f6007568d7a5.log
Test (Bun on windows-latest)	UNKNOWN STEP	2026-08-10T10:44:38.8752732Z │ session   78e2e7cd-8878-4e4f-99f1-f6007568d7a5
Test (Bun on windows-latest)	UNKNOWN STEP	2026-08-10T10:44:38.9233209Z total 12
Test (Bun on windows-latest)	UNKNOWN STEP	2026-08-10T10:44:38.9233673Z drwxr-xr-x 1 runneradmin 197121    0 Aug 10 10:44 .
Test (Bun on windows-latest)	UNKNOWN STEP	2026-08-10T10:44:38.9234331Z drwxr-xr-x 1 runneradmin 197121    0 Aug 10 10:44 ..
Test (Bun on windows-latest)	UNKNOWN STEP	2026-08-10T10:44:38.9234987Z -rw-r--r-- 1 runneradmin 197121 3575 Aug 10 10:44 executions.lino
Test (Bun on windows-latest)	UNKNOWN STEP	2026-08-10T10:44:38.9732213Z (array (object ((str dXVpZA==) (str OTA5YmRmY2UtZDFhYy00ODY0LWIwOTEtNzRkNDI4YTgyMDg5)) ((str cGlk) (int 1628)) ((str c3RhdHVz) (str ZXhlY3V0ZWQ=)) ((str ZXhpdENvZGU=) (int 0)) ((str Y29tbWFuZA==) (str ZWNobyBUZXN0aW5nIGRlZmF1bHQgbW9kZQ==)) ((str bG9nUGF0aA==) (str QzpcVXNlcnNcUlVOTkVSfjFcQXBwRGF0YVxMb2NhbFxUZW1wXHN0YXJ0LWNvbW1hbmRcbG9nc1xkaXJlY3RcOTA5YmRmY2UtZDFhYy00ODY0LWIwOTEtNzRkNDI4YTgyMDg5LmxvZw==)) ((str c3RhcnRUaW1l) (str MjAyNi0wOC0xMFQxMDo0NDozNi40NzNa)) ((str ZW5kVGltZQ==) (str MjAyNi0wOC0xMFQxMDo0NDozNi43OTVa)) ((str d29ya2luZ0RpcmVjdG9yeQ==) (str RDpcYVxzdGFydFxzdGFydFxqcw==)) ((str c2hlbGw=) (str cG93ZXJzaGVsbC5leGU=)) ((str cGxhdGZvcm0=) (str d2luMzI=)) ((str b3B0aW9ucw==) (object ((str c3Vic3RpdHV0aW9uTWF0Y2hlZA==) (bool false)) ((str b3JpZ2luYWxDb21tYW5k) (null)) ((str cnVudGltZQ==) (str QnVu)) ((str cnVudGltZVZlcnNpb24=) (str MS4zLjE0))))) (object ((str dXVpZA==) (str NmQyMmI0ZGItMDdiOS00NzZiLThjNzEtNWJkNjc3NmEyYWU4)) ((str cGlk) (null)) ((str c3RhdHVz) (str ZXhlY3V0ZWQ=)) ((str ZXhpdENvZGU=) (int 0)) ((str Y29tbWFuZA==) (str ZWNobyBUZXN0aW5nIGNvbW1hbmQtc3RyZWFtIG1vZGU=)) ((str bG9nUGF0aA==) (str QzpcVXNlcnNcUlVOTkVSfjFcQXBwRGF0YVxMb2NhbFxUZW1wXHN0YXJ0LWNvbW1hbmRcbG9nc1xkaXJlY3RcNmQyMmI0ZGItMDdiOS00NzZiLThjNzEtNWJkNjc3NmEyYWU4LmxvZw==)) ((str c3RhcnRUaW1l) (str MjAyNi0wOC0xMFQxMDo0NDozNy4zNDFa)) ((str ZW5kVGltZQ==) (str MjAyNi0wOC0xMFQxMDo0NDozNy4zNzJa)) ((str d29ya2luZ0RpcmVjdG9yeQ==) (str RDpcYVxzdGFydFxzdGFydFxqcw==)) ((str c2hlbGw=) (str cG93ZXJzaGVsbC5leGU=)) ((str cGxhdGZvcm0=) (str d2luMzI=)) ((str b3B0aW9ucw==) (object ((str c3Vic3RpdHV0aW9uTWF0Y2hlZA==) (bool false)) ((str b3JpZ2luYWxDb21tYW5k) (null)) ((str cnVudGltZQ==) (str QnVu)) ((str cnVudGltZVZlcnNpb24=) (str MS4zLjE0)) ((str ZXhlY3V0aW9uTW9kZQ==) (str Y29tbWFuZC1zdHJlYW0=))))) (object ((str dXVpZA==) (str ZGM1ZWVjY2YtOTNmZi00ODU5LTk3MzQtYmY1NmUzZmY3OTQw)) ((str cGlk) (null)) ((str c3RhdHVz) (str ZXhlY3V0ZWQ=)) ((str ZXhpdENvZGU=) (int 0)) ((str Y29tbWFuZA==) (str ZWNobyBUZXN0aW5nIGVudiB2YXIgbW9kZQ==)) ((str bG9nUGF0aA==) (str QzpcVXNlcnNcUlVOTkVSfjFcQXBwRGF0YVxMb2NhbFxUZW1wXHN0YXJ0LWNvbW1hbmRcbG9nc1xkaXJlY3RcZGM1ZWVjY2YtOTNmZi00ODU5LTk3MzQtYmY1NmUzZmY3OTQwLmxvZw==)) ((str c3RhcnRUaW1l) (str MjAyNi0wOC0xMFQxMDo0NDozNy45MjNa)) ((str ZW5kVGltZQ==) (str MjAyNi0wOC0xMFQxMDo0NDozNy45NTJa)) ((str d29ya2luZ0RpcmVjdG9yeQ==) (str RDpcYVxzdGFydFxzdGFydFxqcw==)) ((str c2hlbGw=) (str cG93ZXJzaGVsbC5leGU=)) ((str cGxhdGZvcm0=) (str d2luMzI=)) ((str b3B0aW9ucw==) (object ((str c3Vic3RpdHV0aW9uTWF0Y2hlZA==) (bool false)) ((str b3JpZ2luYWxDb21tYW5k) (null)) ((str cnVudGltZQ==) (str QnVu)) ((str cnVudGltZVZlcnNpb24=) (str MS4zLjE0)) ((str ZXhlY3V0aW9uTW9kZQ==) (str Y29tbWFuZC1zdHJlYW0=))))) (object ((str dXVpZA==) (str NzhlMmU3Y2QtODg3OC00ZTRmLTk5ZjEtZjYwMDc1NjhkN2E1)) ((str cGlk) (int 4280)) ((str c3RhdHVz) (str ZXhlY3V0ZWQ=)) ((str ZXhpdENvZGU=) (int 0)) ((str Y29tbWFuZA==) (str ZWNobyBUZXN0aW5nIGV4ZWN1dGlvbiB0cmFja2luZw==)) ((str bG9nUGF0aA==) (str QzpcVXNlcnNcUlVOTkVSfjFcQXBwRGF0YVxMb2NhbFxUZW1wXHN0YXJ0LWNvbW1hbmRcbG9nc1xkaXJlY3RcNzhlMmU3Y2QtODg3OC00ZTRmLTk5ZjEtZjYwMDc1NjhkN2E1LmxvZw==)) ((str c3RhcnRUaW1l) (str MjAyNi0wOC0xMFQxMDo0NDozOC40MTNa)) ((str ZW5kVGltZQ==) (str MjAyNi0wOC0xMFQxMDo0NDozOC44Njha)) ((str d29ya2luZ0RpcmVjdG9yeQ==) (str RDpcYVxzdGFydFxzdGFydFxqcw==)) ((str c2hlbGw=) (str cG93ZXJzaGVsbC5leGU=)) ((str cGxhdGZvcm0=) (str d2luMzI=)) ((str b3B0aW9ucw==) (object ((str c3Vic3RpdHV0aW9uTWF0Y2hlZA==) (bool false)) ((str b3JpZ2luYWxDb21tYW5k) (null)) ((str cnVudGltZQ==) (str QnVu)) ((str cnVudGltZVZlcnNpb24=) (str MS4zLjE0))))))Execution tracking test passed
Test (Bun on windows-latest)	UNKNOWN STEP	2026-08-10T10:44:38.9984769Z Post job cleanup.
Test (Bun on windows-latest)	UNKNOWN STEP	2026-08-10T10:44:39.2326456Z Post job cleanup.
Test (Bun on windows-latest)	UNKNOWN STEP	2026-08-10T10:44:39.4309256Z [command]"C:\Program Files\Git\bin\git.exe" version
Test (Bun on windows-latest)	UNKNOWN STEP	2026-08-10T10:44:39.4618108Z git version 2.55.0.windows.3
Test (Bun on windows-latest)	UNKNOWN STEP	2026-08-10T10:44:39.4703210Z Temporarily overriding HOME='D:\a\_temp\27f9afc9-5c62-4d2d-8b17-2b37840ced17' before making global git config changes
Test (Bun on windows-latest)	UNKNOWN STEP	2026-08-10T10:44:39.4704992Z Adding repository directory to the temporary git global config as a safe directory
Test (Bun on windows-latest)	UNKNOWN STEP	2026-08-10T10:44:39.4715060Z [command]"C:\Program Files\Git\bin\git.exe" config --global --add safe.directory D:\a\start\start
Test (Bun on windows-latest)	UNKNOWN STEP	2026-08-10T10:44:39.5083035Z Removing SSH command configuration
Test (Bun on windows-latest)	UNKNOWN STEP	2026-08-10T10:44:39.5099350Z [command]"C:\Program Files\Git\bin\git.exe" config --local --name-only --get-regexp core\.sshCommand
Test (Bun on windows-latest)	UNKNOWN STEP	2026-08-10T10:44:39.5446163Z [command]"C:\Program Files\Git\bin\git.exe" submodule foreach --recursive "sh -c \"git config --local --name-only --get-regexp 'core\.sshCommand' && git config --local --unset-all 'core.sshCommand' || :\""
Test (Bun on windows-latest)	UNKNOWN STEP	2026-08-10T10:44:40.0933013Z Removing HTTP extra header
Test (Bun on windows-latest)	UNKNOWN STEP	2026-08-10T10:44:40.0943409Z [command]"C:\Program Files\Git\bin\git.exe" config --local --name-only --get-regexp http\.https\:\/\/github\.com\/\.extraheader
Test (Bun on windows-latest)	UNKNOWN STEP	2026-08-10T10:44:40.1272879Z [command]"C:\Program Files\Git\bin\git.exe" submodule foreach --recursive "sh -c \"git config --local --name-only --get-regexp 'http\.https\:\/\/github\.com\/\.extraheader' && git config --local --unset-all 'http.https://github.com/.extraheader' || :\""
Test (Bun on windows-latest)	UNKNOWN STEP	2026-08-10T10:44:40.7009116Z Removing includeIf entries pointing to credentials config files
Test (Bun on windows-latest)	UNKNOWN STEP	2026-08-10T10:44:40.7021357Z [command]"C:\Program Files\Git\bin\git.exe" config --local --name-only --get-regexp ^includeIf\.gitdir:
Test (Bun on windows-latest)	UNKNOWN STEP	2026-08-10T10:44:40.7296138Z includeif.gitdir:D:/a/start/start/.git.path
Test (Bun on windows-latest)	UNKNOWN STEP	2026-08-10T10:44:40.7308048Z includeif.gitdir:D:/a/start/start/.git/worktrees/*.path
Test (Bun on windows-latest)	UNKNOWN STEP	2026-08-10T10:44:40.7308871Z includeif.gitdir:/github/workspace/.git.path
Test (Bun on windows-latest)	UNKNOWN STEP	2026-08-10T10:44:40.7309465Z includeif.gitdir:/github/workspace/.git/worktrees/*.path
Test (Bun on windows-latest)	UNKNOWN STEP	2026-08-10T10:44:40.7342503Z [command]"C:\Program Files\Git\bin\git.exe" config --local --get-all includeif.gitdir:D:/a/start/start/.git.path
Test (Bun on windows-latest)	UNKNOWN STEP	2026-08-10T10:44:40.7618693Z D:\a\_temp\git-credentials-a31f12a1-1026-4704-9f7f-e6be98d5e4ad.config
Test (Bun on windows-latest)	UNKNOWN STEP	2026-08-10T10:44:40.7663432Z [command]"C:\Program Files\Git\bin\git.exe" config --local --unset includeif.gitdir:D:/a/start/start/.git.path D:\a\_temp\git-credentials-a31f12a1-1026-4704-9f7f-e6be98d5e4ad.config
Test (Bun on windows-latest)	UNKNOWN STEP	2026-08-10T10:44:40.7977832Z [command]"C:\Program Files\Git\bin\git.exe" config --local --get-all includeif.gitdir:D:/a/start/start/.git/worktrees/*.path
Test (Bun on windows-latest)	UNKNOWN STEP	2026-08-10T10:44:40.8246382Z D:\a\_temp\git-credentials-a31f12a1-1026-4704-9f7f-e6be98d5e4ad.config
Test (Bun on windows-latest)	UNKNOWN STEP	2026-08-10T10:44:40.8294678Z [command]"C:\Program Files\Git\bin\git.exe" config --local --unset includeif.gitdir:D:/a/start/start/.git/worktrees/*.path D:\a\_temp\git-credentials-a31f12a1-1026-4704-9f7f-e6be98d5e4ad.config
Test (Bun on windows-latest)	UNKNOWN STEP	2026-08-10T10:44:40.8618473Z [command]"C:\Program Files\Git\bin\git.exe" config --local --get-all includeif.gitdir:/github/workspace/.git.path
Test (Bun on windows-latest)	UNKNOWN STEP	2026-08-10T10:44:40.8891191Z /github/runner_temp/git-credentials-a31f12a1-1026-4704-9f7f-e6be98d5e4ad.config
Test (Bun on windows-latest)	UNKNOWN STEP	2026-08-10T10:44:40.8932461Z [command]"C:\Program Files\Git\bin\git.exe" config --local --unset includeif.gitdir:/github/workspace/.git.path /github/runner_temp/git-credentials-a31f12a1-1026-4704-9f7f-e6be98d5e4ad.config
Test (Bun on windows-latest)	UNKNOWN STEP	2026-08-10T10:44:40.9247342Z [command]"C:\Program Files\Git\bin\git.exe" config --local --get-all includeif.gitdir:/github/workspace/.git/worktrees/*.path
Test (Bun on windows-latest)	UNKNOWN STEP	2026-08-10T10:44:40.9509015Z /github/runner_temp/git-credentials-a31f12a1-1026-4704-9f7f-e6be98d5e4ad.config
Test (Bun on windows-latest)	UNKNOWN STEP	2026-08-10T10:44:40.9550580Z [command]"C:\Program Files\Git\bin\git.exe" config --local --unset includeif.gitdir:/github/workspace/.git/worktrees/*.path /github/runner_temp/git-credentials-a31f12a1-1026-4704-9f7f-e6be98d5e4ad.config
Test (Bun on windows-latest)	UNKNOWN STEP	2026-08-10T10:44:40.9852528Z [command]"C:\Program Files\Git\bin\git.exe" submodule foreach --recursive "git config --local --show-origin --name-only --get-regexp remote.origin.url"
Test (Bun on windows-latest)	UNKNOWN STEP	2026-08-10T10:44:41.4968045Z Removing credentials config 'D:\a\_temp\git-credentials-a31f12a1-1026-4704-9f7f-e6be98d5e4ad.config'
Test (Bun on windows-latest)	UNKNOWN STEP	2026-08-10T10:44:41.5155326Z Cleaning up orphan processes
