Detect Changes	Set up job	﻿2026-08-10T15:42:29.2326899Z Current runner version: '2.336.0'
Detect Changes	Set up job	2026-08-10T15:42:29.2354064Z ##[group]Runner Image Provisioner
Detect Changes	Set up job	2026-08-10T15:42:29.2354911Z Hosted Compute Agent
Detect Changes	Set up job	2026-08-10T15:42:29.2355590Z Version: 20260707.563
Detect Changes	Set up job	2026-08-10T15:42:29.2356246Z Commit: 02667638d2b423fbc733a8e32a88b44996a3ba6e
Detect Changes	Set up job	2026-08-10T15:42:29.2357031Z Build Date: 2026-07-07T19:33:50Z
Detect Changes	Set up job	2026-08-10T15:42:29.2357773Z Worker ID: {20647e38-34cb-4250-a84b-9040ff36f487}
Detect Changes	Set up job	2026-08-10T15:42:29.2358485Z Azure Region: eastus
Detect Changes	Set up job	2026-08-10T15:42:29.2359092Z ##[endgroup]
Detect Changes	Set up job	2026-08-10T15:42:29.2360577Z ##[group]Operating System
Detect Changes	Set up job	2026-08-10T15:42:29.2361591Z Ubuntu
Detect Changes	Set up job	2026-08-10T15:42:29.2362223Z 24.04.4
Detect Changes	Set up job	2026-08-10T15:42:29.2362770Z LTS
Detect Changes	Set up job	2026-08-10T15:42:29.2363387Z ##[endgroup]
Detect Changes	Set up job	2026-08-10T15:42:29.2363921Z ##[group]Runner Image
Detect Changes	Set up job	2026-08-10T15:42:29.2364526Z Image: ubuntu-24.04
Detect Changes	Set up job	2026-08-10T15:42:29.2365190Z Version: 20260720.247.2
Detect Changes	Set up job	2026-08-10T15:42:29.2366237Z Included Software: https://github.com/actions/runner-images/blob/ubuntu24/20260720.247/images/ubuntu/Ubuntu2404-Readme.md
Detect Changes	Set up job	2026-08-10T15:42:29.2368018Z Image Release: https://github.com/actions/runner-images/releases/tag/ubuntu24%2F20260720.247
Detect Changes	Set up job	2026-08-10T15:42:29.2368994Z ##[endgroup]
Detect Changes	Set up job	2026-08-10T15:42:29.2370055Z ##[group]GITHUB_TOKEN Permissions
Detect Changes	Set up job	2026-08-10T15:42:29.2372613Z Contents: read
Detect Changes	Set up job	2026-08-10T15:42:29.2373257Z Metadata: read
Detect Changes	Set up job	2026-08-10T15:42:29.2373899Z ##[endgroup]
Detect Changes	Set up job	2026-08-10T15:42:29.2376310Z Secret source: Actions
Detect Changes	Set up job	2026-08-10T15:42:29.2377709Z Prepare workflow directory
Detect Changes	Set up job	2026-08-10T15:42:29.2769899Z Prepare all required actions
Detect Changes	Set up job	2026-08-10T15:42:29.2818187Z Getting action download info
Detect Changes	Set up job	2026-08-10T15:42:29.5650212Z Download action repository 'actions/checkout@v6' (SHA:d23441a48e516b6c34aea4fa41551a30e30af803)
Detect Changes	Set up job	2026-08-10T15:42:29.7764445Z Download action repository 'actions/setup-node@v6' (SHA:249970729cb0ef3589644e2896645e5dc5ba9c38)
Detect Changes	Set up job	2026-08-10T15:42:30.0522730Z Complete job name: Detect Changes
Detect Changes	Run actions/checkout@v6	﻿2026-08-10T15:42:30.1292633Z ##[group]Run actions/checkout@v6
Detect Changes	Run actions/checkout@v6	2026-08-10T15:42:30.1293553Z with:
Detect Changes	Run actions/checkout@v6	2026-08-10T15:42:30.1293996Z   fetch-depth: 0
Detect Changes	Run actions/checkout@v6	2026-08-10T15:42:30.1294501Z   repository: link-foundation/start
Detect Changes	Run actions/checkout@v6	2026-08-10T15:42:30.1298229Z   token: ***
Detect Changes	Run actions/checkout@v6	2026-08-10T15:42:30.1298693Z   ssh-strict: true
Detect Changes	Run actions/checkout@v6	2026-08-10T15:42:30.1299134Z   ssh-user: git
Detect Changes	Run actions/checkout@v6	2026-08-10T15:42:30.1299584Z   persist-credentials: true
Detect Changes	Run actions/checkout@v6	2026-08-10T15:42:30.1300081Z   clean: true
Detect Changes	Run actions/checkout@v6	2026-08-10T15:42:30.1300530Z   sparse-checkout-cone-mode: true
Detect Changes	Run actions/checkout@v6	2026-08-10T15:42:30.1301251Z   fetch-tags: false
Detect Changes	Run actions/checkout@v6	2026-08-10T15:42:30.1301715Z   show-progress: true
Detect Changes	Run actions/checkout@v6	2026-08-10T15:42:30.1302167Z   lfs: false
Detect Changes	Run actions/checkout@v6	2026-08-10T15:42:30.1302584Z   submodules: false
Detect Changes	Run actions/checkout@v6	2026-08-10T15:42:30.1303030Z   set-safe-directory: true
Detect Changes	Run actions/checkout@v6	2026-08-10T15:42:30.1303531Z   allow-unsafe-pr-checkout: false
Detect Changes	Run actions/checkout@v6	2026-08-10T15:42:30.1304300Z env:
Detect Changes	Run actions/checkout@v6	2026-08-10T15:42:30.1304728Z   CARGO_TERM_COLOR: always
Detect Changes	Run actions/checkout@v6	2026-08-10T15:42:30.1305217Z   CARGO_NET_RETRY: 10
Detect Changes	Run actions/checkout@v6	2026-08-10T15:42:30.1305688Z   CARGO_HTTP_MULTIPLEXING: false
Detect Changes	Run actions/checkout@v6	2026-08-10T15:42:30.1306214Z   RUSTFLAGS: -Dwarnings
Detect Changes	Run actions/checkout@v6	2026-08-10T15:42:30.1306765Z   FORCE_JAVASCRIPT_ACTIONS_TO_NODE24: true
Detect Changes	Run actions/checkout@v6	2026-08-10T15:42:30.1307340Z   GIT_CONFIG_COUNT: 1
Detect Changes	Run actions/checkout@v6	2026-08-10T15:42:30.1307816Z   GIT_CONFIG_KEY_0: init.defaultBranch
Detect Changes	Run actions/checkout@v6	2026-08-10T15:42:30.1308362Z   GIT_CONFIG_VALUE_0: main
Detect Changes	Run actions/checkout@v6	2026-08-10T15:42:30.1308824Z ##[endgroup]
Detect Changes	Run actions/checkout@v6	2026-08-10T15:42:30.2370305Z Syncing repository: link-foundation/start
Detect Changes	Run actions/checkout@v6	2026-08-10T15:42:30.2373518Z ##[group]Getting Git version info
Detect Changes	Run actions/checkout@v6	2026-08-10T15:42:30.2374778Z Working directory is '/home/runner/work/start/start'
Detect Changes	Run actions/checkout@v6	2026-08-10T15:42:30.2376608Z [command]/usr/bin/git version
Detect Changes	Run actions/checkout@v6	2026-08-10T15:42:30.2521239Z git version 2.54.0
Detect Changes	Run actions/checkout@v6	2026-08-10T15:42:30.2564639Z ##[endgroup]
Detect Changes	Run actions/checkout@v6	2026-08-10T15:42:30.2573259Z Temporarily overriding HOME='/home/runner/work/_temp/36603196-4061-4ad1-a174-7c711773261c' before making global git config changes
Detect Changes	Run actions/checkout@v6	2026-08-10T15:42:30.2576507Z Adding repository directory to the temporary git global config as a safe directory
Detect Changes	Run actions/checkout@v6	2026-08-10T15:42:30.2578928Z [command]/usr/bin/git config --global --add safe.directory /home/runner/work/start/start
Detect Changes	Run actions/checkout@v6	2026-08-10T15:42:30.2636026Z Deleting the contents of '/home/runner/work/start/start'
Detect Changes	Run actions/checkout@v6	2026-08-10T15:42:30.2642919Z ##[group]Determining repository object format
Detect Changes	Run actions/checkout@v6	2026-08-10T15:42:30.2647271Z ##[endgroup]
Detect Changes	Run actions/checkout@v6	2026-08-10T15:42:30.2649202Z ##[group]Initializing the repository
Detect Changes	Run actions/checkout@v6	2026-08-10T15:42:30.2651830Z [command]/usr/bin/git init /home/runner/work/start/start
Detect Changes	Run actions/checkout@v6	2026-08-10T15:42:30.2787780Z Initialized empty Git repository in /home/runner/work/start/start/.git/
Detect Changes	Run actions/checkout@v6	2026-08-10T15:42:30.2805395Z [command]/usr/bin/git remote add origin https://github.com/link-foundation/start
Detect Changes	Run actions/checkout@v6	2026-08-10T15:42:30.2862841Z ##[endgroup]
Detect Changes	Run actions/checkout@v6	2026-08-10T15:42:30.2864458Z ##[group]Disabling automatic garbage collection
Detect Changes	Run actions/checkout@v6	2026-08-10T15:42:30.2865779Z [command]/usr/bin/git config --local gc.auto 0
Detect Changes	Run actions/checkout@v6	2026-08-10T15:42:30.2914036Z ##[endgroup]
Detect Changes	Run actions/checkout@v6	2026-08-10T15:42:30.2916084Z ##[group]Setting up auth
Detect Changes	Run actions/checkout@v6	2026-08-10T15:42:30.2917429Z Removing SSH command configuration
Detect Changes	Run actions/checkout@v6	2026-08-10T15:42:30.2919846Z [command]/usr/bin/git config --local --name-only --get-regexp core\.sshCommand
Detect Changes	Run actions/checkout@v6	2026-08-10T15:42:30.2962422Z [command]/usr/bin/git submodule foreach --recursive sh -c "git config --local --name-only --get-regexp 'core\.sshCommand' && git config --local --unset-all 'core.sshCommand' || :"
Detect Changes	Run actions/checkout@v6	2026-08-10T15:42:30.3393654Z Removing HTTP extra header
Detect Changes	Run actions/checkout@v6	2026-08-10T15:42:30.3400816Z [command]/usr/bin/git config --local --name-only --get-regexp http\.https\:\/\/github\.com\/\.extraheader
Detect Changes	Run actions/checkout@v6	2026-08-10T15:42:30.3438253Z [command]/usr/bin/git submodule foreach --recursive sh -c "git config --local --name-only --get-regexp 'http\.https\:\/\/github\.com\/\.extraheader' && git config --local --unset-all 'http.https://github.com/.extraheader' || :"
Detect Changes	Run actions/checkout@v6	2026-08-10T15:42:30.3673207Z Removing includeIf entries pointing to credentials config files
Detect Changes	Run actions/checkout@v6	2026-08-10T15:42:30.3679646Z [command]/usr/bin/git config --local --name-only --get-regexp ^includeIf\.gitdir:
Detect Changes	Run actions/checkout@v6	2026-08-10T15:42:30.3717054Z [command]/usr/bin/git submodule foreach --recursive git config --local --show-origin --name-only --get-regexp remote.origin.url
Detect Changes	Run actions/checkout@v6	2026-08-10T15:42:30.3947653Z [command]/usr/bin/git config --file /home/runner/work/_temp/git-credentials-3cb6905d-3113-457e-8a49-36b076c3cf0c.config http.https://github.com/.extraheader AUTHORIZATION: basic ***
Detect Changes	Run actions/checkout@v6	2026-08-10T15:42:30.3988404Z [command]/usr/bin/git config --local includeIf.gitdir:/home/runner/work/start/start/.git.path /home/runner/work/_temp/git-credentials-3cb6905d-3113-457e-8a49-36b076c3cf0c.config
Detect Changes	Run actions/checkout@v6	2026-08-10T15:42:30.4023393Z [command]/usr/bin/git config --local includeIf.gitdir:/home/runner/work/start/start/.git/worktrees/*.path /home/runner/work/_temp/git-credentials-3cb6905d-3113-457e-8a49-36b076c3cf0c.config
Detect Changes	Run actions/checkout@v6	2026-08-10T15:42:30.4063058Z [command]/usr/bin/git config --local includeIf.gitdir:/github/workspace/.git.path /github/runner_temp/git-credentials-3cb6905d-3113-457e-8a49-36b076c3cf0c.config
Detect Changes	Run actions/checkout@v6	2026-08-10T15:42:30.4103629Z [command]/usr/bin/git config --local includeIf.gitdir:/github/workspace/.git/worktrees/*.path /github/runner_temp/git-credentials-3cb6905d-3113-457e-8a49-36b076c3cf0c.config
Detect Changes	Run actions/checkout@v6	2026-08-10T15:42:30.4163855Z ##[endgroup]
Detect Changes	Run actions/checkout@v6	2026-08-10T15:42:30.4164791Z ##[group]Fetching the repository
Detect Changes	Run actions/checkout@v6	2026-08-10T15:42:30.4175266Z [command]/usr/bin/git -c protocol.version=2 fetch --no-tags --prune --no-recurse-submodules origin +refs/heads/*:refs/remotes/origin/* +refs/tags/*:refs/tags/* +c88600c0d8ff8d80941044138e858ae826ae3010:refs/remotes/pull/161/merge
Detect Changes	Run actions/checkout@v6	2026-08-10T15:42:31.0950050Z From https://github.com/link-foundation/start
Detect Changes	Run actions/checkout@v6	2026-08-10T15:42:31.0952898Z  * [new branch]      issue-1-06306849                         -> origin/issue-1-06306849
Detect Changes	Run actions/checkout@v6	2026-08-10T15:42:31.0955395Z  * [new branch]      issue-101-f6ea3a87b1de                   -> origin/issue-101-f6ea3a87b1de
Detect Changes	Run actions/checkout@v6	2026-08-10T15:42:31.0957929Z  * [new branch]      issue-103-d2eee141f4bc                   -> origin/issue-103-d2eee141f4bc
Detect Changes	Run actions/checkout@v6	2026-08-10T15:42:31.0960401Z  * [new branch]      issue-105-0edd650b7149                   -> origin/issue-105-0edd650b7149
Detect Changes	Run actions/checkout@v6	2026-08-10T15:42:31.0963166Z  * [new branch]      issue-108-c821d8a93f01                   -> origin/issue-108-c821d8a93f01
Detect Changes	Run actions/checkout@v6	2026-08-10T15:42:31.0965355Z  * [new branch]      issue-11-1524425f0588                    -> origin/issue-11-1524425f0588
Detect Changes	Run actions/checkout@v6	2026-08-10T15:42:31.0967854Z  * [new branch]      issue-110-c1b9267a2743                   -> origin/issue-110-c1b9267a2743
Detect Changes	Run actions/checkout@v6	2026-08-10T15:42:31.0969157Z  * [new branch]      issue-112-46af7527c0d9                   -> origin/issue-112-46af7527c0d9
Detect Changes	Run actions/checkout@v6	2026-08-10T15:42:31.0970483Z  * [new branch]      issue-114-8181f01863b9                   -> origin/issue-114-8181f01863b9
Detect Changes	Run actions/checkout@v6	2026-08-10T15:42:31.0972484Z  * [new branch]      issue-116-01c61894edbd                   -> origin/issue-116-01c61894edbd
Detect Changes	Run actions/checkout@v6	2026-08-10T15:42:31.0974148Z  * [new branch]      issue-118-4ed21210786f                   -> origin/issue-118-4ed21210786f
Detect Changes	Run actions/checkout@v6	2026-08-10T15:42:31.0975665Z  * [new branch]      issue-120-22538e16da80                   -> origin/issue-120-22538e16da80
Detect Changes	Run actions/checkout@v6	2026-08-10T15:42:31.0977766Z  * [new branch]      issue-122-9e4e6b1efac6                   -> origin/issue-122-9e4e6b1efac6
Detect Changes	Run actions/checkout@v6	2026-08-10T15:42:31.0979300Z  * [new branch]      issue-124-0288905fdd33                   -> origin/issue-124-0288905fdd33
Detect Changes	Run actions/checkout@v6	2026-08-10T15:42:31.0980849Z  * [new branch]      issue-126-c5c8579b3ab4                   -> origin/issue-126-c5c8579b3ab4
Detect Changes	Run actions/checkout@v6	2026-08-10T15:42:31.0983274Z  * [new branch]      issue-128-9d904e7dd227                   -> origin/issue-128-9d904e7dd227
Detect Changes	Run actions/checkout@v6	2026-08-10T15:42:31.0985896Z  * [new branch]      issue-13-52ae2ce06ee2                    -> origin/issue-13-52ae2ce06ee2
Detect Changes	Run actions/checkout@v6	2026-08-10T15:42:31.0987938Z  * [new branch]      issue-130-cefa8a965461                   -> origin/issue-130-cefa8a965461
Detect Changes	Run actions/checkout@v6	2026-08-10T15:42:31.0989982Z  * [new branch]      issue-132-81888ef731d7                   -> origin/issue-132-81888ef731d7
Detect Changes	Run actions/checkout@v6	2026-08-10T15:42:31.0992273Z  * [new branch]      issue-134-1a26eb545a18                   -> origin/issue-134-1a26eb545a18
Detect Changes	Run actions/checkout@v6	2026-08-10T15:42:31.0994351Z  * [new branch]      issue-136-cffa39dbc470                   -> origin/issue-136-cffa39dbc470
Detect Changes	Run actions/checkout@v6	2026-08-10T15:42:31.0996129Z  * [new branch]      issue-138-3f4ef74d216e                   -> origin/issue-138-3f4ef74d216e
Detect Changes	Run actions/checkout@v6	2026-08-10T15:42:31.0997522Z  * [new branch]      issue-140-55c0984f3705                   -> origin/issue-140-55c0984f3705
Detect Changes	Run actions/checkout@v6	2026-08-10T15:42:31.0999515Z  * [new branch]      issue-142-e63b64dd46e6                   -> origin/issue-142-e63b64dd46e6
Detect Changes	Run actions/checkout@v6	2026-08-10T15:42:31.1001313Z  * [new branch]      issue-144-d8d3fb7dfd56                   -> origin/issue-144-d8d3fb7dfd56
Detect Changes	Run actions/checkout@v6	2026-08-10T15:42:31.1002913Z  * [new branch]      issue-146-5fd1b386b75b                   -> origin/issue-146-5fd1b386b75b
Detect Changes	Run actions/checkout@v6	2026-08-10T15:42:31.1004361Z  * [new branch]      issue-148-799a293d3d5b                   -> origin/issue-148-799a293d3d5b
Detect Changes	Run actions/checkout@v6	2026-08-10T15:42:31.1005697Z  * [new branch]      issue-15-ccfe6d130337                    -> origin/issue-15-ccfe6d130337
Detect Changes	Run actions/checkout@v6	2026-08-10T15:42:31.1007045Z  * [new branch]      issue-15-d3d0f1c82afa                    -> origin/issue-15-d3d0f1c82afa
Detect Changes	Run actions/checkout@v6	2026-08-10T15:42:31.1008517Z  * [new branch]      issue-150-140b61c8f491                   -> origin/issue-150-140b61c8f491
Detect Changes	Run actions/checkout@v6	2026-08-10T15:42:31.1009810Z  * [new branch]      issue-151-50e985780da1                   -> origin/issue-151-50e985780da1
Detect Changes	Run actions/checkout@v6	2026-08-10T15:42:31.1011400Z  * [new branch]      issue-154-73165f3b5cf7                   -> origin/issue-154-73165f3b5cf7
Detect Changes	Run actions/checkout@v6	2026-08-10T15:42:31.1012780Z  * [new branch]      issue-156-a9778f176d79                   -> origin/issue-156-a9778f176d79
Detect Changes	Run actions/checkout@v6	2026-08-10T15:42:31.1014107Z  * [new branch]      issue-158-ecf4c4dc2e55                   -> origin/issue-158-ecf4c4dc2e55
Detect Changes	Run actions/checkout@v6	2026-08-10T15:42:31.1015473Z  * [new branch]      issue-160-9bad94da73d2                   -> origin/issue-160-9bad94da73d2
Detect Changes	Run actions/checkout@v6	2026-08-10T15:42:31.1016820Z  * [new branch]      issue-18-acfe3ddbe902                    -> origin/issue-18-acfe3ddbe902
Detect Changes	Run actions/checkout@v6	2026-08-10T15:42:31.1018102Z  * [new branch]      issue-19-83cfc521f662                    -> origin/issue-19-83cfc521f662
Detect Changes	Run actions/checkout@v6	2026-08-10T15:42:31.1019463Z  * [new branch]      issue-22-08e44246441d                    -> origin/issue-22-08e44246441d
Detect Changes	Run actions/checkout@v6	2026-08-10T15:42:31.1020801Z  * [new branch]      issue-22-2d1c04999e6d                    -> origin/issue-22-2d1c04999e6d
Detect Changes	Run actions/checkout@v6	2026-08-10T15:42:31.1022685Z  * [new branch]      issue-25-6419574a6cfe                    -> origin/issue-25-6419574a6cfe
Detect Changes	Run actions/checkout@v6	2026-08-10T15:42:31.1024031Z  * [new branch]      issue-25-8fe656da1123                    -> origin/issue-25-8fe656da1123
Detect Changes	Run actions/checkout@v6	2026-08-10T15:42:31.1025334Z  * [new branch]      issue-28-9a07df20ebbb                    -> origin/issue-28-9a07df20ebbb
Detect Changes	Run actions/checkout@v6	2026-08-10T15:42:31.1026722Z  * [new branch]      issue-3-908abf67e50f                     -> origin/issue-3-908abf67e50f
Detect Changes	Run actions/checkout@v6	2026-08-10T15:42:31.1028025Z  * [new branch]      issue-30-3c74b37eedc9                    -> origin/issue-30-3c74b37eedc9
Detect Changes	Run actions/checkout@v6	2026-08-10T15:42:31.1029368Z  * [new branch]      issue-31-e419d5f83f9d                    -> origin/issue-31-e419d5f83f9d
Detect Changes	Run actions/checkout@v6	2026-08-10T15:42:31.1030721Z  * [new branch]      issue-34-fcfbf90ca3a5                    -> origin/issue-34-fcfbf90ca3a5
Detect Changes	Run actions/checkout@v6	2026-08-10T15:42:31.1032436Z  * [new branch]      issue-36-4d2e05cadca2                    -> origin/issue-36-4d2e05cadca2
Detect Changes	Run actions/checkout@v6	2026-08-10T15:42:31.1033865Z  * [new branch]      issue-38-8d65d5c6dcf1                    -> origin/issue-38-8d65d5c6dcf1
Detect Changes	Run actions/checkout@v6	2026-08-10T15:42:31.1035175Z  * [new branch]      issue-40-500ee5a3c836                    -> origin/issue-40-500ee5a3c836
Detect Changes	Run actions/checkout@v6	2026-08-10T15:42:31.1036458Z  * [new branch]      issue-42-231914cdf85a                    -> origin/issue-42-231914cdf85a
Detect Changes	Run actions/checkout@v6	2026-08-10T15:42:31.1038004Z  * [new branch]      issue-44-05c1999867e1                    -> origin/issue-44-05c1999867e1
Detect Changes	Run actions/checkout@v6	2026-08-10T15:42:31.1039345Z  * [new branch]      issue-46-db1336ec1bd4                    -> origin/issue-46-db1336ec1bd4
Detect Changes	Run actions/checkout@v6	2026-08-10T15:42:31.1040684Z  * [new branch]      issue-49-49badfb087ae                    -> origin/issue-49-49badfb087ae
Detect Changes	Run actions/checkout@v6	2026-08-10T15:42:31.1042398Z  * [new branch]      issue-5-e920ed9704b1                     -> origin/issue-5-e920ed9704b1
Detect Changes	Run actions/checkout@v6	2026-08-10T15:42:31.1043867Z  * [new branch]      issue-51-ce9116974281                    -> origin/issue-51-ce9116974281
Detect Changes	Run actions/checkout@v6	2026-08-10T15:42:31.1045283Z  * [new branch]      issue-53-3037eb51507e                    -> origin/issue-53-3037eb51507e
Detect Changes	Run actions/checkout@v6	2026-08-10T15:42:31.1046547Z  * [new branch]      issue-55-62ca352b2854                    -> origin/issue-55-62ca352b2854
Detect Changes	Run actions/checkout@v6	2026-08-10T15:42:31.1047833Z  * [new branch]      issue-57-319974e37702                    -> origin/issue-57-319974e37702
Detect Changes	Run actions/checkout@v6	2026-08-10T15:42:31.1049107Z  * [new branch]      issue-57-9389c40a25d3                    -> origin/issue-57-9389c40a25d3
Detect Changes	Run actions/checkout@v6	2026-08-10T15:42:31.1050393Z  * [new branch]      issue-60-23ad1508ca00                    -> origin/issue-60-23ad1508ca00
Detect Changes	Run actions/checkout@v6	2026-08-10T15:42:31.1052184Z  * [new branch]      issue-62-0bf0e6dba402                    -> origin/issue-62-0bf0e6dba402
Detect Changes	Run actions/checkout@v6	2026-08-10T15:42:31.1053486Z  * [new branch]      issue-64-531bd4a9716c                    -> origin/issue-64-531bd4a9716c
Detect Changes	Run actions/checkout@v6	2026-08-10T15:42:31.1054806Z  * [new branch]      issue-66-b4bebb964b80                    -> origin/issue-66-b4bebb964b80
Detect Changes	Run actions/checkout@v6	2026-08-10T15:42:31.1056218Z  * [new branch]      issue-67-c74bf55321d9                    -> origin/issue-67-c74bf55321d9
Detect Changes	Run actions/checkout@v6	2026-08-10T15:42:31.1057522Z  * [new branch]      issue-7-6b049fda1d30                     -> origin/issue-7-6b049fda1d30
Detect Changes	Run actions/checkout@v6	2026-08-10T15:42:31.1058849Z  * [new branch]      issue-70-210190e0ad55                    -> origin/issue-70-210190e0ad55
Detect Changes	Run actions/checkout@v6	2026-08-10T15:42:31.1060132Z  * [new branch]      issue-70-490c526a882f                    -> origin/issue-70-490c526a882f
Detect Changes	Run actions/checkout@v6	2026-08-10T15:42:31.1061706Z  * [new branch]      issue-73-163864f76573                    -> origin/issue-73-163864f76573
Detect Changes	Run actions/checkout@v6	2026-08-10T15:42:31.1063118Z  * [new branch]      issue-73-47a3e673b0a8                    -> origin/issue-73-47a3e673b0a8
Detect Changes	Run actions/checkout@v6	2026-08-10T15:42:31.1064406Z  * [new branch]      issue-73-c42828279fb5                    -> origin/issue-73-c42828279fb5
Detect Changes	Run actions/checkout@v6	2026-08-10T15:42:31.1065729Z  * [new branch]      issue-77-acc01682cb56                    -> origin/issue-77-acc01682cb56
Detect Changes	Run actions/checkout@v6	2026-08-10T15:42:31.1067073Z  * [new branch]      issue-79-1581a427bf82                    -> origin/issue-79-1581a427bf82
Detect Changes	Run actions/checkout@v6	2026-08-10T15:42:31.1068510Z  * [new branch]      issue-79-48234c0f95fa                    -> origin/issue-79-48234c0f95fa
Detect Changes	Run actions/checkout@v6	2026-08-10T15:42:31.1069837Z  * [new branch]      issue-79-5fc029ea058c                    -> origin/issue-79-5fc029ea058c
Detect Changes	Run actions/checkout@v6	2026-08-10T15:42:31.1071413Z  * [new branch]      issue-79-740a4286522a                    -> origin/issue-79-740a4286522a
Detect Changes	Run actions/checkout@v6	2026-08-10T15:42:31.1072722Z  * [new branch]      issue-84-2301d58a902f                    -> origin/issue-84-2301d58a902f
Detect Changes	Run actions/checkout@v6	2026-08-10T15:42:31.1074076Z  * [new branch]      issue-84-8c8db1f16f9d                    -> origin/issue-84-8c8db1f16f9d
Detect Changes	Run actions/checkout@v6	2026-08-10T15:42:31.1075342Z  * [new branch]      issue-84-ca99d5699c03                    -> origin/issue-84-ca99d5699c03
Detect Changes	Run actions/checkout@v6	2026-08-10T15:42:31.1076636Z  * [new branch]      issue-84-e79fd3fe5cef                    -> origin/issue-84-e79fd3fe5cef
Detect Changes	Run actions/checkout@v6	2026-08-10T15:42:31.1077956Z  * [new branch]      issue-89-58b19f5dac12                    -> origin/issue-89-58b19f5dac12
Detect Changes	Run actions/checkout@v6	2026-08-10T15:42:31.1079258Z  * [new branch]      issue-9-9cb379f155fb                     -> origin/issue-9-9cb379f155fb
Detect Changes	Run actions/checkout@v6	2026-08-10T15:42:31.1080574Z  * [new branch]      issue-91-5ff8719c4182                    -> origin/issue-91-5ff8719c4182
Detect Changes	Run actions/checkout@v6	2026-08-10T15:42:31.1082159Z  * [new branch]      issue-91-8e243739c7af                    -> origin/issue-91-8e243739c7af
Detect Changes	Run actions/checkout@v6	2026-08-10T15:42:31.1083426Z  * [new branch]      issue-93-2ef57910c60b                    -> origin/issue-93-2ef57910c60b
Detect Changes	Run actions/checkout@v6	2026-08-10T15:42:31.1084856Z  * [new branch]      issue-96-829d21ddabc4                    -> origin/issue-96-829d21ddabc4
Detect Changes	Run actions/checkout@v6	2026-08-10T15:42:31.1086127Z  * [new branch]      issue-96-efde41b8c023                    -> origin/issue-96-efde41b8c023
Detect Changes	Run actions/checkout@v6	2026-08-10T15:42:31.1087441Z  * [new branch]      issue-99-bc78b28ed258                    -> origin/issue-99-bc78b28ed258
Detect Changes	Run actions/checkout@v6	2026-08-10T15:42:31.1088606Z  * [new branch]      main                                     -> origin/main
Detect Changes	Run actions/checkout@v6	2026-08-10T15:42:31.1089805Z  * [new tag]         js-v0.25.5                               -> js-v0.25.5
Detect Changes	Run actions/checkout@v6	2026-08-10T15:42:31.1091190Z  * [new tag]         js-v0.26.0                               -> js-v0.26.0
Detect Changes	Run actions/checkout@v6	2026-08-10T15:42:31.1092339Z  * [new tag]         js-v0.27.0                               -> js-v0.27.0
Detect Changes	Run actions/checkout@v6	2026-08-10T15:42:31.1093406Z  * [new tag]         js-v0.27.1                               -> js-v0.27.1
Detect Changes	Run actions/checkout@v6	2026-08-10T15:42:31.1094445Z  * [new tag]         js-v0.27.2                               -> js-v0.27.2
Detect Changes	Run actions/checkout@v6	2026-08-10T15:42:31.1095445Z  * [new tag]         js-v0.28.0                               -> js-v0.28.0
Detect Changes	Run actions/checkout@v6	2026-08-10T15:42:31.1096570Z  * [new tag]         js-v0.29.0                               -> js-v0.29.0
Detect Changes	Run actions/checkout@v6	2026-08-10T15:42:31.1097644Z  * [new tag]         js-v0.29.1                               -> js-v0.29.1
Detect Changes	Run actions/checkout@v6	2026-08-10T15:42:31.1098694Z  * [new tag]         js-v0.29.2                               -> js-v0.29.2
Detect Changes	Run actions/checkout@v6	2026-08-10T15:42:31.1099815Z  * [new tag]         js-v0.30.0                               -> js-v0.30.0
Detect Changes	Run actions/checkout@v6	2026-08-10T15:42:31.1100868Z  * [new tag]         js-v0.30.1                               -> js-v0.30.1
Detect Changes	Run actions/checkout@v6	2026-08-10T15:42:31.1102122Z  * [new tag]         js-v0.30.2                               -> js-v0.30.2
Detect Changes	Run actions/checkout@v6	2026-08-10T15:42:31.1103298Z  * [new tag]         js-v0.30.3                               -> js-v0.30.3
Detect Changes	Run actions/checkout@v6	2026-08-10T15:42:31.1104338Z  * [new tag]         js-v0.30.4                               -> js-v0.30.4
Detect Changes	Run actions/checkout@v6	2026-08-10T15:42:31.1105436Z  * [new tag]         js-v0.30.5                               -> js-v0.30.5
Detect Changes	Run actions/checkout@v6	2026-08-10T15:42:31.1106494Z  * [new tag]         js-v0.31.0                               -> js-v0.31.0
Detect Changes	Run actions/checkout@v6	2026-08-10T15:42:31.1107655Z  * [new tag]         js-v0.32.0                               -> js-v0.32.0
Detect Changes	Run actions/checkout@v6	2026-08-10T15:42:31.1109094Z  * [new tag]         rust-v0.14.1                             -> rust-v0.14.1
Detect Changes	Run actions/checkout@v6	2026-08-10T15:42:31.1110397Z  * [new tag]         rust-v0.14.2                             -> rust-v0.14.2
Detect Changes	Run actions/checkout@v6	2026-08-10T15:42:31.1111889Z  * [new tag]         rust-v0.14.3                             -> rust-v0.14.3
Detect Changes	Run actions/checkout@v6	2026-08-10T15:42:31.1113372Z  * [new tag]         rust-v0.15.0                             -> rust-v0.15.0
Detect Changes	Run actions/checkout@v6	2026-08-10T15:42:31.1114689Z  * [new tag]         rust-v0.15.1                             -> rust-v0.15.1
Detect Changes	Run actions/checkout@v6	2026-08-10T15:42:31.1116033Z  * [new tag]         rust-v0.16.0                             -> rust-v0.16.0
Detect Changes	Run actions/checkout@v6	2026-08-10T15:42:31.1117315Z  * [new tag]         rust-v0.16.1                             -> rust-v0.16.1
Detect Changes	Run actions/checkout@v6	2026-08-10T15:42:31.1118619Z  * [new tag]         rust-v0.16.2                             -> rust-v0.16.2
Detect Changes	Run actions/checkout@v6	2026-08-10T15:42:31.1119892Z  * [new tag]         rust-v0.17.0                             -> rust-v0.17.0
Detect Changes	Run actions/checkout@v6	2026-08-10T15:42:31.1121406Z  * [new tag]         rust-v0.17.1                             -> rust-v0.17.1
Detect Changes	Run actions/checkout@v6	2026-08-10T15:42:31.1122746Z  * [new tag]         rust-v0.17.2                             -> rust-v0.17.2
Detect Changes	Run actions/checkout@v6	2026-08-10T15:42:31.1123982Z  * [new tag]         rust-v0.17.3                             -> rust-v0.17.3
Detect Changes	Run actions/checkout@v6	2026-08-10T15:42:31.1125213Z  * [new tag]         rust-v0.17.4                             -> rust-v0.17.4
Detect Changes	Run actions/checkout@v6	2026-08-10T15:42:31.1126520Z  * [new tag]         rust-v0.17.5                             -> rust-v0.17.5
Detect Changes	Run actions/checkout@v6	2026-08-10T15:42:31.1127746Z  * [new tag]         rust-v0.18.0                             -> rust-v0.18.0
Detect Changes	Run actions/checkout@v6	2026-08-10T15:42:31.1129021Z  * [new tag]         rust-v0.19.0                             -> rust-v0.19.0
Detect Changes	Run actions/checkout@v6	2026-08-10T15:42:31.1130269Z  * [new tag]         rust-v0.19.1                             -> rust-v0.19.1
Detect Changes	Run actions/checkout@v6	2026-08-10T15:42:31.1131784Z  * [new tag]         v0.10.0                                  -> v0.10.0
Detect Changes	Run actions/checkout@v6	2026-08-10T15:42:31.1133027Z  * [new tag]         v0.11.0                                  -> v0.11.0
Detect Changes	Run actions/checkout@v6	2026-08-10T15:42:31.1134169Z  * [new tag]         v0.13.0                                  -> v0.13.0
Detect Changes	Run actions/checkout@v6	2026-08-10T15:42:31.1135338Z  * [new tag]         v0.15.0                                  -> v0.15.0
Detect Changes	Run actions/checkout@v6	2026-08-10T15:42:31.1136575Z  * [new tag]         v0.16.0                                  -> v0.16.0
Detect Changes	Run actions/checkout@v6	2026-08-10T15:42:31.1137890Z  * [new tag]         v0.17.0                                  -> v0.17.0
Detect Changes	Run actions/checkout@v6	2026-08-10T15:42:31.1207551Z  * [new tag]         v0.17.1                                  -> v0.17.1
Detect Changes	Run actions/checkout@v6	2026-08-10T15:42:31.1209469Z  * [new tag]         v0.17.2                                  -> v0.17.2
Detect Changes	Run actions/checkout@v6	2026-08-10T15:42:31.1211381Z  * [new tag]         v0.17.3                                  -> v0.17.3
Detect Changes	Run actions/checkout@v6	2026-08-10T15:42:31.1213138Z  * [new tag]         v0.17.4                                  -> v0.17.4
Detect Changes	Run actions/checkout@v6	2026-08-10T15:42:31.1214820Z  * [new tag]         v0.18.0                                  -> v0.18.0
Detect Changes	Run actions/checkout@v6	2026-08-10T15:42:31.1216470Z  * [new tag]         v0.19.0                                  -> v0.19.0
Detect Changes	Run actions/checkout@v6	2026-08-10T15:42:31.1218079Z  * [new tag]         v0.19.1                                  -> v0.19.1
Detect Changes	Run actions/checkout@v6	2026-08-10T15:42:31.1219696Z  * [new tag]         v0.20.0                                  -> v0.20.0
Detect Changes	Run actions/checkout@v6	2026-08-10T15:42:31.1221534Z  * [new tag]         v0.20.1                                  -> v0.20.1
Detect Changes	Run actions/checkout@v6	2026-08-10T15:42:31.1223186Z  * [new tag]         v0.20.2                                  -> v0.20.2
Detect Changes	Run actions/checkout@v6	2026-08-10T15:42:31.1224858Z  * [new tag]         v0.20.3                                  -> v0.20.3
Detect Changes	Run actions/checkout@v6	2026-08-10T15:42:31.1225904Z  * [new tag]         v0.20.4                                  -> v0.20.4
Detect Changes	Run actions/checkout@v6	2026-08-10T15:42:31.1226902Z  * [new tag]         v0.21.0                                  -> v0.21.0
Detect Changes	Run actions/checkout@v6	2026-08-10T15:42:31.1227901Z  * [new tag]         v0.22.0                                  -> v0.22.0
Detect Changes	Run actions/checkout@v6	2026-08-10T15:42:31.1228894Z  * [new tag]         v0.23.0                                  -> v0.23.0
Detect Changes	Run actions/checkout@v6	2026-08-10T15:42:31.1229865Z  * [new tag]         v0.24.0                                  -> v0.24.0
Detect Changes	Run actions/checkout@v6	2026-08-10T15:42:31.1230852Z  * [new tag]         v0.24.1                                  -> v0.24.1
Detect Changes	Run actions/checkout@v6	2026-08-10T15:42:31.1232108Z  * [new tag]         v0.24.2                                  -> v0.24.2
Detect Changes	Run actions/checkout@v6	2026-08-10T15:42:31.1233083Z  * [new tag]         v0.24.3                                  -> v0.24.3
Detect Changes	Run actions/checkout@v6	2026-08-10T15:42:31.1234076Z  * [new tag]         v0.24.4                                  -> v0.24.4
Detect Changes	Run actions/checkout@v6	2026-08-10T15:42:31.1235278Z  * [new tag]         v0.24.5                                  -> v0.24.5
Detect Changes	Run actions/checkout@v6	2026-08-10T15:42:31.1236266Z  * [new tag]         v0.24.6                                  -> v0.24.6
Detect Changes	Run actions/checkout@v6	2026-08-10T15:42:31.1237246Z  * [new tag]         v0.24.7                                  -> v0.24.7
Detect Changes	Run actions/checkout@v6	2026-08-10T15:42:31.1238232Z  * [new tag]         v0.24.8                                  -> v0.24.8
Detect Changes	Run actions/checkout@v6	2026-08-10T15:42:31.1239200Z  * [new tag]         v0.24.9                                  -> v0.24.9
Detect Changes	Run actions/checkout@v6	2026-08-10T15:42:31.1240181Z  * [new tag]         v0.25.0                                  -> v0.25.0
Detect Changes	Run actions/checkout@v6	2026-08-10T15:42:31.1241459Z  * [new tag]         v0.25.1                                  -> v0.25.1
Detect Changes	Run actions/checkout@v6	2026-08-10T15:42:31.1242472Z  * [new tag]         v0.25.2                                  -> v0.25.2
Detect Changes	Run actions/checkout@v6	2026-08-10T15:42:31.1243455Z  * [new tag]         v0.25.3                                  -> v0.25.3
Detect Changes	Run actions/checkout@v6	2026-08-10T15:42:31.1244436Z  * [new tag]         v0.25.4                                  -> v0.25.4
Detect Changes	Run actions/checkout@v6	2026-08-10T15:42:31.1245453Z  * [new tag]         v0.3.1                                   -> v0.3.1
Detect Changes	Run actions/checkout@v6	2026-08-10T15:42:31.1246427Z  * [new tag]         v0.4.0                                   -> v0.4.0
Detect Changes	Run actions/checkout@v6	2026-08-10T15:42:31.1247397Z  * [new tag]         v0.4.1                                   -> v0.4.1
Detect Changes	Run actions/checkout@v6	2026-08-10T15:42:31.1248608Z  * [new tag]         v0.5.0                                   -> v0.5.0
Detect Changes	Run actions/checkout@v6	2026-08-10T15:42:31.1250203Z  * [new tag]         v0.5.1                                   -> v0.5.1
Detect Changes	Run actions/checkout@v6	2026-08-10T15:42:31.1252032Z  * [new tag]         v0.5.2                                   -> v0.5.2
Detect Changes	Run actions/checkout@v6	2026-08-10T15:42:31.1253311Z  * [new tag]         v0.5.3                                   -> v0.5.3
Detect Changes	Run actions/checkout@v6	2026-08-10T15:42:31.1254293Z  * [new tag]         v0.6.0                                   -> v0.6.0
Detect Changes	Run actions/checkout@v6	2026-08-10T15:42:31.1255272Z  * [new tag]         v0.7.0                                   -> v0.7.0
Detect Changes	Run actions/checkout@v6	2026-08-10T15:42:31.1256640Z  * [new tag]         v0.7.1                                   -> v0.7.1
Detect Changes	Run actions/checkout@v6	2026-08-10T15:42:31.1258110Z  * [new tag]         v0.7.2                                   -> v0.7.2
Detect Changes	Run actions/checkout@v6	2026-08-10T15:42:31.1259719Z  * [new tag]         v0.7.4                                   -> v0.7.4
Detect Changes	Run actions/checkout@v6	2026-08-10T15:42:31.1261584Z  * [new tag]         v0.7.5                                   -> v0.7.5
Detect Changes	Run actions/checkout@v6	2026-08-10T15:42:31.1263139Z  * [new tag]         v0.7.6                                   -> v0.7.6
Detect Changes	Run actions/checkout@v6	2026-08-10T15:42:31.1264759Z  * [new tag]         v0.9.0                                   -> v0.9.0
Detect Changes	Run actions/checkout@v6	2026-08-10T15:42:31.1266791Z  * [new ref]         c88600c0d8ff8d80941044138e858ae826ae3010 -> pull/161/merge
Detect Changes	Run actions/checkout@v6	2026-08-10T15:42:31.1275399Z ##[endgroup]
Detect Changes	Run actions/checkout@v6	2026-08-10T15:42:31.1276384Z ##[group]Determining the checkout info
Detect Changes	Run actions/checkout@v6	2026-08-10T15:42:31.1277347Z ##[endgroup]
Detect Changes	Run actions/checkout@v6	2026-08-10T15:42:31.1281897Z [command]/usr/bin/git sparse-checkout disable
Detect Changes	Run actions/checkout@v6	2026-08-10T15:42:31.1336580Z [command]/usr/bin/git config --local --unset-all extensions.worktreeConfig
Detect Changes	Run actions/checkout@v6	2026-08-10T15:42:31.1373087Z ##[group]Checking out the ref
Detect Changes	Run actions/checkout@v6	2026-08-10T15:42:31.1375934Z [command]/usr/bin/git checkout --progress --force refs/remotes/pull/161/merge
Detect Changes	Run actions/checkout@v6	2026-08-10T15:42:31.2164329Z Note: switching to 'refs/remotes/pull/161/merge'.
Detect Changes	Run actions/checkout@v6	2026-08-10T15:42:31.2165512Z 
Detect Changes	Run actions/checkout@v6	2026-08-10T15:42:31.2166122Z You are in 'detached HEAD' state. You can look around, make experimental
Detect Changes	Run actions/checkout@v6	2026-08-10T15:42:31.2167509Z changes and commit them, and you can discard any commits you make in this
Detect Changes	Run actions/checkout@v6	2026-08-10T15:42:31.2168857Z state without impacting any branches by switching back to a branch.
Detect Changes	Run actions/checkout@v6	2026-08-10T15:42:31.2169689Z 
Detect Changes	Run actions/checkout@v6	2026-08-10T15:42:31.2170256Z If you want to create a new branch to retain commits you create, you may
Detect Changes	Run actions/checkout@v6	2026-08-10T15:42:31.2172013Z do so (now or later) by using -c with the switch command. Example:
Detect Changes	Run actions/checkout@v6	2026-08-10T15:42:31.2172861Z 
Detect Changes	Run actions/checkout@v6	2026-08-10T15:42:31.2173364Z   git switch -c <new-branch-name>
Detect Changes	Run actions/checkout@v6	2026-08-10T15:42:31.2174178Z 
Detect Changes	Run actions/checkout@v6	2026-08-10T15:42:31.2174696Z Or undo this operation with:
Detect Changes	Run actions/checkout@v6	2026-08-10T15:42:31.2175522Z 
Detect Changes	Run actions/checkout@v6	2026-08-10T15:42:31.2175946Z   git switch -
Detect Changes	Run actions/checkout@v6	2026-08-10T15:42:31.2176856Z 
Detect Changes	Run actions/checkout@v6	2026-08-10T15:42:31.2177648Z Turn off this advice by setting config variable advice.detachedHead to false
Detect Changes	Run actions/checkout@v6	2026-08-10T15:42:31.2178818Z 
Detect Changes	Run actions/checkout@v6	2026-08-10T15:42:31.2180180Z HEAD is now at c88600c Merge 3562e612036bcd5e3fa75dcb89d8b334d7a954ac into db1ad4d0b2119148b4ad6e870080f8178a2a8e93
Detect Changes	Run actions/checkout@v6	2026-08-10T15:42:31.2184803Z ##[endgroup]
Detect Changes	Run actions/checkout@v6	2026-08-10T15:42:31.2248307Z [command]/usr/bin/git log -1 --format=%H
Detect Changes	Run actions/checkout@v6	2026-08-10T15:42:31.2278333Z c88600c0d8ff8d80941044138e858ae826ae3010
Detect Changes	Setup Node.js	﻿2026-08-10T15:42:31.2586699Z ##[group]Run actions/setup-node@v6
Detect Changes	Setup Node.js	2026-08-10T15:42:31.2587412Z with:
Detect Changes	Setup Node.js	2026-08-10T15:42:31.2587859Z   node-version: 24.x
Detect Changes	Setup Node.js	2026-08-10T15:42:31.2588374Z   check-latest: false
Detect Changes	Setup Node.js	2026-08-10T15:42:31.2593484Z   token: ***
Detect Changes	Setup Node.js	2026-08-10T15:42:31.2593989Z   package-manager-cache: true
Detect Changes	Setup Node.js	2026-08-10T15:42:31.2594563Z env:
Detect Changes	Setup Node.js	2026-08-10T15:42:31.2595002Z   CARGO_TERM_COLOR: always
Detect Changes	Setup Node.js	2026-08-10T15:42:31.2595562Z   CARGO_NET_RETRY: 10
Detect Changes	Setup Node.js	2026-08-10T15:42:31.2596102Z   CARGO_HTTP_MULTIPLEXING: false
Detect Changes	Setup Node.js	2026-08-10T15:42:31.2596722Z   RUSTFLAGS: -Dwarnings
Detect Changes	Setup Node.js	2026-08-10T15:42:31.2597312Z   FORCE_JAVASCRIPT_ACTIONS_TO_NODE24: true
Detect Changes	Setup Node.js	2026-08-10T15:42:31.2597986Z   GIT_CONFIG_COUNT: 1
Detect Changes	Setup Node.js	2026-08-10T15:42:31.2598521Z   GIT_CONFIG_KEY_0: init.defaultBranch
Detect Changes	Setup Node.js	2026-08-10T15:42:31.2599164Z   GIT_CONFIG_VALUE_0: main
Detect Changes	Setup Node.js	2026-08-10T15:42:31.2599707Z ##[endgroup]
Detect Changes	Setup Node.js	2026-08-10T15:42:31.4033135Z Found in cache @ /opt/hostedtoolcache/node/24.18.0/x64
Detect Changes	Setup Node.js	2026-08-10T15:42:31.4058381Z ##[group]Environment details
Detect Changes	Setup Node.js	2026-08-10T15:42:31.8596200Z node: v24.18.0
Detect Changes	Setup Node.js	2026-08-10T15:42:31.8598592Z npm: 11.16.0
Detect Changes	Setup Node.js	2026-08-10T15:42:31.8599700Z yarn: 1.22.22
Detect Changes	Setup Node.js	2026-08-10T15:42:31.8602332Z ##[endgroup]
Detect Changes	Detect changes	﻿2026-08-10T15:42:31.8803543Z ##[group]Run node scripts/detect-code-changes.mjs
Detect Changes	Detect changes	2026-08-10T15:42:31.8805489Z ^[[36;1mnode scripts/detect-code-changes.mjs^[[0m
Detect Changes	Detect changes	2026-08-10T15:42:31.8866697Z shell: /usr/bin/bash -e {0}
Detect Changes	Detect changes	2026-08-10T15:42:31.8868014Z env:
Detect Changes	Detect changes	2026-08-10T15:42:31.8869047Z   CARGO_TERM_COLOR: always
Detect Changes	Detect changes	2026-08-10T15:42:31.8870257Z   CARGO_NET_RETRY: 10
Detect Changes	Detect changes	2026-08-10T15:42:31.8871779Z   CARGO_HTTP_MULTIPLEXING: false
Detect Changes	Detect changes	2026-08-10T15:42:31.8873129Z   RUSTFLAGS: -Dwarnings
Detect Changes	Detect changes	2026-08-10T15:42:31.8874346Z   FORCE_JAVASCRIPT_ACTIONS_TO_NODE24: true
Detect Changes	Detect changes	2026-08-10T15:42:31.8875763Z   GIT_CONFIG_COUNT: 1
Detect Changes	Detect changes	2026-08-10T15:42:31.8876908Z   GIT_CONFIG_KEY_0: init.defaultBranch
Detect Changes	Detect changes	2026-08-10T15:42:31.8878283Z   GIT_CONFIG_VALUE_0: main
Detect Changes	Detect changes	2026-08-10T15:42:31.8879473Z   GITHUB_EVENT_NAME: pull_request
Detect Changes	Detect changes	2026-08-10T15:42:31.8881225Z   GITHUB_BASE_SHA: db1ad4d0b2119148b4ad6e870080f8178a2a8e93
Detect Changes	Detect changes	2026-08-10T15:42:31.8883136Z   GITHUB_HEAD_SHA: 3562e612036bcd5e3fa75dcb89d8b334d7a954ac
Detect Changes	Detect changes	2026-08-10T15:42:31.8884757Z ##[endgroup]
Detect Changes	Detect changes	2026-08-10T15:42:31.9276606Z Detecting file changes for CI/CD...
Detect Changes	Detect changes	2026-08-10T15:42:31.9277716Z 
Detect Changes	Detect changes	2026-08-10T15:42:31.9279539Z Comparing PR: db1ad4d0b2119148b4ad6e870080f8178a2a8e93...3562e612036bcd5e3fa75dcb89d8b334d7a954ac
Detect Changes	Detect changes	2026-08-10T15:42:31.9362039Z Changed files:
Detect Changes	Detect changes	2026-08-10T15:42:31.9364105Z   docs/case-studies/issue-160/README.md
Detect Changes	Detect changes	2026-08-10T15:42:31.9366445Z   docs/case-studies/issue-160/ci-logs/js-31380353470.log
Detect Changes	Detect changes	2026-08-10T15:42:31.9369665Z   docs/case-studies/issue-160/ci-logs/js-31388354106.log
Detect Changes	Detect changes	2026-08-10T15:42:31.9372727Z   docs/case-studies/issue-160/ci-logs/rust-31380353804.log
Detect Changes	Detect changes	2026-08-10T15:42:31.9375099Z   docs/case-studies/issue-160/ci-logs/rust-31388355823.log
Detect Changes	Detect changes	2026-08-10T15:42:31.9377429Z   docs/case-studies/issue-160/data/issue-156-comments.json
Detect Changes	Detect changes	2026-08-10T15:42:31.9379778Z   docs/case-studies/issue-160/data/issue-156.json
Detect Changes	Detect changes	2026-08-10T15:42:31.9382140Z   docs/case-studies/issue-160/data/issue-158-comments.json
Detect Changes	Detect changes	2026-08-10T15:42:31.9384379Z   docs/case-studies/issue-160/data/issue-158.json
Detect Changes	Detect changes	2026-08-10T15:42:31.9386497Z   docs/case-studies/issue-160/data/js-focused-test.log
Detect Changes	Detect changes	2026-08-10T15:42:31.9388393Z   docs/case-studies/issue-160/data/js-run-31380353470.json
Detect Changes	Detect changes	2026-08-10T15:42:31.9391387Z   docs/case-studies/issue-160/data/js-run-31388354106.json
Detect Changes	Detect changes	2026-08-10T15:42:31.9393800Z   docs/case-studies/issue-160/data/js-v0.32.0-release.json
Detect Changes	Detect changes	2026-08-10T15:42:31.9395618Z   docs/case-studies/issue-160/data/local-doc-js.log
Detect Changes	Detect changes	2026-08-10T15:42:31.9397838Z   docs/case-studies/issue-160/data/local-doc-rust.log
Detect Changes	Detect changes	2026-08-10T15:42:31.9399800Z   docs/case-studies/issue-160/data/local-js-filesize.log
Detect Changes	Detect changes	2026-08-10T15:42:31.9402097Z   docs/case-studies/issue-160/data/local-js-format.log
Detect Changes	Detect changes	2026-08-10T15:42:31.9403967Z   docs/case-studies/issue-160/data/local-js-full.log
Detect Changes	Detect changes	2026-08-10T15:42:31.9405840Z   docs/case-studies/issue-160/data/local-js-lint.log
Detect Changes	Detect changes	2026-08-10T15:42:31.9407582Z   docs/case-studies/issue-160/data/local-mjs-syntax.log
Detect Changes	Detect changes	2026-08-10T15:42:31.9409336Z   docs/case-studies/issue-160/data/local-rust-build.log
Detect Changes	Detect changes	2026-08-10T15:42:31.9411474Z   docs/case-studies/issue-160/data/local-rust-clippy.log
Detect Changes	Detect changes	2026-08-10T15:42:31.9413566Z   docs/case-studies/issue-160/data/local-rust-doc.log
Detect Changes	Detect changes	2026-08-10T15:42:31.9416387Z   docs/case-studies/issue-160/data/local-rust-filesize.log
Detect Changes	Detect changes	2026-08-10T15:42:31.9418216Z   docs/case-studies/issue-160/data/local-rust-fmt.log
Detect Changes	Detect changes	2026-08-10T15:42:31.9419920Z   docs/case-studies/issue-160/data/local-rust-full.log
Detect Changes	Detect changes	2026-08-10T15:42:31.9422125Z   docs/case-studies/issue-160/data/local-rust-package.log
Detect Changes	Detect changes	2026-08-10T15:42:31.9424956Z   docs/case-studies/issue-160/data/local-test-parity.log
Detect Changes	Detect changes	2026-08-10T15:42:31.9427643Z   docs/case-studies/issue-160/data/npm-package.json
Detect Changes	Detect changes	2026-08-10T15:42:31.9430359Z   docs/case-studies/issue-160/data/pr-157-conversation.json
Detect Changes	Detect changes	2026-08-10T15:42:31.9433805Z   docs/case-studies/issue-160/data/pr-157-review-comments.json
Detect Changes	Detect changes	2026-08-10T15:42:31.9436695Z   docs/case-studies/issue-160/data/pr-157-reviews.json
Detect Changes	Detect changes	2026-08-10T15:42:31.9439208Z   docs/case-studies/issue-160/data/pr-157.json
Detect Changes	Detect changes	2026-08-10T15:42:31.9442103Z   docs/case-studies/issue-160/data/pr-159-conversation.json
Detect Changes	Detect changes	2026-08-10T15:42:31.9444739Z   docs/case-studies/issue-160/data/pr-159-hermetic-probe-fix.diff
Detect Changes	Detect changes	2026-08-10T15:42:31.9447907Z   docs/case-studies/issue-160/data/pr-159-review-comments.json
Detect Changes	Detect changes	2026-08-10T15:42:31.9449763Z   docs/case-studies/issue-160/data/pr-159-reviews.json
Detect Changes	Detect changes	2026-08-10T15:42:31.9451749Z   docs/case-studies/issue-160/data/pr-159.json
Detect Changes	Detect changes	2026-08-10T15:42:31.9453594Z   docs/case-studies/issue-160/data/pr-161-route-preservation.diff
Detect Changes	Detect changes	2026-08-10T15:42:31.9455523Z   docs/case-studies/issue-160/data/pre-fix-js-d959632.js
Detect Changes	Detect changes	2026-08-10T15:42:31.9457349Z   docs/case-studies/issue-160/data/pre-fix-rust-d959632.rs
Detect Changes	Detect changes	2026-08-10T15:42:31.9459142Z   docs/case-studies/issue-160/data/recent-main-runs.json
Detect Changes	Detect changes	2026-08-10T15:42:31.9461144Z   docs/case-studies/issue-160/data/rust-focused-test.log
Detect Changes	Detect changes	2026-08-10T15:42:31.9462986Z   docs/case-studies/issue-160/data/rust-run-31380353804.json
Detect Changes	Detect changes	2026-08-10T15:42:31.9464848Z   docs/case-studies/issue-160/data/rust-run-31388355823.json
Detect Changes	Detect changes	2026-08-10T15:42:31.9466709Z   docs/case-studies/issue-160/data/rust-v0.19.0-release.json
Detect Changes	Detect changes	2026-08-10T15:42:31.9468439Z   docs/case-studies/issue-160/issue-comments.json
Detect Changes	Detect changes	2026-08-10T15:42:31.9469979Z   docs/case-studies/issue-160/issue-data.json
Detect Changes	Detect changes	2026-08-10T15:42:31.9471872Z   docs/case-studies/issue-160/online-research.md
Detect Changes	Detect changes	2026-08-10T15:42:31.9473441Z   docs/case-studies/issue-160/requirements.md
Detect Changes	Detect changes	2026-08-10T15:42:31.9474924Z   docs/case-studies/issue-160/root-cause.md
Detect Changes	Detect changes	2026-08-10T15:42:31.9476333Z   docs/case-studies/issue-160/solutions.md
Detect Changes	Detect changes	2026-08-10T15:42:31.9477730Z   docs/case-studies/issue-160/timeline.md
Detect Changes	Detect changes	2026-08-10T15:42:31.9479123Z   js/test/docker-network-integration.js
Detect Changes	Detect changes	2026-08-10T15:42:31.9480451Z   rust/tests/docker_network.rs
Detect Changes	Detect changes	2026-08-10T15:42:31.9481445Z 
Detect Changes	Detect changes	2026-08-10T15:42:31.9481871Z rs-changed=true
Detect Changes	Detect changes	2026-08-10T15:42:31.9482884Z toml-changed=false
Detect Changes	Detect changes	2026-08-10T15:42:31.9483840Z js-changed=true
Detect Changes	Detect changes	2026-08-10T15:42:31.9484775Z mjs-changed=false
Detect Changes	Detect changes	2026-08-10T15:42:31.9485758Z package-changed=false
Detect Changes	Detect changes	2026-08-10T15:42:31.9486776Z docs-changed=true
Detect Changes	Detect changes	2026-08-10T15:42:31.9487763Z workflow-changed=false
Detect Changes	Detect changes	2026-08-10T15:42:31.9488378Z 
Detect Changes	Detect changes	2026-08-10T15:42:31.9488903Z Files considered as code changes:
Detect Changes	Detect changes	2026-08-10T15:42:31.9490177Z   js/test/docker-network-integration.js
Detect Changes	Detect changes	2026-08-10T15:42:31.9491942Z   rust/tests/docker_network.rs
Detect Changes	Detect changes	2026-08-10T15:42:31.9492688Z 
Detect Changes	Detect changes	2026-08-10T15:42:31.9493177Z any-rust-code-changed=true
Detect Changes	Detect changes	2026-08-10T15:42:31.9494588Z any-js-code-changed=true
Detect Changes	Detect changes	2026-08-10T15:42:31.9495678Z any-code-changed=true
Detect Changes	Detect changes	2026-08-10T15:42:31.9496276Z 
Detect Changes	Detect changes	2026-08-10T15:42:31.9496745Z Change detection completed.
Detect Changes	Post Setup Node.js	﻿2026-08-10T15:42:31.9737566Z Post job cleanup.
Detect Changes	Post Run actions/checkout@v6	﻿2026-08-10T15:42:32.1266651Z Post job cleanup.
Detect Changes	Post Run actions/checkout@v6	2026-08-10T15:42:32.2156939Z [command]/usr/bin/git version
Detect Changes	Post Run actions/checkout@v6	2026-08-10T15:42:32.2200287Z git version 2.54.0
Detect Changes	Post Run actions/checkout@v6	2026-08-10T15:42:32.2270497Z Temporarily overriding HOME='/home/runner/work/_temp/dc91d6a1-8c9a-4f4f-b0c9-9c1b7d8bdab7' before making global git config changes
Detect Changes	Post Run actions/checkout@v6	2026-08-10T15:42:32.2276130Z Adding repository directory to the temporary git global config as a safe directory
Detect Changes	Post Run actions/checkout@v6	2026-08-10T15:42:32.2280723Z [command]/usr/bin/git config --global --add safe.directory /home/runner/work/start/start
Detect Changes	Post Run actions/checkout@v6	2026-08-10T15:42:32.2331694Z Removing SSH command configuration
Detect Changes	Post Run actions/checkout@v6	2026-08-10T15:42:32.2337273Z [command]/usr/bin/git config --local --name-only --get-regexp core\.sshCommand
Detect Changes	Post Run actions/checkout@v6	2026-08-10T15:42:32.2398318Z [command]/usr/bin/git submodule foreach --recursive sh -c "git config --local --name-only --get-regexp 'core\.sshCommand' && git config --local --unset-all 'core.sshCommand' || :"
Detect Changes	Post Run actions/checkout@v6	2026-08-10T15:42:32.2714965Z Removing HTTP extra header
Detect Changes	Post Run actions/checkout@v6	2026-08-10T15:42:32.2723743Z [command]/usr/bin/git config --local --name-only --get-regexp http\.https\:\/\/github\.com\/\.extraheader
Detect Changes	Post Run actions/checkout@v6	2026-08-10T15:42:32.2782661Z [command]/usr/bin/git submodule foreach --recursive sh -c "git config --local --name-only --get-regexp 'http\.https\:\/\/github\.com\/\.extraheader' && git config --local --unset-all 'http.https://github.com/.extraheader' || :"
Detect Changes	Post Run actions/checkout@v6	2026-08-10T15:42:32.3126030Z Removing includeIf entries pointing to credentials config files
Detect Changes	Post Run actions/checkout@v6	2026-08-10T15:42:32.3139687Z [command]/usr/bin/git config --local --name-only --get-regexp ^includeIf\.gitdir:
Detect Changes	Post Run actions/checkout@v6	2026-08-10T15:42:32.3180445Z includeif.gitdir:/home/runner/work/start/start/.git.path
Detect Changes	Post Run actions/checkout@v6	2026-08-10T15:42:32.3193237Z includeif.gitdir:/home/runner/work/start/start/.git/worktrees/*.path
Detect Changes	Post Run actions/checkout@v6	2026-08-10T15:42:32.3196629Z includeif.gitdir:/github/workspace/.git.path
Detect Changes	Post Run actions/checkout@v6	2026-08-10T15:42:32.3199871Z includeif.gitdir:/github/workspace/.git/worktrees/*.path
Detect Changes	Post Run actions/checkout@v6	2026-08-10T15:42:32.3207046Z [command]/usr/bin/git config --local --get-all includeif.gitdir:/home/runner/work/start/start/.git.path
Detect Changes	Post Run actions/checkout@v6	2026-08-10T15:42:32.3235354Z /home/runner/work/_temp/git-credentials-3cb6905d-3113-457e-8a49-36b076c3cf0c.config
Detect Changes	Post Run actions/checkout@v6	2026-08-10T15:42:32.3259419Z [command]/usr/bin/git config --local --unset includeif.gitdir:/home/runner/work/start/start/.git.path /home/runner/work/_temp/git-credentials-3cb6905d-3113-457e-8a49-36b076c3cf0c.config
Detect Changes	Post Run actions/checkout@v6	2026-08-10T15:42:32.3332905Z [command]/usr/bin/git config --local --get-all includeif.gitdir:/home/runner/work/start/start/.git/worktrees/*.path
Detect Changes	Post Run actions/checkout@v6	2026-08-10T15:42:32.3352776Z /home/runner/work/_temp/git-credentials-3cb6905d-3113-457e-8a49-36b076c3cf0c.config
Detect Changes	Post Run actions/checkout@v6	2026-08-10T15:42:32.3386878Z [command]/usr/bin/git config --local --unset includeif.gitdir:/home/runner/work/start/start/.git/worktrees/*.path /home/runner/work/_temp/git-credentials-3cb6905d-3113-457e-8a49-36b076c3cf0c.config
Detect Changes	Post Run actions/checkout@v6	2026-08-10T15:42:32.3452819Z [command]/usr/bin/git config --local --get-all includeif.gitdir:/github/workspace/.git.path
Detect Changes	Post Run actions/checkout@v6	2026-08-10T15:42:32.3463080Z /github/runner_temp/git-credentials-3cb6905d-3113-457e-8a49-36b076c3cf0c.config
Detect Changes	Post Run actions/checkout@v6	2026-08-10T15:42:32.3475090Z [command]/usr/bin/git config --local --unset includeif.gitdir:/github/workspace/.git.path /github/runner_temp/git-credentials-3cb6905d-3113-457e-8a49-36b076c3cf0c.config
Detect Changes	Post Run actions/checkout@v6	2026-08-10T15:42:32.3514657Z [command]/usr/bin/git config --local --get-all includeif.gitdir:/github/workspace/.git/worktrees/*.path
Detect Changes	Post Run actions/checkout@v6	2026-08-10T15:42:32.3539093Z /github/runner_temp/git-credentials-3cb6905d-3113-457e-8a49-36b076c3cf0c.config
Detect Changes	Post Run actions/checkout@v6	2026-08-10T15:42:32.3550140Z [command]/usr/bin/git config --local --unset includeif.gitdir:/github/workspace/.git/worktrees/*.path /github/runner_temp/git-credentials-3cb6905d-3113-457e-8a49-36b076c3cf0c.config
Detect Changes	Post Run actions/checkout@v6	2026-08-10T15:42:32.3590705Z [command]/usr/bin/git submodule foreach --recursive git config --local --show-origin --name-only --get-regexp remote.origin.url
Detect Changes	Post Run actions/checkout@v6	2026-08-10T15:42:32.3815753Z Removing credentials config '/home/runner/work/_temp/git-credentials-3cb6905d-3113-457e-8a49-36b076c3cf0c.config'
Detect Changes	Complete job	﻿2026-08-10T15:42:32.3981677Z Evaluate and set job outputs
Detect Changes	Complete job	2026-08-10T15:42:32.3992021Z Set output 'rs-changed'
Detect Changes	Complete job	2026-08-10T15:42:32.3994665Z Set output 'toml-changed'
Detect Changes	Complete job	2026-08-10T15:42:32.3996287Z Set output 'mjs-changed'
Detect Changes	Complete job	2026-08-10T15:42:32.3997568Z Set output 'docs-changed'
Detect Changes	Complete job	2026-08-10T15:42:32.3998876Z Set output 'workflow-changed'
Detect Changes	Complete job	2026-08-10T15:42:32.4000220Z Set output 'any-rust-code-changed'
Detect Changes	Complete job	2026-08-10T15:42:32.4002460Z Cleaning up orphan processes
Check for Manual Version Changes	Set up job	﻿2026-08-10T15:42:30.0130288Z Current runner version: '2.336.0'
Check for Manual Version Changes	Set up job	2026-08-10T15:42:30.0155482Z ##[group]Runner Image Provisioner
Check for Manual Version Changes	Set up job	2026-08-10T15:42:30.0156409Z Hosted Compute Agent
Check for Manual Version Changes	Set up job	2026-08-10T15:42:30.0157062Z Version: 20260707.563
Check for Manual Version Changes	Set up job	2026-08-10T15:42:30.0157702Z Commit: 02667638d2b423fbc733a8e32a88b44996a3ba6e
Check for Manual Version Changes	Set up job	2026-08-10T15:42:30.0158418Z Build Date: 2026-07-07T19:33:50Z
Check for Manual Version Changes	Set up job	2026-08-10T15:42:30.0159156Z Worker ID: {372899f1-9471-4f0b-bb5f-aecf9f05167a}
Check for Manual Version Changes	Set up job	2026-08-10T15:42:30.0159895Z Azure Region: westus3
Check for Manual Version Changes	Set up job	2026-08-10T15:42:30.0160441Z ##[endgroup]
Check for Manual Version Changes	Set up job	2026-08-10T15:42:30.0161931Z ##[group]Operating System
Check for Manual Version Changes	Set up job	2026-08-10T15:42:30.0162570Z Ubuntu
Check for Manual Version Changes	Set up job	2026-08-10T15:42:30.0163134Z 24.04.4
Check for Manual Version Changes	Set up job	2026-08-10T15:42:30.0163679Z LTS
Check for Manual Version Changes	Set up job	2026-08-10T15:42:30.0164175Z ##[endgroup]
Check for Manual Version Changes	Set up job	2026-08-10T15:42:30.0165207Z ##[group]Runner Image
Check for Manual Version Changes	Set up job	2026-08-10T15:42:30.0165852Z Image: ubuntu-24.04
Check for Manual Version Changes	Set up job	2026-08-10T15:42:30.0166406Z Version: 20260720.247.2
Check for Manual Version Changes	Set up job	2026-08-10T15:42:30.0167574Z Included Software: https://github.com/actions/runner-images/blob/ubuntu24/20260720.247/images/ubuntu/Ubuntu2404-Readme.md
Check for Manual Version Changes	Set up job	2026-08-10T15:42:30.0169292Z Image Release: https://github.com/actions/runner-images/releases/tag/ubuntu24%2F20260720.247
Check for Manual Version Changes	Set up job	2026-08-10T15:42:30.0170252Z ##[endgroup]
Check for Manual Version Changes	Set up job	2026-08-10T15:42:30.0171353Z ##[group]GITHUB_TOKEN Permissions
Check for Manual Version Changes	Set up job	2026-08-10T15:42:30.0173271Z Contents: read
Check for Manual Version Changes	Set up job	2026-08-10T15:42:30.0173897Z Metadata: read
Check for Manual Version Changes	Set up job	2026-08-10T15:42:30.0174883Z ##[endgroup]
Check for Manual Version Changes	Set up job	2026-08-10T15:42:30.0176961Z Secret source: Actions
Check for Manual Version Changes	Set up job	2026-08-10T15:42:30.0178182Z Prepare workflow directory
Check for Manual Version Changes	Set up job	2026-08-10T15:42:30.0588531Z Prepare all required actions
Check for Manual Version Changes	Set up job	2026-08-10T15:42:30.0638537Z Getting action download info
Check for Manual Version Changes	Set up job	2026-08-10T15:42:30.6017577Z Download action repository 'actions/checkout@v6' (SHA:d23441a48e516b6c34aea4fa41551a30e30af803)
Check for Manual Version Changes	Set up job	2026-08-10T15:42:31.5326420Z Complete job name: Check for Manual Version Changes
Check for Manual Version Changes	Run actions/checkout@v6	﻿2026-08-10T15:42:31.6124323Z ##[group]Run actions/checkout@v6
Check for Manual Version Changes	Run actions/checkout@v6	2026-08-10T15:42:31.6125630Z with:
Check for Manual Version Changes	Run actions/checkout@v6	2026-08-10T15:42:31.6126127Z   fetch-depth: 0
Check for Manual Version Changes	Run actions/checkout@v6	2026-08-10T15:42:31.6126639Z   repository: link-foundation/start
Check for Manual Version Changes	Run actions/checkout@v6	2026-08-10T15:42:31.6130679Z   token: ***
Check for Manual Version Changes	Run actions/checkout@v6	2026-08-10T15:42:31.6131192Z   ssh-strict: true
Check for Manual Version Changes	Run actions/checkout@v6	2026-08-10T15:42:31.6131671Z   ssh-user: git
Check for Manual Version Changes	Run actions/checkout@v6	2026-08-10T15:42:31.6132181Z   persist-credentials: true
Check for Manual Version Changes	Run actions/checkout@v6	2026-08-10T15:42:31.6132717Z   clean: true
Check for Manual Version Changes	Run actions/checkout@v6	2026-08-10T15:42:31.6133197Z   sparse-checkout-cone-mode: true
Check for Manual Version Changes	Run actions/checkout@v6	2026-08-10T15:42:31.6133770Z   fetch-tags: false
Check for Manual Version Changes	Run actions/checkout@v6	2026-08-10T15:42:31.6134254Z   show-progress: true
Check for Manual Version Changes	Run actions/checkout@v6	2026-08-10T15:42:31.6134931Z   lfs: false
Check for Manual Version Changes	Run actions/checkout@v6	2026-08-10T15:42:31.6135386Z   submodules: false
Check for Manual Version Changes	Run actions/checkout@v6	2026-08-10T15:42:31.6135909Z   set-safe-directory: true
Check for Manual Version Changes	Run actions/checkout@v6	2026-08-10T15:42:31.6136460Z   allow-unsafe-pr-checkout: false
Check for Manual Version Changes	Run actions/checkout@v6	2026-08-10T15:42:31.6137292Z env:
Check for Manual Version Changes	Run actions/checkout@v6	2026-08-10T15:42:31.6137769Z   CARGO_TERM_COLOR: always
Check for Manual Version Changes	Run actions/checkout@v6	2026-08-10T15:42:31.6138297Z   CARGO_NET_RETRY: 10
Check for Manual Version Changes	Run actions/checkout@v6	2026-08-10T15:42:31.6138811Z   CARGO_HTTP_MULTIPLEXING: false
Check for Manual Version Changes	Run actions/checkout@v6	2026-08-10T15:42:31.6139396Z   RUSTFLAGS: -Dwarnings
Check for Manual Version Changes	Run actions/checkout@v6	2026-08-10T15:42:31.6140001Z   FORCE_JAVASCRIPT_ACTIONS_TO_NODE24: true
Check for Manual Version Changes	Run actions/checkout@v6	2026-08-10T15:42:31.6140620Z   GIT_CONFIG_COUNT: 1
Check for Manual Version Changes	Run actions/checkout@v6	2026-08-10T15:42:31.6141137Z   GIT_CONFIG_KEY_0: init.defaultBranch
Check for Manual Version Changes	Run actions/checkout@v6	2026-08-10T15:42:31.6141730Z   GIT_CONFIG_VALUE_0: main
Check for Manual Version Changes	Run actions/checkout@v6	2026-08-10T15:42:31.6142247Z ##[endgroup]
Check for Manual Version Changes	Run actions/checkout@v6	2026-08-10T15:42:31.7190100Z Syncing repository: link-foundation/start
Check for Manual Version Changes	Run actions/checkout@v6	2026-08-10T15:42:31.7193061Z ##[group]Getting Git version info
Check for Manual Version Changes	Run actions/checkout@v6	2026-08-10T15:42:31.7194338Z Working directory is '/home/runner/work/start/start'
Check for Manual Version Changes	Run actions/checkout@v6	2026-08-10T15:42:31.7196355Z [command]/usr/bin/git version
Check for Manual Version Changes	Run actions/checkout@v6	2026-08-10T15:42:31.7268997Z git version 2.54.0
Check for Manual Version Changes	Run actions/checkout@v6	2026-08-10T15:42:31.7331375Z ##[endgroup]
Check for Manual Version Changes	Run actions/checkout@v6	2026-08-10T15:42:31.7349940Z Temporarily overriding HOME='/home/runner/work/_temp/b2eb9b92-0038-4691-8fd7-51452f7e960b' before making global git config changes
Check for Manual Version Changes	Run actions/checkout@v6	2026-08-10T15:42:31.7353622Z Adding repository directory to the temporary git global config as a safe directory
Check for Manual Version Changes	Run actions/checkout@v6	2026-08-10T15:42:31.7356785Z [command]/usr/bin/git config --global --add safe.directory /home/runner/work/start/start
Check for Manual Version Changes	Run actions/checkout@v6	2026-08-10T15:42:31.7414933Z Deleting the contents of '/home/runner/work/start/start'
Check for Manual Version Changes	Run actions/checkout@v6	2026-08-10T15:42:31.7419443Z ##[group]Determining repository object format
Check for Manual Version Changes	Run actions/checkout@v6	2026-08-10T15:42:31.7421658Z ##[endgroup]
Check for Manual Version Changes	Run actions/checkout@v6	2026-08-10T15:42:31.7423002Z ##[group]Initializing the repository
Check for Manual Version Changes	Run actions/checkout@v6	2026-08-10T15:42:31.7426772Z [command]/usr/bin/git init /home/runner/work/start/start
Check for Manual Version Changes	Run actions/checkout@v6	2026-08-10T15:42:31.7626823Z Initialized empty Git repository in /home/runner/work/start/start/.git/
Check for Manual Version Changes	Run actions/checkout@v6	2026-08-10T15:42:31.7640081Z [command]/usr/bin/git remote add origin https://github.com/link-foundation/start
Check for Manual Version Changes	Run actions/checkout@v6	2026-08-10T15:42:31.7713881Z ##[endgroup]
Check for Manual Version Changes	Run actions/checkout@v6	2026-08-10T15:42:31.7715103Z ##[group]Disabling automatic garbage collection
Check for Manual Version Changes	Run actions/checkout@v6	2026-08-10T15:42:31.7721955Z [command]/usr/bin/git config --local gc.auto 0
Check for Manual Version Changes	Run actions/checkout@v6	2026-08-10T15:42:31.7758552Z ##[endgroup]
Check for Manual Version Changes	Run actions/checkout@v6	2026-08-10T15:42:31.7759666Z ##[group]Setting up auth
Check for Manual Version Changes	Run actions/checkout@v6	2026-08-10T15:42:31.7760626Z Removing SSH command configuration
Check for Manual Version Changes	Run actions/checkout@v6	2026-08-10T15:42:31.7767253Z [command]/usr/bin/git config --local --name-only --get-regexp core\.sshCommand
Check for Manual Version Changes	Run actions/checkout@v6	2026-08-10T15:42:31.7809228Z [command]/usr/bin/git submodule foreach --recursive sh -c "git config --local --name-only --get-regexp 'core\.sshCommand' && git config --local --unset-all 'core.sshCommand' || :"
Check for Manual Version Changes	Run actions/checkout@v6	2026-08-10T15:42:31.8263968Z Removing HTTP extra header
Check for Manual Version Changes	Run actions/checkout@v6	2026-08-10T15:42:31.8271366Z [command]/usr/bin/git config --local --name-only --get-regexp http\.https\:\/\/github\.com\/\.extraheader
Check for Manual Version Changes	Run actions/checkout@v6	2026-08-10T15:42:31.8310428Z [command]/usr/bin/git submodule foreach --recursive sh -c "git config --local --name-only --get-regexp 'http\.https\:\/\/github\.com\/\.extraheader' && git config --local --unset-all 'http.https://github.com/.extraheader' || :"
Check for Manual Version Changes	Run actions/checkout@v6	2026-08-10T15:42:31.8533185Z Removing includeIf entries pointing to credentials config files
Check for Manual Version Changes	Run actions/checkout@v6	2026-08-10T15:42:31.8541894Z [command]/usr/bin/git config --local --name-only --get-regexp ^includeIf\.gitdir:
Check for Manual Version Changes	Run actions/checkout@v6	2026-08-10T15:42:31.8581190Z [command]/usr/bin/git submodule foreach --recursive git config --local --show-origin --name-only --get-regexp remote.origin.url
Check for Manual Version Changes	Run actions/checkout@v6	2026-08-10T15:42:31.8808567Z [command]/usr/bin/git config --file /home/runner/work/_temp/git-credentials-a7ef47ae-31cf-4cd0-a521-e036e0462186.config http.https://github.com/.extraheader AUTHORIZATION: basic ***
Check for Manual Version Changes	Run actions/checkout@v6	2026-08-10T15:42:31.8851045Z [command]/usr/bin/git config --local includeIf.gitdir:/home/runner/work/start/start/.git.path /home/runner/work/_temp/git-credentials-a7ef47ae-31cf-4cd0-a521-e036e0462186.config
Check for Manual Version Changes	Run actions/checkout@v6	2026-08-10T15:42:31.8886122Z [command]/usr/bin/git config --local includeIf.gitdir:/home/runner/work/start/start/.git/worktrees/*.path /home/runner/work/_temp/git-credentials-a7ef47ae-31cf-4cd0-a521-e036e0462186.config
Check for Manual Version Changes	Run actions/checkout@v6	2026-08-10T15:42:31.8923768Z [command]/usr/bin/git config --local includeIf.gitdir:/github/workspace/.git.path /github/runner_temp/git-credentials-a7ef47ae-31cf-4cd0-a521-e036e0462186.config
Check for Manual Version Changes	Run actions/checkout@v6	2026-08-10T15:42:31.8965302Z [command]/usr/bin/git config --local includeIf.gitdir:/github/workspace/.git/worktrees/*.path /github/runner_temp/git-credentials-a7ef47ae-31cf-4cd0-a521-e036e0462186.config
Check for Manual Version Changes	Run actions/checkout@v6	2026-08-10T15:42:31.8993863Z ##[endgroup]
Check for Manual Version Changes	Run actions/checkout@v6	2026-08-10T15:42:31.8995014Z ##[group]Fetching the repository
Check for Manual Version Changes	Run actions/checkout@v6	2026-08-10T15:42:31.9003468Z [command]/usr/bin/git -c protocol.version=2 fetch --no-tags --prune --no-recurse-submodules origin +refs/heads/*:refs/remotes/origin/* +refs/tags/*:refs/tags/* +c88600c0d8ff8d80941044138e858ae826ae3010:refs/remotes/pull/161/merge
Check for Manual Version Changes	Run actions/checkout@v6	2026-08-10T15:42:33.2649247Z From https://github.com/link-foundation/start
Check for Manual Version Changes	Run actions/checkout@v6	2026-08-10T15:42:33.2653042Z  * [new branch]      issue-1-06306849                         -> origin/issue-1-06306849
Check for Manual Version Changes	Run actions/checkout@v6	2026-08-10T15:42:33.2656058Z  * [new branch]      issue-101-f6ea3a87b1de                   -> origin/issue-101-f6ea3a87b1de
Check for Manual Version Changes	Run actions/checkout@v6	2026-08-10T15:42:33.2658269Z  * [new branch]      issue-103-d2eee141f4bc                   -> origin/issue-103-d2eee141f4bc
Check for Manual Version Changes	Run actions/checkout@v6	2026-08-10T15:42:33.2659971Z  * [new branch]      issue-105-0edd650b7149                   -> origin/issue-105-0edd650b7149
Check for Manual Version Changes	Run actions/checkout@v6	2026-08-10T15:42:33.2661713Z  * [new branch]      issue-108-c821d8a93f01                   -> origin/issue-108-c821d8a93f01
Check for Manual Version Changes	Run actions/checkout@v6	2026-08-10T15:42:33.2663631Z  * [new branch]      issue-11-1524425f0588                    -> origin/issue-11-1524425f0588
Check for Manual Version Changes	Run actions/checkout@v6	2026-08-10T15:42:33.2666460Z  * [new branch]      issue-110-c1b9267a2743                   -> origin/issue-110-c1b9267a2743
Check for Manual Version Changes	Run actions/checkout@v6	2026-08-10T15:42:33.2668587Z  * [new branch]      issue-112-46af7527c0d9                   -> origin/issue-112-46af7527c0d9
Check for Manual Version Changes	Run actions/checkout@v6	2026-08-10T15:42:33.2670652Z  * [new branch]      issue-114-8181f01863b9                   -> origin/issue-114-8181f01863b9
Check for Manual Version Changes	Run actions/checkout@v6	2026-08-10T15:42:33.2672579Z  * [new branch]      issue-116-01c61894edbd                   -> origin/issue-116-01c61894edbd
Check for Manual Version Changes	Run actions/checkout@v6	2026-08-10T15:42:33.2675059Z  * [new branch]      issue-118-4ed21210786f                   -> origin/issue-118-4ed21210786f
Check for Manual Version Changes	Run actions/checkout@v6	2026-08-10T15:42:33.2677254Z  * [new branch]      issue-120-22538e16da80                   -> origin/issue-120-22538e16da80
Check for Manual Version Changes	Run actions/checkout@v6	2026-08-10T15:42:33.2679504Z  * [new branch]      issue-122-9e4e6b1efac6                   -> origin/issue-122-9e4e6b1efac6
Check for Manual Version Changes	Run actions/checkout@v6	2026-08-10T15:42:33.2681887Z  * [new branch]      issue-124-0288905fdd33                   -> origin/issue-124-0288905fdd33
Check for Manual Version Changes	Run actions/checkout@v6	2026-08-10T15:42:33.2685228Z  * [new branch]      issue-126-c5c8579b3ab4                   -> origin/issue-126-c5c8579b3ab4
Check for Manual Version Changes	Run actions/checkout@v6	2026-08-10T15:42:33.2687937Z  * [new branch]      issue-128-9d904e7dd227                   -> origin/issue-128-9d904e7dd227
Check for Manual Version Changes	Run actions/checkout@v6	2026-08-10T15:42:33.2690532Z  * [new branch]      issue-13-52ae2ce06ee2                    -> origin/issue-13-52ae2ce06ee2
Check for Manual Version Changes	Run actions/checkout@v6	2026-08-10T15:42:33.2693411Z  * [new branch]      issue-130-cefa8a965461                   -> origin/issue-130-cefa8a965461
Check for Manual Version Changes	Run actions/checkout@v6	2026-08-10T15:42:33.2696437Z  * [new branch]      issue-132-81888ef731d7                   -> origin/issue-132-81888ef731d7
Check for Manual Version Changes	Run actions/checkout@v6	2026-08-10T15:42:33.2699018Z  * [new branch]      issue-134-1a26eb545a18                   -> origin/issue-134-1a26eb545a18
Check for Manual Version Changes	Run actions/checkout@v6	2026-08-10T15:42:33.2701550Z  * [new branch]      issue-136-cffa39dbc470                   -> origin/issue-136-cffa39dbc470
Check for Manual Version Changes	Run actions/checkout@v6	2026-08-10T15:42:33.2704748Z  * [new branch]      issue-138-3f4ef74d216e                   -> origin/issue-138-3f4ef74d216e
Check for Manual Version Changes	Run actions/checkout@v6	2026-08-10T15:42:33.2707648Z  * [new branch]      issue-140-55c0984f3705                   -> origin/issue-140-55c0984f3705
Check for Manual Version Changes	Run actions/checkout@v6	2026-08-10T15:42:33.2710435Z  * [new branch]      issue-142-e63b64dd46e6                   -> origin/issue-142-e63b64dd46e6
Check for Manual Version Changes	Run actions/checkout@v6	2026-08-10T15:42:33.2713213Z  * [new branch]      issue-144-d8d3fb7dfd56                   -> origin/issue-144-d8d3fb7dfd56
Check for Manual Version Changes	Run actions/checkout@v6	2026-08-10T15:42:33.2716277Z  * [new branch]      issue-146-5fd1b386b75b                   -> origin/issue-146-5fd1b386b75b
Check for Manual Version Changes	Run actions/checkout@v6	2026-08-10T15:42:33.2719063Z  * [new branch]      issue-148-799a293d3d5b                   -> origin/issue-148-799a293d3d5b
Check for Manual Version Changes	Run actions/checkout@v6	2026-08-10T15:42:33.2721867Z  * [new branch]      issue-15-ccfe6d130337                    -> origin/issue-15-ccfe6d130337
Check for Manual Version Changes	Run actions/checkout@v6	2026-08-10T15:42:33.2724981Z  * [new branch]      issue-15-d3d0f1c82afa                    -> origin/issue-15-d3d0f1c82afa
Check for Manual Version Changes	Run actions/checkout@v6	2026-08-10T15:42:33.2728138Z  * [new branch]      issue-150-140b61c8f491                   -> origin/issue-150-140b61c8f491
Check for Manual Version Changes	Run actions/checkout@v6	2026-08-10T15:42:33.2730867Z  * [new branch]      issue-151-50e985780da1                   -> origin/issue-151-50e985780da1
Check for Manual Version Changes	Run actions/checkout@v6	2026-08-10T15:42:33.2733558Z  * [new branch]      issue-154-73165f3b5cf7                   -> origin/issue-154-73165f3b5cf7
Check for Manual Version Changes	Run actions/checkout@v6	2026-08-10T15:42:33.2736457Z  * [new branch]      issue-156-a9778f176d79                   -> origin/issue-156-a9778f176d79
Check for Manual Version Changes	Run actions/checkout@v6	2026-08-10T15:42:33.2739273Z  * [new branch]      issue-158-ecf4c4dc2e55                   -> origin/issue-158-ecf4c4dc2e55
Check for Manual Version Changes	Run actions/checkout@v6	2026-08-10T15:42:33.2742068Z  * [new branch]      issue-160-9bad94da73d2                   -> origin/issue-160-9bad94da73d2
Check for Manual Version Changes	Run actions/checkout@v6	2026-08-10T15:42:33.2745078Z  * [new branch]      issue-18-acfe3ddbe902                    -> origin/issue-18-acfe3ddbe902
Check for Manual Version Changes	Run actions/checkout@v6	2026-08-10T15:42:33.2748013Z  * [new branch]      issue-19-83cfc521f662                    -> origin/issue-19-83cfc521f662
Check for Manual Version Changes	Run actions/checkout@v6	2026-08-10T15:42:33.2750756Z  * [new branch]      issue-22-08e44246441d                    -> origin/issue-22-08e44246441d
Check for Manual Version Changes	Run actions/checkout@v6	2026-08-10T15:42:33.2753495Z  * [new branch]      issue-22-2d1c04999e6d                    -> origin/issue-22-2d1c04999e6d
Check for Manual Version Changes	Run actions/checkout@v6	2026-08-10T15:42:33.2756442Z  * [new branch]      issue-25-6419574a6cfe                    -> origin/issue-25-6419574a6cfe
Check for Manual Version Changes	Run actions/checkout@v6	2026-08-10T15:42:33.2759461Z  * [new branch]      issue-25-8fe656da1123                    -> origin/issue-25-8fe656da1123
Check for Manual Version Changes	Run actions/checkout@v6	2026-08-10T15:42:33.2762149Z  * [new branch]      issue-28-9a07df20ebbb                    -> origin/issue-28-9a07df20ebbb
Check for Manual Version Changes	Run actions/checkout@v6	2026-08-10T15:42:33.2765045Z  * [new branch]      issue-3-908abf67e50f                     -> origin/issue-3-908abf67e50f
Check for Manual Version Changes	Run actions/checkout@v6	2026-08-10T15:42:33.2767693Z  * [new branch]      issue-30-3c74b37eedc9                    -> origin/issue-30-3c74b37eedc9
Check for Manual Version Changes	Run actions/checkout@v6	2026-08-10T15:42:33.2770313Z  * [new branch]      issue-31-e419d5f83f9d                    -> origin/issue-31-e419d5f83f9d
Check for Manual Version Changes	Run actions/checkout@v6	2026-08-10T15:42:33.2772929Z  * [new branch]      issue-34-fcfbf90ca3a5                    -> origin/issue-34-fcfbf90ca3a5
Check for Manual Version Changes	Run actions/checkout@v6	2026-08-10T15:42:33.2775750Z  * [new branch]      issue-36-4d2e05cadca2                    -> origin/issue-36-4d2e05cadca2
Check for Manual Version Changes	Run actions/checkout@v6	2026-08-10T15:42:33.2778440Z  * [new branch]      issue-38-8d65d5c6dcf1                    -> origin/issue-38-8d65d5c6dcf1
Check for Manual Version Changes	Run actions/checkout@v6	2026-08-10T15:42:33.2781100Z  * [new branch]      issue-40-500ee5a3c836                    -> origin/issue-40-500ee5a3c836
Check for Manual Version Changes	Run actions/checkout@v6	2026-08-10T15:42:33.2783712Z  * [new branch]      issue-42-231914cdf85a                    -> origin/issue-42-231914cdf85a
Check for Manual Version Changes	Run actions/checkout@v6	2026-08-10T15:42:33.2786611Z  * [new branch]      issue-44-05c1999867e1                    -> origin/issue-44-05c1999867e1
Check for Manual Version Changes	Run actions/checkout@v6	2026-08-10T15:42:33.2789226Z  * [new branch]      issue-46-db1336ec1bd4                    -> origin/issue-46-db1336ec1bd4
Check for Manual Version Changes	Run actions/checkout@v6	2026-08-10T15:42:33.2791995Z  * [new branch]      issue-49-49badfb087ae                    -> origin/issue-49-49badfb087ae
Check for Manual Version Changes	Run actions/checkout@v6	2026-08-10T15:42:33.2794779Z  * [new branch]      issue-5-e920ed9704b1                     -> origin/issue-5-e920ed9704b1
Check for Manual Version Changes	Run actions/checkout@v6	2026-08-10T15:42:33.2797689Z  * [new branch]      issue-51-ce9116974281                    -> origin/issue-51-ce9116974281
Check for Manual Version Changes	Run actions/checkout@v6	2026-08-10T15:42:33.2800286Z  * [new branch]      issue-53-3037eb51507e                    -> origin/issue-53-3037eb51507e
Check for Manual Version Changes	Run actions/checkout@v6	2026-08-10T15:42:33.2802899Z  * [new branch]      issue-55-62ca352b2854                    -> origin/issue-55-62ca352b2854
Check for Manual Version Changes	Run actions/checkout@v6	2026-08-10T15:42:33.2805719Z  * [new branch]      issue-57-319974e37702                    -> origin/issue-57-319974e37702
Check for Manual Version Changes	Run actions/checkout@v6	2026-08-10T15:42:33.2808247Z  * [new branch]      issue-57-9389c40a25d3                    -> origin/issue-57-9389c40a25d3
Check for Manual Version Changes	Run actions/checkout@v6	2026-08-10T15:42:33.2810773Z  * [new branch]      issue-60-23ad1508ca00                    -> origin/issue-60-23ad1508ca00
Check for Manual Version Changes	Run actions/checkout@v6	2026-08-10T15:42:33.2813307Z  * [new branch]      issue-62-0bf0e6dba402                    -> origin/issue-62-0bf0e6dba402
Check for Manual Version Changes	Run actions/checkout@v6	2026-08-10T15:42:33.2816016Z  * [new branch]      issue-64-531bd4a9716c                    -> origin/issue-64-531bd4a9716c
Check for Manual Version Changes	Run actions/checkout@v6	2026-08-10T15:42:33.2818575Z  * [new branch]      issue-66-b4bebb964b80                    -> origin/issue-66-b4bebb964b80
Check for Manual Version Changes	Run actions/checkout@v6	2026-08-10T15:42:33.2821200Z  * [new branch]      issue-67-c74bf55321d9                    -> origin/issue-67-c74bf55321d9
Check for Manual Version Changes	Run actions/checkout@v6	2026-08-10T15:42:33.2823768Z  * [new branch]      issue-7-6b049fda1d30                     -> origin/issue-7-6b049fda1d30
Check for Manual Version Changes	Run actions/checkout@v6	2026-08-10T15:42:33.2826709Z  * [new branch]      issue-70-210190e0ad55                    -> origin/issue-70-210190e0ad55
Check for Manual Version Changes	Run actions/checkout@v6	2026-08-10T15:42:33.2829240Z  * [new branch]      issue-70-490c526a882f                    -> origin/issue-70-490c526a882f
Check for Manual Version Changes	Run actions/checkout@v6	2026-08-10T15:42:33.2831723Z  * [new branch]      issue-73-163864f76573                    -> origin/issue-73-163864f76573
Check for Manual Version Changes	Run actions/checkout@v6	2026-08-10T15:42:33.2834224Z  * [new branch]      issue-73-47a3e673b0a8                    -> origin/issue-73-47a3e673b0a8
Check for Manual Version Changes	Run actions/checkout@v6	2026-08-10T15:42:33.2836881Z  * [new branch]      issue-73-c42828279fb5                    -> origin/issue-73-c42828279fb5
Check for Manual Version Changes	Run actions/checkout@v6	2026-08-10T15:42:33.2839374Z  * [new branch]      issue-77-acc01682cb56                    -> origin/issue-77-acc01682cb56
Check for Manual Version Changes	Run actions/checkout@v6	2026-08-10T15:42:33.2841892Z  * [new branch]      issue-79-1581a427bf82                    -> origin/issue-79-1581a427bf82
Check for Manual Version Changes	Run actions/checkout@v6	2026-08-10T15:42:33.2844642Z  * [new branch]      issue-79-48234c0f95fa                    -> origin/issue-79-48234c0f95fa
Check for Manual Version Changes	Run actions/checkout@v6	2026-08-10T15:42:33.2847395Z  * [new branch]      issue-79-5fc029ea058c                    -> origin/issue-79-5fc029ea058c
Check for Manual Version Changes	Run actions/checkout@v6	2026-08-10T15:42:33.2849897Z  * [new branch]      issue-79-740a4286522a                    -> origin/issue-79-740a4286522a
Check for Manual Version Changes	Run actions/checkout@v6	2026-08-10T15:42:33.2852380Z  * [new branch]      issue-84-2301d58a902f                    -> origin/issue-84-2301d58a902f
Check for Manual Version Changes	Run actions/checkout@v6	2026-08-10T15:42:33.2855043Z  * [new branch]      issue-84-8c8db1f16f9d                    -> origin/issue-84-8c8db1f16f9d
Check for Manual Version Changes	Run actions/checkout@v6	2026-08-10T15:42:33.2857535Z  * [new branch]      issue-84-ca99d5699c03                    -> origin/issue-84-ca99d5699c03
Check for Manual Version Changes	Run actions/checkout@v6	2026-08-10T15:42:33.2860043Z  * [new branch]      issue-84-e79fd3fe5cef                    -> origin/issue-84-e79fd3fe5cef
Check for Manual Version Changes	Run actions/checkout@v6	2026-08-10T15:42:33.2862554Z  * [new branch]      issue-89-58b19f5dac12                    -> origin/issue-89-58b19f5dac12
Check for Manual Version Changes	Run actions/checkout@v6	2026-08-10T15:42:33.2865383Z  * [new branch]      issue-9-9cb379f155fb                     -> origin/issue-9-9cb379f155fb
Check for Manual Version Changes	Run actions/checkout@v6	2026-08-10T15:42:33.2867920Z  * [new branch]      issue-91-5ff8719c4182                    -> origin/issue-91-5ff8719c4182
Check for Manual Version Changes	Run actions/checkout@v6	2026-08-10T15:42:33.2870397Z  * [new branch]      issue-91-8e243739c7af                    -> origin/issue-91-8e243739c7af
Check for Manual Version Changes	Run actions/checkout@v6	2026-08-10T15:42:33.2872860Z  * [new branch]      issue-93-2ef57910c60b                    -> origin/issue-93-2ef57910c60b
Check for Manual Version Changes	Run actions/checkout@v6	2026-08-10T15:42:33.2876306Z  * [new branch]      issue-96-829d21ddabc4                    -> origin/issue-96-829d21ddabc4
Check for Manual Version Changes	Run actions/checkout@v6	2026-08-10T15:42:33.2878826Z  * [new branch]      issue-96-efde41b8c023                    -> origin/issue-96-efde41b8c023
Check for Manual Version Changes	Run actions/checkout@v6	2026-08-10T15:42:33.2881294Z  * [new branch]      issue-99-bc78b28ed258                    -> origin/issue-99-bc78b28ed258
Check for Manual Version Changes	Run actions/checkout@v6	2026-08-10T15:42:33.2883432Z  * [new branch]      main                                     -> origin/main
Check for Manual Version Changes	Run actions/checkout@v6	2026-08-10T15:42:33.2885700Z  * [new tag]         js-v0.25.5                               -> js-v0.25.5
Check for Manual Version Changes	Run actions/checkout@v6	2026-08-10T15:42:33.2887475Z  * [new tag]         js-v0.26.0                               -> js-v0.26.0
Check for Manual Version Changes	Run actions/checkout@v6	2026-08-10T15:42:33.2889245Z  * [new tag]         js-v0.27.0                               -> js-v0.27.0
Check for Manual Version Changes	Run actions/checkout@v6	2026-08-10T15:42:33.2890988Z  * [new tag]         js-v0.27.1                               -> js-v0.27.1
Check for Manual Version Changes	Run actions/checkout@v6	2026-08-10T15:42:33.2892734Z  * [new tag]         js-v0.27.2                               -> js-v0.27.2
Check for Manual Version Changes	Run actions/checkout@v6	2026-08-10T15:42:33.2894734Z  * [new tag]         js-v0.28.0                               -> js-v0.28.0
Check for Manual Version Changes	Run actions/checkout@v6	2026-08-10T15:42:33.2896533Z  * [new tag]         js-v0.29.0                               -> js-v0.29.0
Check for Manual Version Changes	Run actions/checkout@v6	2026-08-10T15:42:33.2898289Z  * [new tag]         js-v0.29.1                               -> js-v0.29.1
Check for Manual Version Changes	Run actions/checkout@v6	2026-08-10T15:42:33.2900031Z  * [new tag]         js-v0.29.2                               -> js-v0.29.2
Check for Manual Version Changes	Run actions/checkout@v6	2026-08-10T15:42:33.2901768Z  * [new tag]         js-v0.30.0                               -> js-v0.30.0
Check for Manual Version Changes	Run actions/checkout@v6	2026-08-10T15:42:33.2903514Z  * [new tag]         js-v0.30.1                               -> js-v0.30.1
Check for Manual Version Changes	Run actions/checkout@v6	2026-08-10T15:42:33.2905649Z  * [new tag]         js-v0.30.2                               -> js-v0.30.2
Check for Manual Version Changes	Run actions/checkout@v6	2026-08-10T15:42:33.2907386Z  * [new tag]         js-v0.30.3                               -> js-v0.30.3
Check for Manual Version Changes	Run actions/checkout@v6	2026-08-10T15:42:33.2909128Z  * [new tag]         js-v0.30.4                               -> js-v0.30.4
Check for Manual Version Changes	Run actions/checkout@v6	2026-08-10T15:42:33.2910867Z  * [new tag]         js-v0.30.5                               -> js-v0.30.5
Check for Manual Version Changes	Run actions/checkout@v6	2026-08-10T15:42:33.2912593Z  * [new tag]         js-v0.31.0                               -> js-v0.31.0
Check for Manual Version Changes	Run actions/checkout@v6	2026-08-10T15:42:33.2914308Z  * [new tag]         js-v0.32.0                               -> js-v0.32.0
Check for Manual Version Changes	Run actions/checkout@v6	2026-08-10T15:42:33.2916247Z  * [new tag]         rust-v0.14.1                             -> rust-v0.14.1
Check for Manual Version Changes	Run actions/checkout@v6	2026-08-10T15:42:33.2918704Z  * [new tag]         rust-v0.14.2                             -> rust-v0.14.2
Check for Manual Version Changes	Run actions/checkout@v6	2026-08-10T15:42:33.2921609Z  * [new tag]         rust-v0.14.3                             -> rust-v0.14.3
Check for Manual Version Changes	Run actions/checkout@v6	2026-08-10T15:42:33.2923456Z  * [new tag]         rust-v0.15.0                             -> rust-v0.15.0
Check for Manual Version Changes	Run actions/checkout@v6	2026-08-10T15:42:33.2925871Z  * [new tag]         rust-v0.15.1                             -> rust-v0.15.1
Check for Manual Version Changes	Run actions/checkout@v6	2026-08-10T15:42:33.2928354Z  * [new tag]         rust-v0.16.0                             -> rust-v0.16.0
Check for Manual Version Changes	Run actions/checkout@v6	2026-08-10T15:42:33.2930764Z  * [new tag]         rust-v0.16.1                             -> rust-v0.16.1
Check for Manual Version Changes	Run actions/checkout@v6	2026-08-10T15:42:33.2933541Z  * [new tag]         rust-v0.16.2                             -> rust-v0.16.2
Check for Manual Version Changes	Run actions/checkout@v6	2026-08-10T15:42:33.2936874Z  * [new tag]         rust-v0.17.0                             -> rust-v0.17.0
Check for Manual Version Changes	Run actions/checkout@v6	2026-08-10T15:42:33.2939771Z  * [new tag]         rust-v0.17.1                             -> rust-v0.17.1
Check for Manual Version Changes	Run actions/checkout@v6	2026-08-10T15:42:33.2942735Z  * [new tag]         rust-v0.17.2                             -> rust-v0.17.2
Check for Manual Version Changes	Run actions/checkout@v6	2026-08-10T15:42:33.2946082Z  * [new tag]         rust-v0.17.3                             -> rust-v0.17.3
Check for Manual Version Changes	Run actions/checkout@v6	2026-08-10T15:42:33.2948645Z  * [new tag]         rust-v0.17.4                             -> rust-v0.17.4
Check for Manual Version Changes	Run actions/checkout@v6	2026-08-10T15:42:33.2951722Z  * [new tag]         rust-v0.17.5                             -> rust-v0.17.5
Check for Manual Version Changes	Run actions/checkout@v6	2026-08-10T15:42:33.2955024Z  * [new tag]         rust-v0.18.0                             -> rust-v0.18.0
Check for Manual Version Changes	Run actions/checkout@v6	2026-08-10T15:42:33.2958070Z  * [new tag]         rust-v0.19.0                             -> rust-v0.19.0
Check for Manual Version Changes	Run actions/checkout@v6	2026-08-10T15:42:33.2961029Z  * [new tag]         rust-v0.19.1                             -> rust-v0.19.1
Check for Manual Version Changes	Run actions/checkout@v6	2026-08-10T15:42:33.2963856Z  * [new tag]         v0.10.0                                  -> v0.10.0
Check for Manual Version Changes	Run actions/checkout@v6	2026-08-10T15:42:33.2966792Z  * [new tag]         v0.11.0                                  -> v0.11.0
Check for Manual Version Changes	Run actions/checkout@v6	2026-08-10T15:42:33.2969496Z  * [new tag]         v0.13.0                                  -> v0.13.0
Check for Manual Version Changes	Run actions/checkout@v6	2026-08-10T15:42:33.2972382Z  * [new tag]         v0.15.0                                  -> v0.15.0
Check for Manual Version Changes	Run actions/checkout@v6	2026-08-10T15:42:33.2975443Z  * [new tag]         v0.16.0                                  -> v0.16.0
Check for Manual Version Changes	Run actions/checkout@v6	2026-08-10T15:42:33.2978548Z  * [new tag]         v0.17.0                                  -> v0.17.0
Check for Manual Version Changes	Run actions/checkout@v6	2026-08-10T15:42:33.2981353Z  * [new tag]         v0.17.1                                  -> v0.17.1
Check for Manual Version Changes	Run actions/checkout@v6	2026-08-10T15:42:33.2984174Z  * [new tag]         v0.17.2                                  -> v0.17.2
Check for Manual Version Changes	Run actions/checkout@v6	2026-08-10T15:42:33.2987103Z  * [new tag]         v0.17.3                                  -> v0.17.3
Check for Manual Version Changes	Run actions/checkout@v6	2026-08-10T15:42:33.2989799Z  * [new tag]         v0.17.4                                  -> v0.17.4
Check for Manual Version Changes	Run actions/checkout@v6	2026-08-10T15:42:33.2992473Z  * [new tag]         v0.18.0                                  -> v0.18.0
Check for Manual Version Changes	Run actions/checkout@v6	2026-08-10T15:42:33.2995365Z  * [new tag]         v0.19.0                                  -> v0.19.0
Check for Manual Version Changes	Run actions/checkout@v6	2026-08-10T15:42:33.2998063Z  * [new tag]         v0.19.1                                  -> v0.19.1
Check for Manual Version Changes	Run actions/checkout@v6	2026-08-10T15:42:33.3001344Z  * [new tag]         v0.20.0                                  -> v0.20.0
Check for Manual Version Changes	Run actions/checkout@v6	2026-08-10T15:42:33.3004790Z  * [new tag]         v0.20.1                                  -> v0.20.1
Check for Manual Version Changes	Run actions/checkout@v6	2026-08-10T15:42:33.3007529Z  * [new tag]         v0.20.2                                  -> v0.20.2
Check for Manual Version Changes	Run actions/checkout@v6	2026-08-10T15:42:33.3010198Z  * [new tag]         v0.20.3                                  -> v0.20.3
Check for Manual Version Changes	Run actions/checkout@v6	2026-08-10T15:42:33.3012856Z  * [new tag]         v0.20.4                                  -> v0.20.4
Check for Manual Version Changes	Run actions/checkout@v6	2026-08-10T15:42:33.3015751Z  * [new tag]         v0.21.0                                  -> v0.21.0
Check for Manual Version Changes	Run actions/checkout@v6	2026-08-10T15:42:33.3018373Z  * [new tag]         v0.22.0                                  -> v0.22.0
Check for Manual Version Changes	Run actions/checkout@v6	2026-08-10T15:42:33.3020956Z  * [new tag]         v0.23.0                                  -> v0.23.0
Check for Manual Version Changes	Run actions/checkout@v6	2026-08-10T15:42:33.3023378Z  * [new tag]         v0.24.0                                  -> v0.24.0
Check for Manual Version Changes	Run actions/checkout@v6	2026-08-10T15:42:33.3026530Z  * [new tag]         v0.24.1                                  -> v0.24.1
Check for Manual Version Changes	Run actions/checkout@v6	2026-08-10T15:42:33.3029306Z  * [new tag]         v0.24.2                                  -> v0.24.2
Check for Manual Version Changes	Run actions/checkout@v6	2026-08-10T15:42:33.3032084Z  * [new tag]         v0.24.3                                  -> v0.24.3
Check for Manual Version Changes	Run actions/checkout@v6	2026-08-10T15:42:33.3035104Z  * [new tag]         v0.24.4                                  -> v0.24.4
Check for Manual Version Changes	Run actions/checkout@v6	2026-08-10T15:42:33.3037776Z  * [new tag]         v0.24.5                                  -> v0.24.5
Check for Manual Version Changes	Run actions/checkout@v6	2026-08-10T15:42:33.3040628Z  * [new tag]         v0.24.6                                  -> v0.24.6
Check for Manual Version Changes	Run actions/checkout@v6	2026-08-10T15:42:33.3042925Z  * [new tag]         v0.24.7                                  -> v0.24.7
Check for Manual Version Changes	Run actions/checkout@v6	2026-08-10T15:42:33.3044963Z  * [new tag]         v0.24.8                                  -> v0.24.8
Check for Manual Version Changes	Run actions/checkout@v6	2026-08-10T15:42:33.3046614Z  * [new tag]         v0.24.9                                  -> v0.24.9
Check for Manual Version Changes	Run actions/checkout@v6	2026-08-10T15:42:33.3048224Z  * [new tag]         v0.25.0                                  -> v0.25.0
Check for Manual Version Changes	Run actions/checkout@v6	2026-08-10T15:42:33.3050459Z  * [new tag]         v0.25.1                                  -> v0.25.1
Check for Manual Version Changes	Run actions/checkout@v6	2026-08-10T15:42:33.3053289Z  * [new tag]         v0.25.2                                  -> v0.25.2
Check for Manual Version Changes	Run actions/checkout@v6	2026-08-10T15:42:33.3056141Z  * [new tag]         v0.25.3                                  -> v0.25.3
Check for Manual Version Changes	Run actions/checkout@v6	2026-08-10T15:42:33.3058841Z  * [new tag]         v0.25.4                                  -> v0.25.4
Check for Manual Version Changes	Run actions/checkout@v6	2026-08-10T15:42:33.3060725Z  * [new tag]         v0.3.1                                   -> v0.3.1
Check for Manual Version Changes	Run actions/checkout@v6	2026-08-10T15:42:33.3062658Z  * [new tag]         v0.4.0                                   -> v0.4.0
Check for Manual Version Changes	Run actions/checkout@v6	2026-08-10T15:42:33.3064271Z  * [new tag]         v0.4.1                                   -> v0.4.1
Check for Manual Version Changes	Run actions/checkout@v6	2026-08-10T15:42:33.3066484Z  * [new tag]         v0.5.0                                   -> v0.5.0
Check for Manual Version Changes	Run actions/checkout@v6	2026-08-10T15:42:33.3068463Z  * [new tag]         v0.5.1                                   -> v0.5.1
Check for Manual Version Changes	Run actions/checkout@v6	2026-08-10T15:42:33.3071713Z  * [new tag]         v0.5.2                                   -> v0.5.2
Check for Manual Version Changes	Run actions/checkout@v6	2026-08-10T15:42:33.3074329Z  * [new tag]         v0.5.3                                   -> v0.5.3
Check for Manual Version Changes	Run actions/checkout@v6	2026-08-10T15:42:33.3076600Z  * [new tag]         v0.6.0                                   -> v0.6.0
Check for Manual Version Changes	Run actions/checkout@v6	2026-08-10T15:42:33.3078855Z  * [new tag]         v0.7.0                                   -> v0.7.0
Check for Manual Version Changes	Run actions/checkout@v6	2026-08-10T15:42:33.3080703Z  * [new tag]         v0.7.1                                   -> v0.7.1
Check for Manual Version Changes	Run actions/checkout@v6	2026-08-10T15:42:33.3082308Z  * [new tag]         v0.7.2                                   -> v0.7.2
Check for Manual Version Changes	Run actions/checkout@v6	2026-08-10T15:42:33.3083909Z  * [new tag]         v0.7.4                                   -> v0.7.4
Check for Manual Version Changes	Run actions/checkout@v6	2026-08-10T15:42:33.3085832Z  * [new tag]         v0.7.5                                   -> v0.7.5
Check for Manual Version Changes	Run actions/checkout@v6	2026-08-10T15:42:33.3087436Z  * [new tag]         v0.7.6                                   -> v0.7.6
Check for Manual Version Changes	Run actions/checkout@v6	2026-08-10T15:42:33.3089021Z  * [new tag]         v0.9.0                                   -> v0.9.0
Check for Manual Version Changes	Run actions/checkout@v6	2026-08-10T15:42:33.3090797Z  * [new ref]         c88600c0d8ff8d80941044138e858ae826ae3010 -> pull/161/merge
Check for Manual Version Changes	Run actions/checkout@v6	2026-08-10T15:42:33.3095094Z ##[endgroup]
Check for Manual Version Changes	Run actions/checkout@v6	2026-08-10T15:42:33.3096639Z ##[group]Determining the checkout info
Check for Manual Version Changes	Run actions/checkout@v6	2026-08-10T15:42:33.3098370Z ##[endgroup]
Check for Manual Version Changes	Run actions/checkout@v6	2026-08-10T15:42:33.3099394Z [command]/usr/bin/git sparse-checkout disable
Check for Manual Version Changes	Run actions/checkout@v6	2026-08-10T15:42:33.3102267Z [command]/usr/bin/git config --local --unset-all extensions.worktreeConfig
Check for Manual Version Changes	Run actions/checkout@v6	2026-08-10T15:42:33.3105951Z ##[group]Checking out the ref
Check for Manual Version Changes	Run actions/checkout@v6	2026-08-10T15:42:33.3107536Z [command]/usr/bin/git checkout --progress --force refs/remotes/pull/161/merge
Check for Manual Version Changes	Run actions/checkout@v6	2026-08-10T15:42:33.3824785Z Note: switching to 'refs/remotes/pull/161/merge'.
Check for Manual Version Changes	Run actions/checkout@v6	2026-08-10T15:42:33.3826659Z 
Check for Manual Version Changes	Run actions/checkout@v6	2026-08-10T15:42:33.3827799Z You are in 'detached HEAD' state. You can look around, make experimental
Check for Manual Version Changes	Run actions/checkout@v6	2026-08-10T15:42:33.3830629Z changes and commit them, and you can discard any commits you make in this
Check for Manual Version Changes	Run actions/checkout@v6	2026-08-10T15:42:33.3833881Z state without impacting any branches by switching back to a branch.
Check for Manual Version Changes	Run actions/checkout@v6	2026-08-10T15:42:33.3836881Z 
Check for Manual Version Changes	Run actions/checkout@v6	2026-08-10T15:42:33.3838390Z If you want to create a new branch to retain commits you create, you may
Check for Manual Version Changes	Run actions/checkout@v6	2026-08-10T15:42:33.3842327Z do so (now or later) by using -c with the switch command. Example:
Check for Manual Version Changes	Run actions/checkout@v6	2026-08-10T15:42:33.3844058Z 
Check for Manual Version Changes	Run actions/checkout@v6	2026-08-10T15:42:33.3845120Z   git switch -c <new-branch-name>
Check for Manual Version Changes	Run actions/checkout@v6	2026-08-10T15:42:33.3846445Z 
Check for Manual Version Changes	Run actions/checkout@v6	2026-08-10T15:42:33.3847175Z Or undo this operation with:
Check for Manual Version Changes	Run actions/checkout@v6	2026-08-10T15:42:33.3848325Z 
Check for Manual Version Changes	Run actions/checkout@v6	2026-08-10T15:42:33.3848928Z   git switch -
Check for Manual Version Changes	Run actions/checkout@v6	2026-08-10T15:42:33.3849659Z 
Check for Manual Version Changes	Run actions/checkout@v6	2026-08-10T15:42:33.3851066Z Turn off this advice by setting config variable advice.detachedHead to false
Check for Manual Version Changes	Run actions/checkout@v6	2026-08-10T15:42:33.3853372Z 
Check for Manual Version Changes	Run actions/checkout@v6	2026-08-10T15:42:33.3855970Z HEAD is now at c88600c Merge 3562e612036bcd5e3fa75dcb89d8b334d7a954ac into db1ad4d0b2119148b4ad6e870080f8178a2a8e93
Check for Manual Version Changes	Run actions/checkout@v6	2026-08-10T15:42:33.3860718Z ##[endgroup]
Check for Manual Version Changes	Run actions/checkout@v6	2026-08-10T15:42:33.3895431Z [command]/usr/bin/git log -1 --format=%H
Check for Manual Version Changes	Run actions/checkout@v6	2026-08-10T15:42:33.3925373Z c88600c0d8ff8d80941044138e858ae826ae3010
Check for Manual Version Changes	Check for version changes in Cargo.toml	﻿2026-08-10T15:42:33.4281296Z ##[group]Run # Get the diff for Cargo.toml
Check for Manual Version Changes	Check for version changes in Cargo.toml	2026-08-10T15:42:33.4282701Z ^[[36;1m# Get the diff for Cargo.toml^[[0m
Check for Manual Version Changes	Check for version changes in Cargo.toml	2026-08-10T15:42:33.4284958Z ^[[36;1mVERSION_DIFF=$(git diff origin/main...HEAD -- rust/Cargo.toml | grep -E '^\+version\s*=' || true)^[[0m
Check for Manual Version Changes	Check for version changes in Cargo.toml	2026-08-10T15:42:33.4286901Z ^[[36;1m^[[0m
Check for Manual Version Changes	Check for version changes in Cargo.toml	2026-08-10T15:42:33.4287776Z ^[[36;1mif [ -n "$VERSION_DIFF" ]; then^[[0m
Check for Manual Version Changes	Check for version changes in Cargo.toml	2026-08-10T15:42:33.4289326Z ^[[36;1m  echo "::error::Manual version change detected in rust/Cargo.toml"^[[0m
Check for Manual Version Changes	Check for version changes in Cargo.toml	2026-08-10T15:42:33.4290865Z ^[[36;1m  echo ""^[[0m
Check for Manual Version Changes	Check for version changes in Cargo.toml	2026-08-10T15:42:33.4292244Z ^[[36;1m  echo "Version changes in Cargo.toml are prohibited in pull requests."^[[0m
Check for Manual Version Changes	Check for version changes in Cargo.toml	2026-08-10T15:42:33.4294805Z ^[[36;1m  echo "Versions are managed automatically by the CI/CD pipeline using changelog fragments."^[[0m
Check for Manual Version Changes	Check for version changes in Cargo.toml	2026-08-10T15:42:33.4296695Z ^[[36;1m  echo ""^[[0m
Check for Manual Version Changes	Check for version changes in Cargo.toml	2026-08-10T15:42:33.4297637Z ^[[36;1m  echo "To request a release:"^[[0m
Check for Manual Version Changes	Check for version changes in Cargo.toml	2026-08-10T15:42:33.4299331Z ^[[36;1m  echo "  1. Add a changelog fragment in rust/changelog.d/ describing your changes"^[[0m
Check for Manual Version Changes	Check for version changes in Cargo.toml	2026-08-10T15:42:33.4301669Z ^[[36;1m  echo "  2. The release workflow will automatically bump the version when merged"^[[0m
Check for Manual Version Changes	Check for version changes in Cargo.toml	2026-08-10T15:42:33.4303380Z ^[[36;1m  echo ""^[[0m
Check for Manual Version Changes	Check for version changes in Cargo.toml	2026-08-10T15:42:33.4304310Z ^[[36;1m  echo "Detected change:"^[[0m
Check for Manual Version Changes	Check for version changes in Cargo.toml	2026-08-10T15:42:33.4305547Z ^[[36;1m  echo "$VERSION_DIFF"^[[0m
Check for Manual Version Changes	Check for version changes in Cargo.toml	2026-08-10T15:42:33.4306569Z ^[[36;1m  exit 1^[[0m
Check for Manual Version Changes	Check for version changes in Cargo.toml	2026-08-10T15:42:33.4307427Z ^[[36;1mfi^[[0m
Check for Manual Version Changes	Check for version changes in Cargo.toml	2026-08-10T15:42:33.4308231Z ^[[36;1m^[[0m
Check for Manual Version Changes	Check for version changes in Cargo.toml	2026-08-10T15:42:33.4309335Z ^[[36;1mecho "No manual version changes detected - check passed"^[[0m
Check for Manual Version Changes	Check for version changes in Cargo.toml	2026-08-10T15:42:33.4360729Z shell: /usr/bin/bash -e {0}
Check for Manual Version Changes	Check for version changes in Cargo.toml	2026-08-10T15:42:33.4361747Z env:
Check for Manual Version Changes	Check for version changes in Cargo.toml	2026-08-10T15:42:33.4362585Z   CARGO_TERM_COLOR: always
Check for Manual Version Changes	Check for version changes in Cargo.toml	2026-08-10T15:42:33.4363573Z   CARGO_NET_RETRY: 10
Check for Manual Version Changes	Check for version changes in Cargo.toml	2026-08-10T15:42:33.4364913Z   CARGO_HTTP_MULTIPLEXING: false
Check for Manual Version Changes	Check for version changes in Cargo.toml	2026-08-10T15:42:33.4365983Z   RUSTFLAGS: -Dwarnings
Check for Manual Version Changes	Check for version changes in Cargo.toml	2026-08-10T15:42:33.4366993Z   FORCE_JAVASCRIPT_ACTIONS_TO_NODE24: true
Check for Manual Version Changes	Check for version changes in Cargo.toml	2026-08-10T15:42:33.4368141Z   GIT_CONFIG_COUNT: 1
Check for Manual Version Changes	Check for version changes in Cargo.toml	2026-08-10T15:42:33.4369105Z   GIT_CONFIG_KEY_0: init.defaultBranch
Check for Manual Version Changes	Check for version changes in Cargo.toml	2026-08-10T15:42:33.4370246Z   GIT_CONFIG_VALUE_0: main
Check for Manual Version Changes	Check for version changes in Cargo.toml	2026-08-10T15:42:33.4371205Z ##[endgroup]
Check for Manual Version Changes	Check for version changes in Cargo.toml	2026-08-10T15:42:33.4500801Z No manual version changes detected - check passed
Check for Manual Version Changes	Post Run actions/checkout@v6	﻿2026-08-10T15:42:33.4759297Z Post job cleanup.
Check for Manual Version Changes	Post Run actions/checkout@v6	2026-08-10T15:42:33.5637337Z [command]/usr/bin/git version
Check for Manual Version Changes	Post Run actions/checkout@v6	2026-08-10T15:42:33.5682643Z git version 2.54.0
Check for Manual Version Changes	Post Run actions/checkout@v6	2026-08-10T15:42:33.5759447Z Temporarily overriding HOME='/home/runner/work/_temp/74a330a2-aba3-466d-8373-2c25c1c6d949' before making global git config changes
Check for Manual Version Changes	Post Run actions/checkout@v6	2026-08-10T15:42:33.5764650Z Adding repository directory to the temporary git global config as a safe directory
Check for Manual Version Changes	Post Run actions/checkout@v6	2026-08-10T15:42:33.5768673Z [command]/usr/bin/git config --global --add safe.directory /home/runner/work/start/start
Check for Manual Version Changes	Post Run actions/checkout@v6	2026-08-10T15:42:33.5801272Z Removing SSH command configuration
Check for Manual Version Changes	Post Run actions/checkout@v6	2026-08-10T15:42:33.5809234Z [command]/usr/bin/git config --local --name-only --get-regexp core\.sshCommand
Check for Manual Version Changes	Post Run actions/checkout@v6	2026-08-10T15:42:33.5851948Z [command]/usr/bin/git submodule foreach --recursive sh -c "git config --local --name-only --get-regexp 'core\.sshCommand' && git config --local --unset-all 'core.sshCommand' || :"
Check for Manual Version Changes	Post Run actions/checkout@v6	2026-08-10T15:42:33.6101589Z Removing HTTP extra header
Check for Manual Version Changes	Post Run actions/checkout@v6	2026-08-10T15:42:33.6105103Z [command]/usr/bin/git config --local --name-only --get-regexp http\.https\:\/\/github\.com\/\.extraheader
Check for Manual Version Changes	Post Run actions/checkout@v6	2026-08-10T15:42:33.6143085Z [command]/usr/bin/git submodule foreach --recursive sh -c "git config --local --name-only --get-regexp 'http\.https\:\/\/github\.com\/\.extraheader' && git config --local --unset-all 'http.https://github.com/.extraheader' || :"
Check for Manual Version Changes	Post Run actions/checkout@v6	2026-08-10T15:42:33.6396037Z Removing includeIf entries pointing to credentials config files
Check for Manual Version Changes	Post Run actions/checkout@v6	2026-08-10T15:42:33.6401554Z [command]/usr/bin/git config --local --name-only --get-regexp ^includeIf\.gitdir:
Check for Manual Version Changes	Post Run actions/checkout@v6	2026-08-10T15:42:33.6434933Z includeif.gitdir:/home/runner/work/start/start/.git.path
Check for Manual Version Changes	Post Run actions/checkout@v6	2026-08-10T15:42:33.6438184Z includeif.gitdir:/home/runner/work/start/start/.git/worktrees/*.path
Check for Manual Version Changes	Post Run actions/checkout@v6	2026-08-10T15:42:33.6441316Z includeif.gitdir:/github/workspace/.git.path
Check for Manual Version Changes	Post Run actions/checkout@v6	2026-08-10T15:42:33.6444044Z includeif.gitdir:/github/workspace/.git/worktrees/*.path
Check for Manual Version Changes	Post Run actions/checkout@v6	2026-08-10T15:42:33.6451056Z [command]/usr/bin/git config --local --get-all includeif.gitdir:/home/runner/work/start/start/.git.path
Check for Manual Version Changes	Post Run actions/checkout@v6	2026-08-10T15:42:33.6474151Z /home/runner/work/_temp/git-credentials-a7ef47ae-31cf-4cd0-a521-e036e0462186.config
Check for Manual Version Changes	Post Run actions/checkout@v6	2026-08-10T15:42:33.6488618Z [command]/usr/bin/git config --local --unset includeif.gitdir:/home/runner/work/start/start/.git.path /home/runner/work/_temp/git-credentials-a7ef47ae-31cf-4cd0-a521-e036e0462186.config
Check for Manual Version Changes	Post Run actions/checkout@v6	2026-08-10T15:42:33.6540182Z [command]/usr/bin/git config --local --get-all includeif.gitdir:/home/runner/work/start/start/.git/worktrees/*.path
Check for Manual Version Changes	Post Run actions/checkout@v6	2026-08-10T15:42:33.6570103Z /home/runner/work/_temp/git-credentials-a7ef47ae-31cf-4cd0-a521-e036e0462186.config
Check for Manual Version Changes	Post Run actions/checkout@v6	2026-08-10T15:42:33.6583343Z [command]/usr/bin/git config --local --unset includeif.gitdir:/home/runner/work/start/start/.git/worktrees/*.path /home/runner/work/_temp/git-credentials-a7ef47ae-31cf-4cd0-a521-e036e0462186.config
Check for Manual Version Changes	Post Run actions/checkout@v6	2026-08-10T15:42:33.6623129Z [command]/usr/bin/git config --local --get-all includeif.gitdir:/github/workspace/.git.path
Check for Manual Version Changes	Post Run actions/checkout@v6	2026-08-10T15:42:33.6660162Z /github/runner_temp/git-credentials-a7ef47ae-31cf-4cd0-a521-e036e0462186.config
Check for Manual Version Changes	Post Run actions/checkout@v6	2026-08-10T15:42:33.6682425Z [command]/usr/bin/git config --local --unset includeif.gitdir:/github/workspace/.git.path /github/runner_temp/git-credentials-a7ef47ae-31cf-4cd0-a521-e036e0462186.config
Check for Manual Version Changes	Post Run actions/checkout@v6	2026-08-10T15:42:33.6730891Z [command]/usr/bin/git config --local --get-all includeif.gitdir:/github/workspace/.git/worktrees/*.path
Check for Manual Version Changes	Post Run actions/checkout@v6	2026-08-10T15:42:33.6758879Z /github/runner_temp/git-credentials-a7ef47ae-31cf-4cd0-a521-e036e0462186.config
Check for Manual Version Changes	Post Run actions/checkout@v6	2026-08-10T15:42:33.6772530Z [command]/usr/bin/git config --local --unset includeif.gitdir:/github/workspace/.git/worktrees/*.path /github/runner_temp/git-credentials-a7ef47ae-31cf-4cd0-a521-e036e0462186.config
Check for Manual Version Changes	Post Run actions/checkout@v6	2026-08-10T15:42:33.6813637Z [command]/usr/bin/git submodule foreach --recursive git config --local --show-origin --name-only --get-regexp remote.origin.url
Check for Manual Version Changes	Post Run actions/checkout@v6	2026-08-10T15:42:33.7050968Z Removing credentials config '/home/runner/work/_temp/git-credentials-a7ef47ae-31cf-4cd0-a521-e036e0462186.config'
Check for Manual Version Changes	Complete job	﻿2026-08-10T15:42:33.7218588Z Cleaning up orphan processes
Syntax Pre-Check (.mjs)	Set up job	﻿2026-08-10T15:42:29.9708584Z Current runner version: '2.336.0'
Syntax Pre-Check (.mjs)	Set up job	2026-08-10T15:42:29.9730100Z ##[group]Runner Image Provisioner
Syntax Pre-Check (.mjs)	Set up job	2026-08-10T15:42:29.9730974Z Hosted Compute Agent
Syntax Pre-Check (.mjs)	Set up job	2026-08-10T15:42:29.9731489Z Version: 20260707.563
Syntax Pre-Check (.mjs)	Set up job	2026-08-10T15:42:29.9732195Z Commit: 02667638d2b423fbc733a8e32a88b44996a3ba6e
Syntax Pre-Check (.mjs)	Set up job	2026-08-10T15:42:29.9732837Z Build Date: 2026-07-07T19:33:50Z
Syntax Pre-Check (.mjs)	Set up job	2026-08-10T15:42:29.9733436Z Worker ID: {41814b94-4eee-4369-b222-edb7ec4c84da}
Syntax Pre-Check (.mjs)	Set up job	2026-08-10T15:42:29.9734061Z Azure Region: westus
Syntax Pre-Check (.mjs)	Set up job	2026-08-10T15:42:29.9734605Z ##[endgroup]
Syntax Pre-Check (.mjs)	Set up job	2026-08-10T15:42:29.9735730Z ##[group]Operating System
Syntax Pre-Check (.mjs)	Set up job	2026-08-10T15:42:29.9736294Z Ubuntu
Syntax Pre-Check (.mjs)	Set up job	2026-08-10T15:42:29.9736750Z 24.04.4
Syntax Pre-Check (.mjs)	Set up job	2026-08-10T15:42:29.9737214Z LTS
Syntax Pre-Check (.mjs)	Set up job	2026-08-10T15:42:29.9737703Z ##[endgroup]
Syntax Pre-Check (.mjs)	Set up job	2026-08-10T15:42:29.9738173Z ##[group]Runner Image
Syntax Pre-Check (.mjs)	Set up job	2026-08-10T15:42:29.9738675Z Image: ubuntu-24.04
Syntax Pre-Check (.mjs)	Set up job	2026-08-10T15:42:29.9739202Z Version: 20260720.247.2
Syntax Pre-Check (.mjs)	Set up job	2026-08-10T15:42:29.9740088Z Included Software: https://github.com/actions/runner-images/blob/ubuntu24/20260720.247/images/ubuntu/Ubuntu2404-Readme.md
Syntax Pre-Check (.mjs)	Set up job	2026-08-10T15:42:29.9741509Z Image Release: https://github.com/actions/runner-images/releases/tag/ubuntu24%2F20260720.247
Syntax Pre-Check (.mjs)	Set up job	2026-08-10T15:42:29.9742416Z ##[endgroup]
Syntax Pre-Check (.mjs)	Set up job	2026-08-10T15:42:29.9743373Z ##[group]GITHUB_TOKEN Permissions
Syntax Pre-Check (.mjs)	Set up job	2026-08-10T15:42:29.9745220Z Contents: read
Syntax Pre-Check (.mjs)	Set up job	2026-08-10T15:42:29.9745856Z Metadata: read
Syntax Pre-Check (.mjs)	Set up job	2026-08-10T15:42:29.9746328Z ##[endgroup]
Syntax Pre-Check (.mjs)	Set up job	2026-08-10T15:42:29.9748031Z Secret source: Actions
Syntax Pre-Check (.mjs)	Set up job	2026-08-10T15:42:29.9748933Z Prepare workflow directory
Syntax Pre-Check (.mjs)	Set up job	2026-08-10T15:42:30.0051076Z Prepare all required actions
Syntax Pre-Check (.mjs)	Set up job	2026-08-10T15:42:30.0088865Z Getting action download info
Syntax Pre-Check (.mjs)	Set up job	2026-08-10T15:42:30.3891680Z Download action repository 'actions/checkout@v6' (SHA:d23441a48e516b6c34aea4fa41551a30e30af803)
Syntax Pre-Check (.mjs)	Set up job	2026-08-10T15:42:30.9940294Z Download action repository 'actions/setup-node@v6' (SHA:249970729cb0ef3589644e2896645e5dc5ba9c38)
Syntax Pre-Check (.mjs)	Set up job	2026-08-10T15:42:31.5468003Z Complete job name: Syntax Pre-Check (.mjs)
Syntax Pre-Check (.mjs)	Run actions/checkout@v6	﻿2026-08-10T15:42:31.6170404Z ##[group]Run actions/checkout@v6
Syntax Pre-Check (.mjs)	Run actions/checkout@v6	2026-08-10T15:42:31.6171746Z with:
Syntax Pre-Check (.mjs)	Run actions/checkout@v6	2026-08-10T15:42:31.6172578Z   fetch-depth: 0
Syntax Pre-Check (.mjs)	Run actions/checkout@v6	2026-08-10T15:42:31.6173390Z   repository: link-foundation/start
Syntax Pre-Check (.mjs)	Run actions/checkout@v6	2026-08-10T15:42:31.6181016Z   token: ***
Syntax Pre-Check (.mjs)	Run actions/checkout@v6	2026-08-10T15:42:31.6181760Z   ssh-strict: true
Syntax Pre-Check (.mjs)	Run actions/checkout@v6	2026-08-10T15:42:31.6182582Z   ssh-user: git
Syntax Pre-Check (.mjs)	Run actions/checkout@v6	2026-08-10T15:42:31.6183314Z   persist-credentials: true
Syntax Pre-Check (.mjs)	Run actions/checkout@v6	2026-08-10T15:42:31.6184107Z   clean: true
Syntax Pre-Check (.mjs)	Run actions/checkout@v6	2026-08-10T15:42:31.6184834Z   sparse-checkout-cone-mode: true
Syntax Pre-Check (.mjs)	Run actions/checkout@v6	2026-08-10T15:42:31.6185712Z   fetch-tags: false
Syntax Pre-Check (.mjs)	Run actions/checkout@v6	2026-08-10T15:42:31.6186437Z   show-progress: true
Syntax Pre-Check (.mjs)	Run actions/checkout@v6	2026-08-10T15:42:31.6187175Z   lfs: false
Syntax Pre-Check (.mjs)	Run actions/checkout@v6	2026-08-10T15:42:31.6187868Z   submodules: false
Syntax Pre-Check (.mjs)	Run actions/checkout@v6	2026-08-10T15:42:31.6188605Z   set-safe-directory: true
Syntax Pre-Check (.mjs)	Run actions/checkout@v6	2026-08-10T15:42:31.6189434Z   allow-unsafe-pr-checkout: false
Syntax Pre-Check (.mjs)	Run actions/checkout@v6	2026-08-10T15:42:31.6190490Z env:
Syntax Pre-Check (.mjs)	Run actions/checkout@v6	2026-08-10T15:42:31.6191157Z   CARGO_TERM_COLOR: always
Syntax Pre-Check (.mjs)	Run actions/checkout@v6	2026-08-10T15:42:31.6192206Z   CARGO_NET_RETRY: 10
Syntax Pre-Check (.mjs)	Run actions/checkout@v6	2026-08-10T15:42:31.6193075Z   CARGO_HTTP_MULTIPLEXING: false
Syntax Pre-Check (.mjs)	Run actions/checkout@v6	2026-08-10T15:42:31.6193950Z   RUSTFLAGS: -Dwarnings
Syntax Pre-Check (.mjs)	Run actions/checkout@v6	2026-08-10T15:42:31.6194820Z   FORCE_JAVASCRIPT_ACTIONS_TO_NODE24: true
Syntax Pre-Check (.mjs)	Run actions/checkout@v6	2026-08-10T15:42:31.6195755Z   GIT_CONFIG_COUNT: 1
Syntax Pre-Check (.mjs)	Run actions/checkout@v6	2026-08-10T15:42:31.6196523Z   GIT_CONFIG_KEY_0: init.defaultBranch
Syntax Pre-Check (.mjs)	Run actions/checkout@v6	2026-08-10T15:42:31.6197409Z   GIT_CONFIG_VALUE_0: main
Syntax Pre-Check (.mjs)	Run actions/checkout@v6	2026-08-10T15:42:31.6198186Z ##[endgroup]
Syntax Pre-Check (.mjs)	Run actions/checkout@v6	2026-08-10T15:42:31.7041711Z Syncing repository: link-foundation/start
Syntax Pre-Check (.mjs)	Run actions/checkout@v6	2026-08-10T15:42:31.7044400Z ##[group]Getting Git version info
Syntax Pre-Check (.mjs)	Run actions/checkout@v6	2026-08-10T15:42:31.7045499Z Working directory is '/home/runner/work/start/start'
Syntax Pre-Check (.mjs)	Run actions/checkout@v6	2026-08-10T15:42:31.7047019Z [command]/usr/bin/git version
Syntax Pre-Check (.mjs)	Run actions/checkout@v6	2026-08-10T15:42:31.7956693Z git version 2.54.0
Syntax Pre-Check (.mjs)	Run actions/checkout@v6	2026-08-10T15:42:31.7976534Z ##[endgroup]
Syntax Pre-Check (.mjs)	Run actions/checkout@v6	2026-08-10T15:42:31.7990480Z Temporarily overriding HOME='/home/runner/work/_temp/34d8b437-d32c-456e-9750-205b8741ca87' before making global git config changes
Syntax Pre-Check (.mjs)	Run actions/checkout@v6	2026-08-10T15:42:31.7994091Z Adding repository directory to the temporary git global config as a safe directory
Syntax Pre-Check (.mjs)	Run actions/checkout@v6	2026-08-10T15:42:31.7996866Z [command]/usr/bin/git config --global --add safe.directory /home/runner/work/start/start
Syntax Pre-Check (.mjs)	Run actions/checkout@v6	2026-08-10T15:42:31.8030960Z Deleting the contents of '/home/runner/work/start/start'
Syntax Pre-Check (.mjs)	Run actions/checkout@v6	2026-08-10T15:42:31.8034515Z ##[group]Determining repository object format
Syntax Pre-Check (.mjs)	Run actions/checkout@v6	2026-08-10T15:42:31.8036388Z ##[endgroup]
Syntax Pre-Check (.mjs)	Run actions/checkout@v6	2026-08-10T15:42:31.8037555Z ##[group]Initializing the repository
Syntax Pre-Check (.mjs)	Run actions/checkout@v6	2026-08-10T15:42:31.8039937Z [command]/usr/bin/git init /home/runner/work/start/start
Syntax Pre-Check (.mjs)	Run actions/checkout@v6	2026-08-10T15:42:31.8770206Z Initialized empty Git repository in /home/runner/work/start/start/.git/
Syntax Pre-Check (.mjs)	Run actions/checkout@v6	2026-08-10T15:42:31.8780431Z [command]/usr/bin/git remote add origin https://github.com/link-foundation/start
Syntax Pre-Check (.mjs)	Run actions/checkout@v6	2026-08-10T15:42:31.8812375Z ##[endgroup]
Syntax Pre-Check (.mjs)	Run actions/checkout@v6	2026-08-10T15:42:31.8814012Z ##[group]Disabling automatic garbage collection
Syntax Pre-Check (.mjs)	Run actions/checkout@v6	2026-08-10T15:42:31.8815359Z [command]/usr/bin/git config --local gc.auto 0
Syntax Pre-Check (.mjs)	Run actions/checkout@v6	2026-08-10T15:42:31.8844303Z ##[endgroup]
Syntax Pre-Check (.mjs)	Run actions/checkout@v6	2026-08-10T15:42:31.8845929Z ##[group]Setting up auth
Syntax Pre-Check (.mjs)	Run actions/checkout@v6	2026-08-10T15:42:31.8847105Z Removing SSH command configuration
Syntax Pre-Check (.mjs)	Run actions/checkout@v6	2026-08-10T15:42:31.8849769Z [command]/usr/bin/git config --local --name-only --get-regexp core\.sshCommand
Syntax Pre-Check (.mjs)	Run actions/checkout@v6	2026-08-10T15:42:31.8879067Z [command]/usr/bin/git submodule foreach --recursive sh -c "git config --local --name-only --get-regexp 'core\.sshCommand' && git config --local --unset-all 'core.sshCommand' || :"
Syntax Pre-Check (.mjs)	Run actions/checkout@v6	2026-08-10T15:42:31.9117433Z Removing HTTP extra header
Syntax Pre-Check (.mjs)	Run actions/checkout@v6	2026-08-10T15:42:31.9122975Z [command]/usr/bin/git config --local --name-only --get-regexp http\.https\:\/\/github\.com\/\.extraheader
Syntax Pre-Check (.mjs)	Run actions/checkout@v6	2026-08-10T15:42:31.9152658Z [command]/usr/bin/git submodule foreach --recursive sh -c "git config --local --name-only --get-regexp 'http\.https\:\/\/github\.com\/\.extraheader' && git config --local --unset-all 'http.https://github.com/.extraheader' || :"
Syntax Pre-Check (.mjs)	Run actions/checkout@v6	2026-08-10T15:42:31.9335498Z Removing includeIf entries pointing to credentials config files
Syntax Pre-Check (.mjs)	Run actions/checkout@v6	2026-08-10T15:42:31.9340257Z [command]/usr/bin/git config --local --name-only --get-regexp ^includeIf\.gitdir:
Syntax Pre-Check (.mjs)	Run actions/checkout@v6	2026-08-10T15:42:31.9370431Z [command]/usr/bin/git submodule foreach --recursive git config --local --show-origin --name-only --get-regexp remote.origin.url
Syntax Pre-Check (.mjs)	Run actions/checkout@v6	2026-08-10T15:42:31.9571029Z [command]/usr/bin/git config --file /home/runner/work/_temp/git-credentials-326391ac-36a4-40de-b694-b3a620f739a5.config http.https://github.com/.extraheader AUTHORIZATION: basic ***
Syntax Pre-Check (.mjs)	Run actions/checkout@v6	2026-08-10T15:42:31.9605738Z [command]/usr/bin/git config --local includeIf.gitdir:/home/runner/work/start/start/.git.path /home/runner/work/_temp/git-credentials-326391ac-36a4-40de-b694-b3a620f739a5.config
Syntax Pre-Check (.mjs)	Run actions/checkout@v6	2026-08-10T15:42:31.9636617Z [command]/usr/bin/git config --local includeIf.gitdir:/home/runner/work/start/start/.git/worktrees/*.path /home/runner/work/_temp/git-credentials-326391ac-36a4-40de-b694-b3a620f739a5.config
Syntax Pre-Check (.mjs)	Run actions/checkout@v6	2026-08-10T15:42:31.9666266Z [command]/usr/bin/git config --local includeIf.gitdir:/github/workspace/.git.path /github/runner_temp/git-credentials-326391ac-36a4-40de-b694-b3a620f739a5.config
Syntax Pre-Check (.mjs)	Run actions/checkout@v6	2026-08-10T15:42:31.9699769Z [command]/usr/bin/git config --local includeIf.gitdir:/github/workspace/.git/worktrees/*.path /github/runner_temp/git-credentials-326391ac-36a4-40de-b694-b3a620f739a5.config
Syntax Pre-Check (.mjs)	Run actions/checkout@v6	2026-08-10T15:42:31.9725430Z ##[endgroup]
Syntax Pre-Check (.mjs)	Run actions/checkout@v6	2026-08-10T15:42:31.9726924Z ##[group]Fetching the repository
Syntax Pre-Check (.mjs)	Run actions/checkout@v6	2026-08-10T15:42:31.9732341Z [command]/usr/bin/git -c protocol.version=2 fetch --no-tags --prune --no-recurse-submodules origin +refs/heads/*:refs/remotes/origin/* +refs/tags/*:refs/tags/* +c88600c0d8ff8d80941044138e858ae826ae3010:refs/remotes/pull/161/merge
Syntax Pre-Check (.mjs)	Run actions/checkout@v6	2026-08-10T15:42:33.7863355Z From https://github.com/link-foundation/start
Syntax Pre-Check (.mjs)	Run actions/checkout@v6	2026-08-10T15:42:33.7864272Z  * [new branch]      issue-1-06306849                         -> origin/issue-1-06306849
Syntax Pre-Check (.mjs)	Run actions/checkout@v6	2026-08-10T15:42:33.7865122Z  * [new branch]      issue-101-f6ea3a87b1de                   -> origin/issue-101-f6ea3a87b1de
Syntax Pre-Check (.mjs)	Run actions/checkout@v6	2026-08-10T15:42:33.7865997Z  * [new branch]      issue-103-d2eee141f4bc                   -> origin/issue-103-d2eee141f4bc
Syntax Pre-Check (.mjs)	Run actions/checkout@v6	2026-08-10T15:42:33.7866849Z  * [new branch]      issue-105-0edd650b7149                   -> origin/issue-105-0edd650b7149
Syntax Pre-Check (.mjs)	Run actions/checkout@v6	2026-08-10T15:42:33.7867628Z  * [new branch]      issue-108-c821d8a93f01                   -> origin/issue-108-c821d8a93f01
Syntax Pre-Check (.mjs)	Run actions/checkout@v6	2026-08-10T15:42:33.7868717Z  * [new branch]      issue-11-1524425f0588                    -> origin/issue-11-1524425f0588
Syntax Pre-Check (.mjs)	Run actions/checkout@v6	2026-08-10T15:42:33.7869501Z  * [new branch]      issue-110-c1b9267a2743                   -> origin/issue-110-c1b9267a2743
Syntax Pre-Check (.mjs)	Run actions/checkout@v6	2026-08-10T15:42:33.7870249Z  * [new branch]      issue-112-46af7527c0d9                   -> origin/issue-112-46af7527c0d9
Syntax Pre-Check (.mjs)	Run actions/checkout@v6	2026-08-10T15:42:33.7871053Z  * [new branch]      issue-114-8181f01863b9                   -> origin/issue-114-8181f01863b9
Syntax Pre-Check (.mjs)	Run actions/checkout@v6	2026-08-10T15:42:33.7871578Z  * [new branch]      issue-116-01c61894edbd                   -> origin/issue-116-01c61894edbd
Syntax Pre-Check (.mjs)	Run actions/checkout@v6	2026-08-10T15:42:33.7872386Z  * [new branch]      issue-118-4ed21210786f                   -> origin/issue-118-4ed21210786f
Syntax Pre-Check (.mjs)	Run actions/checkout@v6	2026-08-10T15:42:33.7872907Z  * [new branch]      issue-120-22538e16da80                   -> origin/issue-120-22538e16da80
Syntax Pre-Check (.mjs)	Run actions/checkout@v6	2026-08-10T15:42:33.7873409Z  * [new branch]      issue-122-9e4e6b1efac6                   -> origin/issue-122-9e4e6b1efac6
Syntax Pre-Check (.mjs)	Run actions/checkout@v6	2026-08-10T15:42:33.7874039Z  * [new branch]      issue-124-0288905fdd33                   -> origin/issue-124-0288905fdd33
Syntax Pre-Check (.mjs)	Run actions/checkout@v6	2026-08-10T15:42:33.7874579Z  * [new branch]      issue-126-c5c8579b3ab4                   -> origin/issue-126-c5c8579b3ab4
Syntax Pre-Check (.mjs)	Run actions/checkout@v6	2026-08-10T15:42:33.7875125Z  * [new branch]      issue-128-9d904e7dd227                   -> origin/issue-128-9d904e7dd227
Syntax Pre-Check (.mjs)	Run actions/checkout@v6	2026-08-10T15:42:33.7875637Z  * [new branch]      issue-13-52ae2ce06ee2                    -> origin/issue-13-52ae2ce06ee2
Syntax Pre-Check (.mjs)	Run actions/checkout@v6	2026-08-10T15:42:33.7876169Z  * [new branch]      issue-130-cefa8a965461                   -> origin/issue-130-cefa8a965461
Syntax Pre-Check (.mjs)	Run actions/checkout@v6	2026-08-10T15:42:33.7876700Z  * [new branch]      issue-132-81888ef731d7                   -> origin/issue-132-81888ef731d7
Syntax Pre-Check (.mjs)	Run actions/checkout@v6	2026-08-10T15:42:33.7877195Z  * [new branch]      issue-134-1a26eb545a18                   -> origin/issue-134-1a26eb545a18
Syntax Pre-Check (.mjs)	Run actions/checkout@v6	2026-08-10T15:42:33.7877669Z  * [new branch]      issue-136-cffa39dbc470                   -> origin/issue-136-cffa39dbc470
Syntax Pre-Check (.mjs)	Run actions/checkout@v6	2026-08-10T15:42:33.7878413Z  * [new branch]      issue-138-3f4ef74d216e                   -> origin/issue-138-3f4ef74d216e
Syntax Pre-Check (.mjs)	Run actions/checkout@v6	2026-08-10T15:42:33.7878979Z  * [new branch]      issue-140-55c0984f3705                   -> origin/issue-140-55c0984f3705
Syntax Pre-Check (.mjs)	Run actions/checkout@v6	2026-08-10T15:42:33.7879492Z  * [new branch]      issue-142-e63b64dd46e6                   -> origin/issue-142-e63b64dd46e6
Syntax Pre-Check (.mjs)	Run actions/checkout@v6	2026-08-10T15:42:33.7880003Z  * [new branch]      issue-144-d8d3fb7dfd56                   -> origin/issue-144-d8d3fb7dfd56
Syntax Pre-Check (.mjs)	Run actions/checkout@v6	2026-08-10T15:42:33.7880494Z  * [new branch]      issue-146-5fd1b386b75b                   -> origin/issue-146-5fd1b386b75b
Syntax Pre-Check (.mjs)	Run actions/checkout@v6	2026-08-10T15:42:33.7881028Z  * [new branch]      issue-148-799a293d3d5b                   -> origin/issue-148-799a293d3d5b
Syntax Pre-Check (.mjs)	Run actions/checkout@v6	2026-08-10T15:42:33.7881550Z  * [new branch]      issue-15-ccfe6d130337                    -> origin/issue-15-ccfe6d130337
Syntax Pre-Check (.mjs)	Run actions/checkout@v6	2026-08-10T15:42:33.7882525Z  * [new branch]      issue-15-d3d0f1c82afa                    -> origin/issue-15-d3d0f1c82afa
Syntax Pre-Check (.mjs)	Run actions/checkout@v6	2026-08-10T15:42:33.7883121Z  * [new branch]      issue-150-140b61c8f491                   -> origin/issue-150-140b61c8f491
Syntax Pre-Check (.mjs)	Run actions/checkout@v6	2026-08-10T15:42:33.7883620Z  * [new branch]      issue-151-50e985780da1                   -> origin/issue-151-50e985780da1
Syntax Pre-Check (.mjs)	Run actions/checkout@v6	2026-08-10T15:42:33.7884150Z  * [new branch]      issue-154-73165f3b5cf7                   -> origin/issue-154-73165f3b5cf7
Syntax Pre-Check (.mjs)	Run actions/checkout@v6	2026-08-10T15:42:33.7884667Z  * [new branch]      issue-156-a9778f176d79                   -> origin/issue-156-a9778f176d79
Syntax Pre-Check (.mjs)	Run actions/checkout@v6	2026-08-10T15:42:33.7885146Z  * [new branch]      issue-158-ecf4c4dc2e55                   -> origin/issue-158-ecf4c4dc2e55
Syntax Pre-Check (.mjs)	Run actions/checkout@v6	2026-08-10T15:42:33.7885688Z  * [new branch]      issue-160-9bad94da73d2                   -> origin/issue-160-9bad94da73d2
Syntax Pre-Check (.mjs)	Run actions/checkout@v6	2026-08-10T15:42:33.7886182Z  * [new branch]      issue-18-acfe3ddbe902                    -> origin/issue-18-acfe3ddbe902
Syntax Pre-Check (.mjs)	Run actions/checkout@v6	2026-08-10T15:42:33.7886690Z  * [new branch]      issue-19-83cfc521f662                    -> origin/issue-19-83cfc521f662
Syntax Pre-Check (.mjs)	Run actions/checkout@v6	2026-08-10T15:42:33.7887213Z  * [new branch]      issue-22-08e44246441d                    -> origin/issue-22-08e44246441d
Syntax Pre-Check (.mjs)	Run actions/checkout@v6	2026-08-10T15:42:33.7887705Z  * [new branch]      issue-22-2d1c04999e6d                    -> origin/issue-22-2d1c04999e6d
Syntax Pre-Check (.mjs)	Run actions/checkout@v6	2026-08-10T15:42:33.7888373Z  * [new branch]      issue-25-6419574a6cfe                    -> origin/issue-25-6419574a6cfe
Syntax Pre-Check (.mjs)	Run actions/checkout@v6	2026-08-10T15:42:33.7888850Z  * [new branch]      issue-25-8fe656da1123                    -> origin/issue-25-8fe656da1123
Syntax Pre-Check (.mjs)	Run actions/checkout@v6	2026-08-10T15:42:33.7889364Z  * [new branch]      issue-28-9a07df20ebbb                    -> origin/issue-28-9a07df20ebbb
Syntax Pre-Check (.mjs)	Run actions/checkout@v6	2026-08-10T15:42:33.7889900Z  * [new branch]      issue-3-908abf67e50f                     -> origin/issue-3-908abf67e50f
Syntax Pre-Check (.mjs)	Run actions/checkout@v6	2026-08-10T15:42:33.7890390Z  * [new branch]      issue-30-3c74b37eedc9                    -> origin/issue-30-3c74b37eedc9
Syntax Pre-Check (.mjs)	Run actions/checkout@v6	2026-08-10T15:42:33.7890954Z  * [new branch]      issue-31-e419d5f83f9d                    -> origin/issue-31-e419d5f83f9d
Syntax Pre-Check (.mjs)	Run actions/checkout@v6	2026-08-10T15:42:33.7891477Z  * [new branch]      issue-34-fcfbf90ca3a5                    -> origin/issue-34-fcfbf90ca3a5
Syntax Pre-Check (.mjs)	Run actions/checkout@v6	2026-08-10T15:42:33.7892188Z  * [new branch]      issue-36-4d2e05cadca2                    -> origin/issue-36-4d2e05cadca2
Syntax Pre-Check (.mjs)	Run actions/checkout@v6	2026-08-10T15:42:33.7892823Z  * [new branch]      issue-38-8d65d5c6dcf1                    -> origin/issue-38-8d65d5c6dcf1
Syntax Pre-Check (.mjs)	Run actions/checkout@v6	2026-08-10T15:42:33.7893338Z  * [new branch]      issue-40-500ee5a3c836                    -> origin/issue-40-500ee5a3c836
Syntax Pre-Check (.mjs)	Run actions/checkout@v6	2026-08-10T15:42:33.7893874Z  * [new branch]      issue-42-231914cdf85a                    -> origin/issue-42-231914cdf85a
Syntax Pre-Check (.mjs)	Run actions/checkout@v6	2026-08-10T15:42:33.7894400Z  * [new branch]      issue-44-05c1999867e1                    -> origin/issue-44-05c1999867e1
Syntax Pre-Check (.mjs)	Run actions/checkout@v6	2026-08-10T15:42:33.7894917Z  * [new branch]      issue-46-db1336ec1bd4                    -> origin/issue-46-db1336ec1bd4
Syntax Pre-Check (.mjs)	Run actions/checkout@v6	2026-08-10T15:42:33.7895494Z  * [new branch]      issue-49-49badfb087ae                    -> origin/issue-49-49badfb087ae
Syntax Pre-Check (.mjs)	Run actions/checkout@v6	2026-08-10T15:42:33.7896014Z  * [new branch]      issue-5-e920ed9704b1                     -> origin/issue-5-e920ed9704b1
Syntax Pre-Check (.mjs)	Run actions/checkout@v6	2026-08-10T15:42:33.7896632Z  * [new branch]      issue-51-ce9116974281                    -> origin/issue-51-ce9116974281
Syntax Pre-Check (.mjs)	Run actions/checkout@v6	2026-08-10T15:42:33.7897206Z  * [new branch]      issue-53-3037eb51507e                    -> origin/issue-53-3037eb51507e
Syntax Pre-Check (.mjs)	Run actions/checkout@v6	2026-08-10T15:42:33.7897757Z  * [new branch]      issue-55-62ca352b2854                    -> origin/issue-55-62ca352b2854
Syntax Pre-Check (.mjs)	Run actions/checkout@v6	2026-08-10T15:42:33.7898330Z  * [new branch]      issue-57-319974e37702                    -> origin/issue-57-319974e37702
Syntax Pre-Check (.mjs)	Run actions/checkout@v6	2026-08-10T15:42:33.7898855Z  * [new branch]      issue-57-9389c40a25d3                    -> origin/issue-57-9389c40a25d3
Syntax Pre-Check (.mjs)	Run actions/checkout@v6	2026-08-10T15:42:33.7899358Z  * [new branch]      issue-60-23ad1508ca00                    -> origin/issue-60-23ad1508ca00
Syntax Pre-Check (.mjs)	Run actions/checkout@v6	2026-08-10T15:42:33.7899931Z  * [new branch]      issue-62-0bf0e6dba402                    -> origin/issue-62-0bf0e6dba402
Syntax Pre-Check (.mjs)	Run actions/checkout@v6	2026-08-10T15:42:33.7900449Z  * [new branch]      issue-64-531bd4a9716c                    -> origin/issue-64-531bd4a9716c
Syntax Pre-Check (.mjs)	Run actions/checkout@v6	2026-08-10T15:42:33.7901015Z  * [new branch]      issue-66-b4bebb964b80                    -> origin/issue-66-b4bebb964b80
Syntax Pre-Check (.mjs)	Run actions/checkout@v6	2026-08-10T15:42:33.7901572Z  * [new branch]      issue-67-c74bf55321d9                    -> origin/issue-67-c74bf55321d9
Syntax Pre-Check (.mjs)	Run actions/checkout@v6	2026-08-10T15:42:33.7902280Z  * [new branch]      issue-7-6b049fda1d30                     -> origin/issue-7-6b049fda1d30
Syntax Pre-Check (.mjs)	Run actions/checkout@v6	2026-08-10T15:42:33.7902878Z  * [new branch]      issue-70-210190e0ad55                    -> origin/issue-70-210190e0ad55
Syntax Pre-Check (.mjs)	Run actions/checkout@v6	2026-08-10T15:42:33.7903392Z  * [new branch]      issue-70-490c526a882f                    -> origin/issue-70-490c526a882f
Syntax Pre-Check (.mjs)	Run actions/checkout@v6	2026-08-10T15:42:33.7903914Z  * [new branch]      issue-73-163864f76573                    -> origin/issue-73-163864f76573
Syntax Pre-Check (.mjs)	Run actions/checkout@v6	2026-08-10T15:42:33.7904520Z  * [new branch]      issue-73-47a3e673b0a8                    -> origin/issue-73-47a3e673b0a8
Syntax Pre-Check (.mjs)	Run actions/checkout@v6	2026-08-10T15:42:33.7905032Z  * [new branch]      issue-73-c42828279fb5                    -> origin/issue-73-c42828279fb5
Syntax Pre-Check (.mjs)	Run actions/checkout@v6	2026-08-10T15:42:33.7905576Z  * [new branch]      issue-77-acc01682cb56                    -> origin/issue-77-acc01682cb56
Syntax Pre-Check (.mjs)	Run actions/checkout@v6	2026-08-10T15:42:33.7906113Z  * [new branch]      issue-79-1581a427bf82                    -> origin/issue-79-1581a427bf82
Syntax Pre-Check (.mjs)	Run actions/checkout@v6	2026-08-10T15:42:33.7906766Z  * [new branch]      issue-79-48234c0f95fa                    -> origin/issue-79-48234c0f95fa
Syntax Pre-Check (.mjs)	Run actions/checkout@v6	2026-08-10T15:42:33.7907347Z  * [new branch]      issue-79-5fc029ea058c                    -> origin/issue-79-5fc029ea058c
Syntax Pre-Check (.mjs)	Run actions/checkout@v6	2026-08-10T15:42:33.7907873Z  * [new branch]      issue-79-740a4286522a                    -> origin/issue-79-740a4286522a
Syntax Pre-Check (.mjs)	Run actions/checkout@v6	2026-08-10T15:42:33.7908416Z  * [new branch]      issue-84-2301d58a902f                    -> origin/issue-84-2301d58a902f
Syntax Pre-Check (.mjs)	Run actions/checkout@v6	2026-08-10T15:42:33.7908949Z  * [new branch]      issue-84-8c8db1f16f9d                    -> origin/issue-84-8c8db1f16f9d
Syntax Pre-Check (.mjs)	Run actions/checkout@v6	2026-08-10T15:42:33.7909501Z  * [new branch]      issue-84-ca99d5699c03                    -> origin/issue-84-ca99d5699c03
Syntax Pre-Check (.mjs)	Run actions/checkout@v6	2026-08-10T15:42:33.7910066Z  * [new branch]      issue-84-e79fd3fe5cef                    -> origin/issue-84-e79fd3fe5cef
Syntax Pre-Check (.mjs)	Run actions/checkout@v6	2026-08-10T15:42:33.7910601Z  * [new branch]      issue-89-58b19f5dac12                    -> origin/issue-89-58b19f5dac12
Syntax Pre-Check (.mjs)	Run actions/checkout@v6	2026-08-10T15:42:33.7911115Z  * [new branch]      issue-9-9cb379f155fb                     -> origin/issue-9-9cb379f155fb
Syntax Pre-Check (.mjs)	Run actions/checkout@v6	2026-08-10T15:42:33.7911701Z  * [new branch]      issue-91-5ff8719c4182                    -> origin/issue-91-5ff8719c4182
Syntax Pre-Check (.mjs)	Run actions/checkout@v6	2026-08-10T15:42:33.7912520Z  * [new branch]      issue-91-8e243739c7af                    -> origin/issue-91-8e243739c7af
Syntax Pre-Check (.mjs)	Run actions/checkout@v6	2026-08-10T15:42:33.7913081Z  * [new branch]      issue-93-2ef57910c60b                    -> origin/issue-93-2ef57910c60b
Syntax Pre-Check (.mjs)	Run actions/checkout@v6	2026-08-10T15:42:33.7913625Z  * [new branch]      issue-96-829d21ddabc4                    -> origin/issue-96-829d21ddabc4
Syntax Pre-Check (.mjs)	Run actions/checkout@v6	2026-08-10T15:42:33.7914177Z  * [new branch]      issue-96-efde41b8c023                    -> origin/issue-96-efde41b8c023
Syntax Pre-Check (.mjs)	Run actions/checkout@v6	2026-08-10T15:42:33.7914962Z  * [new branch]      issue-99-bc78b28ed258                    -> origin/issue-99-bc78b28ed258
Syntax Pre-Check (.mjs)	Run actions/checkout@v6	2026-08-10T15:42:33.7915719Z  * [new branch]      main                                     -> origin/main
Syntax Pre-Check (.mjs)	Run actions/checkout@v6	2026-08-10T15:42:33.7916474Z  * [new tag]         js-v0.25.5                               -> js-v0.25.5
Syntax Pre-Check (.mjs)	Run actions/checkout@v6	2026-08-10T15:42:33.7916928Z  * [new tag]         js-v0.26.0                               -> js-v0.26.0
Syntax Pre-Check (.mjs)	Run actions/checkout@v6	2026-08-10T15:42:33.7917356Z  * [new tag]         js-v0.27.0                               -> js-v0.27.0
Syntax Pre-Check (.mjs)	Run actions/checkout@v6	2026-08-10T15:42:33.7917800Z  * [new tag]         js-v0.27.1                               -> js-v0.27.1
Syntax Pre-Check (.mjs)	Run actions/checkout@v6	2026-08-10T15:42:33.7918245Z  * [new tag]         js-v0.27.2                               -> js-v0.27.2
Syntax Pre-Check (.mjs)	Run actions/checkout@v6	2026-08-10T15:42:33.7918650Z  * [new tag]         js-v0.28.0                               -> js-v0.28.0
Syntax Pre-Check (.mjs)	Run actions/checkout@v6	2026-08-10T15:42:33.7919111Z  * [new tag]         js-v0.29.0                               -> js-v0.29.0
Syntax Pre-Check (.mjs)	Run actions/checkout@v6	2026-08-10T15:42:33.7919512Z  * [new tag]         js-v0.29.1                               -> js-v0.29.1
Syntax Pre-Check (.mjs)	Run actions/checkout@v6	2026-08-10T15:42:33.7919956Z  * [new tag]         js-v0.29.2                               -> js-v0.29.2
Syntax Pre-Check (.mjs)	Run actions/checkout@v6	2026-08-10T15:42:33.7920404Z  * [new tag]         js-v0.30.0                               -> js-v0.30.0
Syntax Pre-Check (.mjs)	Run actions/checkout@v6	2026-08-10T15:42:33.7920819Z  * [new tag]         js-v0.30.1                               -> js-v0.30.1
Syntax Pre-Check (.mjs)	Run actions/checkout@v6	2026-08-10T15:42:33.7921254Z  * [new tag]         js-v0.30.2                               -> js-v0.30.2
Syntax Pre-Check (.mjs)	Run actions/checkout@v6	2026-08-10T15:42:33.7921663Z  * [new tag]         js-v0.30.3                               -> js-v0.30.3
Syntax Pre-Check (.mjs)	Run actions/checkout@v6	2026-08-10T15:42:33.7922187Z  * [new tag]         js-v0.30.4                               -> js-v0.30.4
Syntax Pre-Check (.mjs)	Run actions/checkout@v6	2026-08-10T15:42:33.7922674Z  * [new tag]         js-v0.30.5                               -> js-v0.30.5
Syntax Pre-Check (.mjs)	Run actions/checkout@v6	2026-08-10T15:42:33.7923094Z  * [new tag]         js-v0.31.0                               -> js-v0.31.0
Syntax Pre-Check (.mjs)	Run actions/checkout@v6	2026-08-10T15:42:33.7923529Z  * [new tag]         js-v0.32.0                               -> js-v0.32.0
Syntax Pre-Check (.mjs)	Run actions/checkout@v6	2026-08-10T15:42:33.7923969Z  * [new tag]         rust-v0.14.1                             -> rust-v0.14.1
Syntax Pre-Check (.mjs)	Run actions/checkout@v6	2026-08-10T15:42:33.7924417Z  * [new tag]         rust-v0.14.2                             -> rust-v0.14.2
Syntax Pre-Check (.mjs)	Run actions/checkout@v6	2026-08-10T15:42:33.7924915Z  * [new tag]         rust-v0.14.3                             -> rust-v0.14.3
Syntax Pre-Check (.mjs)	Run actions/checkout@v6	2026-08-10T15:42:33.7925437Z  * [new tag]         rust-v0.15.0                             -> rust-v0.15.0
Syntax Pre-Check (.mjs)	Run actions/checkout@v6	2026-08-10T15:42:33.7925878Z  * [new tag]         rust-v0.15.1                             -> rust-v0.15.1
Syntax Pre-Check (.mjs)	Run actions/checkout@v6	2026-08-10T15:42:33.7926305Z  * [new tag]         rust-v0.16.0                             -> rust-v0.16.0
Syntax Pre-Check (.mjs)	Run actions/checkout@v6	2026-08-10T15:42:33.7926715Z  * [new tag]         rust-v0.16.1                             -> rust-v0.16.1
Syntax Pre-Check (.mjs)	Run actions/checkout@v6	2026-08-10T15:42:33.7927200Z  * [new tag]         rust-v0.16.2                             -> rust-v0.16.2
Syntax Pre-Check (.mjs)	Run actions/checkout@v6	2026-08-10T15:42:33.7927614Z  * [new tag]         rust-v0.17.0                             -> rust-v0.17.0
Syntax Pre-Check (.mjs)	Run actions/checkout@v6	2026-08-10T15:42:33.7928013Z  * [new tag]         rust-v0.17.1                             -> rust-v0.17.1
Syntax Pre-Check (.mjs)	Run actions/checkout@v6	2026-08-10T15:42:33.7928483Z  * [new tag]         rust-v0.17.2                             -> rust-v0.17.2
Syntax Pre-Check (.mjs)	Run actions/checkout@v6	2026-08-10T15:42:33.7928900Z  * [new tag]         rust-v0.17.3                             -> rust-v0.17.3
Syntax Pre-Check (.mjs)	Run actions/checkout@v6	2026-08-10T15:42:33.7929372Z  * [new tag]         rust-v0.17.4                             -> rust-v0.17.4
Syntax Pre-Check (.mjs)	Run actions/checkout@v6	2026-08-10T15:42:33.7929847Z  * [new tag]         rust-v0.17.5                             -> rust-v0.17.5
Syntax Pre-Check (.mjs)	Run actions/checkout@v6	2026-08-10T15:42:33.7930260Z  * [new tag]         rust-v0.18.0                             -> rust-v0.18.0
Syntax Pre-Check (.mjs)	Run actions/checkout@v6	2026-08-10T15:42:33.7930710Z  * [new tag]         rust-v0.19.0                             -> rust-v0.19.0
Syntax Pre-Check (.mjs)	Run actions/checkout@v6	2026-08-10T15:42:33.7931122Z  * [new tag]         rust-v0.19.1                             -> rust-v0.19.1
Syntax Pre-Check (.mjs)	Run actions/checkout@v6	2026-08-10T15:42:33.7931541Z  * [new tag]         v0.10.0                                  -> v0.10.0
Syntax Pre-Check (.mjs)	Run actions/checkout@v6	2026-08-10T15:42:33.7932153Z  * [new tag]         v0.11.0                                  -> v0.11.0
Syntax Pre-Check (.mjs)	Run actions/checkout@v6	2026-08-10T15:42:33.7932555Z  * [new tag]         v0.13.0                                  -> v0.13.0
Syntax Pre-Check (.mjs)	Run actions/checkout@v6	2026-08-10T15:42:33.7932968Z  * [new tag]         v0.15.0                                  -> v0.15.0
Syntax Pre-Check (.mjs)	Run actions/checkout@v6	2026-08-10T15:42:33.7933374Z  * [new tag]         v0.16.0                                  -> v0.16.0
Syntax Pre-Check (.mjs)	Run actions/checkout@v6	2026-08-10T15:42:33.7933894Z  * [new tag]         v0.17.0                                  -> v0.17.0
Syntax Pre-Check (.mjs)	Run actions/checkout@v6	2026-08-10T15:42:33.7988849Z  * [new tag]         v0.17.1                                  -> v0.17.1
Syntax Pre-Check (.mjs)	Run actions/checkout@v6	2026-08-10T15:42:33.7989399Z  * [new tag]         v0.17.2                                  -> v0.17.2
Syntax Pre-Check (.mjs)	Run actions/checkout@v6	2026-08-10T15:42:33.7989944Z  * [new tag]         v0.17.3                                  -> v0.17.3
Syntax Pre-Check (.mjs)	Run actions/checkout@v6	2026-08-10T15:42:33.7990351Z  * [new tag]         v0.17.4                                  -> v0.17.4
Syntax Pre-Check (.mjs)	Run actions/checkout@v6	2026-08-10T15:42:33.7990845Z  * [new tag]         v0.18.0                                  -> v0.18.0
Syntax Pre-Check (.mjs)	Run actions/checkout@v6	2026-08-10T15:42:33.7991385Z  * [new tag]         v0.19.0                                  -> v0.19.0
Syntax Pre-Check (.mjs)	Run actions/checkout@v6	2026-08-10T15:42:33.7991802Z  * [new tag]         v0.19.1                                  -> v0.19.1
Syntax Pre-Check (.mjs)	Run actions/checkout@v6	2026-08-10T15:42:33.7992358Z  * [new tag]         v0.20.0                                  -> v0.20.0
Syntax Pre-Check (.mjs)	Run actions/checkout@v6	2026-08-10T15:42:33.7992768Z  * [new tag]         v0.20.1                                  -> v0.20.1
Syntax Pre-Check (.mjs)	Run actions/checkout@v6	2026-08-10T15:42:33.7993183Z  * [new tag]         v0.20.2                                  -> v0.20.2
Syntax Pre-Check (.mjs)	Run actions/checkout@v6	2026-08-10T15:42:33.7993600Z  * [new tag]         v0.20.3                                  -> v0.20.3
Syntax Pre-Check (.mjs)	Run actions/checkout@v6	2026-08-10T15:42:33.7994021Z  * [new tag]         v0.20.4                                  -> v0.20.4
Syntax Pre-Check (.mjs)	Run actions/checkout@v6	2026-08-10T15:42:33.7994421Z  * [new tag]         v0.21.0                                  -> v0.21.0
Syntax Pre-Check (.mjs)	Run actions/checkout@v6	2026-08-10T15:42:33.7994822Z  * [new tag]         v0.22.0                                  -> v0.22.0
Syntax Pre-Check (.mjs)	Run actions/checkout@v6	2026-08-10T15:42:33.7995221Z  * [new tag]         v0.23.0                                  -> v0.23.0
Syntax Pre-Check (.mjs)	Run actions/checkout@v6	2026-08-10T15:42:33.7995697Z  * [new tag]         v0.24.0                                  -> v0.24.0
Syntax Pre-Check (.mjs)	Run actions/checkout@v6	2026-08-10T15:42:33.7996137Z  * [new tag]         v0.24.1                                  -> v0.24.1
Syntax Pre-Check (.mjs)	Run actions/checkout@v6	2026-08-10T15:42:33.7996561Z  * [new tag]         v0.24.2                                  -> v0.24.2
Syntax Pre-Check (.mjs)	Run actions/checkout@v6	2026-08-10T15:42:33.7997009Z  * [new tag]         v0.24.3                                  -> v0.24.3
Syntax Pre-Check (.mjs)	Run actions/checkout@v6	2026-08-10T15:42:33.7997474Z  * [new tag]         v0.24.4                                  -> v0.24.4
Syntax Pre-Check (.mjs)	Run actions/checkout@v6	2026-08-10T15:42:33.7998161Z  * [new tag]         v0.24.5                                  -> v0.24.5
Syntax Pre-Check (.mjs)	Run actions/checkout@v6	2026-08-10T15:42:33.7998620Z  * [new tag]         v0.24.6                                  -> v0.24.6
Syntax Pre-Check (.mjs)	Run actions/checkout@v6	2026-08-10T15:42:33.7999085Z  * [new tag]         v0.24.7                                  -> v0.24.7
Syntax Pre-Check (.mjs)	Run actions/checkout@v6	2026-08-10T15:42:33.7999564Z  * [new tag]         v0.24.8                                  -> v0.24.8
Syntax Pre-Check (.mjs)	Run actions/checkout@v6	2026-08-10T15:42:33.8000038Z  * [new tag]         v0.24.9                                  -> v0.24.9
Syntax Pre-Check (.mjs)	Run actions/checkout@v6	2026-08-10T15:42:33.8000512Z  * [new tag]         v0.25.0                                  -> v0.25.0
Syntax Pre-Check (.mjs)	Run actions/checkout@v6	2026-08-10T15:42:33.8000995Z  * [new tag]         v0.25.1                                  -> v0.25.1
Syntax Pre-Check (.mjs)	Run actions/checkout@v6	2026-08-10T15:42:33.8001502Z  * [new tag]         v0.25.2                                  -> v0.25.2
Syntax Pre-Check (.mjs)	Run actions/checkout@v6	2026-08-10T15:42:33.8002139Z  * [new tag]         v0.25.3                                  -> v0.25.3
Syntax Pre-Check (.mjs)	Run actions/checkout@v6	2026-08-10T15:42:33.8002648Z  * [new tag]         v0.25.4                                  -> v0.25.4
Syntax Pre-Check (.mjs)	Run actions/checkout@v6	2026-08-10T15:42:33.8003137Z  * [new tag]         v0.3.1                                   -> v0.3.1
Syntax Pre-Check (.mjs)	Run actions/checkout@v6	2026-08-10T15:42:33.8003618Z  * [new tag]         v0.4.0                                   -> v0.4.0
Syntax Pre-Check (.mjs)	Run actions/checkout@v6	2026-08-10T15:42:33.8004119Z  * [new tag]         v0.4.1                                   -> v0.4.1
Syntax Pre-Check (.mjs)	Run actions/checkout@v6	2026-08-10T15:42:33.8004600Z  * [new tag]         v0.5.0                                   -> v0.5.0
Syntax Pre-Check (.mjs)	Run actions/checkout@v6	2026-08-10T15:42:33.8005108Z  * [new tag]         v0.5.1                                   -> v0.5.1
Syntax Pre-Check (.mjs)	Run actions/checkout@v6	2026-08-10T15:42:33.8005525Z  * [new tag]         v0.5.2                                   -> v0.5.2
Syntax Pre-Check (.mjs)	Run actions/checkout@v6	2026-08-10T15:42:33.8005819Z  * [new tag]         v0.5.3                                   -> v0.5.3
Syntax Pre-Check (.mjs)	Run actions/checkout@v6	2026-08-10T15:42:33.8006106Z  * [new tag]         v0.6.0                                   -> v0.6.0
Syntax Pre-Check (.mjs)	Run actions/checkout@v6	2026-08-10T15:42:33.8006401Z  * [new tag]         v0.7.0                                   -> v0.7.0
Syntax Pre-Check (.mjs)	Run actions/checkout@v6	2026-08-10T15:42:33.8006872Z  * [new tag]         v0.7.1                                   -> v0.7.1
Syntax Pre-Check (.mjs)	Run actions/checkout@v6	2026-08-10T15:42:33.8007177Z  * [new tag]         v0.7.2                                   -> v0.7.2
Syntax Pre-Check (.mjs)	Run actions/checkout@v6	2026-08-10T15:42:33.8007463Z  * [new tag]         v0.7.4                                   -> v0.7.4
Syntax Pre-Check (.mjs)	Run actions/checkout@v6	2026-08-10T15:42:33.8007744Z  * [new tag]         v0.7.5                                   -> v0.7.5
Syntax Pre-Check (.mjs)	Run actions/checkout@v6	2026-08-10T15:42:33.8008024Z  * [new tag]         v0.7.6                                   -> v0.7.6
Syntax Pre-Check (.mjs)	Run actions/checkout@v6	2026-08-10T15:42:33.8008312Z  * [new tag]         v0.9.0                                   -> v0.9.0
Syntax Pre-Check (.mjs)	Run actions/checkout@v6	2026-08-10T15:42:33.8008646Z  * [new ref]         c88600c0d8ff8d80941044138e858ae826ae3010 -> pull/161/merge
Syntax Pre-Check (.mjs)	Run actions/checkout@v6	2026-08-10T15:42:33.8044535Z ##[endgroup]
Syntax Pre-Check (.mjs)	Run actions/checkout@v6	2026-08-10T15:42:33.8045083Z ##[group]Determining the checkout info
Syntax Pre-Check (.mjs)	Run actions/checkout@v6	2026-08-10T15:42:33.8045598Z ##[endgroup]
Syntax Pre-Check (.mjs)	Run actions/checkout@v6	2026-08-10T15:42:33.8046699Z [command]/usr/bin/git sparse-checkout disable
Syntax Pre-Check (.mjs)	Run actions/checkout@v6	2026-08-10T15:42:33.8085918Z [command]/usr/bin/git config --local --unset-all extensions.worktreeConfig
Syntax Pre-Check (.mjs)	Run actions/checkout@v6	2026-08-10T15:42:33.8114578Z ##[group]Checking out the ref
Syntax Pre-Check (.mjs)	Run actions/checkout@v6	2026-08-10T15:42:33.8117791Z [command]/usr/bin/git checkout --progress --force refs/remotes/pull/161/merge
Syntax Pre-Check (.mjs)	Run actions/checkout@v6	2026-08-10T15:42:33.8775424Z Note: switching to 'refs/remotes/pull/161/merge'.
Syntax Pre-Check (.mjs)	Run actions/checkout@v6	2026-08-10T15:42:33.8775860Z 
Syntax Pre-Check (.mjs)	Run actions/checkout@v6	2026-08-10T15:42:33.8776142Z You are in 'detached HEAD' state. You can look around, make experimental
Syntax Pre-Check (.mjs)	Run actions/checkout@v6	2026-08-10T15:42:33.8776767Z changes and commit them, and you can discard any commits you make in this
Syntax Pre-Check (.mjs)	Run actions/checkout@v6	2026-08-10T15:42:33.8777368Z state without impacting any branches by switching back to a branch.
Syntax Pre-Check (.mjs)	Run actions/checkout@v6	2026-08-10T15:42:33.8777735Z 
Syntax Pre-Check (.mjs)	Run actions/checkout@v6	2026-08-10T15:42:33.8777991Z If you want to create a new branch to retain commits you create, you may
Syntax Pre-Check (.mjs)	Run actions/checkout@v6	2026-08-10T15:42:33.8778572Z do so (now or later) by using -c with the switch command. Example:
Syntax Pre-Check (.mjs)	Run actions/checkout@v6	2026-08-10T15:42:33.8778901Z 
Syntax Pre-Check (.mjs)	Run actions/checkout@v6	2026-08-10T15:42:33.8779088Z   git switch -c <new-branch-name>
Syntax Pre-Check (.mjs)	Run actions/checkout@v6	2026-08-10T15:42:33.8779309Z 
Syntax Pre-Check (.mjs)	Run actions/checkout@v6	2026-08-10T15:42:33.8779452Z Or undo this operation with:
Syntax Pre-Check (.mjs)	Run actions/checkout@v6	2026-08-10T15:42:33.8779687Z 
Syntax Pre-Check (.mjs)	Run actions/checkout@v6	2026-08-10T15:42:33.8779805Z   git switch -
Syntax Pre-Check (.mjs)	Run actions/checkout@v6	2026-08-10T15:42:33.8780181Z 
Syntax Pre-Check (.mjs)	Run actions/checkout@v6	2026-08-10T15:42:33.8780475Z Turn off this advice by setting config variable advice.detachedHead to false
Syntax Pre-Check (.mjs)	Run actions/checkout@v6	2026-08-10T15:42:33.8780843Z 
Syntax Pre-Check (.mjs)	Run actions/checkout@v6	2026-08-10T15:42:33.8781337Z HEAD is now at c88600c Merge 3562e612036bcd5e3fa75dcb89d8b334d7a954ac into db1ad4d0b2119148b4ad6e870080f8178a2a8e93
Syntax Pre-Check (.mjs)	Run actions/checkout@v6	2026-08-10T15:42:33.8824261Z ##[endgroup]
Syntax Pre-Check (.mjs)	Run actions/checkout@v6	2026-08-10T15:42:33.8826641Z [command]/usr/bin/git log -1 --format=%H
Syntax Pre-Check (.mjs)	Run actions/checkout@v6	2026-08-10T15:42:33.8850566Z c88600c0d8ff8d80941044138e858ae826ae3010
Syntax Pre-Check (.mjs)	Setup Node.js	﻿2026-08-10T15:42:33.9076206Z ##[group]Run actions/setup-node@v6
Syntax Pre-Check (.mjs)	Setup Node.js	2026-08-10T15:42:33.9076457Z with:
Syntax Pre-Check (.mjs)	Setup Node.js	2026-08-10T15:42:33.9076624Z   node-version: 24.x
Syntax Pre-Check (.mjs)	Setup Node.js	2026-08-10T15:42:33.9076815Z   check-latest: false
Syntax Pre-Check (.mjs)	Setup Node.js	2026-08-10T15:42:33.9078943Z   token: ***
Syntax Pre-Check (.mjs)	Setup Node.js	2026-08-10T15:42:33.9079142Z   package-manager-cache: true
Syntax Pre-Check (.mjs)	Setup Node.js	2026-08-10T15:42:33.9079350Z env:
Syntax Pre-Check (.mjs)	Setup Node.js	2026-08-10T15:42:33.9079515Z   CARGO_TERM_COLOR: always
Syntax Pre-Check (.mjs)	Setup Node.js	2026-08-10T15:42:33.9079718Z   CARGO_NET_RETRY: 10
Syntax Pre-Check (.mjs)	Setup Node.js	2026-08-10T15:42:33.9079908Z   CARGO_HTTP_MULTIPLEXING: false
Syntax Pre-Check (.mjs)	Setup Node.js	2026-08-10T15:42:33.9080136Z   RUSTFLAGS: -Dwarnings
Syntax Pre-Check (.mjs)	Setup Node.js	2026-08-10T15:42:33.9080338Z   FORCE_JAVASCRIPT_ACTIONS_TO_NODE24: true
Syntax Pre-Check (.mjs)	Setup Node.js	2026-08-10T15:42:33.9080567Z   GIT_CONFIG_COUNT: 1
Syntax Pre-Check (.mjs)	Setup Node.js	2026-08-10T15:42:33.9080758Z   GIT_CONFIG_KEY_0: init.defaultBranch
Syntax Pre-Check (.mjs)	Setup Node.js	2026-08-10T15:42:33.9080985Z   GIT_CONFIG_VALUE_0: main
Syntax Pre-Check (.mjs)	Setup Node.js	2026-08-10T15:42:33.9081178Z ##[endgroup]
Syntax Pre-Check (.mjs)	Setup Node.js	2026-08-10T15:42:34.0377107Z Found in cache @ /opt/hostedtoolcache/node/24.18.0/x64
Syntax Pre-Check (.mjs)	Setup Node.js	2026-08-10T15:42:34.0380221Z ##[group]Environment details
Syntax Pre-Check (.mjs)	Setup Node.js	2026-08-10T15:42:34.4209355Z node: v24.18.0
Syntax Pre-Check (.mjs)	Setup Node.js	2026-08-10T15:42:34.4209805Z npm: 11.16.0
Syntax Pre-Check (.mjs)	Setup Node.js	2026-08-10T15:42:34.4210035Z yarn: 1.22.22
Syntax Pre-Check (.mjs)	Setup Node.js	2026-08-10T15:42:34.4210854Z ##[endgroup]
Syntax Pre-Check (.mjs)	Run syntax check on all .mjs files	﻿2026-08-10T15:42:34.4331647Z ##[group]Run bash scripts/check-mjs-syntax.sh
Syntax Pre-Check (.mjs)	Run syntax check on all .mjs files	2026-08-10T15:42:34.4332265Z ^[[36;1mbash scripts/check-mjs-syntax.sh^[[0m
Syntax Pre-Check (.mjs)	Run syntax check on all .mjs files	2026-08-10T15:42:34.4379949Z shell: /usr/bin/bash -e {0}
Syntax Pre-Check (.mjs)	Run syntax check on all .mjs files	2026-08-10T15:42:34.4380178Z env:
Syntax Pre-Check (.mjs)	Run syntax check on all .mjs files	2026-08-10T15:42:34.4380343Z   CARGO_TERM_COLOR: always
Syntax Pre-Check (.mjs)	Run syntax check on all .mjs files	2026-08-10T15:42:34.4380533Z   CARGO_NET_RETRY: 10
Syntax Pre-Check (.mjs)	Run syntax check on all .mjs files	2026-08-10T15:42:34.4380720Z   CARGO_HTTP_MULTIPLEXING: false
Syntax Pre-Check (.mjs)	Run syntax check on all .mjs files	2026-08-10T15:42:34.4380934Z   RUSTFLAGS: -Dwarnings
Syntax Pre-Check (.mjs)	Run syntax check on all .mjs files	2026-08-10T15:42:34.4381125Z   FORCE_JAVASCRIPT_ACTIONS_TO_NODE24: true
Syntax Pre-Check (.mjs)	Run syntax check on all .mjs files	2026-08-10T15:42:34.4381347Z   GIT_CONFIG_COUNT: 1
Syntax Pre-Check (.mjs)	Run syntax check on all .mjs files	2026-08-10T15:42:34.4381525Z   GIT_CONFIG_KEY_0: init.defaultBranch
Syntax Pre-Check (.mjs)	Run syntax check on all .mjs files	2026-08-10T15:42:34.4381731Z   GIT_CONFIG_VALUE_0: main
Syntax Pre-Check (.mjs)	Run syntax check on all .mjs files	2026-08-10T15:42:34.4382099Z ##[endgroup]
Syntax Pre-Check (.mjs)	Run syntax check on all .mjs files	2026-08-10T15:42:34.4474907Z Checking syntax for all .mjs files...
Syntax Pre-Check (.mjs)	Run syntax check on all .mjs files	2026-08-10T15:42:34.4484608Z Checking scripts/check-release-needed.mjs...
Syntax Pre-Check (.mjs)	Run syntax check on all .mjs files	2026-08-10T15:42:34.4709910Z Checking scripts/check-test-parity.mjs...
Syntax Pre-Check (.mjs)	Run syntax check on all .mjs files	2026-08-10T15:42:34.4915619Z Checking scripts/publish-to-crates.mjs...
Syntax Pre-Check (.mjs)	Run syntax check on all .mjs files	2026-08-10T15:42:34.5120978Z Checking scripts/check-file-size.mjs...
Syntax Pre-Check (.mjs)	Run syntax check on all .mjs files	2026-08-10T15:42:34.5323871Z Checking scripts/bump-version.mjs...
Syntax Pre-Check (.mjs)	Run syntax check on all .mjs files	2026-08-10T15:42:34.5553645Z Checking scripts/check-js-coverage.mjs...
Syntax Pre-Check (.mjs)	Run syntax check on all .mjs files	2026-08-10T15:42:34.5764510Z Checking scripts/changeset-version.mjs...
Syntax Pre-Check (.mjs)	Run syntax check on all .mjs files	2026-08-10T15:42:34.5985807Z Checking scripts/detect-code-changes.mjs...
Syntax Pre-Check (.mjs)	Run syntax check on all .mjs files	2026-08-10T15:42:34.6198214Z Checking scripts/check-web-archive.mjs...
Syntax Pre-Check (.mjs)	Run syntax check on all .mjs files	2026-08-10T15:42:34.6394648Z Checking scripts/release-name.mjs...
Syntax Pre-Check (.mjs)	Run syntax check on all .mjs files	2026-08-10T15:42:34.6650134Z Checking scripts/get-bump-type.mjs...
Syntax Pre-Check (.mjs)	Run syntax check on all .mjs files	2026-08-10T15:42:34.6867783Z Checking scripts/format-github-release.mjs...
Syntax Pre-Check (.mjs)	Run syntax check on all .mjs files	2026-08-10T15:42:34.7085526Z Checking scripts/backfill-release-notes.mjs...
Syntax Pre-Check (.mjs)	Run syntax check on all .mjs files	2026-08-10T15:42:34.7296577Z Checking scripts/setup-npm.mjs...
Syntax Pre-Check (.mjs)	Run syntax check on all .mjs files	2026-08-10T15:42:34.7510330Z Checking scripts/check-doc-examples.mjs...
Syntax Pre-Check (.mjs)	Run syntax check on all .mjs files	2026-08-10T15:42:34.7738473Z Checking scripts/create-github-release.mjs...
Syntax Pre-Check (.mjs)	Run syntax check on all .mjs files	2026-08-10T15:42:34.7948674Z Checking scripts/publish-to-npm.mjs...
Syntax Pre-Check (.mjs)	Run syntax check on all .mjs files	2026-08-10T15:42:34.8182884Z Checking scripts/merge-changesets.mjs...
Syntax Pre-Check (.mjs)	Run syntax check on all .mjs files	2026-08-10T15:42:34.8395980Z Checking scripts/format-release-notes.mjs...
Syntax Pre-Check (.mjs)	Run syntax check on all .mjs files	2026-08-10T15:42:34.8608111Z Checking scripts/validate-changeset.mjs...
Syntax Pre-Check (.mjs)	Run syntax check on all .mjs files	2026-08-10T15:42:34.8821119Z Checking scripts/debug-print.mjs...
Syntax Pre-Check (.mjs)	Run syntax check on all .mjs files	2026-08-10T15:42:34.9042273Z Checking scripts/instant-version-bump.mjs...
Syntax Pre-Check (.mjs)	Run syntax check on all .mjs files	2026-08-10T15:42:34.9258778Z Checking scripts/preflight-credentials.mjs...
Syntax Pre-Check (.mjs)	Run syntax check on all .mjs files	2026-08-10T15:42:34.9455278Z Checking scripts/version-and-commit.mjs...
Syntax Pre-Check (.mjs)	Run syntax check on all .mjs files	2026-08-10T15:42:34.9666835Z Checking scripts/collect-changelog.mjs...
Syntax Pre-Check (.mjs)	Run syntax check on all .mjs files	2026-08-10T15:42:34.9867936Z Checking scripts/create-manual-changeset.mjs...
Syntax Pre-Check (.mjs)	Run syntax check on all .mjs files	2026-08-10T15:42:35.0087031Z Checking scripts/run-js-tests.mjs...
Syntax Pre-Check (.mjs)	Run syntax check on all .mjs files	2026-08-10T15:42:35.0290536Z Checking scripts/verify-release-badge.mjs...
Syntax Pre-Check (.mjs)	Run syntax check on all .mjs files	2026-08-10T15:42:35.0513468Z Checking js/test/publish-to-crates.mjs...
Syntax Pre-Check (.mjs)	Run syntax check on all .mjs files	2026-08-10T15:42:35.0722760Z Checking js/test/check-js-coverage.mjs...
Syntax Pre-Check (.mjs)	Run syntax check on all .mjs files	2026-08-10T15:42:35.0938055Z Checking js/test/release-name.mjs...
Syntax Pre-Check (.mjs)	Run syntax check on all .mjs files	2026-08-10T15:42:35.1145349Z Checking js/test/create-github-release.mjs...
Syntax Pre-Check (.mjs)	Run syntax check on all .mjs files	2026-08-10T15:42:35.1334336Z Checking js/test/merge-changesets.mjs...
Syntax Pre-Check (.mjs)	Run syntax check on all .mjs files	2026-08-10T15:42:35.1532614Z Checking js/test/run-js-tests.mjs...
Syntax Pre-Check (.mjs)	Run syntax check on all .mjs files	2026-08-10T15:42:35.1726210Z 
Syntax Pre-Check (.mjs)	Run syntax check on all .mjs files	2026-08-10T15:42:35.1726818Z Syntax check passed for 34 file(s).
Syntax Pre-Check (.mjs)	Simulate merge with main (PRs only)	﻿2026-08-10T15:42:35.1780248Z ##[group]Run bash scripts/simulate-fresh-merge.sh --base-ref origin/main
Syntax Pre-Check (.mjs)	Simulate merge with main (PRs only)	2026-08-10T15:42:35.1780674Z ^[[36;1mbash scripts/simulate-fresh-merge.sh --base-ref origin/main^[[0m
Syntax Pre-Check (.mjs)	Simulate merge with main (PRs only)	2026-08-10T15:42:35.1819976Z shell: /usr/bin/bash -e {0}
Syntax Pre-Check (.mjs)	Simulate merge with main (PRs only)	2026-08-10T15:42:35.1820189Z env:
Syntax Pre-Check (.mjs)	Simulate merge with main (PRs only)	2026-08-10T15:42:35.1820355Z   CARGO_TERM_COLOR: always
Syntax Pre-Check (.mjs)	Simulate merge with main (PRs only)	2026-08-10T15:42:35.1820552Z   CARGO_NET_RETRY: 10
Syntax Pre-Check (.mjs)	Simulate merge with main (PRs only)	2026-08-10T15:42:35.1820736Z   CARGO_HTTP_MULTIPLEXING: false
Syntax Pre-Check (.mjs)	Simulate merge with main (PRs only)	2026-08-10T15:42:35.1820941Z   RUSTFLAGS: -Dwarnings
Syntax Pre-Check (.mjs)	Simulate merge with main (PRs only)	2026-08-10T15:42:35.1821141Z   FORCE_JAVASCRIPT_ACTIONS_TO_NODE24: true
Syntax Pre-Check (.mjs)	Simulate merge with main (PRs only)	2026-08-10T15:42:35.1821362Z   GIT_CONFIG_COUNT: 1
Syntax Pre-Check (.mjs)	Simulate merge with main (PRs only)	2026-08-10T15:42:35.1821545Z   GIT_CONFIG_KEY_0: init.defaultBranch
Syntax Pre-Check (.mjs)	Simulate merge with main (PRs only)	2026-08-10T15:42:35.1821756Z   GIT_CONFIG_VALUE_0: main
Syntax Pre-Check (.mjs)	Simulate merge with main (PRs only)	2026-08-10T15:42:35.1822137Z ##[endgroup]
Syntax Pre-Check (.mjs)	Simulate merge with main (PRs only)	2026-08-10T15:42:35.1952710Z Base: origin/main (db1ad4d)
Syntax Pre-Check (.mjs)	Simulate merge with main (PRs only)	2026-08-10T15:42:35.1967196Z Head: c88600c0d8ff8d80941044138e858ae826ae3010 (c88600c)
Syntax Pre-Check (.mjs)	Simulate merge with main (PRs only)	2026-08-10T15:42:35.1967623Z Simulating merge in: /tmp/simulate-merge.wS9N6R
Syntax Pre-Check (.mjs)	Simulate merge with main (PRs only)	2026-08-10T15:42:35.1968125Z Check command: bash scripts/check-mjs-syntax.sh
Syntax Pre-Check (.mjs)	Simulate merge with main (PRs only)	2026-08-10T15:42:35.1968453Z 
Syntax Pre-Check (.mjs)	Simulate merge with main (PRs only)	2026-08-10T15:42:35.1982925Z Preparing worktree (detached HEAD db1ad4d)
Syntax Pre-Check (.mjs)	Simulate merge with main (PRs only)	2026-08-10T15:42:35.3414386Z 
Syntax Pre-Check (.mjs)	Simulate merge with main (PRs only)	2026-08-10T15:42:35.3415565Z Merged tree built. Running check…
Syntax Pre-Check (.mjs)	Simulate merge with main (PRs only)	2026-08-10T15:42:35.3415876Z 
Syntax Pre-Check (.mjs)	Simulate merge with main (PRs only)	2026-08-10T15:42:35.3437299Z Checking syntax for all .mjs files...
Syntax Pre-Check (.mjs)	Simulate merge with main (PRs only)	2026-08-10T15:42:35.3450351Z Checking scripts/check-release-needed.mjs...
Syntax Pre-Check (.mjs)	Simulate merge with main (PRs only)	2026-08-10T15:42:35.3654057Z Checking scripts/check-test-parity.mjs...
Syntax Pre-Check (.mjs)	Simulate merge with main (PRs only)	2026-08-10T15:42:35.3875330Z Checking scripts/publish-to-crates.mjs...
Syntax Pre-Check (.mjs)	Simulate merge with main (PRs only)	2026-08-10T15:42:35.4073416Z Checking scripts/check-file-size.mjs...
Syntax Pre-Check (.mjs)	Simulate merge with main (PRs only)	2026-08-10T15:42:35.4292654Z Checking scripts/bump-version.mjs...
Syntax Pre-Check (.mjs)	Simulate merge with main (PRs only)	2026-08-10T15:42:35.4503207Z Checking scripts/check-js-coverage.mjs...
Syntax Pre-Check (.mjs)	Simulate merge with main (PRs only)	2026-08-10T15:42:35.4697227Z Checking scripts/changeset-version.mjs...
Syntax Pre-Check (.mjs)	Simulate merge with main (PRs only)	2026-08-10T15:42:35.4913425Z Checking scripts/detect-code-changes.mjs...
Syntax Pre-Check (.mjs)	Simulate merge with main (PRs only)	2026-08-10T15:42:35.5127345Z Checking scripts/check-web-archive.mjs...
Syntax Pre-Check (.mjs)	Simulate merge with main (PRs only)	2026-08-10T15:42:35.5340336Z Checking scripts/release-name.mjs...
Syntax Pre-Check (.mjs)	Simulate merge with main (PRs only)	2026-08-10T15:42:35.5610703Z Checking scripts/get-bump-type.mjs...
Syntax Pre-Check (.mjs)	Simulate merge with main (PRs only)	2026-08-10T15:42:35.5842513Z Checking scripts/format-github-release.mjs...
Syntax Pre-Check (.mjs)	Simulate merge with main (PRs only)	2026-08-10T15:42:35.6051118Z Checking scripts/backfill-release-notes.mjs...
Syntax Pre-Check (.mjs)	Simulate merge with main (PRs only)	2026-08-10T15:42:35.6258663Z Checking scripts/setup-npm.mjs...
Syntax Pre-Check (.mjs)	Simulate merge with main (PRs only)	2026-08-10T15:42:35.6474612Z Checking scripts/check-doc-examples.mjs...
Syntax Pre-Check (.mjs)	Simulate merge with main (PRs only)	2026-08-10T15:42:35.6707909Z Checking scripts/create-github-release.mjs...
Syntax Pre-Check (.mjs)	Simulate merge with main (PRs only)	2026-08-10T15:42:35.6923494Z Checking scripts/publish-to-npm.mjs...
Syntax Pre-Check (.mjs)	Simulate merge with main (PRs only)	2026-08-10T15:42:35.7169288Z Checking scripts/merge-changesets.mjs...
Syntax Pre-Check (.mjs)	Simulate merge with main (PRs only)	2026-08-10T15:42:35.7373017Z Checking scripts/format-release-notes.mjs...
Syntax Pre-Check (.mjs)	Simulate merge with main (PRs only)	2026-08-10T15:42:35.7569738Z Checking scripts/validate-changeset.mjs...
Syntax Pre-Check (.mjs)	Simulate merge with main (PRs only)	2026-08-10T15:42:35.7775945Z Checking scripts/debug-print.mjs...
Syntax Pre-Check (.mjs)	Simulate merge with main (PRs only)	2026-08-10T15:42:35.7981050Z Checking scripts/instant-version-bump.mjs...
Syntax Pre-Check (.mjs)	Simulate merge with main (PRs only)	2026-08-10T15:42:35.8200719Z Checking scripts/preflight-credentials.mjs...
Syntax Pre-Check (.mjs)	Simulate merge with main (PRs only)	2026-08-10T15:42:35.8432244Z Checking scripts/version-and-commit.mjs...
Syntax Pre-Check (.mjs)	Simulate merge with main (PRs only)	2026-08-10T15:42:35.8644986Z Checking scripts/collect-changelog.mjs...
Syntax Pre-Check (.mjs)	Simulate merge with main (PRs only)	2026-08-10T15:42:35.8849990Z Checking scripts/create-manual-changeset.mjs...
Syntax Pre-Check (.mjs)	Simulate merge with main (PRs only)	2026-08-10T15:42:35.9049728Z Checking scripts/run-js-tests.mjs...
Syntax Pre-Check (.mjs)	Simulate merge with main (PRs only)	2026-08-10T15:42:35.9256960Z Checking scripts/verify-release-badge.mjs...
Syntax Pre-Check (.mjs)	Simulate merge with main (PRs only)	2026-08-10T15:42:35.9497462Z Checking js/test/publish-to-crates.mjs...
Syntax Pre-Check (.mjs)	Simulate merge with main (PRs only)	2026-08-10T15:42:35.9704551Z Checking js/test/check-js-coverage.mjs...
Syntax Pre-Check (.mjs)	Simulate merge with main (PRs only)	2026-08-10T15:42:35.9922737Z Checking js/test/release-name.mjs...
Syntax Pre-Check (.mjs)	Simulate merge with main (PRs only)	2026-08-10T15:42:36.0126649Z Checking js/test/create-github-release.mjs...
Syntax Pre-Check (.mjs)	Simulate merge with main (PRs only)	2026-08-10T15:42:36.0323872Z Checking js/test/merge-changesets.mjs...
Syntax Pre-Check (.mjs)	Simulate merge with main (PRs only)	2026-08-10T15:42:36.0524503Z Checking js/test/run-js-tests.mjs...
Syntax Pre-Check (.mjs)	Simulate merge with main (PRs only)	2026-08-10T15:42:36.0731523Z 
Syntax Pre-Check (.mjs)	Simulate merge with main (PRs only)	2026-08-10T15:42:36.0732213Z Syntax check passed for 34 file(s).
Syntax Pre-Check (.mjs)	Simulate merge with main (PRs only)	2026-08-10T15:42:36.0734793Z 
Syntax Pre-Check (.mjs)	Simulate merge with main (PRs only)	2026-08-10T15:42:36.0735409Z ✅ simulate-fresh-merge: clean merge, check passed.
Syntax Pre-Check (.mjs)	Post Setup Node.js	﻿2026-08-10T15:42:36.0981608Z Post job cleanup.
Syntax Pre-Check (.mjs)	Post Run actions/checkout@v6	﻿2026-08-10T15:42:36.2110559Z Post job cleanup.
Syntax Pre-Check (.mjs)	Post Run actions/checkout@v6	2026-08-10T15:42:36.2812469Z [command]/usr/bin/git version
Syntax Pre-Check (.mjs)	Post Run actions/checkout@v6	2026-08-10T15:42:36.2877221Z git version 2.54.0
Syntax Pre-Check (.mjs)	Post Run actions/checkout@v6	2026-08-10T15:42:36.2909009Z Temporarily overriding HOME='/home/runner/work/_temp/eddd66b3-4910-4430-859a-7dc144ba5770' before making global git config changes
Syntax Pre-Check (.mjs)	Post Run actions/checkout@v6	2026-08-10T15:42:36.2910294Z Adding repository directory to the temporary git global config as a safe directory
Syntax Pre-Check (.mjs)	Post Run actions/checkout@v6	2026-08-10T15:42:36.2914849Z [command]/usr/bin/git config --global --add safe.directory /home/runner/work/start/start
Syntax Pre-Check (.mjs)	Post Run actions/checkout@v6	2026-08-10T15:42:36.2942209Z Removing SSH command configuration
Syntax Pre-Check (.mjs)	Post Run actions/checkout@v6	2026-08-10T15:42:36.2953795Z [command]/usr/bin/git config --local --name-only --get-regexp core\.sshCommand
Syntax Pre-Check (.mjs)	Post Run actions/checkout@v6	2026-08-10T15:42:36.2980497Z [command]/usr/bin/git submodule foreach --recursive sh -c "git config --local --name-only --get-regexp 'core\.sshCommand' && git config --local --unset-all 'core.sshCommand' || :"
Syntax Pre-Check (.mjs)	Post Run actions/checkout@v6	2026-08-10T15:42:36.3188826Z Removing HTTP extra header
Syntax Pre-Check (.mjs)	Post Run actions/checkout@v6	2026-08-10T15:42:36.3194145Z [command]/usr/bin/git config --local --name-only --get-regexp http\.https\:\/\/github\.com\/\.extraheader
Syntax Pre-Check (.mjs)	Post Run actions/checkout@v6	2026-08-10T15:42:36.3228786Z [command]/usr/bin/git submodule foreach --recursive sh -c "git config --local --name-only --get-regexp 'http\.https\:\/\/github\.com\/\.extraheader' && git config --local --unset-all 'http.https://github.com/.extraheader' || :"
Syntax Pre-Check (.mjs)	Post Run actions/checkout@v6	2026-08-10T15:42:36.3429646Z Removing includeIf entries pointing to credentials config files
Syntax Pre-Check (.mjs)	Post Run actions/checkout@v6	2026-08-10T15:42:36.3437907Z [command]/usr/bin/git config --local --name-only --get-regexp ^includeIf\.gitdir:
Syntax Pre-Check (.mjs)	Post Run actions/checkout@v6	2026-08-10T15:42:36.3460936Z includeif.gitdir:/home/runner/work/start/start/.git.path
Syntax Pre-Check (.mjs)	Post Run actions/checkout@v6	2026-08-10T15:42:36.3461750Z includeif.gitdir:/home/runner/work/start/start/.git/worktrees/*.path
Syntax Pre-Check (.mjs)	Post Run actions/checkout@v6	2026-08-10T15:42:36.3462692Z includeif.gitdir:/github/workspace/.git.path
Syntax Pre-Check (.mjs)	Post Run actions/checkout@v6	2026-08-10T15:42:36.3463336Z includeif.gitdir:/github/workspace/.git/worktrees/*.path
Syntax Pre-Check (.mjs)	Post Run actions/checkout@v6	2026-08-10T15:42:36.3469932Z [command]/usr/bin/git config --local --get-all includeif.gitdir:/home/runner/work/start/start/.git.path
Syntax Pre-Check (.mjs)	Post Run actions/checkout@v6	2026-08-10T15:42:36.3491273Z /home/runner/work/_temp/git-credentials-326391ac-36a4-40de-b694-b3a620f739a5.config
Syntax Pre-Check (.mjs)	Post Run actions/checkout@v6	2026-08-10T15:42:36.3502297Z [command]/usr/bin/git config --local --unset includeif.gitdir:/home/runner/work/start/start/.git.path /home/runner/work/_temp/git-credentials-326391ac-36a4-40de-b694-b3a620f739a5.config
Syntax Pre-Check (.mjs)	Post Run actions/checkout@v6	2026-08-10T15:42:36.3538194Z [command]/usr/bin/git config --local --get-all includeif.gitdir:/home/runner/work/start/start/.git/worktrees/*.path
Syntax Pre-Check (.mjs)	Post Run actions/checkout@v6	2026-08-10T15:42:36.3561222Z /home/runner/work/_temp/git-credentials-326391ac-36a4-40de-b694-b3a620f739a5.config
Syntax Pre-Check (.mjs)	Post Run actions/checkout@v6	2026-08-10T15:42:36.3572475Z [command]/usr/bin/git config --local --unset includeif.gitdir:/home/runner/work/start/start/.git/worktrees/*.path /home/runner/work/_temp/git-credentials-326391ac-36a4-40de-b694-b3a620f739a5.config
Syntax Pre-Check (.mjs)	Post Run actions/checkout@v6	2026-08-10T15:42:36.3613247Z [command]/usr/bin/git config --local --get-all includeif.gitdir:/github/workspace/.git.path
Syntax Pre-Check (.mjs)	Post Run actions/checkout@v6	2026-08-10T15:42:36.3637141Z /github/runner_temp/git-credentials-326391ac-36a4-40de-b694-b3a620f739a5.config
Syntax Pre-Check (.mjs)	Post Run actions/checkout@v6	2026-08-10T15:42:36.3644178Z [command]/usr/bin/git config --local --unset includeif.gitdir:/github/workspace/.git.path /github/runner_temp/git-credentials-326391ac-36a4-40de-b694-b3a620f739a5.config
Syntax Pre-Check (.mjs)	Post Run actions/checkout@v6	2026-08-10T15:42:36.3805140Z [command]/usr/bin/git config --local --get-all includeif.gitdir:/github/workspace/.git/worktrees/*.path
Syntax Pre-Check (.mjs)	Post Run actions/checkout@v6	2026-08-10T15:42:36.3826911Z /github/runner_temp/git-credentials-326391ac-36a4-40de-b694-b3a620f739a5.config
Syntax Pre-Check (.mjs)	Post Run actions/checkout@v6	2026-08-10T15:42:36.3835513Z [command]/usr/bin/git config --local --unset includeif.gitdir:/github/workspace/.git/worktrees/*.path /github/runner_temp/git-credentials-326391ac-36a4-40de-b694-b3a620f739a5.config
Syntax Pre-Check (.mjs)	Post Run actions/checkout@v6	2026-08-10T15:42:36.3866854Z [command]/usr/bin/git submodule foreach --recursive git config --local --show-origin --name-only --get-regexp remote.origin.url
Syntax Pre-Check (.mjs)	Post Run actions/checkout@v6	2026-08-10T15:42:36.4066054Z Removing credentials config '/home/runner/work/_temp/git-credentials-326391ac-36a4-40de-b694-b3a620f739a5.config'
Syntax Pre-Check (.mjs)	Complete job	﻿2026-08-10T15:42:36.4210375Z Cleaning up orphan processes
Changelog Fragment Check	Set up job	﻿2026-08-10T15:42:36.7138844Z Current runner version: '2.336.0'
Changelog Fragment Check	Set up job	2026-08-10T15:42:36.7167843Z ##[group]Runner Image Provisioner
Changelog Fragment Check	Set up job	2026-08-10T15:42:36.7168865Z Hosted Compute Agent
Changelog Fragment Check	Set up job	2026-08-10T15:42:36.7169590Z Version: 20260707.563
Changelog Fragment Check	Set up job	2026-08-10T15:42:36.7170289Z Commit: 02667638d2b423fbc733a8e32a88b44996a3ba6e
Changelog Fragment Check	Set up job	2026-08-10T15:42:36.7171107Z Build Date: 2026-07-07T19:33:50Z
Changelog Fragment Check	Set up job	2026-08-10T15:42:36.7171870Z Worker ID: {e1436f08-0bc8-459f-8503-cc8849fa7698}
Changelog Fragment Check	Set up job	2026-08-10T15:42:36.7172591Z Azure Region: centralus
Changelog Fragment Check	Set up job	2026-08-10T15:42:36.7173262Z ##[endgroup]
Changelog Fragment Check	Set up job	2026-08-10T15:42:36.7175312Z ##[group]Operating System
Changelog Fragment Check	Set up job	2026-08-10T15:42:36.7175973Z Ubuntu
Changelog Fragment Check	Set up job	2026-08-10T15:42:36.7176830Z 24.04.4
Changelog Fragment Check	Set up job	2026-08-10T15:42:36.7177364Z LTS
Changelog Fragment Check	Set up job	2026-08-10T15:42:36.7177929Z ##[endgroup]
Changelog Fragment Check	Set up job	2026-08-10T15:42:36.7178516Z ##[group]Runner Image
Changelog Fragment Check	Set up job	2026-08-10T15:42:36.7179146Z Image: ubuntu-24.04
Changelog Fragment Check	Set up job	2026-08-10T15:42:36.7179818Z Version: 20260720.247.2
Changelog Fragment Check	Set up job	2026-08-10T15:42:36.7180916Z Included Software: https://github.com/actions/runner-images/blob/ubuntu24/20260720.247/images/ubuntu/Ubuntu2404-Readme.md
Changelog Fragment Check	Set up job	2026-08-10T15:42:36.7182740Z Image Release: https://github.com/actions/runner-images/releases/tag/ubuntu24%2F20260720.247
Changelog Fragment Check	Set up job	2026-08-10T15:42:36.7183720Z ##[endgroup]
Changelog Fragment Check	Set up job	2026-08-10T15:42:36.7184949Z ##[group]GITHUB_TOKEN Permissions
Changelog Fragment Check	Set up job	2026-08-10T15:42:36.7187326Z Contents: read
Changelog Fragment Check	Set up job	2026-08-10T15:42:36.7188052Z Metadata: read
Changelog Fragment Check	Set up job	2026-08-10T15:42:36.7188665Z ##[endgroup]
Changelog Fragment Check	Set up job	2026-08-10T15:42:36.7190789Z Secret source: Actions
Changelog Fragment Check	Set up job	2026-08-10T15:42:36.7192417Z Prepare workflow directory
Changelog Fragment Check	Set up job	2026-08-10T15:42:36.7594113Z Prepare all required actions
Changelog Fragment Check	Set up job	2026-08-10T15:42:36.7645524Z Getting action download info
Changelog Fragment Check	Set up job	2026-08-10T15:42:37.0212145Z Download action repository 'actions/checkout@v6' (SHA:d23441a48e516b6c34aea4fa41551a30e30af803)
Changelog Fragment Check	Set up job	2026-08-10T15:42:37.5085025Z Complete job name: Changelog Fragment Check
Changelog Fragment Check	Run actions/checkout@v6	﻿2026-08-10T15:42:37.5823706Z ##[group]Run actions/checkout@v6
Changelog Fragment Check	Run actions/checkout@v6	2026-08-10T15:42:37.5824559Z with:
Changelog Fragment Check	Run actions/checkout@v6	2026-08-10T15:42:37.5824979Z   fetch-depth: 0
Changelog Fragment Check	Run actions/checkout@v6	2026-08-10T15:42:37.5825446Z   repository: link-foundation/start
Changelog Fragment Check	Run actions/checkout@v6	2026-08-10T15:42:37.5829554Z   token: ***
Changelog Fragment Check	Run actions/checkout@v6	2026-08-10T15:42:37.5830024Z   ssh-strict: true
Changelog Fragment Check	Run actions/checkout@v6	2026-08-10T15:42:37.5830464Z   ssh-user: git
Changelog Fragment Check	Run actions/checkout@v6	2026-08-10T15:42:37.5830912Z   persist-credentials: true
Changelog Fragment Check	Run actions/checkout@v6	2026-08-10T15:42:37.5831416Z   clean: true
Changelog Fragment Check	Run actions/checkout@v6	2026-08-10T15:42:37.5831865Z   sparse-checkout-cone-mode: true
Changelog Fragment Check	Run actions/checkout@v6	2026-08-10T15:42:37.5832381Z   fetch-tags: false
Changelog Fragment Check	Run actions/checkout@v6	2026-08-10T15:42:37.5832934Z   show-progress: true
Changelog Fragment Check	Run actions/checkout@v6	2026-08-10T15:42:37.5833386Z   lfs: false
Changelog Fragment Check	Run actions/checkout@v6	2026-08-10T15:42:37.5833801Z   submodules: false
Changelog Fragment Check	Run actions/checkout@v6	2026-08-10T15:42:37.5834244Z   set-safe-directory: true
Changelog Fragment Check	Run actions/checkout@v6	2026-08-10T15:42:37.5834740Z   allow-unsafe-pr-checkout: false
Changelog Fragment Check	Run actions/checkout@v6	2026-08-10T15:42:37.5835443Z env:
Changelog Fragment Check	Run actions/checkout@v6	2026-08-10T15:42:37.5835853Z   CARGO_TERM_COLOR: always
Changelog Fragment Check	Run actions/checkout@v6	2026-08-10T15:42:37.5836456Z   CARGO_NET_RETRY: 10
Changelog Fragment Check	Run actions/checkout@v6	2026-08-10T15:42:37.5836921Z   CARGO_HTTP_MULTIPLEXING: false
Changelog Fragment Check	Run actions/checkout@v6	2026-08-10T15:42:37.5837448Z   RUSTFLAGS: -Dwarnings
Changelog Fragment Check	Run actions/checkout@v6	2026-08-10T15:42:37.5837994Z   FORCE_JAVASCRIPT_ACTIONS_TO_NODE24: true
Changelog Fragment Check	Run actions/checkout@v6	2026-08-10T15:42:37.5838541Z   GIT_CONFIG_COUNT: 1
Changelog Fragment Check	Run actions/checkout@v6	2026-08-10T15:42:37.5839007Z   GIT_CONFIG_KEY_0: init.defaultBranch
Changelog Fragment Check	Run actions/checkout@v6	2026-08-10T15:42:37.5839559Z   GIT_CONFIG_VALUE_0: main
Changelog Fragment Check	Run actions/checkout@v6	2026-08-10T15:42:37.5840017Z ##[endgroup]
Changelog Fragment Check	Run actions/checkout@v6	2026-08-10T15:42:37.6885429Z Syncing repository: link-foundation/start
Changelog Fragment Check	Run actions/checkout@v6	2026-08-10T15:42:37.6888160Z ##[group]Getting Git version info
Changelog Fragment Check	Run actions/checkout@v6	2026-08-10T15:42:37.6889726Z Working directory is '/home/runner/work/start/start'
Changelog Fragment Check	Run actions/checkout@v6	2026-08-10T15:42:37.6891317Z [command]/usr/bin/git version
Changelog Fragment Check	Run actions/checkout@v6	2026-08-10T15:42:37.6967148Z git version 2.54.0
Changelog Fragment Check	Run actions/checkout@v6	2026-08-10T15:42:37.6990866Z ##[endgroup]
Changelog Fragment Check	Run actions/checkout@v6	2026-08-10T15:42:37.7018176Z Temporarily overriding HOME='/home/runner/work/_temp/0c45db38-1e79-40eb-a417-a676771fbb12' before making global git config changes
Changelog Fragment Check	Run actions/checkout@v6	2026-08-10T15:42:37.7021303Z Adding repository directory to the temporary git global config as a safe directory
Changelog Fragment Check	Run actions/checkout@v6	2026-08-10T15:42:37.7023435Z [command]/usr/bin/git config --global --add safe.directory /home/runner/work/start/start
Changelog Fragment Check	Run actions/checkout@v6	2026-08-10T15:42:37.7070081Z Deleting the contents of '/home/runner/work/start/start'
Changelog Fragment Check	Run actions/checkout@v6	2026-08-10T15:42:37.7076403Z ##[group]Determining repository object format
Changelog Fragment Check	Run actions/checkout@v6	2026-08-10T15:42:37.7078888Z ##[endgroup]
Changelog Fragment Check	Run actions/checkout@v6	2026-08-10T15:42:37.7080153Z ##[group]Initializing the repository
Changelog Fragment Check	Run actions/checkout@v6	2026-08-10T15:42:37.7084768Z [command]/usr/bin/git init /home/runner/work/start/start
Changelog Fragment Check	Run actions/checkout@v6	2026-08-10T15:42:37.7183670Z Initialized empty Git repository in /home/runner/work/start/start/.git/
Changelog Fragment Check	Run actions/checkout@v6	2026-08-10T15:42:37.7196714Z [command]/usr/bin/git remote add origin https://github.com/link-foundation/start
Changelog Fragment Check	Run actions/checkout@v6	2026-08-10T15:42:37.7245687Z ##[endgroup]
Changelog Fragment Check	Run actions/checkout@v6	2026-08-10T15:42:37.7246684Z ##[group]Disabling automatic garbage collection
Changelog Fragment Check	Run actions/checkout@v6	2026-08-10T15:42:37.7251252Z [command]/usr/bin/git config --local gc.auto 0
Changelog Fragment Check	Run actions/checkout@v6	2026-08-10T15:42:37.7285511Z ##[endgroup]
Changelog Fragment Check	Run actions/checkout@v6	2026-08-10T15:42:37.7286792Z ##[group]Setting up auth
Changelog Fragment Check	Run actions/checkout@v6	2026-08-10T15:42:37.7287505Z Removing SSH command configuration
Changelog Fragment Check	Run actions/checkout@v6	2026-08-10T15:42:37.7294442Z [command]/usr/bin/git config --local --name-only --get-regexp core\.sshCommand
Changelog Fragment Check	Run actions/checkout@v6	2026-08-10T15:42:37.7336118Z [command]/usr/bin/git submodule foreach --recursive sh -c "git config --local --name-only --get-regexp 'core\.sshCommand' && git config --local --unset-all 'core.sshCommand' || :"
Changelog Fragment Check	Run actions/checkout@v6	2026-08-10T15:42:37.7790433Z Removing HTTP extra header
Changelog Fragment Check	Run actions/checkout@v6	2026-08-10T15:42:37.7800971Z [command]/usr/bin/git config --local --name-only --get-regexp http\.https\:\/\/github\.com\/\.extraheader
Changelog Fragment Check	Run actions/checkout@v6	2026-08-10T15:42:37.7852179Z [command]/usr/bin/git submodule foreach --recursive sh -c "git config --local --name-only --get-regexp 'http\.https\:\/\/github\.com\/\.extraheader' && git config --local --unset-all 'http.https://github.com/.extraheader' || :"
Changelog Fragment Check	Run actions/checkout@v6	2026-08-10T15:42:37.8135348Z Removing includeIf entries pointing to credentials config files
Changelog Fragment Check	Run actions/checkout@v6	2026-08-10T15:42:37.8143105Z [command]/usr/bin/git config --local --name-only --get-regexp ^includeIf\.gitdir:
Changelog Fragment Check	Run actions/checkout@v6	2026-08-10T15:42:37.8184594Z [command]/usr/bin/git submodule foreach --recursive git config --local --show-origin --name-only --get-regexp remote.origin.url
Changelog Fragment Check	Run actions/checkout@v6	2026-08-10T15:42:37.8443312Z [command]/usr/bin/git config --file /home/runner/work/_temp/git-credentials-88563cfb-bd0d-4bbf-9234-855e40738cc9.config http.https://github.com/.extraheader AUTHORIZATION: basic ***
Changelog Fragment Check	Run actions/checkout@v6	2026-08-10T15:42:37.8490767Z [command]/usr/bin/git config --local includeIf.gitdir:/home/runner/work/start/start/.git.path /home/runner/work/_temp/git-credentials-88563cfb-bd0d-4bbf-9234-855e40738cc9.config
Changelog Fragment Check	Run actions/checkout@v6	2026-08-10T15:42:37.8531126Z [command]/usr/bin/git config --local includeIf.gitdir:/home/runner/work/start/start/.git/worktrees/*.path /home/runner/work/_temp/git-credentials-88563cfb-bd0d-4bbf-9234-855e40738cc9.config
Changelog Fragment Check	Run actions/checkout@v6	2026-08-10T15:42:37.8574296Z [command]/usr/bin/git config --local includeIf.gitdir:/github/workspace/.git.path /github/runner_temp/git-credentials-88563cfb-bd0d-4bbf-9234-855e40738cc9.config
Changelog Fragment Check	Run actions/checkout@v6	2026-08-10T15:42:37.8619799Z [command]/usr/bin/git config --local includeIf.gitdir:/github/workspace/.git/worktrees/*.path /github/runner_temp/git-credentials-88563cfb-bd0d-4bbf-9234-855e40738cc9.config
Changelog Fragment Check	Run actions/checkout@v6	2026-08-10T15:42:37.8651444Z ##[endgroup]
Changelog Fragment Check	Run actions/checkout@v6	2026-08-10T15:42:37.8652209Z ##[group]Fetching the repository
Changelog Fragment Check	Run actions/checkout@v6	2026-08-10T15:42:37.8661305Z [command]/usr/bin/git -c protocol.version=2 fetch --no-tags --prune --no-recurse-submodules origin +refs/heads/*:refs/remotes/origin/* +refs/tags/*:refs/tags/* +c88600c0d8ff8d80941044138e858ae826ae3010:refs/remotes/pull/161/merge
Changelog Fragment Check	Run actions/checkout@v6	2026-08-10T15:42:39.5818106Z From https://github.com/link-foundation/start
Changelog Fragment Check	Run actions/checkout@v6	2026-08-10T15:42:39.5820091Z  * [new branch]      issue-1-06306849                         -> origin/issue-1-06306849
Changelog Fragment Check	Run actions/checkout@v6	2026-08-10T15:42:39.5821461Z  * [new branch]      issue-101-f6ea3a87b1de                   -> origin/issue-101-f6ea3a87b1de
Changelog Fragment Check	Run actions/checkout@v6	2026-08-10T15:42:39.5823153Z  * [new branch]      issue-103-d2eee141f4bc                   -> origin/issue-103-d2eee141f4bc
Changelog Fragment Check	Run actions/checkout@v6	2026-08-10T15:42:39.5824528Z  * [new branch]      issue-105-0edd650b7149                   -> origin/issue-105-0edd650b7149
Changelog Fragment Check	Run actions/checkout@v6	2026-08-10T15:42:39.5825929Z  * [new branch]      issue-108-c821d8a93f01                   -> origin/issue-108-c821d8a93f01
Changelog Fragment Check	Run actions/checkout@v6	2026-08-10T15:42:39.5827629Z  * [new branch]      issue-11-1524425f0588                    -> origin/issue-11-1524425f0588
Changelog Fragment Check	Run actions/checkout@v6	2026-08-10T15:42:39.5829318Z  * [new branch]      issue-110-c1b9267a2743                   -> origin/issue-110-c1b9267a2743
Changelog Fragment Check	Run actions/checkout@v6	2026-08-10T15:42:39.5830700Z  * [new branch]      issue-112-46af7527c0d9                   -> origin/issue-112-46af7527c0d9
Changelog Fragment Check	Run actions/checkout@v6	2026-08-10T15:42:39.5832041Z  * [new branch]      issue-114-8181f01863b9                   -> origin/issue-114-8181f01863b9
Changelog Fragment Check	Run actions/checkout@v6	2026-08-10T15:42:39.5833381Z  * [new branch]      issue-116-01c61894edbd                   -> origin/issue-116-01c61894edbd
Changelog Fragment Check	Run actions/checkout@v6	2026-08-10T15:42:39.5834714Z  * [new branch]      issue-118-4ed21210786f                   -> origin/issue-118-4ed21210786f
Changelog Fragment Check	Run actions/checkout@v6	2026-08-10T15:42:39.5836027Z  * [new branch]      issue-120-22538e16da80                   -> origin/issue-120-22538e16da80
Changelog Fragment Check	Run actions/checkout@v6	2026-08-10T15:42:39.5838164Z  * [new branch]      issue-122-9e4e6b1efac6                   -> origin/issue-122-9e4e6b1efac6
Changelog Fragment Check	Run actions/checkout@v6	2026-08-10T15:42:39.5839608Z  * [new branch]      issue-124-0288905fdd33                   -> origin/issue-124-0288905fdd33
Changelog Fragment Check	Run actions/checkout@v6	2026-08-10T15:42:39.5840958Z  * [new branch]      issue-126-c5c8579b3ab4                   -> origin/issue-126-c5c8579b3ab4
Changelog Fragment Check	Run actions/checkout@v6	2026-08-10T15:42:39.5842141Z  * [new branch]      issue-128-9d904e7dd227                   -> origin/issue-128-9d904e7dd227
Changelog Fragment Check	Run actions/checkout@v6	2026-08-10T15:42:39.5843288Z  * [new branch]      issue-13-52ae2ce06ee2                    -> origin/issue-13-52ae2ce06ee2
Changelog Fragment Check	Run actions/checkout@v6	2026-08-10T15:42:39.5844508Z  * [new branch]      issue-130-cefa8a965461                   -> origin/issue-130-cefa8a965461
Changelog Fragment Check	Run actions/checkout@v6	2026-08-10T15:42:39.5845660Z  * [new branch]      issue-132-81888ef731d7                   -> origin/issue-132-81888ef731d7
Changelog Fragment Check	Run actions/checkout@v6	2026-08-10T15:42:39.5846976Z  * [new branch]      issue-134-1a26eb545a18                   -> origin/issue-134-1a26eb545a18
Changelog Fragment Check	Run actions/checkout@v6	2026-08-10T15:42:39.5848102Z  * [new branch]      issue-136-cffa39dbc470                   -> origin/issue-136-cffa39dbc470
Changelog Fragment Check	Run actions/checkout@v6	2026-08-10T15:42:39.5849462Z  * [new branch]      issue-138-3f4ef74d216e                   -> origin/issue-138-3f4ef74d216e
Changelog Fragment Check	Run actions/checkout@v6	2026-08-10T15:42:39.5850582Z  * [new branch]      issue-140-55c0984f3705                   -> origin/issue-140-55c0984f3705
Changelog Fragment Check	Run actions/checkout@v6	2026-08-10T15:42:39.5851718Z  * [new branch]      issue-142-e63b64dd46e6                   -> origin/issue-142-e63b64dd46e6
Changelog Fragment Check	Run actions/checkout@v6	2026-08-10T15:42:39.5852841Z  * [new branch]      issue-144-d8d3fb7dfd56                   -> origin/issue-144-d8d3fb7dfd56
Changelog Fragment Check	Run actions/checkout@v6	2026-08-10T15:42:39.5853967Z  * [new branch]      issue-146-5fd1b386b75b                   -> origin/issue-146-5fd1b386b75b
Changelog Fragment Check	Run actions/checkout@v6	2026-08-10T15:42:39.5855094Z  * [new branch]      issue-148-799a293d3d5b                   -> origin/issue-148-799a293d3d5b
Changelog Fragment Check	Run actions/checkout@v6	2026-08-10T15:42:39.5856407Z  * [new branch]      issue-15-ccfe6d130337                    -> origin/issue-15-ccfe6d130337
Changelog Fragment Check	Run actions/checkout@v6	2026-08-10T15:42:39.5857882Z  * [new branch]      issue-15-d3d0f1c82afa                    -> origin/issue-15-d3d0f1c82afa
Changelog Fragment Check	Run actions/checkout@v6	2026-08-10T15:42:39.5859174Z  * [new branch]      issue-150-140b61c8f491                   -> origin/issue-150-140b61c8f491
Changelog Fragment Check	Run actions/checkout@v6	2026-08-10T15:42:39.5860318Z  * [new branch]      issue-151-50e985780da1                   -> origin/issue-151-50e985780da1
Changelog Fragment Check	Run actions/checkout@v6	2026-08-10T15:42:39.5861454Z  * [new branch]      issue-154-73165f3b5cf7                   -> origin/issue-154-73165f3b5cf7
Changelog Fragment Check	Run actions/checkout@v6	2026-08-10T15:42:39.5862578Z  * [new branch]      issue-156-a9778f176d79                   -> origin/issue-156-a9778f176d79
Changelog Fragment Check	Run actions/checkout@v6	2026-08-10T15:42:39.5863711Z  * [new branch]      issue-158-ecf4c4dc2e55                   -> origin/issue-158-ecf4c4dc2e55
Changelog Fragment Check	Run actions/checkout@v6	2026-08-10T15:42:39.5864877Z  * [new branch]      issue-160-9bad94da73d2                   -> origin/issue-160-9bad94da73d2
Changelog Fragment Check	Run actions/checkout@v6	2026-08-10T15:42:39.5866023Z  * [new branch]      issue-18-acfe3ddbe902                    -> origin/issue-18-acfe3ddbe902
Changelog Fragment Check	Run actions/checkout@v6	2026-08-10T15:42:39.5867385Z  * [new branch]      issue-19-83cfc521f662                    -> origin/issue-19-83cfc521f662
Changelog Fragment Check	Run actions/checkout@v6	2026-08-10T15:42:39.5868517Z  * [new branch]      issue-22-08e44246441d                    -> origin/issue-22-08e44246441d
Changelog Fragment Check	Run actions/checkout@v6	2026-08-10T15:42:39.5869741Z  * [new branch]      issue-22-2d1c04999e6d                    -> origin/issue-22-2d1c04999e6d
Changelog Fragment Check	Run actions/checkout@v6	2026-08-10T15:42:39.5870862Z  * [new branch]      issue-25-6419574a6cfe                    -> origin/issue-25-6419574a6cfe
Changelog Fragment Check	Run actions/checkout@v6	2026-08-10T15:42:39.5872159Z  * [new branch]      issue-25-8fe656da1123                    -> origin/issue-25-8fe656da1123
Changelog Fragment Check	Run actions/checkout@v6	2026-08-10T15:42:39.5873289Z  * [new branch]      issue-28-9a07df20ebbb                    -> origin/issue-28-9a07df20ebbb
Changelog Fragment Check	Run actions/checkout@v6	2026-08-10T15:42:39.5874536Z  * [new branch]      issue-3-908abf67e50f                     -> origin/issue-3-908abf67e50f
Changelog Fragment Check	Run actions/checkout@v6	2026-08-10T15:42:39.5875713Z  * [new branch]      issue-30-3c74b37eedc9                    -> origin/issue-30-3c74b37eedc9
Changelog Fragment Check	Run actions/checkout@v6	2026-08-10T15:42:39.5877102Z  * [new branch]      issue-31-e419d5f83f9d                    -> origin/issue-31-e419d5f83f9d
Changelog Fragment Check	Run actions/checkout@v6	2026-08-10T15:42:39.5878244Z  * [new branch]      issue-34-fcfbf90ca3a5                    -> origin/issue-34-fcfbf90ca3a5
Changelog Fragment Check	Run actions/checkout@v6	2026-08-10T15:42:39.5879400Z  * [new branch]      issue-36-4d2e05cadca2                    -> origin/issue-36-4d2e05cadca2
Changelog Fragment Check	Run actions/checkout@v6	2026-08-10T15:42:39.5880531Z  * [new branch]      issue-38-8d65d5c6dcf1                    -> origin/issue-38-8d65d5c6dcf1
Changelog Fragment Check	Run actions/checkout@v6	2026-08-10T15:42:39.5881670Z  * [new branch]      issue-40-500ee5a3c836                    -> origin/issue-40-500ee5a3c836
Changelog Fragment Check	Run actions/checkout@v6	2026-08-10T15:42:39.5882854Z  * [new branch]      issue-42-231914cdf85a                    -> origin/issue-42-231914cdf85a
Changelog Fragment Check	Run actions/checkout@v6	2026-08-10T15:42:39.5883972Z  * [new branch]      issue-44-05c1999867e1                    -> origin/issue-44-05c1999867e1
Changelog Fragment Check	Run actions/checkout@v6	2026-08-10T15:42:39.5885096Z  * [new branch]      issue-46-db1336ec1bd4                    -> origin/issue-46-db1336ec1bd4
Changelog Fragment Check	Run actions/checkout@v6	2026-08-10T15:42:39.5886433Z  * [new branch]      issue-49-49badfb087ae                    -> origin/issue-49-49badfb087ae
Changelog Fragment Check	Run actions/checkout@v6	2026-08-10T15:42:39.5887630Z  * [new branch]      issue-5-e920ed9704b1                     -> origin/issue-5-e920ed9704b1
Changelog Fragment Check	Run actions/checkout@v6	2026-08-10T15:42:39.5888923Z  * [new branch]      issue-51-ce9116974281                    -> origin/issue-51-ce9116974281
Changelog Fragment Check	Run actions/checkout@v6	2026-08-10T15:42:39.5890042Z  * [new branch]      issue-53-3037eb51507e                    -> origin/issue-53-3037eb51507e
Changelog Fragment Check	Run actions/checkout@v6	2026-08-10T15:42:39.5891171Z  * [new branch]      issue-55-62ca352b2854                    -> origin/issue-55-62ca352b2854
Changelog Fragment Check	Run actions/checkout@v6	2026-08-10T15:42:39.5892284Z  * [new branch]      issue-57-319974e37702                    -> origin/issue-57-319974e37702
Changelog Fragment Check	Run actions/checkout@v6	2026-08-10T15:42:39.5893389Z  * [new branch]      issue-57-9389c40a25d3                    -> origin/issue-57-9389c40a25d3
Changelog Fragment Check	Run actions/checkout@v6	2026-08-10T15:42:39.5894494Z  * [new branch]      issue-60-23ad1508ca00                    -> origin/issue-60-23ad1508ca00
Changelog Fragment Check	Run actions/checkout@v6	2026-08-10T15:42:39.5895605Z  * [new branch]      issue-62-0bf0e6dba402                    -> origin/issue-62-0bf0e6dba402
Changelog Fragment Check	Run actions/checkout@v6	2026-08-10T15:42:39.5896882Z  * [new branch]      issue-64-531bd4a9716c                    -> origin/issue-64-531bd4a9716c
Changelog Fragment Check	Run actions/checkout@v6	2026-08-10T15:42:39.5898013Z  * [new branch]      issue-66-b4bebb964b80                    -> origin/issue-66-b4bebb964b80
Changelog Fragment Check	Run actions/checkout@v6	2026-08-10T15:42:39.5899199Z  * [new branch]      issue-67-c74bf55321d9                    -> origin/issue-67-c74bf55321d9
Changelog Fragment Check	Run actions/checkout@v6	2026-08-10T15:42:39.5900322Z  * [new branch]      issue-7-6b049fda1d30                     -> origin/issue-7-6b049fda1d30
Changelog Fragment Check	Run actions/checkout@v6	2026-08-10T15:42:39.5901441Z  * [new branch]      issue-70-210190e0ad55                    -> origin/issue-70-210190e0ad55
Changelog Fragment Check	Run actions/checkout@v6	2026-08-10T15:42:39.5902558Z  * [new branch]      issue-70-490c526a882f                    -> origin/issue-70-490c526a882f
Changelog Fragment Check	Run actions/checkout@v6	2026-08-10T15:42:39.5903656Z  * [new branch]      issue-73-163864f76573                    -> origin/issue-73-163864f76573
Changelog Fragment Check	Run actions/checkout@v6	2026-08-10T15:42:39.5904760Z  * [new branch]      issue-73-47a3e673b0a8                    -> origin/issue-73-47a3e673b0a8
Changelog Fragment Check	Run actions/checkout@v6	2026-08-10T15:42:39.5905868Z  * [new branch]      issue-73-c42828279fb5                    -> origin/issue-73-c42828279fb5
Changelog Fragment Check	Run actions/checkout@v6	2026-08-10T15:42:39.5907091Z  * [new branch]      issue-77-acc01682cb56                    -> origin/issue-77-acc01682cb56
Changelog Fragment Check	Run actions/checkout@v6	2026-08-10T15:42:39.5908377Z  * [new branch]      issue-79-1581a427bf82                    -> origin/issue-79-1581a427bf82
Changelog Fragment Check	Run actions/checkout@v6	2026-08-10T15:42:39.5909485Z  * [new branch]      issue-79-48234c0f95fa                    -> origin/issue-79-48234c0f95fa
Changelog Fragment Check	Run actions/checkout@v6	2026-08-10T15:42:39.5910826Z  * [new branch]      issue-79-5fc029ea058c                    -> origin/issue-79-5fc029ea058c
Changelog Fragment Check	Run actions/checkout@v6	2026-08-10T15:42:39.5911930Z  * [new branch]      issue-79-740a4286522a                    -> origin/issue-79-740a4286522a
Changelog Fragment Check	Run actions/checkout@v6	2026-08-10T15:42:39.5913047Z  * [new branch]      issue-84-2301d58a902f                    -> origin/issue-84-2301d58a902f
Changelog Fragment Check	Run actions/checkout@v6	2026-08-10T15:42:39.5914167Z  * [new branch]      issue-84-8c8db1f16f9d                    -> origin/issue-84-8c8db1f16f9d
Changelog Fragment Check	Run actions/checkout@v6	2026-08-10T15:42:39.5915308Z  * [new branch]      issue-84-ca99d5699c03                    -> origin/issue-84-ca99d5699c03
Changelog Fragment Check	Run actions/checkout@v6	2026-08-10T15:42:39.5916696Z  * [new branch]      issue-84-e79fd3fe5cef                    -> origin/issue-84-e79fd3fe5cef
Changelog Fragment Check	Run actions/checkout@v6	2026-08-10T15:42:39.5917840Z  * [new branch]      issue-89-58b19f5dac12                    -> origin/issue-89-58b19f5dac12
Changelog Fragment Check	Run actions/checkout@v6	2026-08-10T15:42:39.5918968Z  * [new branch]      issue-9-9cb379f155fb                     -> origin/issue-9-9cb379f155fb
Changelog Fragment Check	Run actions/checkout@v6	2026-08-10T15:42:39.5920103Z  * [new branch]      issue-91-5ff8719c4182                    -> origin/issue-91-5ff8719c4182
Changelog Fragment Check	Run actions/checkout@v6	2026-08-10T15:42:39.5921213Z  * [new branch]      issue-91-8e243739c7af                    -> origin/issue-91-8e243739c7af
Changelog Fragment Check	Run actions/checkout@v6	2026-08-10T15:42:39.5922323Z  * [new branch]      issue-93-2ef57910c60b                    -> origin/issue-93-2ef57910c60b
Changelog Fragment Check	Run actions/checkout@v6	2026-08-10T15:42:39.5923424Z  * [new branch]      issue-96-829d21ddabc4                    -> origin/issue-96-829d21ddabc4
Changelog Fragment Check	Run actions/checkout@v6	2026-08-10T15:42:39.5924541Z  * [new branch]      issue-96-efde41b8c023                    -> origin/issue-96-efde41b8c023
Changelog Fragment Check	Run actions/checkout@v6	2026-08-10T15:42:39.5925649Z  * [new branch]      issue-99-bc78b28ed258                    -> origin/issue-99-bc78b28ed258
Changelog Fragment Check	Run actions/checkout@v6	2026-08-10T15:42:39.5926750Z  * [new branch]      main                                     -> origin/main
Changelog Fragment Check	Run actions/checkout@v6	2026-08-10T15:42:39.5927778Z  * [new tag]         js-v0.25.5                               -> js-v0.25.5
Changelog Fragment Check	Run actions/checkout@v6	2026-08-10T15:42:39.5928622Z  * [new tag]         js-v0.26.0                               -> js-v0.26.0
Changelog Fragment Check	Run actions/checkout@v6	2026-08-10T15:42:39.5929456Z  * [new tag]         js-v0.27.0                               -> js-v0.27.0
Changelog Fragment Check	Run actions/checkout@v6	2026-08-10T15:42:39.5930300Z  * [new tag]         js-v0.27.1                               -> js-v0.27.1
Changelog Fragment Check	Run actions/checkout@v6	2026-08-10T15:42:39.5931127Z  * [new tag]         js-v0.27.2                               -> js-v0.27.2
Changelog Fragment Check	Run actions/checkout@v6	2026-08-10T15:42:39.5931956Z  * [new tag]         js-v0.28.0                               -> js-v0.28.0
Changelog Fragment Check	Run actions/checkout@v6	2026-08-10T15:42:39.5932782Z  * [new tag]         js-v0.29.0                               -> js-v0.29.0
Changelog Fragment Check	Run actions/checkout@v6	2026-08-10T15:42:39.5933611Z  * [new tag]         js-v0.29.1                               -> js-v0.29.1
Changelog Fragment Check	Run actions/checkout@v6	2026-08-10T15:42:39.5934441Z  * [new tag]         js-v0.29.2                               -> js-v0.29.2
Changelog Fragment Check	Run actions/checkout@v6	2026-08-10T15:42:39.5935282Z  * [new tag]         js-v0.30.0                               -> js-v0.30.0
Changelog Fragment Check	Run actions/checkout@v6	2026-08-10T15:42:39.5936132Z  * [new tag]         js-v0.30.1                               -> js-v0.30.1
Changelog Fragment Check	Run actions/checkout@v6	2026-08-10T15:42:39.5937186Z  * [new tag]         js-v0.30.2                               -> js-v0.30.2
Changelog Fragment Check	Run actions/checkout@v6	2026-08-10T15:42:39.5938027Z  * [new tag]         js-v0.30.3                               -> js-v0.30.3
Changelog Fragment Check	Run actions/checkout@v6	2026-08-10T15:42:39.5938865Z  * [new tag]         js-v0.30.4                               -> js-v0.30.4
Changelog Fragment Check	Run actions/checkout@v6	2026-08-10T15:42:39.5939737Z  * [new tag]         js-v0.30.5                               -> js-v0.30.5
Changelog Fragment Check	Run actions/checkout@v6	2026-08-10T15:42:39.5940570Z  * [new tag]         js-v0.31.0                               -> js-v0.31.0
Changelog Fragment Check	Run actions/checkout@v6	2026-08-10T15:42:39.5941385Z  * [new tag]         js-v0.32.0                               -> js-v0.32.0
Changelog Fragment Check	Run actions/checkout@v6	2026-08-10T15:42:39.5942240Z  * [new tag]         rust-v0.14.1                             -> rust-v0.14.1
Changelog Fragment Check	Run actions/checkout@v6	2026-08-10T15:42:39.5943114Z  * [new tag]         rust-v0.14.2                             -> rust-v0.14.2
Changelog Fragment Check	Run actions/checkout@v6	2026-08-10T15:42:39.5943984Z  * [new tag]         rust-v0.14.3                             -> rust-v0.14.3
Changelog Fragment Check	Run actions/checkout@v6	2026-08-10T15:42:39.5944837Z  * [new tag]         rust-v0.15.0                             -> rust-v0.15.0
Changelog Fragment Check	Run actions/checkout@v6	2026-08-10T15:42:39.5945860Z  * [new tag]         rust-v0.15.1                             -> rust-v0.15.1
Changelog Fragment Check	Run actions/checkout@v6	2026-08-10T15:42:39.5946829Z  * [new tag]         rust-v0.16.0                             -> rust-v0.16.0
Changelog Fragment Check	Run actions/checkout@v6	2026-08-10T15:42:39.5947694Z  * [new tag]         rust-v0.16.1                             -> rust-v0.16.1
Changelog Fragment Check	Run actions/checkout@v6	2026-08-10T15:42:39.5948559Z  * [new tag]         rust-v0.16.2                             -> rust-v0.16.2
Changelog Fragment Check	Run actions/checkout@v6	2026-08-10T15:42:39.5949413Z  * [new tag]         rust-v0.17.0                             -> rust-v0.17.0
Changelog Fragment Check	Run actions/checkout@v6	2026-08-10T15:42:39.5950268Z  * [new tag]         rust-v0.17.1                             -> rust-v0.17.1
Changelog Fragment Check	Run actions/checkout@v6	2026-08-10T15:42:39.5951151Z  * [new tag]         rust-v0.17.2                             -> rust-v0.17.2
Changelog Fragment Check	Run actions/checkout@v6	2026-08-10T15:42:39.5952001Z  * [new tag]         rust-v0.17.3                             -> rust-v0.17.3
Changelog Fragment Check	Run actions/checkout@v6	2026-08-10T15:42:39.5952873Z  * [new tag]         rust-v0.17.4                             -> rust-v0.17.4
Changelog Fragment Check	Run actions/checkout@v6	2026-08-10T15:42:39.5953743Z  * [new tag]         rust-v0.17.5                             -> rust-v0.17.5
Changelog Fragment Check	Run actions/checkout@v6	2026-08-10T15:42:39.5954644Z  * [new tag]         rust-v0.18.0                             -> rust-v0.18.0
Changelog Fragment Check	Run actions/checkout@v6	2026-08-10T15:42:39.5955520Z  * [new tag]         rust-v0.19.0                             -> rust-v0.19.0
Changelog Fragment Check	Run actions/checkout@v6	2026-08-10T15:42:39.5956552Z  * [new tag]         rust-v0.19.1                             -> rust-v0.19.1
Changelog Fragment Check	Run actions/checkout@v6	2026-08-10T15:42:39.5957391Z  * [new tag]         v0.10.0                                  -> v0.10.0
Changelog Fragment Check	Run actions/checkout@v6	2026-08-10T15:42:39.5958202Z  * [new tag]         v0.11.0                                  -> v0.11.0
Changelog Fragment Check	Run actions/checkout@v6	2026-08-10T15:42:39.5959001Z  * [new tag]         v0.13.0                                  -> v0.13.0
Changelog Fragment Check	Run actions/checkout@v6	2026-08-10T15:42:39.5959806Z  * [new tag]         v0.15.0                                  -> v0.15.0
Changelog Fragment Check	Run actions/checkout@v6	2026-08-10T15:42:39.5960613Z  * [new tag]         v0.16.0                                  -> v0.16.0
Changelog Fragment Check	Run actions/checkout@v6	2026-08-10T15:42:39.5961559Z  * [new tag]         v0.17.0                                  -> v0.17.0
Changelog Fragment Check	Run actions/checkout@v6	2026-08-10T15:42:39.5962366Z  * [new tag]         v0.17.1                                  -> v0.17.1
Changelog Fragment Check	Run actions/checkout@v6	2026-08-10T15:42:39.5963163Z  * [new tag]         v0.17.2                                  -> v0.17.2
Changelog Fragment Check	Run actions/checkout@v6	2026-08-10T15:42:39.5963951Z  * [new tag]         v0.17.3                                  -> v0.17.3
Changelog Fragment Check	Run actions/checkout@v6	2026-08-10T15:42:39.5964740Z  * [new tag]         v0.17.4                                  -> v0.17.4
Changelog Fragment Check	Run actions/checkout@v6	2026-08-10T15:42:39.5965523Z  * [new tag]         v0.18.0                                  -> v0.18.0
Changelog Fragment Check	Run actions/checkout@v6	2026-08-10T15:42:39.5966479Z  * [new tag]         v0.19.0                                  -> v0.19.0
Changelog Fragment Check	Run actions/checkout@v6	2026-08-10T15:42:39.5967273Z  * [new tag]         v0.19.1                                  -> v0.19.1
Changelog Fragment Check	Run actions/checkout@v6	2026-08-10T15:42:39.5968073Z  * [new tag]         v0.20.0                                  -> v0.20.0
Changelog Fragment Check	Run actions/checkout@v6	2026-08-10T15:42:39.5968863Z  * [new tag]         v0.20.1                                  -> v0.20.1
Changelog Fragment Check	Run actions/checkout@v6	2026-08-10T15:42:39.5969665Z  * [new tag]         v0.20.2                                  -> v0.20.2
Changelog Fragment Check	Run actions/checkout@v6	2026-08-10T15:42:39.5970453Z  * [new tag]         v0.20.3                                  -> v0.20.3
Changelog Fragment Check	Run actions/checkout@v6	2026-08-10T15:42:39.5971248Z  * [new tag]         v0.20.4                                  -> v0.20.4
Changelog Fragment Check	Run actions/checkout@v6	2026-08-10T15:42:39.5972043Z  * [new tag]         v0.21.0                                  -> v0.21.0
Changelog Fragment Check	Run actions/checkout@v6	2026-08-10T15:42:39.5972830Z  * [new tag]         v0.22.0                                  -> v0.22.0
Changelog Fragment Check	Run actions/checkout@v6	2026-08-10T15:42:39.5973614Z  * [new tag]         v0.23.0                                  -> v0.23.0
Changelog Fragment Check	Run actions/checkout@v6	2026-08-10T15:42:39.5974402Z  * [new tag]         v0.24.0                                  -> v0.24.0
Changelog Fragment Check	Run actions/checkout@v6	2026-08-10T15:42:39.5975182Z  * [new tag]         v0.24.1                                  -> v0.24.1
Changelog Fragment Check	Run actions/checkout@v6	2026-08-10T15:42:39.5975969Z  * [new tag]         v0.24.2                                  -> v0.24.2
Changelog Fragment Check	Run actions/checkout@v6	2026-08-10T15:42:39.5976988Z  * [new tag]         v0.24.3                                  -> v0.24.3
Changelog Fragment Check	Run actions/checkout@v6	2026-08-10T15:42:39.5977803Z  * [new tag]         v0.24.4                                  -> v0.24.4
Changelog Fragment Check	Run actions/checkout@v6	2026-08-10T15:42:39.5978590Z  * [new tag]         v0.24.5                                  -> v0.24.5
Changelog Fragment Check	Run actions/checkout@v6	2026-08-10T15:42:39.5979555Z  * [new tag]         v0.24.6                                  -> v0.24.6
Changelog Fragment Check	Run actions/checkout@v6	2026-08-10T15:42:39.5980340Z  * [new tag]         v0.24.7                                  -> v0.24.7
Changelog Fragment Check	Run actions/checkout@v6	2026-08-10T15:42:39.5981119Z  * [new tag]         v0.24.8                                  -> v0.24.8
Changelog Fragment Check	Run actions/checkout@v6	2026-08-10T15:42:39.5981903Z  * [new tag]         v0.24.9                                  -> v0.24.9
Changelog Fragment Check	Run actions/checkout@v6	2026-08-10T15:42:39.5982689Z  * [new tag]         v0.25.0                                  -> v0.25.0
Changelog Fragment Check	Run actions/checkout@v6	2026-08-10T15:42:39.5983506Z  * [new tag]         v0.25.1                                  -> v0.25.1
Changelog Fragment Check	Run actions/checkout@v6	2026-08-10T15:42:39.5984302Z  * [new tag]         v0.25.2                                  -> v0.25.2
Changelog Fragment Check	Run actions/checkout@v6	2026-08-10T15:42:39.5985108Z  * [new tag]         v0.25.3                                  -> v0.25.3
Changelog Fragment Check	Run actions/checkout@v6	2026-08-10T15:42:39.5985916Z  * [new tag]         v0.25.4                                  -> v0.25.4
Changelog Fragment Check	Run actions/checkout@v6	2026-08-10T15:42:39.5986824Z  * [new tag]         v0.3.1                                   -> v0.3.1
Changelog Fragment Check	Run actions/checkout@v6	2026-08-10T15:42:39.5987636Z  * [new tag]         v0.4.0                                   -> v0.4.0
Changelog Fragment Check	Run actions/checkout@v6	2026-08-10T15:42:39.5988434Z  * [new tag]         v0.4.1                                   -> v0.4.1
Changelog Fragment Check	Run actions/checkout@v6	2026-08-10T15:42:39.5989243Z  * [new tag]         v0.5.0                                   -> v0.5.0
Changelog Fragment Check	Run actions/checkout@v6	2026-08-10T15:42:39.5990026Z  * [new tag]         v0.5.1                                   -> v0.5.1
Changelog Fragment Check	Run actions/checkout@v6	2026-08-10T15:42:39.5990828Z  * [new tag]         v0.5.2                                   -> v0.5.2
Changelog Fragment Check	Run actions/checkout@v6	2026-08-10T15:42:39.5991615Z  * [new tag]         v0.5.3                                   -> v0.5.3
Changelog Fragment Check	Run actions/checkout@v6	2026-08-10T15:42:39.5992419Z  * [new tag]         v0.6.0                                   -> v0.6.0
Changelog Fragment Check	Run actions/checkout@v6	2026-08-10T15:42:39.5993207Z  * [new tag]         v0.7.0                                   -> v0.7.0
Changelog Fragment Check	Run actions/checkout@v6	2026-08-10T15:42:39.5994147Z  * [new tag]         v0.7.1                                   -> v0.7.1
Changelog Fragment Check	Run actions/checkout@v6	2026-08-10T15:42:39.5994940Z  * [new tag]         v0.7.2                                   -> v0.7.2
Changelog Fragment Check	Run actions/checkout@v6	2026-08-10T15:42:39.5995742Z  * [new tag]         v0.7.4                                   -> v0.7.4
Changelog Fragment Check	Run actions/checkout@v6	2026-08-10T15:42:39.5996753Z  * [new tag]         v0.7.5                                   -> v0.7.5
Changelog Fragment Check	Run actions/checkout@v6	2026-08-10T15:42:39.5997550Z  * [new tag]         v0.7.6                                   -> v0.7.6
Changelog Fragment Check	Run actions/checkout@v6	2026-08-10T15:42:39.5998350Z  * [new tag]         v0.9.0                                   -> v0.9.0
Changelog Fragment Check	Run actions/checkout@v6	2026-08-10T15:42:39.5999252Z  * [new ref]         c88600c0d8ff8d80941044138e858ae826ae3010 -> pull/161/merge
Changelog Fragment Check	Run actions/checkout@v6	2026-08-10T15:42:39.6060562Z ##[endgroup]
Changelog Fragment Check	Run actions/checkout@v6	2026-08-10T15:42:39.6061836Z ##[group]Determining the checkout info
Changelog Fragment Check	Run actions/checkout@v6	2026-08-10T15:42:39.6068755Z ##[endgroup]
Changelog Fragment Check	Run actions/checkout@v6	2026-08-10T15:42:39.6077781Z [command]/usr/bin/git sparse-checkout disable
Changelog Fragment Check	Run actions/checkout@v6	2026-08-10T15:42:39.6128564Z [command]/usr/bin/git config --local --unset-all extensions.worktreeConfig
Changelog Fragment Check	Run actions/checkout@v6	2026-08-10T15:42:39.6194513Z ##[group]Checking out the ref
Changelog Fragment Check	Run actions/checkout@v6	2026-08-10T15:42:39.6198273Z [command]/usr/bin/git checkout --progress --force refs/remotes/pull/161/merge
Changelog Fragment Check	Run actions/checkout@v6	2026-08-10T15:42:39.7030772Z Note: switching to 'refs/remotes/pull/161/merge'.
Changelog Fragment Check	Run actions/checkout@v6	2026-08-10T15:42:39.7031411Z 
Changelog Fragment Check	Run actions/checkout@v6	2026-08-10T15:42:39.7031850Z You are in 'detached HEAD' state. You can look around, make experimental
Changelog Fragment Check	Run actions/checkout@v6	2026-08-10T15:42:39.7032843Z changes and commit them, and you can discard any commits you make in this
Changelog Fragment Check	Run actions/checkout@v6	2026-08-10T15:42:39.7033809Z state without impacting any branches by switching back to a branch.
Changelog Fragment Check	Run actions/checkout@v6	2026-08-10T15:42:39.7034365Z 
Changelog Fragment Check	Run actions/checkout@v6	2026-08-10T15:42:39.7034745Z If you want to create a new branch to retain commits you create, you may
Changelog Fragment Check	Run actions/checkout@v6	2026-08-10T15:42:39.7035653Z do so (now or later) by using -c with the switch command. Example:
Changelog Fragment Check	Run actions/checkout@v6	2026-08-10T15:42:39.7036167Z 
Changelog Fragment Check	Run actions/checkout@v6	2026-08-10T15:42:39.7036752Z   git switch -c <new-branch-name>
Changelog Fragment Check	Run actions/checkout@v6	2026-08-10T15:42:39.7037300Z 
Changelog Fragment Check	Run actions/checkout@v6	2026-08-10T15:42:39.7037660Z Or undo this operation with:
Changelog Fragment Check	Run actions/checkout@v6	2026-08-10T15:42:39.7038200Z 
Changelog Fragment Check	Run actions/checkout@v6	2026-08-10T15:42:39.7038424Z   git switch -
Changelog Fragment Check	Run actions/checkout@v6	2026-08-10T15:42:39.7038686Z 
Changelog Fragment Check	Run actions/checkout@v6	2026-08-10T15:42:39.7039113Z Turn off this advice by setting config variable advice.detachedHead to false
Changelog Fragment Check	Run actions/checkout@v6	2026-08-10T15:42:39.7040022Z 
Changelog Fragment Check	Run actions/checkout@v6	2026-08-10T15:42:39.7041132Z HEAD is now at c88600c Merge 3562e612036bcd5e3fa75dcb89d8b334d7a954ac into db1ad4d0b2119148b4ad6e870080f8178a2a8e93
Changelog Fragment Check	Run actions/checkout@v6	2026-08-10T15:42:39.7046593Z ##[endgroup]
Changelog Fragment Check	Run actions/checkout@v6	2026-08-10T15:42:39.7101538Z [command]/usr/bin/git log -1 --format=%H
Changelog Fragment Check	Run actions/checkout@v6	2026-08-10T15:42:39.7134727Z c88600c0d8ff8d80941044138e858ae826ae3010
Changelog Fragment Check	Check for changelog fragments	﻿2026-08-10T15:42:39.7482369Z ##[group]Run # Get changed files in PR
Changelog Fragment Check	Check for changelog fragments	2026-08-10T15:42:39.7483184Z ^[[36;1m# Get changed files in PR^[[0m
Changelog Fragment Check	Check for changelog fragments	2026-08-10T15:42:39.7483961Z ^[[36;1mCHANGED_FILES=$(git diff --name-only origin/main...HEAD)^[[0m
Changelog Fragment Check	Check for changelog fragments	2026-08-10T15:42:39.7484708Z ^[[36;1m^[[0m
Changelog Fragment Check	Check for changelog fragments	2026-08-10T15:42:39.7485225Z ^[[36;1m# Check if any Rust source files changed^[[0m
Changelog Fragment Check	Check for changelog fragments	2026-08-10T15:42:39.7486187Z ^[[36;1mSOURCE_CHANGED=$(echo "$CHANGED_FILES" | grep -E "^rust/(src/|tests/|Cargo\.toml)" | wc -l)^[[0m
Changelog Fragment Check	Check for changelog fragments	2026-08-10T15:42:39.7487392Z ^[[36;1m^[[0m
Changelog Fragment Check	Check for changelog fragments	2026-08-10T15:42:39.7488099Z ^[[36;1m# Check if a changelog fragment was ADDED in this PR (not just existing)^[[0m
Changelog Fragment Check	Check for changelog fragments	2026-08-10T15:42:39.7489080Z ^[[36;1m# We need to check the diff, not just the directory contents^[[0m
Changelog Fragment Check	Check for changelog fragments	2026-08-10T15:42:39.7490207Z ^[[36;1mFRAGMENT_ADDED=$(echo "$CHANGED_FILES" | grep -E "^rust/changelog\.d/.*\.md$" | grep -v "README.md" | wc -l)^[[0m
Changelog Fragment Check	Check for changelog fragments	2026-08-10T15:42:39.7491205Z ^[[36;1m^[[0m
Changelog Fragment Check	Check for changelog fragments	2026-08-10T15:42:39.7491718Z ^[[36;1mecho "Source files changed: $SOURCE_CHANGED"^[[0m
Changelog Fragment Check	Check for changelog fragments	2026-08-10T15:42:39.7492502Z ^[[36;1mecho "Changelog fragments added in PR: $FRAGMENT_ADDED"^[[0m
Changelog Fragment Check	Check for changelog fragments	2026-08-10T15:42:39.7493289Z ^[[36;1m^[[0m
Changelog Fragment Check	Check for changelog fragments	2026-08-10T15:42:39.7493913Z ^[[36;1mif [ "$SOURCE_CHANGED" -gt 0 ] && [ "$FRAGMENT_ADDED" -eq 0 ]; then^[[0m
Changelog Fragment Check	Check for changelog fragments	2026-08-10T15:42:39.7495080Z ^[[36;1m  echo "::error::No changelog fragment found in this PR. Please add a changelog entry in rust/changelog.d/"^[[0m
Changelog Fragment Check	Check for changelog fragments	2026-08-10T15:42:39.7496071Z ^[[36;1m  echo ""^[[0m
Changelog Fragment Check	Check for changelog fragments	2026-08-10T15:42:39.7496749Z ^[[36;1m  echo "To create a changelog fragment:"^[[0m
Changelog Fragment Check	Check for changelog fragments	2026-08-10T15:42:39.7497579Z ^[[36;1m  echo "  Create a new .md file in rust/changelog.d/ with your changes"^[[0m
Changelog Fragment Check	Check for changelog fragments	2026-08-10T15:42:39.7498465Z ^[[36;1m  echo "  Name it after your PR number, e.g., '123.md'"^[[0m
Changelog Fragment Check	Check for changelog fragments	2026-08-10T15:42:39.7499150Z ^[[36;1m  echo ""^[[0m
Changelog Fragment Check	Check for changelog fragments	2026-08-10T15:42:39.7499771Z ^[[36;1m  echo "See rust/changelog.d/README.md for more information."^[[0m
Changelog Fragment Check	Check for changelog fragments	2026-08-10T15:42:39.7500500Z ^[[36;1m  exit 1^[[0m
Changelog Fragment Check	Check for changelog fragments	2026-08-10T15:42:39.7500944Z ^[[36;1mfi^[[0m
Changelog Fragment Check	Check for changelog fragments	2026-08-10T15:42:39.7501372Z ^[[36;1m^[[0m
Changelog Fragment Check	Check for changelog fragments	2026-08-10T15:42:39.7501826Z ^[[36;1mecho "Changelog check passed"^[[0m
Changelog Fragment Check	Check for changelog fragments	2026-08-10T15:42:39.7555804Z shell: /usr/bin/bash -e {0}
Changelog Fragment Check	Check for changelog fragments	2026-08-10T15:42:39.7556767Z env:
Changelog Fragment Check	Check for changelog fragments	2026-08-10T15:42:39.7557228Z   CARGO_TERM_COLOR: always
Changelog Fragment Check	Check for changelog fragments	2026-08-10T15:42:39.7557747Z   CARGO_NET_RETRY: 10
Changelog Fragment Check	Check for changelog fragments	2026-08-10T15:42:39.7558251Z   CARGO_HTTP_MULTIPLEXING: false
Changelog Fragment Check	Check for changelog fragments	2026-08-10T15:42:39.7558807Z   RUSTFLAGS: -Dwarnings
Changelog Fragment Check	Check for changelog fragments	2026-08-10T15:42:39.7559341Z   FORCE_JAVASCRIPT_ACTIONS_TO_NODE24: true
Changelog Fragment Check	Check for changelog fragments	2026-08-10T15:42:39.7559932Z   GIT_CONFIG_COUNT: 1
Changelog Fragment Check	Check for changelog fragments	2026-08-10T15:42:39.7560428Z   GIT_CONFIG_KEY_0: init.defaultBranch
Changelog Fragment Check	Check for changelog fragments	2026-08-10T15:42:39.7561000Z   GIT_CONFIG_VALUE_0: main
Changelog Fragment Check	Check for changelog fragments	2026-08-10T15:42:39.7561492Z ##[endgroup]
Changelog Fragment Check	Check for changelog fragments	2026-08-10T15:42:39.7732692Z Source files changed: 1
Changelog Fragment Check	Check for changelog fragments	2026-08-10T15:42:39.7733631Z Changelog fragments added in PR: 0
Changelog Fragment Check	Check for changelog fragments	2026-08-10T15:42:39.7751761Z ##[error]No changelog fragment found in this PR. Please add a changelog entry in rust/changelog.d/
Changelog Fragment Check	Check for changelog fragments	2026-08-10T15:42:39.7759795Z 
Changelog Fragment Check	Check for changelog fragments	2026-08-10T15:42:39.7760196Z To create a changelog fragment:
Changelog Fragment Check	Check for changelog fragments	2026-08-10T15:42:39.7760935Z   Create a new .md file in rust/changelog.d/ with your changes
Changelog Fragment Check	Check for changelog fragments	2026-08-10T15:42:39.7761740Z   Name it after your PR number, e.g., '123.md'
Changelog Fragment Check	Check for changelog fragments	2026-08-10T15:42:39.7762204Z 
Changelog Fragment Check	Check for changelog fragments	2026-08-10T15:42:39.7762508Z See rust/changelog.d/README.md for more information.
Changelog Fragment Check	Check for changelog fragments	2026-08-10T15:42:39.7767766Z ##[error]Process completed with exit code 1.
Changelog Fragment Check	Post Run actions/checkout@v6	﻿2026-08-10T15:42:39.7935120Z Post job cleanup.
Changelog Fragment Check	Post Run actions/checkout@v6	2026-08-10T15:42:39.8795297Z [command]/usr/bin/git version
Changelog Fragment Check	Post Run actions/checkout@v6	2026-08-10T15:42:39.8870391Z git version 2.54.0
Changelog Fragment Check	Post Run actions/checkout@v6	2026-08-10T15:42:39.8912200Z Temporarily overriding HOME='/home/runner/work/_temp/c6c051c7-0a1a-4c6c-ab1a-85d2e24f58ea' before making global git config changes
Changelog Fragment Check	Post Run actions/checkout@v6	2026-08-10T15:42:39.8915127Z Adding repository directory to the temporary git global config as a safe directory
Changelog Fragment Check	Post Run actions/checkout@v6	2026-08-10T15:42:39.8917901Z [command]/usr/bin/git config --global --add safe.directory /home/runner/work/start/start
Changelog Fragment Check	Post Run actions/checkout@v6	2026-08-10T15:42:39.8955005Z Removing SSH command configuration
Changelog Fragment Check	Post Run actions/checkout@v6	2026-08-10T15:42:39.8962865Z [command]/usr/bin/git config --local --name-only --get-regexp core\.sshCommand
Changelog Fragment Check	Post Run actions/checkout@v6	2026-08-10T15:42:39.9008609Z [command]/usr/bin/git submodule foreach --recursive sh -c "git config --local --name-only --get-regexp 'core\.sshCommand' && git config --local --unset-all 'core.sshCommand' || :"
Changelog Fragment Check	Post Run actions/checkout@v6	2026-08-10T15:42:39.9266953Z Removing HTTP extra header
Changelog Fragment Check	Post Run actions/checkout@v6	2026-08-10T15:42:39.9274984Z [command]/usr/bin/git config --local --name-only --get-regexp http\.https\:\/\/github\.com\/\.extraheader
Changelog Fragment Check	Post Run actions/checkout@v6	2026-08-10T15:42:39.9313481Z [command]/usr/bin/git submodule foreach --recursive sh -c "git config --local --name-only --get-regexp 'http\.https\:\/\/github\.com\/\.extraheader' && git config --local --unset-all 'http.https://github.com/.extraheader' || :"
Changelog Fragment Check	Post Run actions/checkout@v6	2026-08-10T15:42:39.9594154Z Removing includeIf entries pointing to credentials config files
Changelog Fragment Check	Post Run actions/checkout@v6	2026-08-10T15:42:39.9603789Z [command]/usr/bin/git config --local --name-only --get-regexp ^includeIf\.gitdir:
Changelog Fragment Check	Post Run actions/checkout@v6	2026-08-10T15:42:39.9634802Z includeif.gitdir:/home/runner/work/start/start/.git.path
Changelog Fragment Check	Post Run actions/checkout@v6	2026-08-10T15:42:39.9636778Z includeif.gitdir:/home/runner/work/start/start/.git/worktrees/*.path
Changelog Fragment Check	Post Run actions/checkout@v6	2026-08-10T15:42:39.9638841Z includeif.gitdir:/github/workspace/.git.path
Changelog Fragment Check	Post Run actions/checkout@v6	2026-08-10T15:42:39.9640301Z includeif.gitdir:/github/workspace/.git/worktrees/*.path
Changelog Fragment Check	Post Run actions/checkout@v6	2026-08-10T15:42:39.9648612Z [command]/usr/bin/git config --local --get-all includeif.gitdir:/home/runner/work/start/start/.git.path
Changelog Fragment Check	Post Run actions/checkout@v6	2026-08-10T15:42:39.9677171Z /home/runner/work/_temp/git-credentials-88563cfb-bd0d-4bbf-9234-855e40738cc9.config
Changelog Fragment Check	Post Run actions/checkout@v6	2026-08-10T15:42:39.9691689Z [command]/usr/bin/git config --local --unset includeif.gitdir:/home/runner/work/start/start/.git.path /home/runner/work/_temp/git-credentials-88563cfb-bd0d-4bbf-9234-855e40738cc9.config
Changelog Fragment Check	Post Run actions/checkout@v6	2026-08-10T15:42:39.9733709Z [command]/usr/bin/git config --local --get-all includeif.gitdir:/home/runner/work/start/start/.git/worktrees/*.path
Changelog Fragment Check	Post Run actions/checkout@v6	2026-08-10T15:42:39.9764305Z /home/runner/work/_temp/git-credentials-88563cfb-bd0d-4bbf-9234-855e40738cc9.config
Changelog Fragment Check	Post Run actions/checkout@v6	2026-08-10T15:42:39.9778063Z [command]/usr/bin/git config --local --unset includeif.gitdir:/home/runner/work/start/start/.git/worktrees/*.path /home/runner/work/_temp/git-credentials-88563cfb-bd0d-4bbf-9234-855e40738cc9.config
Changelog Fragment Check	Post Run actions/checkout@v6	2026-08-10T15:42:39.9828688Z [command]/usr/bin/git config --local --get-all includeif.gitdir:/github/workspace/.git.path
Changelog Fragment Check	Post Run actions/checkout@v6	2026-08-10T15:42:39.9850524Z /github/runner_temp/git-credentials-88563cfb-bd0d-4bbf-9234-855e40738cc9.config
Changelog Fragment Check	Post Run actions/checkout@v6	2026-08-10T15:42:39.9859991Z [command]/usr/bin/git config --local --unset includeif.gitdir:/github/workspace/.git.path /github/runner_temp/git-credentials-88563cfb-bd0d-4bbf-9234-855e40738cc9.config
Changelog Fragment Check	Post Run actions/checkout@v6	2026-08-10T15:42:39.9904400Z [command]/usr/bin/git config --local --get-all includeif.gitdir:/github/workspace/.git/worktrees/*.path
Changelog Fragment Check	Post Run actions/checkout@v6	2026-08-10T15:42:39.9932387Z /github/runner_temp/git-credentials-88563cfb-bd0d-4bbf-9234-855e40738cc9.config
Changelog Fragment Check	Post Run actions/checkout@v6	2026-08-10T15:42:39.9943772Z [command]/usr/bin/git config --local --unset includeif.gitdir:/github/workspace/.git/worktrees/*.path /github/runner_temp/git-credentials-88563cfb-bd0d-4bbf-9234-855e40738cc9.config
Changelog Fragment Check	Post Run actions/checkout@v6	2026-08-10T15:42:39.9984301Z [command]/usr/bin/git submodule foreach --recursive git config --local --show-origin --name-only --get-regexp remote.origin.url
Changelog Fragment Check	Post Run actions/checkout@v6	2026-08-10T15:42:40.0233997Z Removing credentials config '/home/runner/work/_temp/git-credentials-88563cfb-bd0d-4bbf-9234-855e40738cc9.config'
Changelog Fragment Check	Complete job	﻿2026-08-10T15:42:40.0396109Z Cleaning up orphan processes
Lint and Format Check	Set up job	﻿2026-08-10T15:42:36.5839987Z Current runner version: '2.336.0'
Lint and Format Check	Set up job	2026-08-10T15:42:36.5872941Z ##[group]Runner Image Provisioner
Lint and Format Check	Set up job	2026-08-10T15:42:36.5874172Z Hosted Compute Agent
Lint and Format Check	Set up job	2026-08-10T15:42:36.5875288Z Version: 20260707.563
Lint and Format Check	Set up job	2026-08-10T15:42:36.5876578Z Commit: 02667638d2b423fbc733a8e32a88b44996a3ba6e
Lint and Format Check	Set up job	2026-08-10T15:42:36.5877904Z Build Date: 2026-07-07T19:33:50Z
Lint and Format Check	Set up job	2026-08-10T15:42:36.5879043Z Worker ID: {9ced1434-2100-4c0a-a0d4-c78ca68467e9}
Lint and Format Check	Set up job	2026-08-10T15:42:36.5880202Z Azure Region: eastus
Lint and Format Check	Set up job	2026-08-10T15:42:36.5881211Z ##[endgroup]
Lint and Format Check	Set up job	2026-08-10T15:42:36.5883518Z ##[group]Operating System
Lint and Format Check	Set up job	2026-08-10T15:42:36.5884642Z Ubuntu
Lint and Format Check	Set up job	2026-08-10T15:42:36.5885606Z 24.04.4
Lint and Format Check	Set up job	2026-08-10T15:42:36.5886668Z LTS
Lint and Format Check	Set up job	2026-08-10T15:42:36.5887573Z ##[endgroup]
Lint and Format Check	Set up job	2026-08-10T15:42:36.5888426Z ##[group]Runner Image
Lint and Format Check	Set up job	2026-08-10T15:42:36.5889613Z Image: ubuntu-24.04
Lint and Format Check	Set up job	2026-08-10T15:42:36.5890543Z Version: 20260720.247.2
Lint and Format Check	Set up job	2026-08-10T15:42:36.5892271Z Included Software: https://github.com/actions/runner-images/blob/ubuntu24/20260720.247/images/ubuntu/Ubuntu2404-Readme.md
Lint and Format Check	Set up job	2026-08-10T15:42:36.5895264Z Image Release: https://github.com/actions/runner-images/releases/tag/ubuntu24%2F20260720.247
Lint and Format Check	Set up job	2026-08-10T15:42:36.5897336Z ##[endgroup]
Lint and Format Check	Set up job	2026-08-10T15:42:36.5899252Z ##[group]GITHUB_TOKEN Permissions
Lint and Format Check	Set up job	2026-08-10T15:42:36.5901832Z Contents: read
Lint and Format Check	Set up job	2026-08-10T15:42:36.5902797Z Metadata: read
Lint and Format Check	Set up job	2026-08-10T15:42:36.5903757Z ##[endgroup]
Lint and Format Check	Set up job	2026-08-10T15:42:36.5906962Z Secret source: Actions
Lint and Format Check	Set up job	2026-08-10T15:42:36.5908631Z Prepare workflow directory
Lint and Format Check	Set up job	2026-08-10T15:42:36.6460836Z Prepare all required actions
Lint and Format Check	Set up job	2026-08-10T15:42:36.6530547Z Getting action download info
Lint and Format Check	Set up job	2026-08-10T15:42:36.8616096Z Download action repository 'actions/checkout@v6' (SHA:d23441a48e516b6c34aea4fa41551a30e30af803)
Lint and Format Check	Set up job	2026-08-10T15:42:37.1528520Z Download action repository 'dtolnay/rust-toolchain@stable' (SHA:4360b52568e2003a75bf9bc1d59f33a8e3fc893c)
Lint and Format Check	Set up job	2026-08-10T15:42:37.2369373Z Download action repository 'actions/setup-node@v6' (SHA:249970729cb0ef3589644e2896645e5dc5ba9c38)
Lint and Format Check	Set up job	2026-08-10T15:42:37.4035700Z Download action repository 'actions/cache@v5' (SHA:caa296126883cff596d87d8935842f9db880ef25)
Lint and Format Check	Set up job	2026-08-10T15:42:37.6929761Z Complete job name: Lint and Format Check
Lint and Format Check	Run actions/checkout@v6	﻿2026-08-10T15:42:37.7719927Z ##[group]Run actions/checkout@v6
Lint and Format Check	Run actions/checkout@v6	2026-08-10T15:42:37.7720880Z with:
Lint and Format Check	Run actions/checkout@v6	2026-08-10T15:42:37.7721376Z   repository: link-foundation/start
Lint and Format Check	Run actions/checkout@v6	2026-08-10T15:42:37.7725372Z   token: ***
Lint and Format Check	Run actions/checkout@v6	2026-08-10T15:42:37.7726075Z   ssh-strict: true
Lint and Format Check	Run actions/checkout@v6	2026-08-10T15:42:37.7726586Z   ssh-user: git
Lint and Format Check	Run actions/checkout@v6	2026-08-10T15:42:37.7727069Z   persist-credentials: true
Lint and Format Check	Run actions/checkout@v6	2026-08-10T15:42:37.7727592Z   clean: true
Lint and Format Check	Run actions/checkout@v6	2026-08-10T15:42:37.7728068Z   sparse-checkout-cone-mode: true
Lint and Format Check	Run actions/checkout@v6	2026-08-10T15:42:37.7728635Z   fetch-depth: 1
Lint and Format Check	Run actions/checkout@v6	2026-08-10T15:42:37.7729099Z   fetch-tags: false
Lint and Format Check	Run actions/checkout@v6	2026-08-10T15:42:37.7729577Z   show-progress: true
Lint and Format Check	Run actions/checkout@v6	2026-08-10T15:42:37.7730048Z   lfs: false
Lint and Format Check	Run actions/checkout@v6	2026-08-10T15:42:37.7730491Z   submodules: false
Lint and Format Check	Run actions/checkout@v6	2026-08-10T15:42:37.7730996Z   set-safe-directory: true
Lint and Format Check	Run actions/checkout@v6	2026-08-10T15:42:37.7731539Z   allow-unsafe-pr-checkout: false
Lint and Format Check	Run actions/checkout@v6	2026-08-10T15:42:37.7732353Z env:
Lint and Format Check	Run actions/checkout@v6	2026-08-10T15:42:37.7732820Z   CARGO_TERM_COLOR: always
Lint and Format Check	Run actions/checkout@v6	2026-08-10T15:42:37.7733381Z   CARGO_NET_RETRY: 10
Lint and Format Check	Run actions/checkout@v6	2026-08-10T15:42:37.7733890Z   CARGO_HTTP_MULTIPLEXING: false
Lint and Format Check	Run actions/checkout@v6	2026-08-10T15:42:37.7734452Z   RUSTFLAGS: -Dwarnings
Lint and Format Check	Run actions/checkout@v6	2026-08-10T15:42:37.7735014Z   FORCE_JAVASCRIPT_ACTIONS_TO_NODE24: true
Lint and Format Check	Run actions/checkout@v6	2026-08-10T15:42:37.7735614Z   GIT_CONFIG_COUNT: 1
Lint and Format Check	Run actions/checkout@v6	2026-08-10T15:42:37.7736352Z   GIT_CONFIG_KEY_0: init.defaultBranch
Lint and Format Check	Run actions/checkout@v6	2026-08-10T15:42:37.7736950Z   GIT_CONFIG_VALUE_0: main
Lint and Format Check	Run actions/checkout@v6	2026-08-10T15:42:37.7737447Z ##[endgroup]
Lint and Format Check	Run actions/checkout@v6	2026-08-10T15:42:37.8759818Z Syncing repository: link-foundation/start
Lint and Format Check	Run actions/checkout@v6	2026-08-10T15:42:37.8762767Z ##[group]Getting Git version info
Lint and Format Check	Run actions/checkout@v6	2026-08-10T15:42:37.8764064Z Working directory is '/home/runner/work/start/start'
Lint and Format Check	Run actions/checkout@v6	2026-08-10T15:42:37.8766139Z [command]/usr/bin/git version
Lint and Format Check	Run actions/checkout@v6	2026-08-10T15:42:37.9882145Z git version 2.54.0
Lint and Format Check	Run actions/checkout@v6	2026-08-10T15:42:37.9960439Z ##[endgroup]
Lint and Format Check	Run actions/checkout@v6	2026-08-10T15:42:37.9967511Z Temporarily overriding HOME='/home/runner/work/_temp/94d52ae6-8673-4352-af8d-68f6dc85ec06' before making global git config changes
Lint and Format Check	Run actions/checkout@v6	2026-08-10T15:42:37.9969035Z Adding repository directory to the temporary git global config as a safe directory
Lint and Format Check	Run actions/checkout@v6	2026-08-10T15:42:37.9970488Z [command]/usr/bin/git config --global --add safe.directory /home/runner/work/start/start
Lint and Format Check	Run actions/checkout@v6	2026-08-10T15:42:38.0141432Z Deleting the contents of '/home/runner/work/start/start'
Lint and Format Check	Run actions/checkout@v6	2026-08-10T15:42:38.0146030Z ##[group]Determining repository object format
Lint and Format Check	Run actions/checkout@v6	2026-08-10T15:42:38.0148865Z ##[endgroup]
Lint and Format Check	Run actions/checkout@v6	2026-08-10T15:42:38.0149844Z ##[group]Initializing the repository
Lint and Format Check	Run actions/checkout@v6	2026-08-10T15:42:38.0153124Z [command]/usr/bin/git init /home/runner/work/start/start
Lint and Format Check	Run actions/checkout@v6	2026-08-10T15:42:38.0561526Z Initialized empty Git repository in /home/runner/work/start/start/.git/
Lint and Format Check	Run actions/checkout@v6	2026-08-10T15:42:38.0571897Z [command]/usr/bin/git remote add origin https://github.com/link-foundation/start
Lint and Format Check	Run actions/checkout@v6	2026-08-10T15:42:38.0841832Z ##[endgroup]
Lint and Format Check	Run actions/checkout@v6	2026-08-10T15:42:38.0843364Z ##[group]Disabling automatic garbage collection
Lint and Format Check	Run actions/checkout@v6	2026-08-10T15:42:38.0845697Z [command]/usr/bin/git config --local gc.auto 0
Lint and Format Check	Run actions/checkout@v6	2026-08-10T15:42:38.0880874Z ##[endgroup]
Lint and Format Check	Run actions/checkout@v6	2026-08-10T15:42:38.0882321Z ##[group]Setting up auth
Lint and Format Check	Run actions/checkout@v6	2026-08-10T15:42:38.0883384Z Removing SSH command configuration
Lint and Format Check	Run actions/checkout@v6	2026-08-10T15:42:38.0889185Z [command]/usr/bin/git config --local --name-only --get-regexp core\.sshCommand
Lint and Format Check	Run actions/checkout@v6	2026-08-10T15:42:38.0929810Z [command]/usr/bin/git submodule foreach --recursive sh -c "git config --local --name-only --get-regexp 'core\.sshCommand' && git config --local --unset-all 'core.sshCommand' || :"
Lint and Format Check	Run actions/checkout@v6	2026-08-10T15:42:38.2768292Z Removing HTTP extra header
Lint and Format Check	Run actions/checkout@v6	2026-08-10T15:42:38.2776521Z [command]/usr/bin/git config --local --name-only --get-regexp http\.https\:\/\/github\.com\/\.extraheader
Lint and Format Check	Run actions/checkout@v6	2026-08-10T15:42:38.2813181Z [command]/usr/bin/git submodule foreach --recursive sh -c "git config --local --name-only --get-regexp 'http\.https\:\/\/github\.com\/\.extraheader' && git config --local --unset-all 'http.https://github.com/.extraheader' || :"
Lint and Format Check	Run actions/checkout@v6	2026-08-10T15:42:38.3033977Z Removing includeIf entries pointing to credentials config files
Lint and Format Check	Run actions/checkout@v6	2026-08-10T15:42:38.3039702Z [command]/usr/bin/git config --local --name-only --get-regexp ^includeIf\.gitdir:
Lint and Format Check	Run actions/checkout@v6	2026-08-10T15:42:38.3074711Z [command]/usr/bin/git submodule foreach --recursive git config --local --show-origin --name-only --get-regexp remote.origin.url
Lint and Format Check	Run actions/checkout@v6	2026-08-10T15:42:38.3304399Z [command]/usr/bin/git config --file /home/runner/work/_temp/git-credentials-6a30f738-5b98-4c5e-b374-0ec707cb4c6e.config http.https://github.com/.extraheader AUTHORIZATION: basic ***
Lint and Format Check	Run actions/checkout@v6	2026-08-10T15:42:38.3347396Z [command]/usr/bin/git config --local includeIf.gitdir:/home/runner/work/start/start/.git.path /home/runner/work/_temp/git-credentials-6a30f738-5b98-4c5e-b374-0ec707cb4c6e.config
Lint and Format Check	Run actions/checkout@v6	2026-08-10T15:42:38.3382047Z [command]/usr/bin/git config --local includeIf.gitdir:/home/runner/work/start/start/.git/worktrees/*.path /home/runner/work/_temp/git-credentials-6a30f738-5b98-4c5e-b374-0ec707cb4c6e.config
Lint and Format Check	Run actions/checkout@v6	2026-08-10T15:42:38.3460658Z [command]/usr/bin/git config --local includeIf.gitdir:/github/workspace/.git.path /github/runner_temp/git-credentials-6a30f738-5b98-4c5e-b374-0ec707cb4c6e.config
Lint and Format Check	Run actions/checkout@v6	2026-08-10T15:42:38.3501714Z [command]/usr/bin/git config --local includeIf.gitdir:/github/workspace/.git/worktrees/*.path /github/runner_temp/git-credentials-6a30f738-5b98-4c5e-b374-0ec707cb4c6e.config
Lint and Format Check	Run actions/checkout@v6	2026-08-10T15:42:38.3563444Z ##[endgroup]
Lint and Format Check	Run actions/checkout@v6	2026-08-10T15:42:38.3565060Z ##[group]Fetching the repository
Lint and Format Check	Run actions/checkout@v6	2026-08-10T15:42:38.3574070Z [command]/usr/bin/git -c protocol.version=2 fetch --no-tags --prune --no-recurse-submodules --depth=1 origin +c88600c0d8ff8d80941044138e858ae826ae3010:refs/remotes/pull/161/merge
Lint and Format Check	Run actions/checkout@v6	2026-08-10T15:42:39.0461989Z From https://github.com/link-foundation/start
Lint and Format Check	Run actions/checkout@v6	2026-08-10T15:42:39.0466387Z  * [new ref]         c88600c0d8ff8d80941044138e858ae826ae3010 -> pull/161/merge
Lint and Format Check	Run actions/checkout@v6	2026-08-10T15:42:39.0623727Z ##[endgroup]
Lint and Format Check	Run actions/checkout@v6	2026-08-10T15:42:39.0625825Z ##[group]Determining the checkout info
Lint and Format Check	Run actions/checkout@v6	2026-08-10T15:42:39.0628045Z ##[endgroup]
Lint and Format Check	Run actions/checkout@v6	2026-08-10T15:42:39.0630285Z [command]/usr/bin/git sparse-checkout disable
Lint and Format Check	Run actions/checkout@v6	2026-08-10T15:42:39.0719749Z [command]/usr/bin/git config --local --unset-all extensions.worktreeConfig
Lint and Format Check	Run actions/checkout@v6	2026-08-10T15:42:39.0754332Z ##[group]Checking out the ref
Lint and Format Check	Run actions/checkout@v6	2026-08-10T15:42:39.0757610Z [command]/usr/bin/git checkout --progress --force refs/remotes/pull/161/merge
Lint and Format Check	Run actions/checkout@v6	2026-08-10T15:42:39.1524405Z Note: switching to 'refs/remotes/pull/161/merge'.
Lint and Format Check	Run actions/checkout@v6	2026-08-10T15:42:39.1525648Z 
Lint and Format Check	Run actions/checkout@v6	2026-08-10T15:42:39.1526852Z You are in 'detached HEAD' state. You can look around, make experimental
Lint and Format Check	Run actions/checkout@v6	2026-08-10T15:42:39.1529015Z changes and commit them, and you can discard any commits you make in this
Lint and Format Check	Run actions/checkout@v6	2026-08-10T15:42:39.1531226Z state without impacting any branches by switching back to a branch.
Lint and Format Check	Run actions/checkout@v6	2026-08-10T15:42:39.1532958Z 
Lint and Format Check	Run actions/checkout@v6	2026-08-10T15:42:39.1534338Z If you want to create a new branch to retain commits you create, you may
Lint and Format Check	Run actions/checkout@v6	2026-08-10T15:42:39.1537853Z do so (now or later) by using -c with the switch command. Example:
Lint and Format Check	Run actions/checkout@v6	2026-08-10T15:42:39.1539704Z 
Lint and Format Check	Run actions/checkout@v6	2026-08-10T15:42:39.1540487Z   git switch -c <new-branch-name>
Lint and Format Check	Run actions/checkout@v6	2026-08-10T15:42:39.1541791Z 
Lint and Format Check	Run actions/checkout@v6	2026-08-10T15:42:39.1542624Z Or undo this operation with:
Lint and Format Check	Run actions/checkout@v6	2026-08-10T15:42:39.1543874Z 
Lint and Format Check	Run actions/checkout@v6	2026-08-10T15:42:39.1544595Z   git switch -
Lint and Format Check	Run actions/checkout@v6	2026-08-10T15:42:39.1545444Z 
Lint and Format Check	Run actions/checkout@v6	2026-08-10T15:42:39.1547128Z Turn off this advice by setting config variable advice.detachedHead to false
Lint and Format Check	Run actions/checkout@v6	2026-08-10T15:42:39.1549299Z 
Lint and Format Check	Run actions/checkout@v6	2026-08-10T15:42:39.1551849Z HEAD is now at c88600c Merge 3562e612036bcd5e3fa75dcb89d8b334d7a954ac into db1ad4d0b2119148b4ad6e870080f8178a2a8e93
Lint and Format Check	Run actions/checkout@v6	2026-08-10T15:42:39.1556743Z ##[endgroup]
Lint and Format Check	Run actions/checkout@v6	2026-08-10T15:42:39.1586474Z [command]/usr/bin/git log -1 --format=%H
Lint and Format Check	Run actions/checkout@v6	2026-08-10T15:42:39.1614122Z c88600c0d8ff8d80941044138e858ae826ae3010
Lint and Format Check	Setup Rust	﻿2026-08-10T15:42:39.2265650Z ##[group]Run dtolnay/rust-toolchain@stable
Lint and Format Check	Setup Rust	2026-08-10T15:42:39.2267130Z with:
Lint and Format Check	Setup Rust	2026-08-10T15:42:39.2267968Z   components: rustfmt, clippy
Lint and Format Check	Setup Rust	2026-08-10T15:42:39.2268977Z   toolchain: stable
Lint and Format Check	Setup Rust	2026-08-10T15:42:39.2269829Z env:
Lint and Format Check	Setup Rust	2026-08-10T15:42:39.2270615Z   CARGO_TERM_COLOR: always
Lint and Format Check	Setup Rust	2026-08-10T15:42:39.2271580Z   CARGO_NET_RETRY: 10
Lint and Format Check	Setup Rust	2026-08-10T15:42:39.2272521Z   CARGO_HTTP_MULTIPLEXING: false
Lint and Format Check	Setup Rust	2026-08-10T15:42:39.2273573Z   RUSTFLAGS: -Dwarnings
Lint and Format Check	Setup Rust	2026-08-10T15:42:39.2274586Z   FORCE_JAVASCRIPT_ACTIONS_TO_NODE24: true
Lint and Format Check	Setup Rust	2026-08-10T15:42:39.2275707Z   GIT_CONFIG_COUNT: 1
Lint and Format Check	Setup Rust	2026-08-10T15:42:39.2276789Z   GIT_CONFIG_KEY_0: init.defaultBranch
Lint and Format Check	Setup Rust	2026-08-10T15:42:39.2278016Z   GIT_CONFIG_VALUE_0: main
Lint and Format Check	Setup Rust	2026-08-10T15:42:39.2278969Z ##[endgroup]
Lint and Format Check	Setup Rust	2026-08-10T15:42:39.2364913Z ##[start-action display=Parse toolchain version;id=__dtolnay_rust-toolchain.parse]
Lint and Format Check	Setup Rust	2026-08-10T15:42:39.2449650Z ##[group]Run if [[ -z $toolchain ]]; then
Lint and Format Check	Setup Rust	2026-08-10T15:42:39.2450946Z ^[[36;1mif [[ -z $toolchain ]]; then^[[0m
Lint and Format Check	Setup Rust	2026-08-10T15:42:39.2452912Z ^[[36;1m  # GitHub does not enforce `required: true` inputs itself. https://github.com/actions/runner/issues/1070^[[0m
Lint and Format Check	Setup Rust	2026-08-10T15:42:39.2455063Z ^[[36;1m  echo "'toolchain' is a required input" >&2^[[0m
Lint and Format Check	Setup Rust	2026-08-10T15:42:39.2456469Z ^[[36;1m  exit 1^[[0m
Lint and Format Check	Setup Rust	2026-08-10T15:42:39.2457801Z ^[[36;1melif [[ $toolchain =~ ^stable' '[0-9]+' '(year|month|week|day)s?' 'ago$ ]]; then^[[0m
Lint and Format Check	Setup Rust	2026-08-10T15:42:39.2459418Z ^[[36;1m  if [[ Linux == macOS ]]; then^[[0m
Lint and Format Check	Setup Rust	2026-08-10T15:42:39.2461423Z ^[[36;1m    echo "toolchain=1.$((($(date -v-$(sed 's/stable \([0-9]*\) \(.\).*/\1\2/' <<< $toolchain) +%s)/60/60/24-16569)/7/6))" >> $GITHUB_OUTPUT^[[0m
Lint and Format Check	Setup Rust	2026-08-10T15:42:39.2463426Z ^[[36;1m  else^[[0m
Lint and Format Check	Setup Rust	2026-08-10T15:42:39.2465332Z ^[[36;1m    echo "toolchain=1.$((($(date --date "${toolchain#stable }" +%s)/60/60/24-16569)/7/6))" >> $GITHUB_OUTPUT^[[0m
Lint and Format Check	Setup Rust	2026-08-10T15:42:39.2467382Z ^[[36;1m  fi^[[0m
Lint and Format Check	Setup Rust	2026-08-10T15:42:39.2468600Z ^[[36;1melif [[ $toolchain =~ ^stable' 'minus' '[0-9]+' 'releases?$ ]]; then^[[0m
Lint and Format Check	Setup Rust	2026-08-10T15:42:39.2470656Z ^[[36;1m  echo "toolchain=1.$((($(date +%s)/60/60/24-16569)/7/6-${toolchain//[^0-9]/}))" >> $GITHUB_OUTPUT^[[0m
Lint and Format Check	Setup Rust	2026-08-10T15:42:39.2472485Z ^[[36;1melif [[ $toolchain =~ ^1\.[0-9]+$ ]]; then^[[0m
Lint and Format Check	Setup Rust	2026-08-10T15:42:39.2474548Z ^[[36;1m  echo "toolchain=1.$((i=${toolchain#1.}, c=($(date +%s)/60/60/24-16569)/7/6, i+9*i*(10*i<=c)+90*i*(100*i<=c)))" >> $GITHUB_OUTPUT^[[0m
Lint and Format Check	Setup Rust	2026-08-10T15:42:39.2476657Z ^[[36;1melse^[[0m
Lint and Format Check	Setup Rust	2026-08-10T15:42:39.2477668Z ^[[36;1m  echo "toolchain=$toolchain" >> $GITHUB_OUTPUT^[[0m
Lint and Format Check	Setup Rust	2026-08-10T15:42:39.2479125Z ^[[36;1mfi^[[0m
Lint and Format Check	Setup Rust	2026-08-10T15:42:39.2531125Z shell: /usr/bin/bash --noprofile --norc -e -o pipefail {0}
Lint and Format Check	Setup Rust	2026-08-10T15:42:39.2532470Z env:
Lint and Format Check	Setup Rust	2026-08-10T15:42:39.2533259Z   CARGO_TERM_COLOR: always
Lint and Format Check	Setup Rust	2026-08-10T15:42:39.2534212Z   CARGO_NET_RETRY: 10
Lint and Format Check	Setup Rust	2026-08-10T15:42:39.2535140Z   CARGO_HTTP_MULTIPLEXING: false
Lint and Format Check	Setup Rust	2026-08-10T15:42:39.2536358Z   RUSTFLAGS: -Dwarnings
Lint and Format Check	Setup Rust	2026-08-10T15:42:39.2537349Z   FORCE_JAVASCRIPT_ACTIONS_TO_NODE24: true
Lint and Format Check	Setup Rust	2026-08-10T15:42:39.2538443Z   GIT_CONFIG_COUNT: 1
Lint and Format Check	Setup Rust	2026-08-10T15:42:39.2539361Z   GIT_CONFIG_KEY_0: init.defaultBranch
Lint and Format Check	Setup Rust	2026-08-10T15:42:39.2540475Z   GIT_CONFIG_VALUE_0: main
Lint and Format Check	Setup Rust	2026-08-10T15:42:39.2541414Z   toolchain: stable
Lint and Format Check	Setup Rust	2026-08-10T15:42:39.2542248Z ##[endgroup]
Lint and Format Check	Setup Rust	2026-08-10T15:42:39.2679982Z ##[end-action id=__dtolnay_rust-toolchain.parse;outcome=success;conclusion=success;duration_ms=31]
Lint and Format Check	Setup Rust	2026-08-10T15:42:39.2697190Z ##[start-action display=Construct rustup command line;id=__dtolnay_rust-toolchain.flags]
Lint and Format Check	Setup Rust	2026-08-10T15:42:39.2756748Z ##[group]Run echo "targets=$(for t in ${targets//,/ }; do echo -n ' --target' $t; done)" >> $GITHUB_OUTPUT
Lint and Format Check	Setup Rust	2026-08-10T15:42:39.2759110Z ^[[36;1mecho "targets=$(for t in ${targets//,/ }; do echo -n ' --target' $t; done)" >> $GITHUB_OUTPUT^[[0m
Lint and Format Check	Setup Rust	2026-08-10T15:42:39.2761477Z ^[[36;1mecho "components=$(for c in ${components//,/ }; do echo -n ' --component' $c; done)" >> $GITHUB_OUTPUT^[[0m
Lint and Format Check	Setup Rust	2026-08-10T15:42:39.2763352Z ^[[36;1mecho "downgrade=" >> $GITHUB_OUTPUT^[[0m
Lint and Format Check	Setup Rust	2026-08-10T15:42:39.2809668Z shell: /usr/bin/bash --noprofile --norc -e -o pipefail {0}
Lint and Format Check	Setup Rust	2026-08-10T15:42:39.2810980Z env:
Lint and Format Check	Setup Rust	2026-08-10T15:42:39.2811977Z   CARGO_TERM_COLOR: always
Lint and Format Check	Setup Rust	2026-08-10T15:42:39.2812930Z   CARGO_NET_RETRY: 10
Lint and Format Check	Setup Rust	2026-08-10T15:42:39.2813848Z   CARGO_HTTP_MULTIPLEXING: false
Lint and Format Check	Setup Rust	2026-08-10T15:42:39.2814863Z   RUSTFLAGS: -Dwarnings
Lint and Format Check	Setup Rust	2026-08-10T15:42:39.2816030Z   FORCE_JAVASCRIPT_ACTIONS_TO_NODE24: true
Lint and Format Check	Setup Rust	2026-08-10T15:42:39.2817158Z   GIT_CONFIG_COUNT: 1
Lint and Format Check	Setup Rust	2026-08-10T15:42:39.2818094Z   GIT_CONFIG_KEY_0: init.defaultBranch
Lint and Format Check	Setup Rust	2026-08-10T15:42:39.2819173Z   GIT_CONFIG_VALUE_0: main
Lint and Format Check	Setup Rust	2026-08-10T15:42:39.2820114Z   targets: 
Lint and Format Check	Setup Rust	2026-08-10T15:42:39.2820931Z   components: rustfmt, clippy
Lint and Format Check	Setup Rust	2026-08-10T15:42:39.2821879Z ##[endgroup]
Lint and Format Check	Setup Rust	2026-08-10T15:42:39.2919048Z ##[end-action id=__dtolnay_rust-toolchain.flags;outcome=success;conclusion=success;duration_ms=21]
Lint and Format Check	Setup Rust	2026-08-10T15:42:39.2925271Z ##[start-action display=Set $CARGO_HOME;id=__dtolnay_rust-toolchain.__run]
Lint and Format Check	Setup Rust	2026-08-10T15:42:39.2975174Z ##[group]Run echo CARGO_HOME=${CARGO_HOME:-"$HOME/.cargo"} >> $GITHUB_ENV
Lint and Format Check	Setup Rust	2026-08-10T15:42:39.2977164Z ^[[36;1mecho CARGO_HOME=${CARGO_HOME:-"$HOME/.cargo"} >> $GITHUB_ENV^[[0m
Lint and Format Check	Setup Rust	2026-08-10T15:42:39.3025828Z shell: /usr/bin/bash --noprofile --norc -e -o pipefail {0}
Lint and Format Check	Setup Rust	2026-08-10T15:42:39.3027387Z env:
Lint and Format Check	Setup Rust	2026-08-10T15:42:39.3028169Z   CARGO_TERM_COLOR: always
Lint and Format Check	Setup Rust	2026-08-10T15:42:39.3029122Z   CARGO_NET_RETRY: 10
Lint and Format Check	Setup Rust	2026-08-10T15:42:39.3030043Z   CARGO_HTTP_MULTIPLEXING: false
Lint and Format Check	Setup Rust	2026-08-10T15:42:39.3031050Z   RUSTFLAGS: -Dwarnings
Lint and Format Check	Setup Rust	2026-08-10T15:42:39.3032007Z   FORCE_JAVASCRIPT_ACTIONS_TO_NODE24: true
Lint and Format Check	Setup Rust	2026-08-10T15:42:39.3033122Z   GIT_CONFIG_COUNT: 1
Lint and Format Check	Setup Rust	2026-08-10T15:42:39.3034050Z   GIT_CONFIG_KEY_0: init.defaultBranch
Lint and Format Check	Setup Rust	2026-08-10T15:42:39.3035116Z   GIT_CONFIG_VALUE_0: main
Lint and Format Check	Setup Rust	2026-08-10T15:42:39.3036314Z ##[endgroup]
Lint and Format Check	Setup Rust	2026-08-10T15:42:39.3127628Z ##[end-action id=__dtolnay_rust-toolchain.__run;outcome=success;conclusion=success;duration_ms=19]
Lint and Format Check	Setup Rust	2026-08-10T15:42:39.3133878Z ##[start-action display=Install rustup if needed;id=__dtolnay_rust-toolchain.__run_2]
Lint and Format Check	Setup Rust	2026-08-10T15:42:39.3234506Z ##[group]Run if ! command -v rustup &>/dev/null; then
Lint and Format Check	Setup Rust	2026-08-10T15:42:39.3235847Z ^[[36;1mif ! command -v rustup &>/dev/null; then^[[0m
Lint and Format Check	Setup Rust	2026-08-10T15:42:39.3238727Z ^[[36;1m  curl --proto '=https' --tlsv1.2 --retry 10 --retry-connrefused --location --silent --show-error --fail https://sh.rustup.rs | sh -s -- --default-toolchain none -y^[[0m
Lint and Format Check	Setup Rust	2026-08-10T15:42:39.3241411Z ^[[36;1m  echo "$CARGO_HOME/bin" >> $GITHUB_PATH^[[0m
Lint and Format Check	Setup Rust	2026-08-10T15:42:39.3242528Z ^[[36;1mfi^[[0m
Lint and Format Check	Setup Rust	2026-08-10T15:42:39.3290682Z shell: /usr/bin/bash --noprofile --norc -e -o pipefail {0}
Lint and Format Check	Setup Rust	2026-08-10T15:42:39.3292125Z env:
Lint and Format Check	Setup Rust	2026-08-10T15:42:39.3292935Z   CARGO_TERM_COLOR: always
Lint and Format Check	Setup Rust	2026-08-10T15:42:39.3293867Z   CARGO_NET_RETRY: 10
Lint and Format Check	Setup Rust	2026-08-10T15:42:39.3294759Z   CARGO_HTTP_MULTIPLEXING: false
Lint and Format Check	Setup Rust	2026-08-10T15:42:39.3295754Z   RUSTFLAGS: -Dwarnings
Lint and Format Check	Setup Rust	2026-08-10T15:42:39.3296873Z   FORCE_JAVASCRIPT_ACTIONS_TO_NODE24: true
Lint and Format Check	Setup Rust	2026-08-10T15:42:39.3297961Z   GIT_CONFIG_COUNT: 1
Lint and Format Check	Setup Rust	2026-08-10T15:42:39.3298871Z   GIT_CONFIG_KEY_0: init.defaultBranch
Lint and Format Check	Setup Rust	2026-08-10T15:42:39.3299921Z   GIT_CONFIG_VALUE_0: main
Lint and Format Check	Setup Rust	2026-08-10T15:42:39.3300886Z   CARGO_HOME: /home/runner/.cargo
Lint and Format Check	Setup Rust	2026-08-10T15:42:39.3301878Z ##[endgroup]
Lint and Format Check	Setup Rust	2026-08-10T15:42:39.3390984Z ##[end-action id=__dtolnay_rust-toolchain.__run_2;outcome=success;conclusion=success;duration_ms=25]
Lint and Format Check	Setup Rust	2026-08-10T15:42:39.3397595Z ##[start-action display=Install rustup if needed on windows;id=__dtolnay_rust-toolchain.__run_3]
Lint and Format Check	Setup Rust	2026-08-10T15:42:39.3411901Z ##[end-action id=__dtolnay_rust-toolchain.__run_3;outcome=skipped;conclusion=skipped;duration_ms=0]
Lint and Format Check	Setup Rust	2026-08-10T15:42:39.3427145Z ##[start-action display=rustup toolchain install stable;id=__dtolnay_rust-toolchain.__run_4]
Lint and Format Check	Setup Rust	2026-08-10T15:42:39.3506990Z ##[group]Run rustup toolchain install stable --component rustfmt --component clippy --profile minimal --no-self-update
Lint and Format Check	Setup Rust	2026-08-10T15:42:39.3509921Z ^[[36;1mrustup toolchain install stable --component rustfmt --component clippy --profile minimal --no-self-update^[[0m
Lint and Format Check	Setup Rust	2026-08-10T15:42:39.3559858Z shell: /usr/bin/bash --noprofile --norc -e -o pipefail {0}
Lint and Format Check	Setup Rust	2026-08-10T15:42:39.3561110Z env:
Lint and Format Check	Setup Rust	2026-08-10T15:42:39.3561866Z   CARGO_TERM_COLOR: always
Lint and Format Check	Setup Rust	2026-08-10T15:42:39.3562955Z   CARGO_NET_RETRY: 10
Lint and Format Check	Setup Rust	2026-08-10T15:42:39.3563841Z   CARGO_HTTP_MULTIPLEXING: false
Lint and Format Check	Setup Rust	2026-08-10T15:42:39.3564821Z   RUSTFLAGS: -Dwarnings
Lint and Format Check	Setup Rust	2026-08-10T15:42:39.3565758Z   FORCE_JAVASCRIPT_ACTIONS_TO_NODE24: true
Lint and Format Check	Setup Rust	2026-08-10T15:42:39.3567010Z   GIT_CONFIG_COUNT: 1
Lint and Format Check	Setup Rust	2026-08-10T15:42:39.3567905Z   GIT_CONFIG_KEY_0: init.defaultBranch
Lint and Format Check	Setup Rust	2026-08-10T15:42:39.3568948Z   GIT_CONFIG_VALUE_0: main
Lint and Format Check	Setup Rust	2026-08-10T15:42:39.3569870Z   CARGO_HOME: /home/runner/.cargo
Lint and Format Check	Setup Rust	2026-08-10T15:42:39.3570888Z   RUSTUP_PERMIT_COPY_RENAME: 1
Lint and Format Check	Setup Rust	2026-08-10T15:42:39.3571813Z ##[endgroup]
Lint and Format Check	Setup Rust	2026-08-10T15:42:41.1743085Z info: syncing channel updates for stable-x86_64-unknown-linux-gnu
Lint and Format Check	Setup Rust	2026-08-10T15:42:41.4250408Z info: latest update on 2026-07-16 for version 1.97.1 (8bab26f4f 2026-07-14)
Lint and Format Check	Setup Rust	2026-08-10T15:42:41.4614038Z info: component clippy is up to date
Lint and Format Check	Setup Rust	2026-08-10T15:42:41.4614637Z info: component rustfmt is up to date
Lint and Format Check	Setup Rust	2026-08-10T15:42:41.4628629Z 
Lint and Format Check	Setup Rust	2026-08-10T15:42:41.4712503Z   stable-x86_64-unknown-linux-gnu unchanged - rustc 1.97.1 (8bab26f4f 2026-07-14)
Lint and Format Check	Setup Rust	2026-08-10T15:42:41.4713205Z 
Lint and Format Check	Setup Rust	2026-08-10T15:42:41.4787524Z ##[end-action id=__dtolnay_rust-toolchain.__run_4;outcome=success;conclusion=success;duration_ms=2135]
Lint and Format Check	Setup Rust	2026-08-10T15:42:41.4794038Z ##[start-action display=rustup default stable;id=__dtolnay_rust-toolchain.__run_5]
Lint and Format Check	Setup Rust	2026-08-10T15:42:41.4814045Z ##[group]Run rustup default stable
Lint and Format Check	Setup Rust	2026-08-10T15:42:41.4814350Z ^[[36;1mrustup default stable^[[0m
Lint and Format Check	Setup Rust	2026-08-10T15:42:41.4858281Z shell: /usr/bin/bash --noprofile --norc -e -o pipefail {0}
Lint and Format Check	Setup Rust	2026-08-10T15:42:41.4858659Z env:
Lint and Format Check	Setup Rust	2026-08-10T15:42:41.4858856Z   CARGO_TERM_COLOR: always
Lint and Format Check	Setup Rust	2026-08-10T15:42:41.4859098Z   CARGO_NET_RETRY: 10
Lint and Format Check	Setup Rust	2026-08-10T15:42:41.4859516Z   CARGO_HTTP_MULTIPLEXING: false
Lint and Format Check	Setup Rust	2026-08-10T15:42:41.4859775Z   RUSTFLAGS: -Dwarnings
Lint and Format Check	Setup Rust	2026-08-10T15:42:41.4860015Z   FORCE_JAVASCRIPT_ACTIONS_TO_NODE24: true
Lint and Format Check	Setup Rust	2026-08-10T15:42:41.4860284Z   GIT_CONFIG_COUNT: 1
Lint and Format Check	Setup Rust	2026-08-10T15:42:41.4860652Z   GIT_CONFIG_KEY_0: init.defaultBranch
Lint and Format Check	Setup Rust	2026-08-10T15:42:41.4860918Z   GIT_CONFIG_VALUE_0: main
Lint and Format Check	Setup Rust	2026-08-10T15:42:41.4861168Z   CARGO_HOME: /home/runner/.cargo
Lint and Format Check	Setup Rust	2026-08-10T15:42:41.4861405Z ##[endgroup]
Lint and Format Check	Setup Rust	2026-08-10T15:42:41.4974381Z info: using existing install for stable-x86_64-unknown-linux-gnu
Lint and Format Check	Setup Rust	2026-08-10T15:42:41.4982075Z info: default toolchain set to stable-x86_64-unknown-linux-gnu
Lint and Format Check	Setup Rust	2026-08-10T15:42:41.4982673Z 
Lint and Format Check	Setup Rust	2026-08-10T15:42:41.5057967Z   stable-x86_64-unknown-linux-gnu unchanged - rustc 1.97.1 (8bab26f4f 2026-07-14)
Lint and Format Check	Setup Rust	2026-08-10T15:42:41.5058712Z 
Lint and Format Check	Setup Rust	2026-08-10T15:42:41.5073737Z ##[end-action id=__dtolnay_rust-toolchain.__run_5;outcome=success;conclusion=success;duration_ms=27]
Lint and Format Check	Setup Rust	2026-08-10T15:42:41.5076451Z ##[start-action display=Create cachekey;id=__dtolnay_rust-toolchain.rustc-version]
Lint and Format Check	Setup Rust	2026-08-10T15:42:41.5095721Z ##[group]Run DATE=$(rustc +stable --version --verbose | sed -ne 's/^commit-date: \(20[0-9][0-9]\)-\([01][0-9]\)-\([0-3][0-9]\)$/\1\2\3/p')
Lint and Format Check	Setup Rust	2026-08-10T15:42:41.5096895Z ^[[36;1mDATE=$(rustc +stable --version --verbose | sed -ne 's/^commit-date: \(20[0-9][0-9]\)-\([01][0-9]\)-\([0-3][0-9]\)$/\1\2\3/p')^[[0m
Lint and Format Check	Setup Rust	2026-08-10T15:42:41.5097608Z ^[[36;1mHASH=$(rustc +stable --version --verbose | sed -ne 's/^commit-hash: //p')^[[0m
Lint and Format Check	Setup Rust	2026-08-10T15:42:41.5098107Z ^[[36;1mecho "cachekey=$(echo $DATE$HASH | head -c12)" >> $GITHUB_OUTPUT^[[0m
Lint and Format Check	Setup Rust	2026-08-10T15:42:41.5139211Z shell: /usr/bin/bash --noprofile --norc -e -o pipefail {0}
Lint and Format Check	Setup Rust	2026-08-10T15:42:41.5139562Z env:
Lint and Format Check	Setup Rust	2026-08-10T15:42:41.5139751Z   CARGO_TERM_COLOR: always
Lint and Format Check	Setup Rust	2026-08-10T15:42:41.5139982Z   CARGO_NET_RETRY: 10
Lint and Format Check	Setup Rust	2026-08-10T15:42:41.5140212Z   CARGO_HTTP_MULTIPLEXING: false
Lint and Format Check	Setup Rust	2026-08-10T15:42:41.5140460Z   RUSTFLAGS: -Dwarnings
Lint and Format Check	Setup Rust	2026-08-10T15:42:41.5140702Z   FORCE_JAVASCRIPT_ACTIONS_TO_NODE24: true
Lint and Format Check	Setup Rust	2026-08-10T15:42:41.5140971Z   GIT_CONFIG_COUNT: 1
Lint and Format Check	Setup Rust	2026-08-10T15:42:41.5141187Z   GIT_CONFIG_KEY_0: init.defaultBranch
Lint and Format Check	Setup Rust	2026-08-10T15:42:41.5141440Z   GIT_CONFIG_VALUE_0: main
Lint and Format Check	Setup Rust	2026-08-10T15:42:41.5141667Z   CARGO_HOME: /home/runner/.cargo
Lint and Format Check	Setup Rust	2026-08-10T15:42:41.5141905Z ##[endgroup]
Lint and Format Check	Setup Rust	2026-08-10T15:42:41.5716547Z ##[end-action id=__dtolnay_rust-toolchain.rustc-version;outcome=success;conclusion=success;duration_ms=63]
Lint and Format Check	Setup Rust	2026-08-10T15:42:41.5719335Z ##[start-action display=Disable incremental compilation;id=__dtolnay_rust-toolchain.__run_6]
Lint and Format Check	Setup Rust	2026-08-10T15:42:41.5737833Z ##[group]Run if [ -z "${CARGO_INCREMENTAL+set}" ]; then
Lint and Format Check	Setup Rust	2026-08-10T15:42:41.5738224Z ^[[36;1mif [ -z "${CARGO_INCREMENTAL+set}" ]; then^[[0m
Lint and Format Check	Setup Rust	2026-08-10T15:42:41.5738559Z ^[[36;1m  echo CARGO_INCREMENTAL=0 >> $GITHUB_ENV^[[0m
Lint and Format Check	Setup Rust	2026-08-10T15:42:41.5738838Z ^[[36;1mfi^[[0m
Lint and Format Check	Setup Rust	2026-08-10T15:42:41.5779494Z shell: /usr/bin/bash --noprofile --norc -e -o pipefail {0}
Lint and Format Check	Setup Rust	2026-08-10T15:42:41.5779848Z env:
Lint and Format Check	Setup Rust	2026-08-10T15:42:41.5780041Z   CARGO_TERM_COLOR: always
Lint and Format Check	Setup Rust	2026-08-10T15:42:41.5780277Z   CARGO_NET_RETRY: 10
Lint and Format Check	Setup Rust	2026-08-10T15:42:41.5780502Z   CARGO_HTTP_MULTIPLEXING: false
Lint and Format Check	Setup Rust	2026-08-10T15:42:41.5780751Z   RUSTFLAGS: -Dwarnings
Lint and Format Check	Setup Rust	2026-08-10T15:42:41.5780988Z   FORCE_JAVASCRIPT_ACTIONS_TO_NODE24: true
Lint and Format Check	Setup Rust	2026-08-10T15:42:41.5781257Z   GIT_CONFIG_COUNT: 1
Lint and Format Check	Setup Rust	2026-08-10T15:42:41.5781486Z   GIT_CONFIG_KEY_0: init.defaultBranch
Lint and Format Check	Setup Rust	2026-08-10T15:42:41.5781740Z   GIT_CONFIG_VALUE_0: main
Lint and Format Check	Setup Rust	2026-08-10T15:42:41.5781980Z   CARGO_HOME: /home/runner/.cargo
Lint and Format Check	Setup Rust	2026-08-10T15:42:41.5782218Z ##[endgroup]
Lint and Format Check	Setup Rust	2026-08-10T15:42:41.5848514Z ##[end-action id=__dtolnay_rust-toolchain.__run_6;outcome=success;conclusion=success;duration_ms=12]
Lint and Format Check	Setup Rust	2026-08-10T15:42:41.5850643Z ##[start-action display=Enable colors in Cargo output;id=__dtolnay_rust-toolchain.__run_7]
Lint and Format Check	Setup Rust	2026-08-10T15:42:41.5868435Z ##[group]Run if [ -z "${CARGO_TERM_COLOR+set}" ]; then
Lint and Format Check	Setup Rust	2026-08-10T15:42:41.5868820Z ^[[36;1mif [ -z "${CARGO_TERM_COLOR+set}" ]; then^[[0m
Lint and Format Check	Setup Rust	2026-08-10T15:42:41.5869164Z ^[[36;1m  echo CARGO_TERM_COLOR=always >> $GITHUB_ENV^[[0m
Lint and Format Check	Setup Rust	2026-08-10T15:42:41.5869452Z ^[[36;1mfi^[[0m
Lint and Format Check	Setup Rust	2026-08-10T15:42:41.5908936Z shell: /usr/bin/bash --noprofile --norc -e -o pipefail {0}
Lint and Format Check	Setup Rust	2026-08-10T15:42:41.5909289Z env:
Lint and Format Check	Setup Rust	2026-08-10T15:42:41.5909478Z   CARGO_TERM_COLOR: always
Lint and Format Check	Setup Rust	2026-08-10T15:42:41.5909710Z   CARGO_NET_RETRY: 10
Lint and Format Check	Setup Rust	2026-08-10T15:42:41.5909942Z   CARGO_HTTP_MULTIPLEXING: false
Lint and Format Check	Setup Rust	2026-08-10T15:42:41.5910186Z   RUSTFLAGS: -Dwarnings
Lint and Format Check	Setup Rust	2026-08-10T15:42:41.5910430Z   FORCE_JAVASCRIPT_ACTIONS_TO_NODE24: true
Lint and Format Check	Setup Rust	2026-08-10T15:42:41.5910694Z   GIT_CONFIG_COUNT: 1
Lint and Format Check	Setup Rust	2026-08-10T15:42:41.5910913Z   GIT_CONFIG_KEY_0: init.defaultBranch
Lint and Format Check	Setup Rust	2026-08-10T15:42:41.5911165Z   GIT_CONFIG_VALUE_0: main
Lint and Format Check	Setup Rust	2026-08-10T15:42:41.5911391Z   CARGO_HOME: /home/runner/.cargo
Lint and Format Check	Setup Rust	2026-08-10T15:42:41.5911631Z   CARGO_INCREMENTAL: 0
Lint and Format Check	Setup Rust	2026-08-10T15:42:41.5911834Z ##[endgroup]
Lint and Format Check	Setup Rust	2026-08-10T15:42:41.5975666Z ##[end-action id=__dtolnay_rust-toolchain.__run_7;outcome=success;conclusion=success;duration_ms=12]
Lint and Format Check	Setup Rust	2026-08-10T15:42:41.5978402Z ##[start-action display=Enable Cargo sparse registry;id=__dtolnay_rust-toolchain.__run_8]
Lint and Format Check	Setup Rust	2026-08-10T15:42:41.5997398Z ##[group]Run # implemented in 1.66, stabilized in 1.68, made default in 1.70
Lint and Format Check	Setup Rust	2026-08-10T15:42:41.5997910Z ^[[36;1m# implemented in 1.66, stabilized in 1.68, made default in 1.70^[[0m
Lint and Format Check	Setup Rust	2026-08-10T15:42:41.5998617Z ^[[36;1mif [ -z "${CARGO_REGISTRIES_CRATES_IO_PROTOCOL+set}" -o -f "/home/runner/work/_temp"/.implicit_cargo_registries_crates_io_protocol ]; then^[[0m
Lint and Format Check	Setup Rust	2026-08-10T15:42:41.5999358Z ^[[36;1m  if rustc +stable --version --verbose | grep -q '^release: 1\.6[89]\.'; then^[[0m
Lint and Format Check	Setup Rust	2026-08-10T15:42:41.5999930Z ^[[36;1m    touch "/home/runner/work/_temp"/.implicit_cargo_registries_crates_io_protocol || true^[[0m
Lint and Format Check	Setup Rust	2026-08-10T15:42:41.6000476Z ^[[36;1m    echo CARGO_REGISTRIES_CRATES_IO_PROTOCOL=sparse >> $GITHUB_ENV^[[0m
Lint and Format Check	Setup Rust	2026-08-10T15:42:41.6000976Z ^[[36;1m  elif rustc +stable --version --verbose | grep -q '^release: 1\.6[67]\.'; then^[[0m
Lint and Format Check	Setup Rust	2026-08-10T15:42:41.6001558Z ^[[36;1m    touch "/home/runner/work/_temp"/.implicit_cargo_registries_crates_io_protocol || true^[[0m
Lint and Format Check	Setup Rust	2026-08-10T15:42:41.6002078Z ^[[36;1m    echo CARGO_REGISTRIES_CRATES_IO_PROTOCOL=git >> $GITHUB_ENV^[[0m
Lint and Format Check	Setup Rust	2026-08-10T15:42:41.6002421Z ^[[36;1m  fi^[[0m
Lint and Format Check	Setup Rust	2026-08-10T15:42:41.6002605Z ^[[36;1mfi^[[0m
Lint and Format Check	Setup Rust	2026-08-10T15:42:41.6042003Z shell: /usr/bin/bash --noprofile --norc -e -o pipefail {0}
Lint and Format Check	Setup Rust	2026-08-10T15:42:41.6042356Z env:
Lint and Format Check	Setup Rust	2026-08-10T15:42:41.6042547Z   CARGO_TERM_COLOR: always
Lint and Format Check	Setup Rust	2026-08-10T15:42:41.6042774Z   CARGO_NET_RETRY: 10
Lint and Format Check	Setup Rust	2026-08-10T15:42:41.6043164Z   CARGO_HTTP_MULTIPLEXING: false
Lint and Format Check	Setup Rust	2026-08-10T15:42:41.6043422Z   RUSTFLAGS: -Dwarnings
Lint and Format Check	Setup Rust	2026-08-10T15:42:41.6043658Z   FORCE_JAVASCRIPT_ACTIONS_TO_NODE24: true
Lint and Format Check	Setup Rust	2026-08-10T15:42:41.6043929Z   GIT_CONFIG_COUNT: 1
Lint and Format Check	Setup Rust	2026-08-10T15:42:41.6044148Z   GIT_CONFIG_KEY_0: init.defaultBranch
Lint and Format Check	Setup Rust	2026-08-10T15:42:41.6044403Z   GIT_CONFIG_VALUE_0: main
Lint and Format Check	Setup Rust	2026-08-10T15:42:41.6044632Z   CARGO_HOME: /home/runner/.cargo
Lint and Format Check	Setup Rust	2026-08-10T15:42:41.6044890Z   CARGO_INCREMENTAL: 0
Lint and Format Check	Setup Rust	2026-08-10T15:42:41.6045103Z ##[endgroup]
Lint and Format Check	Setup Rust	2026-08-10T15:42:41.6370590Z ##[end-action id=__dtolnay_rust-toolchain.__run_8;outcome=success;conclusion=success;duration_ms=39]
Lint and Format Check	Setup Rust	2026-08-10T15:42:41.6373038Z ##[start-action display=Work around spurious network errors in curl 8.0;id=__dtolnay_rust-toolchain.__run_9]
Lint and Format Check	Setup Rust	2026-08-10T15:42:41.6392269Z ##[group]Run # https://rust-lang.zulipchat.com/#narrow/stream/246057-t-cargo/topic/timeout.20investigation
Lint and Format Check	Setup Rust	2026-08-10T15:42:41.6393107Z ^[[36;1m# https://rust-lang.zulipchat.com/#narrow/stream/246057-t-cargo/topic/timeout.20investigation^[[0m
Lint and Format Check	Setup Rust	2026-08-10T15:42:41.6393763Z ^[[36;1mif rustc +stable --version --verbose | grep -q '^release: 1\.7[01]\.'; then^[[0m
Lint and Format Check	Setup Rust	2026-08-10T15:42:41.6394220Z ^[[36;1m  echo CARGO_HTTP_MULTIPLEXING=false >> $GITHUB_ENV^[[0m
Lint and Format Check	Setup Rust	2026-08-10T15:42:41.6394530Z ^[[36;1mfi^[[0m
Lint and Format Check	Setup Rust	2026-08-10T15:42:41.6434855Z shell: /usr/bin/bash --noprofile --norc -e -o pipefail {0}
Lint and Format Check	Setup Rust	2026-08-10T15:42:41.6435205Z env:
Lint and Format Check	Setup Rust	2026-08-10T15:42:41.6435396Z   CARGO_TERM_COLOR: always
Lint and Format Check	Setup Rust	2026-08-10T15:42:41.6435630Z   CARGO_NET_RETRY: 10
Lint and Format Check	Setup Rust	2026-08-10T15:42:41.6436354Z   CARGO_HTTP_MULTIPLEXING: false
Lint and Format Check	Setup Rust	2026-08-10T15:42:41.6436643Z   RUSTFLAGS: -Dwarnings
Lint and Format Check	Setup Rust	2026-08-10T15:42:41.6436883Z   FORCE_JAVASCRIPT_ACTIONS_TO_NODE24: true
Lint and Format Check	Setup Rust	2026-08-10T15:42:41.6437148Z   GIT_CONFIG_COUNT: 1
Lint and Format Check	Setup Rust	2026-08-10T15:42:41.6437374Z   GIT_CONFIG_KEY_0: init.defaultBranch
Lint and Format Check	Setup Rust	2026-08-10T15:42:41.6437636Z   GIT_CONFIG_VALUE_0: main
Lint and Format Check	Setup Rust	2026-08-10T15:42:41.6437884Z   CARGO_HOME: /home/runner/.cargo
Lint and Format Check	Setup Rust	2026-08-10T15:42:41.6438124Z   CARGO_INCREMENTAL: 0
Lint and Format Check	Setup Rust	2026-08-10T15:42:41.6438328Z ##[endgroup]
Lint and Format Check	Setup Rust	2026-08-10T15:42:41.6631915Z ##[end-action id=__dtolnay_rust-toolchain.__run_9;outcome=success;conclusion=success;duration_ms=25]
Lint and Format Check	Setup Rust	2026-08-10T15:42:41.6635414Z ##[start-action display=rustc +stable --version --verbose;id=__dtolnay_rust-toolchain.__run_10]
Lint and Format Check	Setup Rust	2026-08-10T15:42:41.6653785Z ##[group]Run rustc +stable --version --verbose
Lint and Format Check	Setup Rust	2026-08-10T15:42:41.6654137Z ^[[36;1mrustc +stable --version --verbose^[[0m
Lint and Format Check	Setup Rust	2026-08-10T15:42:41.6693874Z shell: /usr/bin/bash --noprofile --norc -e -o pipefail {0}
Lint and Format Check	Setup Rust	2026-08-10T15:42:41.6694383Z env:
Lint and Format Check	Setup Rust	2026-08-10T15:42:41.6694582Z   CARGO_TERM_COLOR: always
Lint and Format Check	Setup Rust	2026-08-10T15:42:41.6694814Z   CARGO_NET_RETRY: 10
Lint and Format Check	Setup Rust	2026-08-10T15:42:41.6695039Z   CARGO_HTTP_MULTIPLEXING: false
Lint and Format Check	Setup Rust	2026-08-10T15:42:41.6695289Z   RUSTFLAGS: -Dwarnings
Lint and Format Check	Setup Rust	2026-08-10T15:42:41.6695530Z   FORCE_JAVASCRIPT_ACTIONS_TO_NODE24: true
Lint and Format Check	Setup Rust	2026-08-10T15:42:41.6695798Z   GIT_CONFIG_COUNT: 1
Lint and Format Check	Setup Rust	2026-08-10T15:42:41.6696333Z   GIT_CONFIG_KEY_0: init.defaultBranch
Lint and Format Check	Setup Rust	2026-08-10T15:42:41.6696611Z   GIT_CONFIG_VALUE_0: main
Lint and Format Check	Setup Rust	2026-08-10T15:42:41.6696856Z   CARGO_HOME: /home/runner/.cargo
Lint and Format Check	Setup Rust	2026-08-10T15:42:41.6697099Z   CARGO_INCREMENTAL: 0
Lint and Format Check	Setup Rust	2026-08-10T15:42:41.6697305Z ##[endgroup]
Lint and Format Check	Setup Rust	2026-08-10T15:42:41.6871787Z rustc 1.97.1 (8bab26f4f 2026-07-14)
Lint and Format Check	Setup Rust	2026-08-10T15:42:41.6872777Z binary: rustc
Lint and Format Check	Setup Rust	2026-08-10T15:42:41.6873419Z commit-hash: 8bab26f4f68e0e26f0bb7960be334d5b520ea452
Lint and Format Check	Setup Rust	2026-08-10T15:42:41.6874066Z commit-date: 2026-07-14
Lint and Format Check	Setup Rust	2026-08-10T15:42:41.6896127Z host: x86_64-unknown-linux-gnu
Lint and Format Check	Setup Rust	2026-08-10T15:42:41.6896917Z release: 1.97.1
Lint and Format Check	Setup Rust	2026-08-10T15:42:41.6899385Z LLVM version: 22.1.6
Lint and Format Check	Setup Rust	2026-08-10T15:42:41.6904065Z ##[end-action id=__dtolnay_rust-toolchain.__run_10;outcome=success;conclusion=success;duration_ms=26]
Lint and Format Check	Setup Node.js	﻿2026-08-10T15:42:41.7007591Z ##[group]Run actions/setup-node@v6
Lint and Format Check	Setup Node.js	2026-08-10T15:42:41.7007891Z with:
Lint and Format Check	Setup Node.js	2026-08-10T15:42:41.7008089Z   node-version: 24.x
Lint and Format Check	Setup Node.js	2026-08-10T15:42:41.7008302Z   check-latest: false
Lint and Format Check	Setup Node.js	2026-08-10T15:42:41.7010732Z   token: ***
Lint and Format Check	Setup Node.js	2026-08-10T15:42:41.7010944Z   package-manager-cache: true
Lint and Format Check	Setup Node.js	2026-08-10T15:42:41.7011180Z env:
Lint and Format Check	Setup Node.js	2026-08-10T15:42:41.7011360Z   CARGO_TERM_COLOR: always
Lint and Format Check	Setup Node.js	2026-08-10T15:42:41.7011584Z   CARGO_NET_RETRY: 10
Lint and Format Check	Setup Node.js	2026-08-10T15:42:41.7011802Z   CARGO_HTTP_MULTIPLEXING: false
Lint and Format Check	Setup Node.js	2026-08-10T15:42:41.7012046Z   RUSTFLAGS: -Dwarnings
Lint and Format Check	Setup Node.js	2026-08-10T15:42:41.7012289Z   FORCE_JAVASCRIPT_ACTIONS_TO_NODE24: true
Lint and Format Check	Setup Node.js	2026-08-10T15:42:41.7012557Z   GIT_CONFIG_COUNT: 1
Lint and Format Check	Setup Node.js	2026-08-10T15:42:41.7012774Z   GIT_CONFIG_KEY_0: init.defaultBranch
Lint and Format Check	Setup Node.js	2026-08-10T15:42:41.7013031Z   GIT_CONFIG_VALUE_0: main
Lint and Format Check	Setup Node.js	2026-08-10T15:42:41.7013271Z   CARGO_HOME: /home/runner/.cargo
Lint and Format Check	Setup Node.js	2026-08-10T15:42:41.7013507Z   CARGO_INCREMENTAL: 0
Lint and Format Check	Setup Node.js	2026-08-10T15:42:41.7013707Z ##[endgroup]
Lint and Format Check	Setup Node.js	2026-08-10T15:42:41.8447783Z Found in cache @ /opt/hostedtoolcache/node/24.18.0/x64
Lint and Format Check	Setup Node.js	2026-08-10T15:42:41.8448769Z ##[group]Environment details
Lint and Format Check	Setup Node.js	2026-08-10T15:42:44.0237721Z node: v24.18.0
Lint and Format Check	Setup Node.js	2026-08-10T15:42:44.0238200Z npm: 11.16.0
Lint and Format Check	Setup Node.js	2026-08-10T15:42:44.0238649Z yarn: 1.22.22
Lint and Format Check	Setup Node.js	2026-08-10T15:42:44.0239805Z ##[endgroup]
Lint and Format Check	Cache cargo registry	﻿2026-08-10T15:42:44.0945580Z ##[group]Run actions/cache@v5
Lint and Format Check	Cache cargo registry	2026-08-10T15:42:44.0946297Z with:
Lint and Format Check	Cache cargo registry	2026-08-10T15:42:44.0946646Z   path: ~/.cargo/registry
Lint and Format Check	Cache cargo registry	~/.cargo/git
Lint and Format Check	Cache cargo registry	rust/target
Lint and Format Check	Cache cargo registry	
Lint and Format Check	Cache cargo registry	2026-08-10T15:42:44.0947193Z   key: Linux-cargo-08cb623fd2bc891904a7fb4dae52bb2d75216ee36e943320843aace2a823c571
Lint and Format Check	Cache cargo registry	2026-08-10T15:42:44.0947802Z   restore-keys: Linux-cargo-
Lint and Format Check	Cache cargo registry	
Lint and Format Check	Cache cargo registry	2026-08-10T15:42:44.0948151Z   enableCrossOsArchive: false
Lint and Format Check	Cache cargo registry	2026-08-10T15:42:44.0948545Z   fail-on-cache-miss: false
Lint and Format Check	Cache cargo registry	2026-08-10T15:42:44.0948889Z   lookup-only: false
Lint and Format Check	Cache cargo registry	2026-08-10T15:42:44.0949194Z   save-always: false
Lint and Format Check	Cache cargo registry	2026-08-10T15:42:44.0949539Z env:
Lint and Format Check	Cache cargo registry	2026-08-10T15:42:44.0949813Z   CARGO_TERM_COLOR: always
Lint and Format Check	Cache cargo registry	2026-08-10T15:42:44.0950149Z   CARGO_NET_RETRY: 10
Lint and Format Check	Cache cargo registry	2026-08-10T15:42:44.0950520Z   CARGO_HTTP_MULTIPLEXING: false
Lint and Format Check	Cache cargo registry	2026-08-10T15:42:44.0950858Z   RUSTFLAGS: -Dwarnings
Lint and Format Check	Cache cargo registry	2026-08-10T15:42:44.0951213Z   FORCE_JAVASCRIPT_ACTIONS_TO_NODE24: true
Lint and Format Check	Cache cargo registry	2026-08-10T15:42:44.0951585Z   GIT_CONFIG_COUNT: 1
Lint and Format Check	Cache cargo registry	2026-08-10T15:42:44.0951923Z   GIT_CONFIG_KEY_0: init.defaultBranch
Lint and Format Check	Cache cargo registry	2026-08-10T15:42:44.0952320Z   GIT_CONFIG_VALUE_0: main
Lint and Format Check	Cache cargo registry	2026-08-10T15:42:44.0952749Z   CARGO_HOME: /home/runner/.cargo
Lint and Format Check	Cache cargo registry	2026-08-10T15:42:44.0953131Z   CARGO_INCREMENTAL: 0
Lint and Format Check	Cache cargo registry	2026-08-10T15:42:44.0953460Z ##[endgroup]
Lint and Format Check	Cache cargo registry	2026-08-10T15:42:44.3224998Z Cache hit for: Linux-cargo-08cb623fd2bc891904a7fb4dae52bb2d75216ee36e943320843aace2a823c571
Lint and Format Check	Cache cargo registry	2026-08-10T15:42:44.9398159Z Received 125148374 of 125148374 (100.0%), 207.2 MBs/sec
Lint and Format Check	Cache cargo registry	2026-08-10T15:42:44.9399111Z Cache Size: ~119 MB (125148374 B)
Lint and Format Check	Cache cargo registry	2026-08-10T15:42:44.9427896Z [command]/usr/bin/tar -xf /home/runner/work/_temp/2a9ded69-7e7a-43ce-bc4e-9db03fcfeb98/cache.tzst -P -C /home/runner/work/start/start --use-compress-program unzstd
Lint and Format Check	Cache cargo registry	2026-08-10T15:42:45.7758623Z Cache restored successfully
Lint and Format Check	Cache cargo registry	2026-08-10T15:42:45.7910030Z Cache restored from key: Linux-cargo-08cb623fd2bc891904a7fb4dae52bb2d75216ee36e943320843aace2a823c571
Lint and Format Check	Check formatting	﻿2026-08-10T15:42:45.8061586Z ##[group]Run cargo fmt --all -- --check
Lint and Format Check	Check formatting	2026-08-10T15:42:45.8062639Z ^[[36;1mcargo fmt --all -- --check^[[0m
Lint and Format Check	Check formatting	2026-08-10T15:42:45.8181078Z shell: /usr/bin/bash -e {0}
Lint and Format Check	Check formatting	2026-08-10T15:42:45.8181464Z env:
Lint and Format Check	Check formatting	2026-08-10T15:42:45.8181712Z   CARGO_TERM_COLOR: always
Lint and Format Check	Check formatting	2026-08-10T15:42:45.8182022Z   CARGO_NET_RETRY: 10
Lint and Format Check	Check formatting	2026-08-10T15:42:45.8182442Z   CARGO_HTTP_MULTIPLEXING: false
Lint and Format Check	Check formatting	2026-08-10T15:42:45.8182850Z   RUSTFLAGS: -Dwarnings
Lint and Format Check	Check formatting	2026-08-10T15:42:45.8183171Z   FORCE_JAVASCRIPT_ACTIONS_TO_NODE24: true
Lint and Format Check	Check formatting	2026-08-10T15:42:45.8184022Z   GIT_CONFIG_COUNT: 1
Lint and Format Check	Check formatting	2026-08-10T15:42:45.8184353Z   GIT_CONFIG_KEY_0: init.defaultBranch
Lint and Format Check	Check formatting	2026-08-10T15:42:45.8184788Z   GIT_CONFIG_VALUE_0: main
Lint and Format Check	Check formatting	2026-08-10T15:42:45.8185151Z   CARGO_HOME: /home/runner/.cargo
Lint and Format Check	Check formatting	2026-08-10T15:42:45.8185492Z   CARGO_INCREMENTAL: 0
Lint and Format Check	Check formatting	2026-08-10T15:42:45.8185766Z ##[endgroup]
Lint and Format Check	Run Clippy	﻿2026-08-10T15:42:47.9098923Z ##[group]Run cargo clippy --all-targets --all-features
Lint and Format Check	Run Clippy	2026-08-10T15:42:47.9099372Z ^[[36;1mcargo clippy --all-targets --all-features^[[0m
Lint and Format Check	Run Clippy	2026-08-10T15:42:47.9142640Z shell: /usr/bin/bash -e {0}
Lint and Format Check	Run Clippy	2026-08-10T15:42:47.9142884Z env:
Lint and Format Check	Run Clippy	2026-08-10T15:42:47.9143075Z   CARGO_TERM_COLOR: always
Lint and Format Check	Run Clippy	2026-08-10T15:42:47.9143308Z   CARGO_NET_RETRY: 10
Lint and Format Check	Run Clippy	2026-08-10T15:42:47.9143530Z   CARGO_HTTP_MULTIPLEXING: false
Lint and Format Check	Run Clippy	2026-08-10T15:42:47.9143773Z   RUSTFLAGS: -Dwarnings
Lint and Format Check	Run Clippy	2026-08-10T15:42:47.9144010Z   FORCE_JAVASCRIPT_ACTIONS_TO_NODE24: true
Lint and Format Check	Run Clippy	2026-08-10T15:42:47.9144281Z   GIT_CONFIG_COUNT: 1
Lint and Format Check	Run Clippy	2026-08-10T15:42:47.9144498Z   GIT_CONFIG_KEY_0: init.defaultBranch
Lint and Format Check	Run Clippy	2026-08-10T15:42:47.9144756Z   GIT_CONFIG_VALUE_0: main
Lint and Format Check	Run Clippy	2026-08-10T15:42:47.9144988Z   CARGO_HOME: /home/runner/.cargo
Lint and Format Check	Run Clippy	2026-08-10T15:42:47.9145230Z   CARGO_INCREMENTAL: 0
Lint and Format Check	Run Clippy	2026-08-10T15:42:47.9145434Z ##[endgroup]
Lint and Format Check	Run Clippy	2026-08-10T15:42:48.3076381Z ^[[1m^[[92m    Checking^[[0m start-command v0.19.1 (/home/runner/work/start/start/rust)
Lint and Format Check	Run Clippy	2026-08-10T15:42:54.8097136Z ^[[1m^[[92m    Finished^[[0m `dev` profile [unoptimized + debuginfo] target(s) in 6.80s
Lint and Format Check	Check file size limit	﻿2026-08-10T15:42:54.8211779Z ##[group]Run node scripts/check-file-size.mjs
Lint and Format Check	Check file size limit	2026-08-10T15:42:54.8212206Z ^[[36;1mnode scripts/check-file-size.mjs^[[0m
Lint and Format Check	Check file size limit	2026-08-10T15:42:54.8256459Z shell: /usr/bin/bash -e {0}
Lint and Format Check	Check file size limit	2026-08-10T15:42:54.8256713Z env:
Lint and Format Check	Check file size limit	2026-08-10T15:42:54.8256901Z   CARGO_TERM_COLOR: always
Lint and Format Check	Check file size limit	2026-08-10T15:42:54.8257134Z   CARGO_NET_RETRY: 10
Lint and Format Check	Check file size limit	2026-08-10T15:42:54.8257361Z   CARGO_HTTP_MULTIPLEXING: false
Lint and Format Check	Check file size limit	2026-08-10T15:42:54.8257607Z   RUSTFLAGS: -Dwarnings
Lint and Format Check	Check file size limit	2026-08-10T15:42:54.8257842Z   FORCE_JAVASCRIPT_ACTIONS_TO_NODE24: true
Lint and Format Check	Check file size limit	2026-08-10T15:42:54.8258115Z   GIT_CONFIG_COUNT: 1
Lint and Format Check	Check file size limit	2026-08-10T15:42:54.8258332Z   GIT_CONFIG_KEY_0: init.defaultBranch
Lint and Format Check	Check file size limit	2026-08-10T15:42:54.8258592Z   GIT_CONFIG_VALUE_0: main
Lint and Format Check	Check file size limit	2026-08-10T15:42:54.8258826Z   CARGO_HOME: /home/runner/.cargo
Lint and Format Check	Check file size limit	2026-08-10T15:42:54.8259079Z   CARGO_INCREMENTAL: 0
Lint and Format Check	Check file size limit	2026-08-10T15:42:54.8259303Z ##[endgroup]
Lint and Format Check	Check file size limit	2026-08-10T15:42:54.8583072Z 
Lint and Format Check	Check file size limit	2026-08-10T15:42:54.8584014Z Checking JavaScript and Rust files for maximum 1000 lines...
Lint and Format Check	Check file size limit	2026-08-10T15:42:54.8584580Z 
Lint and Format Check	Check file size limit	2026-08-10T15:42:54.9055218Z ✓ All files are within the line limit
Lint and Format Check	Check file size limit	2026-08-10T15:42:54.9055532Z 
Lint and Format Check	Post Cache cargo registry	﻿2026-08-10T15:42:54.9722880Z Post job cleanup.
Lint and Format Check	Post Cache cargo registry	2026-08-10T15:42:55.1043300Z Cache hit occurred on the primary key Linux-cargo-08cb623fd2bc891904a7fb4dae52bb2d75216ee36e943320843aace2a823c571, not saving cache.
Lint and Format Check	Post Setup Node.js	﻿2026-08-10T15:42:55.1166475Z Post job cleanup.
Lint and Format Check	Post Run actions/checkout@v6	﻿2026-08-10T15:42:55.2518613Z Post job cleanup.
Lint and Format Check	Post Run actions/checkout@v6	2026-08-10T15:42:55.3408566Z [command]/usr/bin/git version
Lint and Format Check	Post Run actions/checkout@v6	2026-08-10T15:42:55.3454342Z git version 2.54.0
Lint and Format Check	Post Run actions/checkout@v6	2026-08-10T15:42:55.3501070Z Temporarily overriding HOME='/home/runner/work/_temp/926ab599-f60a-4b9a-9ec7-4c68fc967074' before making global git config changes
Lint and Format Check	Post Run actions/checkout@v6	2026-08-10T15:42:55.3502534Z Adding repository directory to the temporary git global config as a safe directory
Lint and Format Check	Post Run actions/checkout@v6	2026-08-10T15:42:55.3507309Z [command]/usr/bin/git config --global --add safe.directory /home/runner/work/start/start
Lint and Format Check	Post Run actions/checkout@v6	2026-08-10T15:42:55.3542998Z Removing SSH command configuration
Lint and Format Check	Post Run actions/checkout@v6	2026-08-10T15:42:55.3551127Z [command]/usr/bin/git config --local --name-only --get-regexp core\.sshCommand
Lint and Format Check	Post Run actions/checkout@v6	2026-08-10T15:42:55.3586929Z [command]/usr/bin/git submodule foreach --recursive sh -c "git config --local --name-only --get-regexp 'core\.sshCommand' && git config --local --unset-all 'core.sshCommand' || :"
Lint and Format Check	Post Run actions/checkout@v6	2026-08-10T15:42:55.3830747Z Removing HTTP extra header
Lint and Format Check	Post Run actions/checkout@v6	2026-08-10T15:42:55.3836560Z [command]/usr/bin/git config --local --name-only --get-regexp http\.https\:\/\/github\.com\/\.extraheader
Lint and Format Check	Post Run actions/checkout@v6	2026-08-10T15:42:55.3887607Z [command]/usr/bin/git submodule foreach --recursive sh -c "git config --local --name-only --get-regexp 'http\.https\:\/\/github\.com\/\.extraheader' && git config --local --unset-all 'http.https://github.com/.extraheader' || :"
Lint and Format Check	Post Run actions/checkout@v6	2026-08-10T15:42:55.4133319Z Removing includeIf entries pointing to credentials config files
Lint and Format Check	Post Run actions/checkout@v6	2026-08-10T15:42:55.4141743Z [command]/usr/bin/git config --local --name-only --get-regexp ^includeIf\.gitdir:
Lint and Format Check	Post Run actions/checkout@v6	2026-08-10T15:42:55.4187137Z includeif.gitdir:/home/runner/work/start/start/.git.path
Lint and Format Check	Post Run actions/checkout@v6	2026-08-10T15:42:55.4188369Z includeif.gitdir:/home/runner/work/start/start/.git/worktrees/*.path
Lint and Format Check	Post Run actions/checkout@v6	2026-08-10T15:42:55.4189287Z includeif.gitdir:/github/workspace/.git.path
Lint and Format Check	Post Run actions/checkout@v6	2026-08-10T15:42:55.4190173Z includeif.gitdir:/github/workspace/.git/worktrees/*.path
Lint and Format Check	Post Run actions/checkout@v6	2026-08-10T15:42:55.4199856Z [command]/usr/bin/git config --local --get-all includeif.gitdir:/home/runner/work/start/start/.git.path
Lint and Format Check	Post Run actions/checkout@v6	2026-08-10T15:42:55.4237267Z /home/runner/work/_temp/git-credentials-6a30f738-5b98-4c5e-b374-0ec707cb4c6e.config
Lint and Format Check	Post Run actions/checkout@v6	2026-08-10T15:42:55.4278463Z [command]/usr/bin/git config --local --unset includeif.gitdir:/home/runner/work/start/start/.git.path /home/runner/work/_temp/git-credentials-6a30f738-5b98-4c5e-b374-0ec707cb4c6e.config
Lint and Format Check	Post Run actions/checkout@v6	2026-08-10T15:42:55.4308102Z [command]/usr/bin/git config --local --get-all includeif.gitdir:/home/runner/work/start/start/.git/worktrees/*.path
Lint and Format Check	Post Run actions/checkout@v6	2026-08-10T15:42:55.4310370Z /home/runner/work/_temp/git-credentials-6a30f738-5b98-4c5e-b374-0ec707cb4c6e.config
Lint and Format Check	Post Run actions/checkout@v6	2026-08-10T15:42:55.4358820Z [command]/usr/bin/git config --local --unset includeif.gitdir:/home/runner/work/start/start/.git/worktrees/*.path /home/runner/work/_temp/git-credentials-6a30f738-5b98-4c5e-b374-0ec707cb4c6e.config
Lint and Format Check	Post Run actions/checkout@v6	2026-08-10T15:42:55.4418076Z [command]/usr/bin/git config --local --get-all includeif.gitdir:/github/workspace/.git.path
Lint and Format Check	Post Run actions/checkout@v6	2026-08-10T15:42:55.4447078Z /github/runner_temp/git-credentials-6a30f738-5b98-4c5e-b374-0ec707cb4c6e.config
Lint and Format Check	Post Run actions/checkout@v6	2026-08-10T15:42:55.4488573Z [command]/usr/bin/git config --local --unset includeif.gitdir:/github/workspace/.git.path /github/runner_temp/git-credentials-6a30f738-5b98-4c5e-b374-0ec707cb4c6e.config
Lint and Format Check	Post Run actions/checkout@v6	2026-08-10T15:42:55.4508683Z [command]/usr/bin/git config --local --get-all includeif.gitdir:/github/workspace/.git/worktrees/*.path
Lint and Format Check	Post Run actions/checkout@v6	2026-08-10T15:42:55.4510476Z /github/runner_temp/git-credentials-6a30f738-5b98-4c5e-b374-0ec707cb4c6e.config
Lint and Format Check	Post Run actions/checkout@v6	2026-08-10T15:42:55.4516477Z [command]/usr/bin/git config --local --unset includeif.gitdir:/github/workspace/.git/worktrees/*.path /github/runner_temp/git-credentials-6a30f738-5b98-4c5e-b374-0ec707cb4c6e.config
Lint and Format Check	Post Run actions/checkout@v6	2026-08-10T15:42:55.4569642Z [command]/usr/bin/git submodule foreach --recursive git config --local --show-origin --name-only --get-regexp remote.origin.url
Lint and Format Check	Post Run actions/checkout@v6	2026-08-10T15:42:55.4818801Z Removing credentials config '/home/runner/work/_temp/git-credentials-6a30f738-5b98-4c5e-b374-0ec707cb4c6e.config'
Lint and Format Check	Complete job	﻿2026-08-10T15:42:55.4980042Z Cleaning up orphan processes
Test Count Parity (Rust vs JS)	Set up job	﻿2026-08-10T15:42:37.9289006Z Current runner version: '2.336.0'
Test Count Parity (Rust vs JS)	Set up job	2026-08-10T15:42:37.9316007Z ##[group]Runner Image Provisioner
Test Count Parity (Rust vs JS)	Set up job	2026-08-10T15:42:37.9316908Z Hosted Compute Agent
Test Count Parity (Rust vs JS)	Set up job	2026-08-10T15:42:37.9317583Z Version: 20260707.563
Test Count Parity (Rust vs JS)	Set up job	2026-08-10T15:42:37.9318216Z Commit: 02667638d2b423fbc733a8e32a88b44996a3ba6e
Test Count Parity (Rust vs JS)	Set up job	2026-08-10T15:42:37.9318923Z Build Date: 2026-07-07T19:33:50Z
Test Count Parity (Rust vs JS)	Set up job	2026-08-10T15:42:37.9319707Z Worker ID: {3788a80e-a3d8-4dab-9c56-5e0e6cd14c2f}
Test Count Parity (Rust vs JS)	Set up job	2026-08-10T15:42:37.9320429Z Azure Region: westus2
Test Count Parity (Rust vs JS)	Set up job	2026-08-10T15:42:37.9321033Z ##[endgroup]
Test Count Parity (Rust vs JS)	Set up job	2026-08-10T15:42:37.9322678Z ##[group]Operating System
Test Count Parity (Rust vs JS)	Set up job	2026-08-10T15:42:37.9323329Z Ubuntu
Test Count Parity (Rust vs JS)	Set up job	2026-08-10T15:42:37.9323989Z 24.04.4
Test Count Parity (Rust vs JS)	Set up job	2026-08-10T15:42:37.9324497Z LTS
Test Count Parity (Rust vs JS)	Set up job	2026-08-10T15:42:37.9324996Z ##[endgroup]
Test Count Parity (Rust vs JS)	Set up job	2026-08-10T15:42:37.9325601Z ##[group]Runner Image
Test Count Parity (Rust vs JS)	Set up job	2026-08-10T15:42:37.9326200Z Image: ubuntu-24.04
Test Count Parity (Rust vs JS)	Set up job	2026-08-10T15:42:37.9326822Z Version: 20260720.247.2
Test Count Parity (Rust vs JS)	Set up job	2026-08-10T15:42:37.9327915Z Included Software: https://github.com/actions/runner-images/blob/ubuntu24/20260720.247/images/ubuntu/Ubuntu2404-Readme.md
Test Count Parity (Rust vs JS)	Set up job	2026-08-10T15:42:37.9329685Z Image Release: https://github.com/actions/runner-images/releases/tag/ubuntu24%2F20260720.247
Test Count Parity (Rust vs JS)	Set up job	2026-08-10T15:42:37.9330657Z ##[endgroup]
Test Count Parity (Rust vs JS)	Set up job	2026-08-10T15:42:37.9331883Z ##[group]GITHUB_TOKEN Permissions
Test Count Parity (Rust vs JS)	Set up job	2026-08-10T15:42:37.9334140Z Contents: read
Test Count Parity (Rust vs JS)	Set up job	2026-08-10T15:42:37.9334757Z Metadata: read
Test Count Parity (Rust vs JS)	Set up job	2026-08-10T15:42:37.9335412Z ##[endgroup]
Test Count Parity (Rust vs JS)	Set up job	2026-08-10T15:42:37.9337403Z Secret source: Actions
Test Count Parity (Rust vs JS)	Set up job	2026-08-10T15:42:37.9338678Z Prepare workflow directory
Test Count Parity (Rust vs JS)	Set up job	2026-08-10T15:42:37.9737565Z Prepare all required actions
Test Count Parity (Rust vs JS)	Set up job	2026-08-10T15:42:37.9785563Z Getting action download info
Test Count Parity (Rust vs JS)	Set up job	2026-08-10T15:42:38.3453644Z Download action repository 'actions/checkout@v6' (SHA:d23441a48e516b6c34aea4fa41551a30e30af803)
Test Count Parity (Rust vs JS)	Set up job	2026-08-10T15:42:38.6893884Z Download action repository 'actions/setup-node@v6' (SHA:249970729cb0ef3589644e2896645e5dc5ba9c38)
Test Count Parity (Rust vs JS)	Set up job	2026-08-10T15:42:39.0855339Z Complete job name: Test Count Parity (Rust vs JS)
Test Count Parity (Rust vs JS)	Run actions/checkout@v6	﻿2026-08-10T15:42:39.1631854Z ##[group]Run actions/checkout@v6
Test Count Parity (Rust vs JS)	Run actions/checkout@v6	2026-08-10T15:42:39.1633119Z with:
Test Count Parity (Rust vs JS)	Run actions/checkout@v6	2026-08-10T15:42:39.1633671Z   repository: link-foundation/start
Test Count Parity (Rust vs JS)	Run actions/checkout@v6	2026-08-10T15:42:39.1637639Z   token: ***
Test Count Parity (Rust vs JS)	Run actions/checkout@v6	2026-08-10T15:42:39.1638126Z   ssh-strict: true
Test Count Parity (Rust vs JS)	Run actions/checkout@v6	2026-08-10T15:42:39.1638607Z   ssh-user: git
Test Count Parity (Rust vs JS)	Run actions/checkout@v6	2026-08-10T15:42:39.1639114Z   persist-credentials: true
Test Count Parity (Rust vs JS)	Run actions/checkout@v6	2026-08-10T15:42:39.1639651Z   clean: true
Test Count Parity (Rust vs JS)	Run actions/checkout@v6	2026-08-10T15:42:39.1640134Z   sparse-checkout-cone-mode: true
Test Count Parity (Rust vs JS)	Run actions/checkout@v6	2026-08-10T15:42:39.1640708Z   fetch-depth: 1
Test Count Parity (Rust vs JS)	Run actions/checkout@v6	2026-08-10T15:42:39.1641227Z   fetch-tags: false
Test Count Parity (Rust vs JS)	Run actions/checkout@v6	2026-08-10T15:42:39.1641739Z   show-progress: true
Test Count Parity (Rust vs JS)	Run actions/checkout@v6	2026-08-10T15:42:39.1642422Z   lfs: false
Test Count Parity (Rust vs JS)	Run actions/checkout@v6	2026-08-10T15:42:39.1642907Z   submodules: false
Test Count Parity (Rust vs JS)	Run actions/checkout@v6	2026-08-10T15:42:39.1643450Z   set-safe-directory: true
Test Count Parity (Rust vs JS)	Run actions/checkout@v6	2026-08-10T15:42:39.1644025Z   allow-unsafe-pr-checkout: false
Test Count Parity (Rust vs JS)	Run actions/checkout@v6	2026-08-10T15:42:39.1644867Z env:
Test Count Parity (Rust vs JS)	Run actions/checkout@v6	2026-08-10T15:42:39.1645365Z   CARGO_TERM_COLOR: always
Test Count Parity (Rust vs JS)	Run actions/checkout@v6	2026-08-10T15:42:39.1645914Z   CARGO_NET_RETRY: 10
Test Count Parity (Rust vs JS)	Run actions/checkout@v6	2026-08-10T15:42:39.1646454Z   CARGO_HTTP_MULTIPLEXING: false
Test Count Parity (Rust vs JS)	Run actions/checkout@v6	2026-08-10T15:42:39.1647066Z   RUSTFLAGS: -Dwarnings
Test Count Parity (Rust vs JS)	Run actions/checkout@v6	2026-08-10T15:42:39.1647672Z   FORCE_JAVASCRIPT_ACTIONS_TO_NODE24: true
Test Count Parity (Rust vs JS)	Run actions/checkout@v6	2026-08-10T15:42:39.1648321Z   GIT_CONFIG_COUNT: 1
Test Count Parity (Rust vs JS)	Run actions/checkout@v6	2026-08-10T15:42:39.1648860Z   GIT_CONFIG_KEY_0: init.defaultBranch
Test Count Parity (Rust vs JS)	Run actions/checkout@v6	2026-08-10T15:42:39.1649485Z   GIT_CONFIG_VALUE_0: main
Test Count Parity (Rust vs JS)	Run actions/checkout@v6	2026-08-10T15:42:39.1650014Z ##[endgroup]
Test Count Parity (Rust vs JS)	Run actions/checkout@v6	2026-08-10T15:42:39.2646712Z Syncing repository: link-foundation/start
Test Count Parity (Rust vs JS)	Run actions/checkout@v6	2026-08-10T15:42:39.2649572Z ##[group]Getting Git version info
Test Count Parity (Rust vs JS)	Run actions/checkout@v6	2026-08-10T15:42:39.2650798Z Working directory is '/home/runner/work/start/start'
Test Count Parity (Rust vs JS)	Run actions/checkout@v6	2026-08-10T15:42:39.2652833Z [command]/usr/bin/git version
Test Count Parity (Rust vs JS)	Run actions/checkout@v6	2026-08-10T15:42:39.2750733Z git version 2.54.0
Test Count Parity (Rust vs JS)	Run actions/checkout@v6	2026-08-10T15:42:39.2781677Z ##[endgroup]
Test Count Parity (Rust vs JS)	Run actions/checkout@v6	2026-08-10T15:42:39.2798779Z Temporarily overriding HOME='/home/runner/work/_temp/0d73b586-b370-4fa2-895a-5bedc00890c4' before making global git config changes
Test Count Parity (Rust vs JS)	Run actions/checkout@v6	2026-08-10T15:42:39.2806544Z Adding repository directory to the temporary git global config as a safe directory
Test Count Parity (Rust vs JS)	Run actions/checkout@v6	2026-08-10T15:42:39.2808586Z [command]/usr/bin/git config --global --add safe.directory /home/runner/work/start/start
Test Count Parity (Rust vs JS)	Run actions/checkout@v6	2026-08-10T15:42:39.2863464Z Deleting the contents of '/home/runner/work/start/start'
Test Count Parity (Rust vs JS)	Run actions/checkout@v6	2026-08-10T15:42:39.2867256Z ##[group]Determining repository object format
Test Count Parity (Rust vs JS)	Run actions/checkout@v6	2026-08-10T15:42:39.2870274Z ##[endgroup]
Test Count Parity (Rust vs JS)	Run actions/checkout@v6	2026-08-10T15:42:39.2871663Z ##[group]Initializing the repository
Test Count Parity (Rust vs JS)	Run actions/checkout@v6	2026-08-10T15:42:39.2876099Z [command]/usr/bin/git init /home/runner/work/start/start
Test Count Parity (Rust vs JS)	Run actions/checkout@v6	2026-08-10T15:42:39.3008017Z Initialized empty Git repository in /home/runner/work/start/start/.git/
Test Count Parity (Rust vs JS)	Run actions/checkout@v6	2026-08-10T15:42:39.3020992Z [command]/usr/bin/git remote add origin https://github.com/link-foundation/start
Test Count Parity (Rust vs JS)	Run actions/checkout@v6	2026-08-10T15:42:39.3071449Z ##[endgroup]
Test Count Parity (Rust vs JS)	Run actions/checkout@v6	2026-08-10T15:42:39.3073271Z ##[group]Disabling automatic garbage collection
Test Count Parity (Rust vs JS)	Run actions/checkout@v6	2026-08-10T15:42:39.3076923Z [command]/usr/bin/git config --local gc.auto 0
Test Count Parity (Rust vs JS)	Run actions/checkout@v6	2026-08-10T15:42:39.3110123Z ##[endgroup]
Test Count Parity (Rust vs JS)	Run actions/checkout@v6	2026-08-10T15:42:39.3111663Z ##[group]Setting up auth
Test Count Parity (Rust vs JS)	Run actions/checkout@v6	2026-08-10T15:42:39.3113109Z Removing SSH command configuration
Test Count Parity (Rust vs JS)	Run actions/checkout@v6	2026-08-10T15:42:39.3119471Z [command]/usr/bin/git config --local --name-only --get-regexp core\.sshCommand
Test Count Parity (Rust vs JS)	Run actions/checkout@v6	2026-08-10T15:42:39.3160246Z [command]/usr/bin/git submodule foreach --recursive sh -c "git config --local --name-only --get-regexp 'core\.sshCommand' && git config --local --unset-all 'core.sshCommand' || :"
Test Count Parity (Rust vs JS)	Run actions/checkout@v6	2026-08-10T15:42:39.3573981Z Removing HTTP extra header
Test Count Parity (Rust vs JS)	Run actions/checkout@v6	2026-08-10T15:42:39.3581214Z [command]/usr/bin/git config --local --name-only --get-regexp http\.https\:\/\/github\.com\/\.extraheader
Test Count Parity (Rust vs JS)	Run actions/checkout@v6	2026-08-10T15:42:39.3618238Z [command]/usr/bin/git submodule foreach --recursive sh -c "git config --local --name-only --get-regexp 'http\.https\:\/\/github\.com\/\.extraheader' && git config --local --unset-all 'http.https://github.com/.extraheader' || :"
Test Count Parity (Rust vs JS)	Run actions/checkout@v6	2026-08-10T15:42:39.3837156Z Removing includeIf entries pointing to credentials config files
Test Count Parity (Rust vs JS)	Run actions/checkout@v6	2026-08-10T15:42:39.3844842Z [command]/usr/bin/git config --local --name-only --get-regexp ^includeIf\.gitdir:
Test Count Parity (Rust vs JS)	Run actions/checkout@v6	2026-08-10T15:42:39.3880756Z [command]/usr/bin/git submodule foreach --recursive git config --local --show-origin --name-only --get-regexp remote.origin.url
Test Count Parity (Rust vs JS)	Run actions/checkout@v6	2026-08-10T15:42:39.4155915Z [command]/usr/bin/git config --file /home/runner/work/_temp/git-credentials-28a3c91a-b17d-4370-8f94-046efe3d05ba.config http.https://github.com/.extraheader AUTHORIZATION: basic ***
Test Count Parity (Rust vs JS)	Run actions/checkout@v6	2026-08-10T15:42:39.4202898Z [command]/usr/bin/git config --local includeIf.gitdir:/home/runner/work/start/start/.git.path /home/runner/work/_temp/git-credentials-28a3c91a-b17d-4370-8f94-046efe3d05ba.config
Test Count Parity (Rust vs JS)	Run actions/checkout@v6	2026-08-10T15:42:39.4242821Z [command]/usr/bin/git config --local includeIf.gitdir:/home/runner/work/start/start/.git/worktrees/*.path /home/runner/work/_temp/git-credentials-28a3c91a-b17d-4370-8f94-046efe3d05ba.config
Test Count Parity (Rust vs JS)	Run actions/checkout@v6	2026-08-10T15:42:39.4282816Z [command]/usr/bin/git config --local includeIf.gitdir:/github/workspace/.git.path /github/runner_temp/git-credentials-28a3c91a-b17d-4370-8f94-046efe3d05ba.config
Test Count Parity (Rust vs JS)	Run actions/checkout@v6	2026-08-10T15:42:39.4320996Z [command]/usr/bin/git config --local includeIf.gitdir:/github/workspace/.git/worktrees/*.path /github/runner_temp/git-credentials-28a3c91a-b17d-4370-8f94-046efe3d05ba.config
Test Count Parity (Rust vs JS)	Run actions/checkout@v6	2026-08-10T15:42:39.4351787Z ##[endgroup]
Test Count Parity (Rust vs JS)	Run actions/checkout@v6	2026-08-10T15:42:39.4353937Z ##[group]Fetching the repository
Test Count Parity (Rust vs JS)	Run actions/checkout@v6	2026-08-10T15:42:39.4361907Z [command]/usr/bin/git -c protocol.version=2 fetch --no-tags --prune --no-recurse-submodules --depth=1 origin +c88600c0d8ff8d80941044138e858ae826ae3010:refs/remotes/pull/161/merge
Test Count Parity (Rust vs JS)	Run actions/checkout@v6	2026-08-10T15:42:40.2666276Z From https://github.com/link-foundation/start
Test Count Parity (Rust vs JS)	Run actions/checkout@v6	2026-08-10T15:42:40.2669664Z  * [new ref]         c88600c0d8ff8d80941044138e858ae826ae3010 -> pull/161/merge
Test Count Parity (Rust vs JS)	Run actions/checkout@v6	2026-08-10T15:42:40.2709169Z ##[endgroup]
Test Count Parity (Rust vs JS)	Run actions/checkout@v6	2026-08-10T15:42:40.2711868Z ##[group]Determining the checkout info
Test Count Parity (Rust vs JS)	Run actions/checkout@v6	2026-08-10T15:42:40.2714859Z ##[endgroup]
Test Count Parity (Rust vs JS)	Run actions/checkout@v6	2026-08-10T15:42:40.2717787Z [command]/usr/bin/git sparse-checkout disable
Test Count Parity (Rust vs JS)	Run actions/checkout@v6	2026-08-10T15:42:40.2772947Z [command]/usr/bin/git config --local --unset-all extensions.worktreeConfig
Test Count Parity (Rust vs JS)	Run actions/checkout@v6	2026-08-10T15:42:40.2807812Z ##[group]Checking out the ref
Test Count Parity (Rust vs JS)	Run actions/checkout@v6	2026-08-10T15:42:40.2810846Z [command]/usr/bin/git checkout --progress --force refs/remotes/pull/161/merge
Test Count Parity (Rust vs JS)	Run actions/checkout@v6	2026-08-10T15:42:40.3578683Z Note: switching to 'refs/remotes/pull/161/merge'.
Test Count Parity (Rust vs JS)	Run actions/checkout@v6	2026-08-10T15:42:40.3580279Z 
Test Count Parity (Rust vs JS)	Run actions/checkout@v6	2026-08-10T15:42:40.3581237Z You are in 'detached HEAD' state. You can look around, make experimental
Test Count Parity (Rust vs JS)	Run actions/checkout@v6	2026-08-10T15:42:40.3583780Z changes and commit them, and you can discard any commits you make in this
Test Count Parity (Rust vs JS)	Run actions/checkout@v6	2026-08-10T15:42:40.3586036Z state without impacting any branches by switching back to a branch.
Test Count Parity (Rust vs JS)	Run actions/checkout@v6	2026-08-10T15:42:40.3587263Z 
Test Count Parity (Rust vs JS)	Run actions/checkout@v6	2026-08-10T15:42:40.3588149Z If you want to create a new branch to retain commits you create, you may
Test Count Parity (Rust vs JS)	Run actions/checkout@v6	2026-08-10T15:42:40.3590482Z do so (now or later) by using -c with the switch command. Example:
Test Count Parity (Rust vs JS)	Run actions/checkout@v6	2026-08-10T15:42:40.3593022Z 
Test Count Parity (Rust vs JS)	Run actions/checkout@v6	2026-08-10T15:42:40.3594114Z   git switch -c <new-branch-name>
Test Count Parity (Rust vs JS)	Run actions/checkout@v6	2026-08-10T15:42:40.3595784Z 
Test Count Parity (Rust vs JS)	Run actions/checkout@v6	2026-08-10T15:42:40.3596864Z Or undo this operation with:
Test Count Parity (Rust vs JS)	Run actions/checkout@v6	2026-08-10T15:42:40.3598509Z 
Test Count Parity (Rust vs JS)	Run actions/checkout@v6	2026-08-10T15:42:40.3599519Z   git switch -
Test Count Parity (Rust vs JS)	Run actions/checkout@v6	2026-08-10T15:42:40.3600780Z 
Test Count Parity (Rust vs JS)	Run actions/checkout@v6	2026-08-10T15:42:40.3602978Z Turn off this advice by setting config variable advice.detachedHead to false
Test Count Parity (Rust vs JS)	Run actions/checkout@v6	2026-08-10T15:42:40.3605664Z 
Test Count Parity (Rust vs JS)	Run actions/checkout@v6	2026-08-10T15:42:40.3608475Z HEAD is now at c88600c Merge 3562e612036bcd5e3fa75dcb89d8b334d7a954ac into db1ad4d0b2119148b4ad6e870080f8178a2a8e93
Test Count Parity (Rust vs JS)	Run actions/checkout@v6	2026-08-10T15:42:40.3617089Z ##[endgroup]
Test Count Parity (Rust vs JS)	Run actions/checkout@v6	2026-08-10T15:42:40.3660272Z [command]/usr/bin/git log -1 --format=%H
Test Count Parity (Rust vs JS)	Run actions/checkout@v6	2026-08-10T15:42:40.3688370Z c88600c0d8ff8d80941044138e858ae826ae3010
Test Count Parity (Rust vs JS)	Setup Node.js	﻿2026-08-10T15:42:40.4075915Z ##[group]Run actions/setup-node@v6
Test Count Parity (Rust vs JS)	Setup Node.js	2026-08-10T15:42:40.4077239Z with:
Test Count Parity (Rust vs JS)	Setup Node.js	2026-08-10T15:42:40.4078290Z   node-version: 24.x
Test Count Parity (Rust vs JS)	Setup Node.js	2026-08-10T15:42:40.4079346Z   check-latest: false
Test Count Parity (Rust vs JS)	Setup Node.js	2026-08-10T15:42:40.4089658Z   token: ***
Test Count Parity (Rust vs JS)	Setup Node.js	2026-08-10T15:42:40.4090754Z   package-manager-cache: true
Test Count Parity (Rust vs JS)	Setup Node.js	2026-08-10T15:42:40.4091916Z env:
Test Count Parity (Rust vs JS)	Setup Node.js	2026-08-10T15:42:40.4093116Z   CARGO_TERM_COLOR: always
Test Count Parity (Rust vs JS)	Setup Node.js	2026-08-10T15:42:40.4094254Z   CARGO_NET_RETRY: 10
Test Count Parity (Rust vs JS)	Setup Node.js	2026-08-10T15:42:40.4095335Z   CARGO_HTTP_MULTIPLEXING: false
Test Count Parity (Rust vs JS)	Setup Node.js	2026-08-10T15:42:40.4096639Z   RUSTFLAGS: -Dwarnings
Test Count Parity (Rust vs JS)	Setup Node.js	2026-08-10T15:42:40.4097806Z   FORCE_JAVASCRIPT_ACTIONS_TO_NODE24: true
Test Count Parity (Rust vs JS)	Setup Node.js	2026-08-10T15:42:40.4099189Z   GIT_CONFIG_COUNT: 1
Test Count Parity (Rust vs JS)	Setup Node.js	2026-08-10T15:42:40.4100341Z   GIT_CONFIG_KEY_0: init.defaultBranch
Test Count Parity (Rust vs JS)	Setup Node.js	2026-08-10T15:42:40.4101654Z   GIT_CONFIG_VALUE_0: main
Test Count Parity (Rust vs JS)	Setup Node.js	2026-08-10T15:42:40.4166667Z ##[endgroup]
Test Count Parity (Rust vs JS)	Setup Node.js	2026-08-10T15:42:40.5576096Z Found in cache @ /opt/hostedtoolcache/node/24.18.0/x64
Test Count Parity (Rust vs JS)	Setup Node.js	2026-08-10T15:42:40.5579829Z ##[group]Environment details
Test Count Parity (Rust vs JS)	Setup Node.js	2026-08-10T15:42:40.9864699Z node: v24.18.0
Test Count Parity (Rust vs JS)	Setup Node.js	2026-08-10T15:42:40.9866496Z npm: 11.16.0
Test Count Parity (Rust vs JS)	Setup Node.js	2026-08-10T15:42:40.9867883Z yarn: 1.22.22
Test Count Parity (Rust vs JS)	Setup Node.js	2026-08-10T15:42:40.9870534Z ##[endgroup]
Test Count Parity (Rust vs JS)	Check Rust/JS test count parity	﻿2026-08-10T15:42:41.0053536Z ##[group]Run node scripts/check-test-parity.mjs
Test Count Parity (Rust vs JS)	Check Rust/JS test count parity	2026-08-10T15:42:41.0055078Z ^[[36;1mnode scripts/check-test-parity.mjs^[[0m
Test Count Parity (Rust vs JS)	Check Rust/JS test count parity	2026-08-10T15:42:41.0116322Z shell: /usr/bin/bash -e {0}
Test Count Parity (Rust vs JS)	Check Rust/JS test count parity	2026-08-10T15:42:41.0117382Z env:
Test Count Parity (Rust vs JS)	Check Rust/JS test count parity	2026-08-10T15:42:41.0118201Z   CARGO_TERM_COLOR: always
Test Count Parity (Rust vs JS)	Check Rust/JS test count parity	2026-08-10T15:42:41.0119188Z   CARGO_NET_RETRY: 10
Test Count Parity (Rust vs JS)	Check Rust/JS test count parity	2026-08-10T15:42:41.0120152Z   CARGO_HTTP_MULTIPLEXING: false
Test Count Parity (Rust vs JS)	Check Rust/JS test count parity	2026-08-10T15:42:41.0121235Z   RUSTFLAGS: -Dwarnings
Test Count Parity (Rust vs JS)	Check Rust/JS test count parity	2026-08-10T15:42:41.0122616Z   FORCE_JAVASCRIPT_ACTIONS_TO_NODE24: true
Test Count Parity (Rust vs JS)	Check Rust/JS test count parity	2026-08-10T15:42:41.0123817Z   GIT_CONFIG_COUNT: 1
Test Count Parity (Rust vs JS)	Check Rust/JS test count parity	2026-08-10T15:42:41.0124822Z   GIT_CONFIG_KEY_0: init.defaultBranch
Test Count Parity (Rust vs JS)	Check Rust/JS test count parity	2026-08-10T15:42:41.0125977Z   GIT_CONFIG_VALUE_0: main
Test Count Parity (Rust vs JS)	Check Rust/JS test count parity	2026-08-10T15:42:41.0126955Z ##[endgroup]
Test Count Parity (Rust vs JS)	Check Rust/JS test count parity	2026-08-10T15:42:41.0553908Z JavaScript test cases (it() calls): 755
Test Count Parity (Rust vs JS)	Check Rust/JS test count parity	2026-08-10T15:42:41.0587972Z Rust test cases (#[test] macros): 682
Test Count Parity (Rust vs JS)	Check Rust/JS test count parity	2026-08-10T15:42:41.0590844Z 
Test Count Parity (Rust vs JS)	Check Rust/JS test count parity	2026-08-10T15:42:41.0591718Z Test count ratio (Rust/JS): 90.3%
Test Count Parity (Rust vs JS)	Check Rust/JS test count parity	2026-08-10T15:42:41.0593811Z Required minimum: 90%
Test Count Parity (Rust vs JS)	Check Rust/JS test count parity	2026-08-10T15:42:41.0594881Z 
Test Count Parity (Rust vs JS)	Check Rust/JS test count parity	2026-08-10T15:42:41.0596416Z ✅ PASS: Rust test count (682) is within acceptable range of JS count (755).
Test Count Parity (Rust vs JS)	Post Setup Node.js	﻿2026-08-10T15:42:41.0897192Z Post job cleanup.
Test Count Parity (Rust vs JS)	Post Run actions/checkout@v6	﻿2026-08-10T15:42:41.2413327Z Post job cleanup.
Test Count Parity (Rust vs JS)	Post Run actions/checkout@v6	2026-08-10T15:42:41.3282996Z [command]/usr/bin/git version
Test Count Parity (Rust vs JS)	Post Run actions/checkout@v6	2026-08-10T15:42:41.3326471Z git version 2.54.0
Test Count Parity (Rust vs JS)	Post Run actions/checkout@v6	2026-08-10T15:42:41.3405760Z Temporarily overriding HOME='/home/runner/work/_temp/072df771-fc34-4b7b-aab6-86ed6b3c8a1f' before making global git config changes
Test Count Parity (Rust vs JS)	Post Run actions/checkout@v6	2026-08-10T15:42:41.3411742Z Adding repository directory to the temporary git global config as a safe directory
Test Count Parity (Rust vs JS)	Post Run actions/checkout@v6	2026-08-10T15:42:41.3416423Z [command]/usr/bin/git config --global --add safe.directory /home/runner/work/start/start
Test Count Parity (Rust vs JS)	Post Run actions/checkout@v6	2026-08-10T15:42:41.3447519Z Removing SSH command configuration
Test Count Parity (Rust vs JS)	Post Run actions/checkout@v6	2026-08-10T15:42:41.3455860Z [command]/usr/bin/git config --local --name-only --get-regexp core\.sshCommand
Test Count Parity (Rust vs JS)	Post Run actions/checkout@v6	2026-08-10T15:42:41.3497552Z [command]/usr/bin/git submodule foreach --recursive sh -c "git config --local --name-only --get-regexp 'core\.sshCommand' && git config --local --unset-all 'core.sshCommand' || :"
Test Count Parity (Rust vs JS)	Post Run actions/checkout@v6	2026-08-10T15:42:41.3759824Z Removing HTTP extra header
Test Count Parity (Rust vs JS)	Post Run actions/checkout@v6	2026-08-10T15:42:41.3768132Z [command]/usr/bin/git config --local --name-only --get-regexp http\.https\:\/\/github\.com\/\.extraheader
Test Count Parity (Rust vs JS)	Post Run actions/checkout@v6	2026-08-10T15:42:41.3805960Z [command]/usr/bin/git submodule foreach --recursive sh -c "git config --local --name-only --get-regexp 'http\.https\:\/\/github\.com\/\.extraheader' && git config --local --unset-all 'http.https://github.com/.extraheader' || :"
Test Count Parity (Rust vs JS)	Post Run actions/checkout@v6	2026-08-10T15:42:41.4051567Z Removing includeIf entries pointing to credentials config files
Test Count Parity (Rust vs JS)	Post Run actions/checkout@v6	2026-08-10T15:42:41.4059525Z [command]/usr/bin/git config --local --name-only --get-regexp ^includeIf\.gitdir:
Test Count Parity (Rust vs JS)	Post Run actions/checkout@v6	2026-08-10T15:42:41.4090471Z includeif.gitdir:/home/runner/work/start/start/.git.path
Test Count Parity (Rust vs JS)	Post Run actions/checkout@v6	2026-08-10T15:42:41.4094610Z includeif.gitdir:/home/runner/work/start/start/.git/worktrees/*.path
Test Count Parity (Rust vs JS)	Post Run actions/checkout@v6	2026-08-10T15:42:41.4098178Z includeif.gitdir:/github/workspace/.git.path
Test Count Parity (Rust vs JS)	Post Run actions/checkout@v6	2026-08-10T15:42:41.4101537Z includeif.gitdir:/github/workspace/.git/worktrees/*.path
Test Count Parity (Rust vs JS)	Post Run actions/checkout@v6	2026-08-10T15:42:41.4111334Z [command]/usr/bin/git config --local --get-all includeif.gitdir:/home/runner/work/start/start/.git.path
Test Count Parity (Rust vs JS)	Post Run actions/checkout@v6	2026-08-10T15:42:41.4145082Z /home/runner/work/_temp/git-credentials-28a3c91a-b17d-4370-8f94-046efe3d05ba.config
Test Count Parity (Rust vs JS)	Post Run actions/checkout@v6	2026-08-10T15:42:41.4158842Z [command]/usr/bin/git config --local --unset includeif.gitdir:/home/runner/work/start/start/.git.path /home/runner/work/_temp/git-credentials-28a3c91a-b17d-4370-8f94-046efe3d05ba.config
Test Count Parity (Rust vs JS)	Post Run actions/checkout@v6	2026-08-10T15:42:41.4216075Z [command]/usr/bin/git config --local --get-all includeif.gitdir:/home/runner/work/start/start/.git/worktrees/*.path
Test Count Parity (Rust vs JS)	Post Run actions/checkout@v6	2026-08-10T15:42:41.4235795Z /home/runner/work/_temp/git-credentials-28a3c91a-b17d-4370-8f94-046efe3d05ba.config
Test Count Parity (Rust vs JS)	Post Run actions/checkout@v6	2026-08-10T15:42:41.4256990Z [command]/usr/bin/git config --local --unset includeif.gitdir:/home/runner/work/start/start/.git/worktrees/*.path /home/runner/work/_temp/git-credentials-28a3c91a-b17d-4370-8f94-046efe3d05ba.config
Test Count Parity (Rust vs JS)	Post Run actions/checkout@v6	2026-08-10T15:42:41.4295802Z [command]/usr/bin/git config --local --get-all includeif.gitdir:/github/workspace/.git.path
Test Count Parity (Rust vs JS)	Post Run actions/checkout@v6	2026-08-10T15:42:41.4326030Z /github/runner_temp/git-credentials-28a3c91a-b17d-4370-8f94-046efe3d05ba.config
Test Count Parity (Rust vs JS)	Post Run actions/checkout@v6	2026-08-10T15:42:41.4338289Z [command]/usr/bin/git config --local --unset includeif.gitdir:/github/workspace/.git.path /github/runner_temp/git-credentials-28a3c91a-b17d-4370-8f94-046efe3d05ba.config
Test Count Parity (Rust vs JS)	Post Run actions/checkout@v6	2026-08-10T15:42:41.4391856Z [command]/usr/bin/git config --local --get-all includeif.gitdir:/github/workspace/.git/worktrees/*.path
Test Count Parity (Rust vs JS)	Post Run actions/checkout@v6	2026-08-10T15:42:41.4411628Z /github/runner_temp/git-credentials-28a3c91a-b17d-4370-8f94-046efe3d05ba.config
Test Count Parity (Rust vs JS)	Post Run actions/checkout@v6	2026-08-10T15:42:41.4441815Z [command]/usr/bin/git config --local --unset includeif.gitdir:/github/workspace/.git/worktrees/*.path /github/runner_temp/git-credentials-28a3c91a-b17d-4370-8f94-046efe3d05ba.config
Test Count Parity (Rust vs JS)	Post Run actions/checkout@v6	2026-08-10T15:42:41.4484089Z [command]/usr/bin/git submodule foreach --recursive git config --local --show-origin --name-only --get-regexp remote.origin.url
Test Count Parity (Rust vs JS)	Post Run actions/checkout@v6	2026-08-10T15:42:41.4730231Z Removing credentials config '/home/runner/work/_temp/git-credentials-28a3c91a-b17d-4370-8f94-046efe3d05ba.config'
Test Count Parity (Rust vs JS)	Complete job	﻿2026-08-10T15:42:41.4890347Z Cleaning up orphan processes
Pipeline Status	Set up job	﻿2026-08-10T15:42:59.7367559Z Current runner version: '2.336.0'
Pipeline Status	Set up job	2026-08-10T15:42:59.7398770Z ##[group]Runner Image Provisioner
Pipeline Status	Set up job	2026-08-10T15:42:59.7399759Z Hosted Compute Agent
Pipeline Status	Set up job	2026-08-10T15:42:59.7400470Z Version: 20260707.563
Pipeline Status	Set up job	2026-08-10T15:42:59.7401148Z Commit: 02667638d2b423fbc733a8e32a88b44996a3ba6e
Pipeline Status	Set up job	2026-08-10T15:42:59.7402019Z Build Date: 2026-07-07T19:33:50Z
Pipeline Status	Set up job	2026-08-10T15:42:59.7402783Z Worker ID: {39bd6a1c-27e5-4147-8cd2-c6b54a46f9e4}
Pipeline Status	Set up job	2026-08-10T15:42:59.7403616Z Azure Region: eastus
Pipeline Status	Set up job	2026-08-10T15:42:59.7404306Z ##[endgroup]
Pipeline Status	Set up job	2026-08-10T15:42:59.7406285Z ##[group]Operating System
Pipeline Status	Set up job	2026-08-10T15:42:59.7407113Z Ubuntu
Pipeline Status	Set up job	2026-08-10T15:42:59.7407710Z 24.04.4
Pipeline Status	Set up job	2026-08-10T15:42:59.7408280Z LTS
Pipeline Status	Set up job	2026-08-10T15:42:59.7408966Z ##[endgroup]
Pipeline Status	Set up job	2026-08-10T15:42:59.7409583Z ##[group]Runner Image
Pipeline Status	Set up job	2026-08-10T15:42:59.7410277Z Image: ubuntu-24.04
Pipeline Status	Set up job	2026-08-10T15:42:59.7410933Z Version: 20260720.247.2
Pipeline Status	Set up job	2026-08-10T15:42:59.7412042Z Included Software: https://github.com/actions/runner-images/blob/ubuntu24/20260720.247/images/ubuntu/Ubuntu2404-Readme.md
Pipeline Status	Set up job	2026-08-10T15:42:59.7413936Z Image Release: https://github.com/actions/runner-images/releases/tag/ubuntu24%2F20260720.247
Pipeline Status	Set up job	2026-08-10T15:42:59.7415428Z ##[endgroup]
Pipeline Status	Set up job	2026-08-10T15:42:59.7416667Z ##[group]GITHUB_TOKEN Permissions
Pipeline Status	Set up job	2026-08-10T15:42:59.7418993Z Contents: read
Pipeline Status	Set up job	2026-08-10T15:42:59.7419730Z Metadata: read
Pipeline Status	Set up job	2026-08-10T15:42:59.7420340Z ##[endgroup]
Pipeline Status	Set up job	2026-08-10T15:42:59.7422569Z Secret source: Actions
Pipeline Status	Set up job	2026-08-10T15:42:59.7423839Z Prepare workflow directory
Pipeline Status	Set up job	2026-08-10T15:42:59.7818276Z Prepare all required actions
Pipeline Status	Set up job	2026-08-10T15:42:59.7866804Z Getting action download info
Pipeline Status	Set up job	2026-08-10T15:43:00.0161532Z Download action repository 'actions/checkout@v6' (SHA:d23441a48e516b6c34aea4fa41551a30e30af803)
Pipeline Status	Set up job	2026-08-10T15:43:00.3517507Z Complete job name: Pipeline Status
Pipeline Status	Run actions/checkout@v6	﻿2026-08-10T15:43:00.4275797Z ##[group]Run actions/checkout@v6
Pipeline Status	Run actions/checkout@v6	2026-08-10T15:43:00.4276688Z with:
Pipeline Status	Run actions/checkout@v6	2026-08-10T15:43:00.4277147Z   repository: link-foundation/start
Pipeline Status	Run actions/checkout@v6	2026-08-10T15:43:00.4280798Z   token: ***
Pipeline Status	Run actions/checkout@v6	2026-08-10T15:43:00.4281232Z   ssh-strict: true
Pipeline Status	Run actions/checkout@v6	2026-08-10T15:43:00.4281683Z   ssh-user: git
Pipeline Status	Run actions/checkout@v6	2026-08-10T15:43:00.4282123Z   persist-credentials: true
Pipeline Status	Run actions/checkout@v6	2026-08-10T15:43:00.4282596Z   clean: true
Pipeline Status	Run actions/checkout@v6	2026-08-10T15:43:00.4283036Z   sparse-checkout-cone-mode: true
Pipeline Status	Run actions/checkout@v6	2026-08-10T15:43:00.4283555Z   fetch-depth: 1
Pipeline Status	Run actions/checkout@v6	2026-08-10T15:43:00.4283986Z   fetch-tags: false
Pipeline Status	Run actions/checkout@v6	2026-08-10T15:43:00.4284420Z   show-progress: true
Pipeline Status	Run actions/checkout@v6	2026-08-10T15:43:00.4285065Z   lfs: false
Pipeline Status	Run actions/checkout@v6	2026-08-10T15:43:00.4285481Z   submodules: false
Pipeline Status	Run actions/checkout@v6	2026-08-10T15:43:00.4285929Z   set-safe-directory: true
Pipeline Status	Run actions/checkout@v6	2026-08-10T15:43:00.4286422Z   allow-unsafe-pr-checkout: false
Pipeline Status	Run actions/checkout@v6	2026-08-10T15:43:00.4287175Z env:
Pipeline Status	Run actions/checkout@v6	2026-08-10T15:43:00.4287600Z   CARGO_TERM_COLOR: always
Pipeline Status	Run actions/checkout@v6	2026-08-10T15:43:00.4288083Z   CARGO_NET_RETRY: 10
Pipeline Status	Run actions/checkout@v6	2026-08-10T15:43:00.4288556Z   CARGO_HTTP_MULTIPLEXING: false
Pipeline Status	Run actions/checkout@v6	2026-08-10T15:43:00.4289129Z   RUSTFLAGS: -Dwarnings
Pipeline Status	Run actions/checkout@v6	2026-08-10T15:43:00.4289670Z   FORCE_JAVASCRIPT_ACTIONS_TO_NODE24: true
Pipeline Status	Run actions/checkout@v6	2026-08-10T15:43:00.4290230Z   GIT_CONFIG_COUNT: 1
Pipeline Status	Run actions/checkout@v6	2026-08-10T15:43:00.4290707Z   GIT_CONFIG_KEY_0: init.defaultBranch
Pipeline Status	Run actions/checkout@v6	2026-08-10T15:43:00.4291242Z   GIT_CONFIG_VALUE_0: main
Pipeline Status	Run actions/checkout@v6	2026-08-10T15:43:00.4291704Z ##[endgroup]
Pipeline Status	Run actions/checkout@v6	2026-08-10T15:43:00.5310783Z Syncing repository: link-foundation/start
Pipeline Status	Run actions/checkout@v6	2026-08-10T15:43:00.5313522Z ##[group]Getting Git version info
Pipeline Status	Run actions/checkout@v6	2026-08-10T15:43:00.5314908Z Working directory is '/home/runner/work/start/start'
Pipeline Status	Run actions/checkout@v6	2026-08-10T15:43:00.5316600Z [command]/usr/bin/git version
Pipeline Status	Run actions/checkout@v6	2026-08-10T15:43:00.5391917Z git version 2.54.0
Pipeline Status	Run actions/checkout@v6	2026-08-10T15:43:00.5462846Z ##[endgroup]
Pipeline Status	Run actions/checkout@v6	2026-08-10T15:43:00.5472711Z Temporarily overriding HOME='/home/runner/work/_temp/0327226f-3f07-4e91-addd-7955c602fc22' before making global git config changes
Pipeline Status	Run actions/checkout@v6	2026-08-10T15:43:00.5475498Z Adding repository directory to the temporary git global config as a safe directory
Pipeline Status	Run actions/checkout@v6	2026-08-10T15:43:00.5481770Z [command]/usr/bin/git config --global --add safe.directory /home/runner/work/start/start
Pipeline Status	Run actions/checkout@v6	2026-08-10T15:43:00.5544306Z Deleting the contents of '/home/runner/work/start/start'
Pipeline Status	Run actions/checkout@v6	2026-08-10T15:43:00.5548631Z ##[group]Determining repository object format
Pipeline Status	Run actions/checkout@v6	2026-08-10T15:43:00.5551474Z ##[endgroup]
Pipeline Status	Run actions/checkout@v6	2026-08-10T15:43:00.5553150Z ##[group]Initializing the repository
Pipeline Status	Run actions/checkout@v6	2026-08-10T15:43:00.5557497Z [command]/usr/bin/git init /home/runner/work/start/start
Pipeline Status	Run actions/checkout@v6	2026-08-10T15:43:00.5683560Z Initialized empty Git repository in /home/runner/work/start/start/.git/
Pipeline Status	Run actions/checkout@v6	2026-08-10T15:43:00.5695648Z [command]/usr/bin/git remote add origin https://github.com/link-foundation/start
Pipeline Status	Run actions/checkout@v6	2026-08-10T15:43:00.5745732Z ##[endgroup]
Pipeline Status	Run actions/checkout@v6	2026-08-10T15:43:00.5747060Z ##[group]Disabling automatic garbage collection
Pipeline Status	Run actions/checkout@v6	2026-08-10T15:43:00.5751664Z [command]/usr/bin/git config --local gc.auto 0
Pipeline Status	Run actions/checkout@v6	2026-08-10T15:43:00.5786135Z ##[endgroup]
Pipeline Status	Run actions/checkout@v6	2026-08-10T15:43:00.5787608Z ##[group]Setting up auth
Pipeline Status	Run actions/checkout@v6	2026-08-10T15:43:00.5788564Z Removing SSH command configuration
Pipeline Status	Run actions/checkout@v6	2026-08-10T15:43:00.5796035Z [command]/usr/bin/git config --local --name-only --get-regexp core\.sshCommand
Pipeline Status	Run actions/checkout@v6	2026-08-10T15:43:00.5839476Z [command]/usr/bin/git submodule foreach --recursive sh -c "git config --local --name-only --get-regexp 'core\.sshCommand' && git config --local --unset-all 'core.sshCommand' || :"
Pipeline Status	Run actions/checkout@v6	2026-08-10T15:43:00.6263789Z Removing HTTP extra header
Pipeline Status	Run actions/checkout@v6	2026-08-10T15:43:00.6271033Z [command]/usr/bin/git config --local --name-only --get-regexp http\.https\:\/\/github\.com\/\.extraheader
Pipeline Status	Run actions/checkout@v6	2026-08-10T15:43:00.6308797Z [command]/usr/bin/git submodule foreach --recursive sh -c "git config --local --name-only --get-regexp 'http\.https\:\/\/github\.com\/\.extraheader' && git config --local --unset-all 'http.https://github.com/.extraheader' || :"
Pipeline Status	Run actions/checkout@v6	2026-08-10T15:43:00.6529218Z Removing includeIf entries pointing to credentials config files
Pipeline Status	Run actions/checkout@v6	2026-08-10T15:43:00.6536646Z [command]/usr/bin/git config --local --name-only --get-regexp ^includeIf\.gitdir:
Pipeline Status	Run actions/checkout@v6	2026-08-10T15:43:00.6573564Z [command]/usr/bin/git submodule foreach --recursive git config --local --show-origin --name-only --get-regexp remote.origin.url
Pipeline Status	Run actions/checkout@v6	2026-08-10T15:43:00.6801222Z [command]/usr/bin/git config --file /home/runner/work/_temp/git-credentials-e2dd4b6e-d6f8-46fc-a0cf-f9419452d22d.config http.https://github.com/.extraheader AUTHORIZATION: basic ***
Pipeline Status	Run actions/checkout@v6	2026-08-10T15:43:00.6842640Z [command]/usr/bin/git config --local includeIf.gitdir:/home/runner/work/start/start/.git.path /home/runner/work/_temp/git-credentials-e2dd4b6e-d6f8-46fc-a0cf-f9419452d22d.config
Pipeline Status	Run actions/checkout@v6	2026-08-10T15:43:00.6877022Z [command]/usr/bin/git config --local includeIf.gitdir:/home/runner/work/start/start/.git/worktrees/*.path /home/runner/work/_temp/git-credentials-e2dd4b6e-d6f8-46fc-a0cf-f9419452d22d.config
Pipeline Status	Run actions/checkout@v6	2026-08-10T15:43:00.6914245Z [command]/usr/bin/git config --local includeIf.gitdir:/github/workspace/.git.path /github/runner_temp/git-credentials-e2dd4b6e-d6f8-46fc-a0cf-f9419452d22d.config
Pipeline Status	Run actions/checkout@v6	2026-08-10T15:43:00.6958678Z [command]/usr/bin/git config --local includeIf.gitdir:/github/workspace/.git/worktrees/*.path /github/runner_temp/git-credentials-e2dd4b6e-d6f8-46fc-a0cf-f9419452d22d.config
Pipeline Status	Run actions/checkout@v6	2026-08-10T15:43:00.6991362Z ##[endgroup]
Pipeline Status	Run actions/checkout@v6	2026-08-10T15:43:00.6992143Z ##[group]Fetching the repository
Pipeline Status	Run actions/checkout@v6	2026-08-10T15:43:00.7003947Z [command]/usr/bin/git -c protocol.version=2 fetch --no-tags --prune --no-recurse-submodules --depth=1 origin +c88600c0d8ff8d80941044138e858ae826ae3010:refs/remotes/pull/161/merge
Pipeline Status	Run actions/checkout@v6	2026-08-10T15:43:01.0442163Z From https://github.com/link-foundation/start
Pipeline Status	Run actions/checkout@v6	2026-08-10T15:43:01.0444237Z  * [new ref]         c88600c0d8ff8d80941044138e858ae826ae3010 -> pull/161/merge
Pipeline Status	Run actions/checkout@v6	2026-08-10T15:43:01.0481175Z ##[endgroup]
Pipeline Status	Run actions/checkout@v6	2026-08-10T15:43:01.0482541Z ##[group]Determining the checkout info
Pipeline Status	Run actions/checkout@v6	2026-08-10T15:43:01.0483571Z ##[endgroup]
Pipeline Status	Run actions/checkout@v6	2026-08-10T15:43:01.0488025Z [command]/usr/bin/git sparse-checkout disable
Pipeline Status	Run actions/checkout@v6	2026-08-10T15:43:01.0538077Z [command]/usr/bin/git config --local --unset-all extensions.worktreeConfig
Pipeline Status	Run actions/checkout@v6	2026-08-10T15:43:01.0569946Z ##[group]Checking out the ref
Pipeline Status	Run actions/checkout@v6	2026-08-10T15:43:01.0576110Z [command]/usr/bin/git checkout --progress --force refs/remotes/pull/161/merge
Pipeline Status	Run actions/checkout@v6	2026-08-10T15:43:01.1347688Z Note: switching to 'refs/remotes/pull/161/merge'.
Pipeline Status	Run actions/checkout@v6	2026-08-10T15:43:01.1358601Z 
Pipeline Status	Run actions/checkout@v6	2026-08-10T15:43:01.1359852Z You are in 'detached HEAD' state. You can look around, make experimental
Pipeline Status	Run actions/checkout@v6	2026-08-10T15:43:01.1362454Z changes and commit them, and you can discard any commits you make in this
Pipeline Status	Run actions/checkout@v6	2026-08-10T15:43:01.1365218Z state without impacting any branches by switching back to a branch.
Pipeline Status	Run actions/checkout@v6	2026-08-10T15:43:01.1366832Z 
Pipeline Status	Run actions/checkout@v6	2026-08-10T15:43:01.1368035Z If you want to create a new branch to retain commits you create, you may
Pipeline Status	Run actions/checkout@v6	2026-08-10T15:43:01.1370223Z do so (now or later) by using -c with the switch command. Example:
Pipeline Status	Run actions/checkout@v6	2026-08-10T15:43:01.1371582Z 
Pipeline Status	Run actions/checkout@v6	2026-08-10T15:43:01.1372239Z   git switch -c <new-branch-name>
Pipeline Status	Run actions/checkout@v6	2026-08-10T15:43:01.1373252Z 
Pipeline Status	Run actions/checkout@v6	2026-08-10T15:43:01.1373654Z Or undo this operation with:
Pipeline Status	Run actions/checkout@v6	2026-08-10T15:43:01.1374251Z 
Pipeline Status	Run actions/checkout@v6	2026-08-10T15:43:01.1374824Z   git switch -
Pipeline Status	Run actions/checkout@v6	2026-08-10T15:43:01.1375300Z 
Pipeline Status	Run actions/checkout@v6	2026-08-10T15:43:01.1376070Z Turn off this advice by setting config variable advice.detachedHead to false
Pipeline Status	Run actions/checkout@v6	2026-08-10T15:43:01.1377117Z 
Pipeline Status	Run actions/checkout@v6	2026-08-10T15:43:01.1378454Z HEAD is now at c88600c Merge 3562e612036bcd5e3fa75dcb89d8b334d7a954ac into db1ad4d0b2119148b4ad6e870080f8178a2a8e93
Pipeline Status	Run actions/checkout@v6	2026-08-10T15:43:01.1382656Z ##[endgroup]
Pipeline Status	Run actions/checkout@v6	2026-08-10T15:43:01.1421829Z [command]/usr/bin/git log -1 --format=%H
Pipeline Status	Run actions/checkout@v6	2026-08-10T15:43:01.1450538Z c88600c0d8ff8d80941044138e858ae826ae3010
Pipeline Status	Check aggregate pipeline status	﻿2026-08-10T15:43:01.1750360Z ##[group]Run bash scripts/check-pipeline-status.sh
Pipeline Status	Check aggregate pipeline status	2026-08-10T15:43:01.1751650Z ^[[36;1mbash scripts/check-pipeline-status.sh^[[0m
Pipeline Status	Check aggregate pipeline status	2026-08-10T15:43:01.1801364Z shell: /usr/bin/bash -e {0}
Pipeline Status	Check aggregate pipeline status	2026-08-10T15:43:01.1802144Z env:
Pipeline Status	Check aggregate pipeline status	2026-08-10T15:43:01.1802610Z   CARGO_TERM_COLOR: always
Pipeline Status	Check aggregate pipeline status	2026-08-10T15:43:01.1803255Z   CARGO_NET_RETRY: 10
Pipeline Status	Check aggregate pipeline status	2026-08-10T15:43:01.1803883Z   CARGO_HTTP_MULTIPLEXING: false
Pipeline Status	Check aggregate pipeline status	2026-08-10T15:43:01.1805007Z   RUSTFLAGS: -Dwarnings
Pipeline Status	Check aggregate pipeline status	2026-08-10T15:43:01.1805785Z   FORCE_JAVASCRIPT_ACTIONS_TO_NODE24: true
Pipeline Status	Check aggregate pipeline status	2026-08-10T15:43:01.1806688Z   GIT_CONFIG_COUNT: 1
Pipeline Status	Check aggregate pipeline status	2026-08-10T15:43:01.1807370Z   GIT_CONFIG_KEY_0: init.defaultBranch
Pipeline Status	Check aggregate pipeline status	2026-08-10T15:43:01.1808216Z   GIT_CONFIG_VALUE_0: main
Pipeline Status	Check aggregate pipeline status	2026-08-10T15:43:01.1817967Z   NEEDS_JSON: {
Pipeline Status	Check aggregate pipeline status	  "syntax-check": {
Pipeline Status	Check aggregate pipeline status	    "result": "success",
Pipeline Status	Check aggregate pipeline status	    "outputs": {}
Pipeline Status	Check aggregate pipeline status	  },
Pipeline Status	Check aggregate pipeline status	  "detect-changes": {
Pipeline Status	Check aggregate pipeline status	    "result": "success",
Pipeline Status	Check aggregate pipeline status	    "outputs": {
Pipeline Status	Check aggregate pipeline status	      "mjs-changed": "false",
Pipeline Status	Check aggregate pipeline status	      "docs-changed": "true",
Pipeline Status	Check aggregate pipeline status	      "workflow-changed": "false",
Pipeline Status	Check aggregate pipeline status	      "any-rust-code-changed": "true",
Pipeline Status	Check aggregate pipeline status	      "rs-changed": "true",
Pipeline Status	Check aggregate pipeline status	      "toml-changed": "false"
Pipeline Status	Check aggregate pipeline status	    }
Pipeline Status	Check aggregate pipeline status	  },
Pipeline Status	Check aggregate pipeline status	  "version-check": {
Pipeline Status	Check aggregate pipeline status	    "result": "success",
Pipeline Status	Check aggregate pipeline status	    "outputs": {}
Pipeline Status	Check aggregate pipeline status	  },
Pipeline Status	Check aggregate pipeline status	  "changelog": {
Pipeline Status	Check aggregate pipeline status	    "result": "failure",
Pipeline Status	Check aggregate pipeline status	    "outputs": {}
Pipeline Status	Check aggregate pipeline status	  },
Pipeline Status	Check aggregate pipeline status	  "lint": {
Pipeline Status	Check aggregate pipeline status	    "result": "success",
Pipeline Status	Check aggregate pipeline status	    "outputs": {}
Pipeline Status	Check aggregate pipeline status	  },
Pipeline Status	Check aggregate pipeline status	  "test": {
Pipeline Status	Check aggregate pipeline status	    "result": "skipped",
Pipeline Status	Check aggregate pipeline status	    "outputs": {}
Pipeline Status	Check aggregate pipeline status	  },
Pipeline Status	Check aggregate pipeline status	  "test-parity": {
Pipeline Status	Check aggregate pipeline status	    "result": "success",
Pipeline Status	Check aggregate pipeline status	    "outputs": {}
Pipeline Status	Check aggregate pipeline status	  },
Pipeline Status	Check aggregate pipeline status	  "coverage": {
Pipeline Status	Check aggregate pipeline status	    "result": "skipped",
Pipeline Status	Check aggregate pipeline status	    "outputs": {}
Pipeline Status	Check aggregate pipeline status	  },
Pipeline Status	Check aggregate pipeline status	  "build": {
Pipeline Status	Check aggregate pipeline status	    "result": "skipped",
Pipeline Status	Check aggregate pipeline status	    "outputs": {}
Pipeline Status	Check aggregate pipeline status	  },
Pipeline Status	Check aggregate pipeline status	  "auto-release": {
Pipeline Status	Check aggregate pipeline status	    "result": "skipped",
Pipeline Status	Check aggregate pipeline status	    "outputs": {}
Pipeline Status	Check aggregate pipeline status	  },
Pipeline Status	Check aggregate pipeline status	  "manual-release": {
Pipeline Status	Check aggregate pipeline status	    "result": "skipped",
Pipeline Status	Check aggregate pipeline status	    "outputs": {}
Pipeline Status	Check aggregate pipeline status	  }
Pipeline Status	Check aggregate pipeline status	}
Pipeline Status	Check aggregate pipeline status	2026-08-10T15:43:01.1827607Z   IS_MAIN: false
Pipeline Status	Check aggregate pipeline status	2026-08-10T15:43:01.1828112Z ##[endgroup]
Pipeline Status	Check aggregate pipeline status	2026-08-10T15:43:01.2385157Z Failed jobs:    changelog
Pipeline Status	Check aggregate pipeline status	2026-08-10T15:43:01.2386484Z Cancelled jobs: <none>
Pipeline Status	Check aggregate pipeline status	2026-08-10T15:43:01.2407604Z ##[error]Pipeline failed. Failing jobs: changelog
Pipeline Status	Check aggregate pipeline status	2026-08-10T15:43:01.2422717Z ##[error]Process completed with exit code 1.
Pipeline Status	Post Run actions/checkout@v6	﻿2026-08-10T15:43:01.2730925Z Post job cleanup.
Pipeline Status	Post Run actions/checkout@v6	2026-08-10T15:43:01.3617463Z [command]/usr/bin/git version
Pipeline Status	Post Run actions/checkout@v6	2026-08-10T15:43:01.3664078Z git version 2.54.0
Pipeline Status	Post Run actions/checkout@v6	2026-08-10T15:43:01.3710669Z Temporarily overriding HOME='/home/runner/work/_temp/b739b18d-17de-4745-b071-8bcf5e7a7917' before making global git config changes
Pipeline Status	Post Run actions/checkout@v6	2026-08-10T15:43:01.3715289Z Adding repository directory to the temporary git global config as a safe directory
Pipeline Status	Post Run actions/checkout@v6	2026-08-10T15:43:01.3718377Z [command]/usr/bin/git config --global --add safe.directory /home/runner/work/start/start
Pipeline Status	Post Run actions/checkout@v6	2026-08-10T15:43:01.3753194Z Removing SSH command configuration
Pipeline Status	Post Run actions/checkout@v6	2026-08-10T15:43:01.3761151Z [command]/usr/bin/git config --local --name-only --get-regexp core\.sshCommand
Pipeline Status	Post Run actions/checkout@v6	2026-08-10T15:43:01.3803976Z [command]/usr/bin/git submodule foreach --recursive sh -c "git config --local --name-only --get-regexp 'core\.sshCommand' && git config --local --unset-all 'core.sshCommand' || :"
Pipeline Status	Post Run actions/checkout@v6	2026-08-10T15:43:01.4050708Z Removing HTTP extra header
Pipeline Status	Post Run actions/checkout@v6	2026-08-10T15:43:01.4059594Z [command]/usr/bin/git config --local --name-only --get-regexp http\.https\:\/\/github\.com\/\.extraheader
Pipeline Status	Post Run actions/checkout@v6	2026-08-10T15:43:01.4109962Z [command]/usr/bin/git submodule foreach --recursive sh -c "git config --local --name-only --get-regexp 'http\.https\:\/\/github\.com\/\.extraheader' && git config --local --unset-all 'http.https://github.com/.extraheader' || :"
Pipeline Status	Post Run actions/checkout@v6	2026-08-10T15:43:01.4348616Z Removing includeIf entries pointing to credentials config files
Pipeline Status	Post Run actions/checkout@v6	2026-08-10T15:43:01.4356969Z [command]/usr/bin/git config --local --name-only --get-regexp ^includeIf\.gitdir:
Pipeline Status	Post Run actions/checkout@v6	2026-08-10T15:43:01.4389378Z includeif.gitdir:/home/runner/work/start/start/.git.path
Pipeline Status	Post Run actions/checkout@v6	2026-08-10T15:43:01.4391101Z includeif.gitdir:/home/runner/work/start/start/.git/worktrees/*.path
Pipeline Status	Post Run actions/checkout@v6	2026-08-10T15:43:01.4392585Z includeif.gitdir:/github/workspace/.git.path
Pipeline Status	Post Run actions/checkout@v6	2026-08-10T15:43:01.4393884Z includeif.gitdir:/github/workspace/.git/worktrees/*.path
Pipeline Status	Post Run actions/checkout@v6	2026-08-10T15:43:01.4402860Z [command]/usr/bin/git config --local --get-all includeif.gitdir:/home/runner/work/start/start/.git.path
Pipeline Status	Post Run actions/checkout@v6	2026-08-10T15:43:01.4430822Z /home/runner/work/_temp/git-credentials-e2dd4b6e-d6f8-46fc-a0cf-f9419452d22d.config
Pipeline Status	Post Run actions/checkout@v6	2026-08-10T15:43:01.4445344Z [command]/usr/bin/git config --local --unset includeif.gitdir:/home/runner/work/start/start/.git.path /home/runner/work/_temp/git-credentials-e2dd4b6e-d6f8-46fc-a0cf-f9419452d22d.config
Pipeline Status	Post Run actions/checkout@v6	2026-08-10T15:43:01.4487639Z [command]/usr/bin/git config --local --get-all includeif.gitdir:/home/runner/work/start/start/.git/worktrees/*.path
Pipeline Status	Post Run actions/checkout@v6	2026-08-10T15:43:01.4514232Z /home/runner/work/_temp/git-credentials-e2dd4b6e-d6f8-46fc-a0cf-f9419452d22d.config
Pipeline Status	Post Run actions/checkout@v6	2026-08-10T15:43:01.4526751Z [command]/usr/bin/git config --local --unset includeif.gitdir:/home/runner/work/start/start/.git/worktrees/*.path /home/runner/work/_temp/git-credentials-e2dd4b6e-d6f8-46fc-a0cf-f9419452d22d.config
Pipeline Status	Post Run actions/checkout@v6	2026-08-10T15:43:01.4580075Z [command]/usr/bin/git config --local --get-all includeif.gitdir:/github/workspace/.git.path
Pipeline Status	Post Run actions/checkout@v6	2026-08-10T15:43:01.4616622Z /github/runner_temp/git-credentials-e2dd4b6e-d6f8-46fc-a0cf-f9419452d22d.config
Pipeline Status	Post Run actions/checkout@v6	2026-08-10T15:43:01.4622121Z [command]/usr/bin/git config --local --unset includeif.gitdir:/github/workspace/.git.path /github/runner_temp/git-credentials-e2dd4b6e-d6f8-46fc-a0cf-f9419452d22d.config
Pipeline Status	Post Run actions/checkout@v6	2026-08-10T15:43:01.4676021Z [command]/usr/bin/git config --local --get-all includeif.gitdir:/github/workspace/.git/worktrees/*.path
Pipeline Status	Post Run actions/checkout@v6	2026-08-10T15:43:01.4701178Z /github/runner_temp/git-credentials-e2dd4b6e-d6f8-46fc-a0cf-f9419452d22d.config
Pipeline Status	Post Run actions/checkout@v6	2026-08-10T15:43:01.4712001Z [command]/usr/bin/git config --local --unset includeif.gitdir:/github/workspace/.git/worktrees/*.path /github/runner_temp/git-credentials-e2dd4b6e-d6f8-46fc-a0cf-f9419452d22d.config
Pipeline Status	Post Run actions/checkout@v6	2026-08-10T15:43:01.4751350Z [command]/usr/bin/git submodule foreach --recursive git config --local --show-origin --name-only --get-regexp remote.origin.url
Pipeline Status	Post Run actions/checkout@v6	2026-08-10T15:43:01.4981408Z Removing credentials config '/home/runner/work/_temp/git-credentials-e2dd4b6e-d6f8-46fc-a0cf-f9419452d22d.config'
Pipeline Status	Complete job	﻿2026-08-10T15:43:01.5145595Z Cleaning up orphan processes
