Dependency Review	Set up job	﻿2026-09-03T08:12:45.5734680Z Current runner version: '2.337.0'
Dependency Review	Set up job	2026-09-03T08:12:45.5770198Z ##[group]Runner Image Provisioner
Dependency Review	Set up job	2026-09-03T08:12:45.5771499Z Hosted Compute Agent
Dependency Review	Set up job	2026-09-03T08:12:45.5772921Z Version: 20260828.587
Dependency Review	Set up job	2026-09-03T08:12:45.5773978Z Commit: abac92662cab4cc7352de4f9f9d2e2419aad9c29
Dependency Review	Set up job	2026-09-03T08:12:45.5775189Z Build Date: 2026-08-28T16:44:25Z
Dependency Review	Set up job	2026-09-03T08:12:45.5776419Z Worker ID: {1b001550-a3b4-4fe0-970f-71843ac08a85}
Dependency Review	Set up job	2026-09-03T08:12:45.5777582Z Azure Region: eastus
Dependency Review	Set up job	2026-09-03T08:12:45.5778561Z ##[endgroup]
Dependency Review	Set up job	2026-09-03T08:12:45.5780836Z ##[group]Operating System
Dependency Review	Set up job	2026-09-03T08:12:45.5782192Z Ubuntu
Dependency Review	Set up job	2026-09-03T08:12:45.5783172Z 24.04.4
Dependency Review	Set up job	2026-09-03T08:12:45.5784064Z LTS
Dependency Review	Set up job	2026-09-03T08:12:45.5784951Z ##[endgroup]
Dependency Review	Set up job	2026-09-03T08:12:45.5785902Z ##[group]Runner Image
Dependency Review	Set up job	2026-09-03T08:12:45.5786907Z Image: ubuntu-24.04
Dependency Review	Set up job	2026-09-03T08:12:45.5787880Z Version: 20260831.293.1
Dependency Review	Set up job	2026-09-03T08:12:45.5789702Z Included Software: https://github.com/actions/runner-images/blob/ubuntu24/20260831.293/images/ubuntu/Ubuntu2404-Readme.md
Dependency Review	Set up job	2026-09-03T08:12:45.5793054Z Image Release: https://github.com/actions/runner-images/releases/tag/ubuntu24%2F20260831.293
Dependency Review	Set up job	2026-09-03T08:12:45.5794719Z ##[endgroup]
Dependency Review	Set up job	2026-09-03T08:12:45.5796935Z ##[group]GITHUB_TOKEN Permissions
Dependency Review	Set up job	2026-09-03T08:12:45.5799619Z Contents: read
Dependency Review	Set up job	2026-09-03T08:12:45.5800590Z Metadata: read
Dependency Review	Set up job	2026-09-03T08:12:45.5801463Z PullRequests: write
Dependency Review	Set up job	2026-09-03T08:12:45.5802753Z ##[endgroup]
Dependency Review	Set up job	2026-09-03T08:12:45.5805605Z Secret source: Actions
Dependency Review	Set up job	2026-09-03T08:12:45.5807468Z Prepare workflow directory
Dependency Review	Set up job	2026-09-03T08:12:45.6363242Z Prepare all required actions
Dependency Review	Set up job	2026-09-03T08:12:45.6434243Z Getting action download info
Dependency Review	Set up job	2026-09-03T08:12:45.8375254Z Download action repository 'actions/checkout@v6' (SHA:d23441a48e516b6c34aea4fa41551a30e30af803)
Dependency Review	Set up job	2026-09-03T08:12:45.9384521Z Download action repository 'actions/dependency-review-action@v5' (SHA:a1d282b36b6f3519aa1f3fc636f609c47dddb294)
Dependency Review	Set up job	2026-09-03T08:12:46.2565148Z Complete job name: Dependency Review
Dependency Review	Run actions/checkout@v6	﻿2026-09-03T08:12:46.3369392Z ##[group]Run actions/checkout@v6
Dependency Review	Run actions/checkout@v6	2026-09-03T08:12:46.3370326Z with:
Dependency Review	Run actions/checkout@v6	2026-09-03T08:12:46.3370790Z   repository: link-foundation/start
Dependency Review	Run actions/checkout@v6	2026-09-03T08:12:46.3374877Z   token: ***
Dependency Review	Run actions/checkout@v6	2026-09-03T08:12:46.3375328Z   ssh-strict: true
Dependency Review	Run actions/checkout@v6	2026-09-03T08:12:46.3375767Z   ssh-user: git
Dependency Review	Run actions/checkout@v6	2026-09-03T08:12:46.3376218Z   persist-credentials: true
Dependency Review	Run actions/checkout@v6	2026-09-03T08:12:46.3376702Z   clean: true
Dependency Review	Run actions/checkout@v6	2026-09-03T08:12:46.3377149Z   sparse-checkout-cone-mode: true
Dependency Review	Run actions/checkout@v6	2026-09-03T08:12:46.3377669Z   fetch-depth: 1
Dependency Review	Run actions/checkout@v6	2026-09-03T08:12:46.3378090Z   fetch-tags: false
Dependency Review	Run actions/checkout@v6	2026-09-03T08:12:46.3378536Z   show-progress: true
Dependency Review	Run actions/checkout@v6	2026-09-03T08:12:46.3378997Z   lfs: false
Dependency Review	Run actions/checkout@v6	2026-09-03T08:12:46.3379409Z   submodules: false
Dependency Review	Run actions/checkout@v6	2026-09-03T08:12:46.3379861Z   set-safe-directory: true
Dependency Review	Run actions/checkout@v6	2026-09-03T08:12:46.3380367Z   allow-unsafe-pr-checkout: false
Dependency Review	Run actions/checkout@v6	2026-09-03T08:12:46.3381122Z env:
Dependency Review	Run actions/checkout@v6	2026-09-03T08:12:46.3381767Z   GIT_CONFIG_COUNT: 1
Dependency Review	Run actions/checkout@v6	2026-09-03T08:12:46.3382259Z   GIT_CONFIG_KEY_0: init.defaultBranch
Dependency Review	Run actions/checkout@v6	2026-09-03T08:12:46.3382802Z   GIT_CONFIG_VALUE_0: main
Dependency Review	Run actions/checkout@v6	2026-09-03T08:12:46.3383311Z ##[endgroup]
Dependency Review	Run actions/checkout@v6	2026-09-03T08:12:46.4382290Z Syncing repository: link-foundation/start
Dependency Review	Run actions/checkout@v6	2026-09-03T08:12:46.4384869Z ##[group]Getting Git version info
Dependency Review	Run actions/checkout@v6	2026-09-03T08:12:46.4385958Z Working directory is '/home/runner/work/start/start'
Dependency Review	Run actions/checkout@v6	2026-09-03T08:12:46.4387478Z [command]/usr/bin/git version
Dependency Review	Run actions/checkout@v6	2026-09-03T08:12:46.4460633Z git version 2.55.0
Dependency Review	Run actions/checkout@v6	2026-09-03T08:12:46.4484112Z ##[endgroup]
Dependency Review	Run actions/checkout@v6	2026-09-03T08:12:46.4511064Z Temporarily overriding HOME='/home/runner/work/_temp/03429a23-37f6-43d1-b57a-189ca278ffc7' before making global git config changes
Dependency Review	Run actions/checkout@v6	2026-09-03T08:12:46.4513866Z Adding repository directory to the temporary git global config as a safe directory
Dependency Review	Run actions/checkout@v6	2026-09-03T08:12:46.4515321Z [command]/usr/bin/git config --global --add safe.directory /home/runner/work/start/start
Dependency Review	Run actions/checkout@v6	2026-09-03T08:12:46.4563555Z Deleting the contents of '/home/runner/work/start/start'
Dependency Review	Run actions/checkout@v6	2026-09-03T08:12:46.4568073Z ##[group]Determining repository object format
Dependency Review	Run actions/checkout@v6	2026-09-03T08:12:46.4570730Z ##[endgroup]
Dependency Review	Run actions/checkout@v6	2026-09-03T08:12:46.4572567Z ##[group]Initializing the repository
Dependency Review	Run actions/checkout@v6	2026-09-03T08:12:46.4576201Z [command]/usr/bin/git init /home/runner/work/start/start
Dependency Review	Run actions/checkout@v6	2026-09-03T08:12:46.4708251Z Initialized empty Git repository in /home/runner/work/start/start/.git/
Dependency Review	Run actions/checkout@v6	2026-09-03T08:12:46.4718604Z [command]/usr/bin/git remote add origin https://github.com/link-foundation/start
Dependency Review	Run actions/checkout@v6	2026-09-03T08:12:46.4767549Z ##[endgroup]
Dependency Review	Run actions/checkout@v6	2026-09-03T08:12:46.4768824Z ##[group]Disabling automatic garbage collection
Dependency Review	Run actions/checkout@v6	2026-09-03T08:12:46.4771430Z [command]/usr/bin/git config --local gc.auto 0
Dependency Review	Run actions/checkout@v6	2026-09-03T08:12:46.4804011Z ##[endgroup]
Dependency Review	Run actions/checkout@v6	2026-09-03T08:12:46.4805167Z ##[group]Setting up auth
Dependency Review	Run actions/checkout@v6	2026-09-03T08:12:46.4806022Z Removing SSH command configuration
Dependency Review	Run actions/checkout@v6	2026-09-03T08:12:46.4814541Z [command]/usr/bin/git config --local --name-only --get-regexp core\.sshCommand
Dependency Review	Run actions/checkout@v6	2026-09-03T08:12:46.4850590Z [command]/usr/bin/git submodule foreach --recursive sh -c "git config --local --name-only --get-regexp 'core\.sshCommand' && git config --local --unset-all 'core.sshCommand' || :"
Dependency Review	Run actions/checkout@v6	2026-09-03T08:12:46.5230638Z Removing HTTP extra header
Dependency Review	Run actions/checkout@v6	2026-09-03T08:12:46.5238035Z [command]/usr/bin/git config --local --name-only --get-regexp http\.https\:\/\/github\.com\/\.extraheader
Dependency Review	Run actions/checkout@v6	2026-09-03T08:12:46.5281208Z [command]/usr/bin/git submodule foreach --recursive sh -c "git config --local --name-only --get-regexp 'http\.https\:\/\/github\.com\/\.extraheader' && git config --local --unset-all 'http.https://github.com/.extraheader' || :"
Dependency Review	Run actions/checkout@v6	2026-09-03T08:12:46.5518047Z Removing includeIf entries pointing to credentials config files
Dependency Review	Run actions/checkout@v6	2026-09-03T08:12:46.5525027Z [command]/usr/bin/git config --local --name-only --get-regexp ^includeIf\.gitdir:
Dependency Review	Run actions/checkout@v6	2026-09-03T08:12:46.5563305Z [command]/usr/bin/git submodule foreach --recursive git config --local --show-origin --name-only --get-regexp remote.origin.url
Dependency Review	Run actions/checkout@v6	2026-09-03T08:12:46.5808195Z [command]/usr/bin/git config --file /home/runner/work/_temp/git-credentials-954e589f-5594-4561-a7b9-46c1d7142286.config http.https://github.com/.extraheader AUTHORIZATION: basic ***
Dependency Review	Run actions/checkout@v6	2026-09-03T08:12:46.5850732Z [command]/usr/bin/git config --local includeIf.gitdir:/home/runner/work/start/start/.git.path /home/runner/work/_temp/git-credentials-954e589f-5594-4561-a7b9-46c1d7142286.config
Dependency Review	Run actions/checkout@v6	2026-09-03T08:12:46.5893625Z [command]/usr/bin/git config --local includeIf.gitdir:/home/runner/work/start/start/.git/worktrees/*.path /home/runner/work/_temp/git-credentials-954e589f-5594-4561-a7b9-46c1d7142286.config
Dependency Review	Run actions/checkout@v6	2026-09-03T08:12:46.5929632Z [command]/usr/bin/git config --local includeIf.gitdir:/github/workspace/.git.path /github/runner_temp/git-credentials-954e589f-5594-4561-a7b9-46c1d7142286.config
Dependency Review	Run actions/checkout@v6	2026-09-03T08:12:46.5969873Z [command]/usr/bin/git config --local includeIf.gitdir:/github/workspace/.git/worktrees/*.path /github/runner_temp/git-credentials-954e589f-5594-4561-a7b9-46c1d7142286.config
Dependency Review	Run actions/checkout@v6	2026-09-03T08:12:46.6003632Z ##[endgroup]
Dependency Review	Run actions/checkout@v6	2026-09-03T08:12:46.6004619Z ##[group]Fetching the repository
Dependency Review	Run actions/checkout@v6	2026-09-03T08:12:46.6014858Z [command]/usr/bin/git -c protocol.version=2 fetch --no-tags --prune --no-recurse-submodules --depth=1 origin +f8b77fcf8a07ec7eb2cd99b9f4f3d57436e90f74:refs/remotes/pull/163/merge
Dependency Review	Run actions/checkout@v6	2026-09-03T08:12:47.2177399Z From https://github.com/link-foundation/start
Dependency Review	Run actions/checkout@v6	2026-09-03T08:12:47.2179437Z  * [new ref]         f8b77fcf8a07ec7eb2cd99b9f4f3d57436e90f74 -> pull/163/merge
Dependency Review	Run actions/checkout@v6	2026-09-03T08:12:47.2183035Z ##[endgroup]
Dependency Review	Run actions/checkout@v6	2026-09-03T08:12:47.2184035Z ##[group]Determining the checkout info
Dependency Review	Run actions/checkout@v6	2026-09-03T08:12:47.2185079Z ##[endgroup]
Dependency Review	Run actions/checkout@v6	2026-09-03T08:12:47.2190120Z [command]/usr/bin/git sparse-checkout disable
Dependency Review	Run actions/checkout@v6	2026-09-03T08:12:47.2242142Z [command]/usr/bin/git config --local --unset-all extensions.worktreeConfig
Dependency Review	Run actions/checkout@v6	2026-09-03T08:12:47.2273185Z ##[group]Checking out the ref
Dependency Review	Run actions/checkout@v6	2026-09-03T08:12:47.2278291Z [command]/usr/bin/git checkout --progress --force refs/remotes/pull/163/merge
Dependency Review	Run actions/checkout@v6	2026-09-03T08:12:47.3043088Z Note: switching to 'refs/remotes/pull/163/merge'.
Dependency Review	Run actions/checkout@v6	2026-09-03T08:12:47.3043813Z 
Dependency Review	Run actions/checkout@v6	2026-09-03T08:12:47.3044466Z You are in 'detached HEAD' state. You can look around, make experimental
Dependency Review	Run actions/checkout@v6	2026-09-03T08:12:47.3045903Z changes and commit them, and you can discard any commits you make in this
Dependency Review	Run actions/checkout@v6	2026-09-03T08:12:47.3047708Z state without impacting any branches by switching back to a branch.
Dependency Review	Run actions/checkout@v6	2026-09-03T08:12:47.3048500Z 
Dependency Review	Run actions/checkout@v6	2026-09-03T08:12:47.3049106Z If you want to create a new branch to retain commits you create, you may
Dependency Review	Run actions/checkout@v6	2026-09-03T08:12:47.3050316Z do so (now or later) by using -c with the switch command. Example:
Dependency Review	Run actions/checkout@v6	2026-09-03T08:12:47.3051085Z 
Dependency Review	Run actions/checkout@v6	2026-09-03T08:12:47.3051445Z   git switch -c <new-branch-name>
Dependency Review	Run actions/checkout@v6	2026-09-03T08:12:47.3052352Z 
Dependency Review	Run actions/checkout@v6	2026-09-03T08:12:47.3052828Z Or undo this operation with:
Dependency Review	Run actions/checkout@v6	2026-09-03T08:12:47.3053408Z 
Dependency Review	Run actions/checkout@v6	2026-09-03T08:12:47.3053920Z   git switch -
Dependency Review	Run actions/checkout@v6	2026-09-03T08:12:47.3054438Z 
Dependency Review	Run actions/checkout@v6	2026-09-03T08:12:47.3055144Z Turn off this advice by setting config variable advice.detachedHead to false
Dependency Review	Run actions/checkout@v6	2026-09-03T08:12:47.3056013Z 
Dependency Review	Run actions/checkout@v6	2026-09-03T08:12:47.3056995Z HEAD is now at f8b77fc Merge e82435a34e19ae7049d05a841b846a38fab8632d into 013a4c8486439e0c74d07ac4f30cd17236705100
Dependency Review	Run actions/checkout@v6	2026-09-03T08:12:47.3063993Z ##[endgroup]
Dependency Review	Run actions/checkout@v6	2026-09-03T08:12:47.3107821Z [command]/usr/bin/git log -1 --format=%H
Dependency Review	Run actions/checkout@v6	2026-09-03T08:12:47.3134887Z f8b77fcf8a07ec7eb2cd99b9f4f3d57436e90f74
Dependency Review	Check whether the dependency graph is enabled	﻿2026-09-03T08:12:47.3384143Z ##[group]Run set -o pipefail
Dependency Review	Check whether the dependency graph is enabled	2026-09-03T08:12:47.3384937Z ^[[36;1mset -o pipefail^[[0m
Dependency Review	Check whether the dependency graph is enabled	2026-09-03T08:12:47.3385498Z ^[[36;1mstatus=$(gh api \^[[0m
Dependency Review	Check whether the dependency graph is enabled	2026-09-03T08:12:47.3386664Z ^[[36;1m  "repos/link-foundation/start/dependency-graph/compare/013a4c8486439e0c74d07ac4f30cd17236705100...e82435a34e19ae7049d05a841b846a38fab8632d" \^[[0m
Dependency Review	Check whether the dependency graph is enabled	2026-09-03T08:12:47.3387853Z ^[[36;1m  --silent -i 2>/dev/null | head -n 1 | awk '{print $2}' || true)^[[0m
Dependency Review	Check whether the dependency graph is enabled	2026-09-03T08:12:47.3388598Z ^[[36;1mif [ "$status" = "200" ]; then^[[0m
Dependency Review	Check whether the dependency graph is enabled	2026-09-03T08:12:47.3389251Z ^[[36;1m  echo "enabled=true" >> "$GITHUB_OUTPUT"^[[0m
Dependency Review	Check whether the dependency graph is enabled	2026-09-03T08:12:47.3389914Z ^[[36;1melse^[[0m
Dependency Review	Check whether the dependency graph is enabled	2026-09-03T08:12:47.3390583Z ^[[36;1m  echo "enabled=false" >> "$GITHUB_OUTPUT"^[[0m
Dependency Review	Check whether the dependency graph is enabled	2026-09-03T08:12:47.3391346Z ^[[36;1m  echo "::warning::Dependency review skipped: the dependency graph is \^[[0m
Dependency Review	Check whether the dependency graph is enabled	2026-09-03T08:12:47.3392507Z ^[[36;1m  disabled for link-foundation/start (API returned ${status:-error}). \^[[0m
Dependency Review	Check whether the dependency graph is enabled	2026-09-03T08:12:47.3393421Z ^[[36;1m  Enable it under Settings > Code security to activate this gate."^[[0m
Dependency Review	Check whether the dependency graph is enabled	2026-09-03T08:12:47.3394257Z ^[[36;1mfi^[[0m
Dependency Review	Check whether the dependency graph is enabled	2026-09-03T08:12:47.3434618Z shell: /usr/bin/bash -e {0}
Dependency Review	Check whether the dependency graph is enabled	2026-09-03T08:12:47.3435344Z env:
Dependency Review	Check whether the dependency graph is enabled	2026-09-03T08:12:47.3435870Z   GIT_CONFIG_COUNT: 1
Dependency Review	Check whether the dependency graph is enabled	2026-09-03T08:12:47.3436466Z   GIT_CONFIG_KEY_0: init.defaultBranch
Dependency Review	Check whether the dependency graph is enabled	2026-09-03T08:12:47.3437078Z   GIT_CONFIG_VALUE_0: main
Dependency Review	Check whether the dependency graph is enabled	2026-09-03T08:12:47.3440439Z   GH_TOKEN: ***
Dependency Review	Check whether the dependency graph is enabled	2026-09-03T08:12:47.3441024Z ##[endgroup]
Dependency Review	Check whether the dependency graph is enabled	2026-09-03T08:12:47.6703904Z ##[warning]Dependency review skipped: the dependency graph is   disabled for link-foundation/start (API returned 403).   Enable it under Settings > Code security to activate this gate.
Dependency Review	Post Run actions/checkout@v6	﻿2026-09-03T08:12:47.6890254Z Post job cleanup.
Dependency Review	Post Run actions/checkout@v6	2026-09-03T08:12:47.7735038Z [command]/usr/bin/git version
Dependency Review	Post Run actions/checkout@v6	2026-09-03T08:12:47.7775146Z git version 2.55.0
Dependency Review	Post Run actions/checkout@v6	2026-09-03T08:12:47.7815468Z Temporarily overriding HOME='/home/runner/work/_temp/57c0bf30-a1e2-44e3-a9c5-64669ddb6064' before making global git config changes
Dependency Review	Post Run actions/checkout@v6	2026-09-03T08:12:47.7816928Z Adding repository directory to the temporary git global config as a safe directory
Dependency Review	Post Run actions/checkout@v6	2026-09-03T08:12:47.7820337Z [command]/usr/bin/git config --global --add safe.directory /home/runner/work/start/start
Dependency Review	Post Run actions/checkout@v6	2026-09-03T08:12:47.7854066Z Removing SSH command configuration
Dependency Review	Post Run actions/checkout@v6	2026-09-03T08:12:47.7862034Z [command]/usr/bin/git config --local --name-only --get-regexp core\.sshCommand
Dependency Review	Post Run actions/checkout@v6	2026-09-03T08:12:47.7899195Z [command]/usr/bin/git submodule foreach --recursive sh -c "git config --local --name-only --get-regexp 'core\.sshCommand' && git config --local --unset-all 'core.sshCommand' || :"
Dependency Review	Post Run actions/checkout@v6	2026-09-03T08:12:47.8132955Z Removing HTTP extra header
Dependency Review	Post Run actions/checkout@v6	2026-09-03T08:12:47.8145942Z [command]/usr/bin/git config --local --name-only --get-regexp http\.https\:\/\/github\.com\/\.extraheader
Dependency Review	Post Run actions/checkout@v6	2026-09-03T08:12:47.8175332Z [command]/usr/bin/git submodule foreach --recursive sh -c "git config --local --name-only --get-regexp 'http\.https\:\/\/github\.com\/\.extraheader' && git config --local --unset-all 'http.https://github.com/.extraheader' || :"
Dependency Review	Post Run actions/checkout@v6	2026-09-03T08:12:47.8420321Z Removing includeIf entries pointing to credentials config files
Dependency Review	Post Run actions/checkout@v6	2026-09-03T08:12:47.8430542Z [command]/usr/bin/git config --local --name-only --get-regexp ^includeIf\.gitdir:
Dependency Review	Post Run actions/checkout@v6	2026-09-03T08:12:47.8471152Z includeif.gitdir:/home/runner/work/start/start/.git.path
Dependency Review	Post Run actions/checkout@v6	2026-09-03T08:12:47.8472659Z includeif.gitdir:/home/runner/work/start/start/.git/worktrees/*.path
Dependency Review	Post Run actions/checkout@v6	2026-09-03T08:12:47.8474040Z includeif.gitdir:/github/workspace/.git.path
Dependency Review	Post Run actions/checkout@v6	2026-09-03T08:12:47.8475233Z includeif.gitdir:/github/workspace/.git/worktrees/*.path
Dependency Review	Post Run actions/checkout@v6	2026-09-03T08:12:47.8487328Z [command]/usr/bin/git config --local --get-all includeif.gitdir:/home/runner/work/start/start/.git.path
Dependency Review	Post Run actions/checkout@v6	2026-09-03T08:12:47.8516130Z /home/runner/work/_temp/git-credentials-954e589f-5594-4561-a7b9-46c1d7142286.config
Dependency Review	Post Run actions/checkout@v6	2026-09-03T08:12:47.8539509Z [command]/usr/bin/git config --local --unset includeif.gitdir:/home/runner/work/start/start/.git.path /home/runner/work/_temp/git-credentials-954e589f-5594-4561-a7b9-46c1d7142286.config
Dependency Review	Post Run actions/checkout@v6	2026-09-03T08:12:47.8579222Z [command]/usr/bin/git config --local --get-all includeif.gitdir:/home/runner/work/start/start/.git/worktrees/*.path
Dependency Review	Post Run actions/checkout@v6	2026-09-03T08:12:47.8607334Z /home/runner/work/_temp/git-credentials-954e589f-5594-4561-a7b9-46c1d7142286.config
Dependency Review	Post Run actions/checkout@v6	2026-09-03T08:12:47.8620017Z [command]/usr/bin/git config --local --unset includeif.gitdir:/home/runner/work/start/start/.git/worktrees/*.path /home/runner/work/_temp/git-credentials-954e589f-5594-4561-a7b9-46c1d7142286.config
Dependency Review	Post Run actions/checkout@v6	2026-09-03T08:12:47.8658346Z [command]/usr/bin/git config --local --get-all includeif.gitdir:/github/workspace/.git.path
Dependency Review	Post Run actions/checkout@v6	2026-09-03T08:12:47.8685211Z /github/runner_temp/git-credentials-954e589f-5594-4561-a7b9-46c1d7142286.config
Dependency Review	Post Run actions/checkout@v6	2026-09-03T08:12:47.8694467Z [command]/usr/bin/git config --local --unset includeif.gitdir:/github/workspace/.git.path /github/runner_temp/git-credentials-954e589f-5594-4561-a7b9-46c1d7142286.config
Dependency Review	Post Run actions/checkout@v6	2026-09-03T08:12:47.8732948Z [command]/usr/bin/git config --local --get-all includeif.gitdir:/github/workspace/.git/worktrees/*.path
Dependency Review	Post Run actions/checkout@v6	2026-09-03T08:12:47.8761086Z /github/runner_temp/git-credentials-954e589f-5594-4561-a7b9-46c1d7142286.config
Dependency Review	Post Run actions/checkout@v6	2026-09-03T08:12:47.8777778Z [command]/usr/bin/git config --local --unset includeif.gitdir:/github/workspace/.git/worktrees/*.path /github/runner_temp/git-credentials-954e589f-5594-4561-a7b9-46c1d7142286.config
Dependency Review	Post Run actions/checkout@v6	2026-09-03T08:12:47.8815005Z [command]/usr/bin/git submodule foreach --recursive git config --local --show-origin --name-only --get-regexp remote.origin.url
Dependency Review	Post Run actions/checkout@v6	2026-09-03T08:12:47.9033132Z Removing credentials config '/home/runner/work/_temp/git-credentials-954e589f-5594-4561-a7b9-46c1d7142286.config'
Dependency Review	Complete job	﻿2026-09-03T08:12:47.9169207Z Cleaning up orphan processes
Secrets Scan	Set up job	﻿2026-09-03T08:12:45.6345556Z Current runner version: '2.337.0'
Secrets Scan	Set up job	2026-09-03T08:12:45.6373728Z ##[group]Runner Image Provisioner
Secrets Scan	Set up job	2026-09-03T08:12:45.6375040Z Hosted Compute Agent
Secrets Scan	Set up job	2026-09-03T08:12:45.6375657Z Version: 20260828.587
Secrets Scan	Set up job	2026-09-03T08:12:45.6376422Z Commit: abac92662cab4cc7352de4f9f9d2e2419aad9c29
Secrets Scan	Set up job	2026-09-03T08:12:45.6377190Z Build Date: 2026-08-28T16:44:25Z
Secrets Scan	Set up job	2026-09-03T08:12:45.6377899Z Worker ID: {cd0bf8b4-8266-49e3-8f0b-dfa0e04f8796}
Secrets Scan	Set up job	2026-09-03T08:12:45.6378723Z Azure Region: eastus2
Secrets Scan	Set up job	2026-09-03T08:12:45.6379331Z ##[endgroup]
Secrets Scan	Set up job	2026-09-03T08:12:45.6381755Z ##[group]Operating System
Secrets Scan	Set up job	2026-09-03T08:12:45.6382514Z Ubuntu
Secrets Scan	Set up job	2026-09-03T08:12:45.6383097Z 24.04.4
Secrets Scan	Set up job	2026-09-03T08:12:45.6383716Z LTS
Secrets Scan	Set up job	2026-09-03T08:12:45.6384264Z ##[endgroup]
Secrets Scan	Set up job	2026-09-03T08:12:45.6384912Z ##[group]Runner Image
Secrets Scan	Set up job	2026-09-03T08:12:45.6385568Z Image: ubuntu-24.04
Secrets Scan	Set up job	2026-09-03T08:12:45.6386172Z Version: 20260831.293.1
Secrets Scan	Set up job	2026-09-03T08:12:45.6387320Z Included Software: https://github.com/actions/runner-images/blob/ubuntu24/20260831.293/images/ubuntu/Ubuntu2404-Readme.md
Secrets Scan	Set up job	2026-09-03T08:12:45.6389308Z Image Release: https://github.com/actions/runner-images/releases/tag/ubuntu24%2F20260831.293
Secrets Scan	Set up job	2026-09-03T08:12:45.6390311Z ##[endgroup]
Secrets Scan	Set up job	2026-09-03T08:12:45.6391665Z ##[group]GITHUB_TOKEN Permissions
Secrets Scan	Set up job	2026-09-03T08:12:45.6394023Z Contents: read
Secrets Scan	Set up job	2026-09-03T08:12:45.6394658Z Metadata: read
Secrets Scan	Set up job	2026-09-03T08:12:45.6395359Z ##[endgroup]
Secrets Scan	Set up job	2026-09-03T08:12:45.6397924Z Secret source: Actions
Secrets Scan	Set up job	2026-09-03T08:12:45.6399336Z Prepare workflow directory
Secrets Scan	Set up job	2026-09-03T08:12:45.6798207Z Prepare all required actions
Secrets Scan	Set up job	2026-09-03T08:12:45.6849313Z Getting action download info
Secrets Scan	Set up job	2026-09-03T08:12:45.8856153Z Download action repository 'actions/checkout@v6' (SHA:d23441a48e516b6c34aea4fa41551a30e30af803)
Secrets Scan	Set up job	2026-09-03T08:12:46.0771274Z Complete job name: Secrets Scan
Secrets Scan	Run actions/checkout@v6	﻿2026-09-03T08:12:46.1623138Z ##[group]Run actions/checkout@v6
Secrets Scan	Run actions/checkout@v6	2026-09-03T08:12:46.1624037Z with:
Secrets Scan	Run actions/checkout@v6	2026-09-03T08:12:46.1624509Z   repository: link-foundation/start
Secrets Scan	Run actions/checkout@v6	2026-09-03T08:12:46.1628599Z   token: ***
Secrets Scan	Run actions/checkout@v6	2026-09-03T08:12:46.1629182Z   ssh-strict: true
Secrets Scan	Run actions/checkout@v6	2026-09-03T08:12:46.1629672Z   ssh-user: git
Secrets Scan	Run actions/checkout@v6	2026-09-03T08:12:46.1630140Z   persist-credentials: true
Secrets Scan	Run actions/checkout@v6	2026-09-03T08:12:46.1630882Z   clean: true
Secrets Scan	Run actions/checkout@v6	2026-09-03T08:12:46.1631347Z   sparse-checkout-cone-mode: true
Secrets Scan	Run actions/checkout@v6	2026-09-03T08:12:46.1631879Z   fetch-depth: 1
Secrets Scan	Run actions/checkout@v6	2026-09-03T08:12:46.1632321Z   fetch-tags: false
Secrets Scan	Run actions/checkout@v6	2026-09-03T08:12:46.1632778Z   show-progress: true
Secrets Scan	Run actions/checkout@v6	2026-09-03T08:12:46.1633235Z   lfs: false
Secrets Scan	Run actions/checkout@v6	2026-09-03T08:12:46.1633656Z   submodules: false
Secrets Scan	Run actions/checkout@v6	2026-09-03T08:12:46.1634115Z   set-safe-directory: true
Secrets Scan	Run actions/checkout@v6	2026-09-03T08:12:46.1634628Z   allow-unsafe-pr-checkout: false
Secrets Scan	Run actions/checkout@v6	2026-09-03T08:12:46.1635374Z env:
Secrets Scan	Run actions/checkout@v6	2026-09-03T08:12:46.1635788Z   GIT_CONFIG_COUNT: 1
Secrets Scan	Run actions/checkout@v6	2026-09-03T08:12:46.1636288Z   GIT_CONFIG_KEY_0: init.defaultBranch
Secrets Scan	Run actions/checkout@v6	2026-09-03T08:12:46.1636850Z   GIT_CONFIG_VALUE_0: main
Secrets Scan	Run actions/checkout@v6	2026-09-03T08:12:46.1637367Z ##[endgroup]
Secrets Scan	Run actions/checkout@v6	2026-09-03T08:12:46.2679494Z Syncing repository: link-foundation/start
Secrets Scan	Run actions/checkout@v6	2026-09-03T08:12:46.2681981Z ##[group]Getting Git version info
Secrets Scan	Run actions/checkout@v6	2026-09-03T08:12:46.2682956Z Working directory is '/home/runner/work/start/start'
Secrets Scan	Run actions/checkout@v6	2026-09-03T08:12:46.2684547Z [command]/usr/bin/git version
Secrets Scan	Run actions/checkout@v6	2026-09-03T08:12:46.2770148Z git version 2.55.0
Secrets Scan	Run actions/checkout@v6	2026-09-03T08:12:46.2802209Z ##[endgroup]
Secrets Scan	Run actions/checkout@v6	2026-09-03T08:12:46.2868363Z Temporarily overriding HOME='/home/runner/work/_temp/61e15e8b-a090-48c7-abfa-fb4ba6a17498' before making global git config changes
Secrets Scan	Run actions/checkout@v6	2026-09-03T08:12:46.2870845Z Adding repository directory to the temporary git global config as a safe directory
Secrets Scan	Run actions/checkout@v6	2026-09-03T08:12:46.2874883Z [command]/usr/bin/git config --global --add safe.directory /home/runner/work/start/start
Secrets Scan	Run actions/checkout@v6	2026-09-03T08:12:46.2933350Z Deleting the contents of '/home/runner/work/start/start'
Secrets Scan	Run actions/checkout@v6	2026-09-03T08:12:46.2939066Z ##[group]Determining repository object format
Secrets Scan	Run actions/checkout@v6	2026-09-03T08:12:46.2941596Z ##[endgroup]
Secrets Scan	Run actions/checkout@v6	2026-09-03T08:12:46.2943339Z ##[group]Initializing the repository
Secrets Scan	Run actions/checkout@v6	2026-09-03T08:12:46.2947151Z [command]/usr/bin/git init /home/runner/work/start/start
Secrets Scan	Run actions/checkout@v6	2026-09-03T08:12:46.3061158Z Initialized empty Git repository in /home/runner/work/start/start/.git/
Secrets Scan	Run actions/checkout@v6	2026-09-03T08:12:46.3071242Z [command]/usr/bin/git remote add origin https://github.com/link-foundation/start
Secrets Scan	Run actions/checkout@v6	2026-09-03T08:12:46.3118430Z ##[endgroup]
Secrets Scan	Run actions/checkout@v6	2026-09-03T08:12:46.3119658Z ##[group]Disabling automatic garbage collection
Secrets Scan	Run actions/checkout@v6	2026-09-03T08:12:46.3122766Z [command]/usr/bin/git config --local gc.auto 0
Secrets Scan	Run actions/checkout@v6	2026-09-03T08:12:46.3158969Z ##[endgroup]
Secrets Scan	Run actions/checkout@v6	2026-09-03T08:12:46.3160148Z ##[group]Setting up auth
Secrets Scan	Run actions/checkout@v6	2026-09-03T08:12:46.3161184Z Removing SSH command configuration
Secrets Scan	Run actions/checkout@v6	2026-09-03T08:12:46.3168005Z [command]/usr/bin/git config --local --name-only --get-regexp core\.sshCommand
Secrets Scan	Run actions/checkout@v6	2026-09-03T08:12:46.3211589Z [command]/usr/bin/git submodule foreach --recursive sh -c "git config --local --name-only --get-regexp 'core\.sshCommand' && git config --local --unset-all 'core.sshCommand' || :"
Secrets Scan	Run actions/checkout@v6	2026-09-03T08:12:46.3579225Z Removing HTTP extra header
Secrets Scan	Run actions/checkout@v6	2026-09-03T08:12:46.3587138Z [command]/usr/bin/git config --local --name-only --get-regexp http\.https\:\/\/github\.com\/\.extraheader
Secrets Scan	Run actions/checkout@v6	2026-09-03T08:12:46.3627670Z [command]/usr/bin/git submodule foreach --recursive sh -c "git config --local --name-only --get-regexp 'http\.https\:\/\/github\.com\/\.extraheader' && git config --local --unset-all 'http.https://github.com/.extraheader' || :"
Secrets Scan	Run actions/checkout@v6	2026-09-03T08:12:46.3872403Z Removing includeIf entries pointing to credentials config files
Secrets Scan	Run actions/checkout@v6	2026-09-03T08:12:46.3873734Z [command]/usr/bin/git config --local --name-only --get-regexp ^includeIf\.gitdir:
Secrets Scan	Run actions/checkout@v6	2026-09-03T08:12:46.3911370Z [command]/usr/bin/git submodule foreach --recursive git config --local --show-origin --name-only --get-regexp remote.origin.url
Secrets Scan	Run actions/checkout@v6	2026-09-03T08:12:46.4160199Z [command]/usr/bin/git config --file /home/runner/work/_temp/git-credentials-70b93d31-bf7d-46a2-9da2-4e92ec0439a8.config http.https://github.com/.extraheader AUTHORIZATION: basic ***
Secrets Scan	Run actions/checkout@v6	2026-09-03T08:12:46.4206727Z [command]/usr/bin/git config --local includeIf.gitdir:/home/runner/work/start/start/.git.path /home/runner/work/_temp/git-credentials-70b93d31-bf7d-46a2-9da2-4e92ec0439a8.config
Secrets Scan	Run actions/checkout@v6	2026-09-03T08:12:46.4244579Z [command]/usr/bin/git config --local includeIf.gitdir:/home/runner/work/start/start/.git/worktrees/*.path /home/runner/work/_temp/git-credentials-70b93d31-bf7d-46a2-9da2-4e92ec0439a8.config
Secrets Scan	Run actions/checkout@v6	2026-09-03T08:12:46.4317995Z [command]/usr/bin/git config --local includeIf.gitdir:/github/workspace/.git.path /github/runner_temp/git-credentials-70b93d31-bf7d-46a2-9da2-4e92ec0439a8.config
Secrets Scan	Run actions/checkout@v6	2026-09-03T08:12:46.4354179Z [command]/usr/bin/git config --local includeIf.gitdir:/github/workspace/.git/worktrees/*.path /github/runner_temp/git-credentials-70b93d31-bf7d-46a2-9da2-4e92ec0439a8.config
Secrets Scan	Run actions/checkout@v6	2026-09-03T08:12:46.4385832Z ##[endgroup]
Secrets Scan	Run actions/checkout@v6	2026-09-03T08:12:46.4386648Z ##[group]Fetching the repository
Secrets Scan	Run actions/checkout@v6	2026-09-03T08:12:46.4394937Z [command]/usr/bin/git -c protocol.version=2 fetch --no-tags --prune --no-recurse-submodules --depth=1 origin +f8b77fcf8a07ec7eb2cd99b9f4f3d57436e90f74:refs/remotes/pull/163/merge
Secrets Scan	Run actions/checkout@v6	2026-09-03T08:12:47.0981150Z From https://github.com/link-foundation/start
Secrets Scan	Run actions/checkout@v6	2026-09-03T08:12:47.0983109Z  * [new ref]         f8b77fcf8a07ec7eb2cd99b9f4f3d57436e90f74 -> pull/163/merge
Secrets Scan	Run actions/checkout@v6	2026-09-03T08:12:47.0987473Z ##[endgroup]
Secrets Scan	Run actions/checkout@v6	2026-09-03T08:12:47.0989131Z ##[group]Determining the checkout info
Secrets Scan	Run actions/checkout@v6	2026-09-03T08:12:47.0991137Z ##[endgroup]
Secrets Scan	Run actions/checkout@v6	2026-09-03T08:12:47.0995060Z [command]/usr/bin/git sparse-checkout disable
Secrets Scan	Run actions/checkout@v6	2026-09-03T08:12:47.1052246Z [command]/usr/bin/git config --local --unset-all extensions.worktreeConfig
Secrets Scan	Run actions/checkout@v6	2026-09-03T08:12:47.1091048Z ##[group]Checking out the ref
Secrets Scan	Run actions/checkout@v6	2026-09-03T08:12:47.1094052Z [command]/usr/bin/git checkout --progress --force refs/remotes/pull/163/merge
Secrets Scan	Run actions/checkout@v6	2026-09-03T08:12:47.1919473Z Note: switching to 'refs/remotes/pull/163/merge'.
Secrets Scan	Run actions/checkout@v6	2026-09-03T08:12:47.1921184Z 
Secrets Scan	Run actions/checkout@v6	2026-09-03T08:12:47.1922183Z You are in 'detached HEAD' state. You can look around, make experimental
Secrets Scan	Run actions/checkout@v6	2026-09-03T08:12:47.1924596Z changes and commit them, and you can discard any commits you make in this
Secrets Scan	Run actions/checkout@v6	2026-09-03T08:12:47.1926997Z state without impacting any branches by switching back to a branch.
Secrets Scan	Run actions/checkout@v6	2026-09-03T08:12:47.1928400Z 
Secrets Scan	Run actions/checkout@v6	2026-09-03T08:12:47.1929349Z If you want to create a new branch to retain commits you create, you may
Secrets Scan	Run actions/checkout@v6	2026-09-03T08:12:47.1931991Z do so (now or later) by using -c with the switch command. Example:
Secrets Scan	Run actions/checkout@v6	2026-09-03T08:12:47.1932912Z 
Secrets Scan	Run actions/checkout@v6	2026-09-03T08:12:47.1933333Z   git switch -c <new-branch-name>
Secrets Scan	Run actions/checkout@v6	2026-09-03T08:12:47.1934040Z 
Secrets Scan	Run actions/checkout@v6	2026-09-03T08:12:47.1934616Z Or undo this operation with:
Secrets Scan	Run actions/checkout@v6	2026-09-03T08:12:47.1935600Z 
Secrets Scan	Run actions/checkout@v6	2026-09-03T08:12:47.1936272Z   git switch -
Secrets Scan	Run actions/checkout@v6	2026-09-03T08:12:47.1936954Z 
Secrets Scan	Run actions/checkout@v6	2026-09-03T08:12:47.1938020Z Turn off this advice by setting config variable advice.detachedHead to false
Secrets Scan	Run actions/checkout@v6	2026-09-03T08:12:47.1939346Z 
Secrets Scan	Run actions/checkout@v6	2026-09-03T08:12:47.1941021Z HEAD is now at f8b77fc Merge e82435a34e19ae7049d05a841b846a38fab8632d into 013a4c8486439e0c74d07ac4f30cd17236705100
Secrets Scan	Run actions/checkout@v6	2026-09-03T08:12:47.1945976Z ##[endgroup]
Secrets Scan	Run actions/checkout@v6	2026-09-03T08:12:47.1989542Z [command]/usr/bin/git log -1 --format=%H
Secrets Scan	Run actions/checkout@v6	2026-09-03T08:12:47.2021037Z f8b77fcf8a07ec7eb2cd99b9f4f3d57436e90f74
Secrets Scan	Run secretlint	﻿2026-09-03T08:12:47.2305304Z ##[group]Run npx --yes -p secretlint -p @secretlint/secretlint-rule-preset-recommend secretlint --secretlintignore .gitignore "**/*"
Secrets Scan	Run secretlint	2026-09-03T08:12:47.2309614Z ^[[36;1mnpx --yes -p secretlint -p @secretlint/secretlint-rule-preset-recommend secretlint --secretlintignore .gitignore "**/*"^[[0m
Secrets Scan	Run secretlint	2026-09-03T08:12:47.2358914Z shell: /usr/bin/bash -e {0}
Secrets Scan	Run secretlint	2026-09-03T08:12:47.2360134Z env:
Secrets Scan	Run secretlint	2026-09-03T08:12:47.2361336Z   GIT_CONFIG_COUNT: 1
Secrets Scan	Run secretlint	2026-09-03T08:12:47.2362450Z   GIT_CONFIG_KEY_0: init.defaultBranch
Secrets Scan	Run secretlint	2026-09-03T08:12:47.2363755Z   GIT_CONFIG_VALUE_0: main
Secrets Scan	Run secretlint	2026-09-03T08:12:47.2364895Z ##[endgroup]
Secrets Scan	Post Run actions/checkout@v6	﻿2026-09-03T08:12:51.1687564Z Post job cleanup.
Secrets Scan	Post Run actions/checkout@v6	2026-09-03T08:12:51.2615799Z [command]/usr/bin/git version
Secrets Scan	Post Run actions/checkout@v6	2026-09-03T08:12:51.2660740Z git version 2.55.0
Secrets Scan	Post Run actions/checkout@v6	2026-09-03T08:12:51.2700310Z Temporarily overriding HOME='/home/runner/work/_temp/76fcaf40-0d0f-4e98-a9c2-5c020b151119' before making global git config changes
Secrets Scan	Post Run actions/checkout@v6	2026-09-03T08:12:51.2701977Z Adding repository directory to the temporary git global config as a safe directory
Secrets Scan	Post Run actions/checkout@v6	2026-09-03T08:12:51.2705657Z [command]/usr/bin/git config --global --add safe.directory /home/runner/work/start/start
Secrets Scan	Post Run actions/checkout@v6	2026-09-03T08:12:51.2745986Z Removing SSH command configuration
Secrets Scan	Post Run actions/checkout@v6	2026-09-03T08:12:51.2753780Z [command]/usr/bin/git config --local --name-only --get-regexp core\.sshCommand
Secrets Scan	Post Run actions/checkout@v6	2026-09-03T08:12:51.2796710Z [command]/usr/bin/git submodule foreach --recursive sh -c "git config --local --name-only --get-regexp 'core\.sshCommand' && git config --local --unset-all 'core.sshCommand' || :"
Secrets Scan	Post Run actions/checkout@v6	2026-09-03T08:12:51.3070979Z Removing HTTP extra header
Secrets Scan	Post Run actions/checkout@v6	2026-09-03T08:12:51.3077737Z [command]/usr/bin/git config --local --name-only --get-regexp http\.https\:\/\/github\.com\/\.extraheader
Secrets Scan	Post Run actions/checkout@v6	2026-09-03T08:12:51.3129398Z [command]/usr/bin/git submodule foreach --recursive sh -c "git config --local --name-only --get-regexp 'http\.https\:\/\/github\.com\/\.extraheader' && git config --local --unset-all 'http.https://github.com/.extraheader' || :"
Secrets Scan	Post Run actions/checkout@v6	2026-09-03T08:12:51.3401393Z Removing includeIf entries pointing to credentials config files
Secrets Scan	Post Run actions/checkout@v6	2026-09-03T08:12:51.3409032Z [command]/usr/bin/git config --local --name-only --get-regexp ^includeIf\.gitdir:
Secrets Scan	Post Run actions/checkout@v6	2026-09-03T08:12:51.3449345Z includeif.gitdir:/home/runner/work/start/start/.git.path
Secrets Scan	Post Run actions/checkout@v6	2026-09-03T08:12:51.3451087Z includeif.gitdir:/home/runner/work/start/start/.git/worktrees/*.path
Secrets Scan	Post Run actions/checkout@v6	2026-09-03T08:12:51.3452279Z includeif.gitdir:/github/workspace/.git.path
Secrets Scan	Post Run actions/checkout@v6	2026-09-03T08:12:51.3453151Z includeif.gitdir:/github/workspace/.git/worktrees/*.path
Secrets Scan	Post Run actions/checkout@v6	2026-09-03T08:12:51.3462448Z [command]/usr/bin/git config --local --get-all includeif.gitdir:/home/runner/work/start/start/.git.path
Secrets Scan	Post Run actions/checkout@v6	2026-09-03T08:12:51.3507444Z /home/runner/work/_temp/git-credentials-70b93d31-bf7d-46a2-9da2-4e92ec0439a8.config
Secrets Scan	Post Run actions/checkout@v6	2026-09-03T08:12:51.3534217Z [command]/usr/bin/git config --local --unset includeif.gitdir:/home/runner/work/start/start/.git.path /home/runner/work/_temp/git-credentials-70b93d31-bf7d-46a2-9da2-4e92ec0439a8.config
Secrets Scan	Post Run actions/checkout@v6	2026-09-03T08:12:51.3570303Z [command]/usr/bin/git config --local --get-all includeif.gitdir:/home/runner/work/start/start/.git/worktrees/*.path
Secrets Scan	Post Run actions/checkout@v6	2026-09-03T08:12:51.3604101Z /home/runner/work/_temp/git-credentials-70b93d31-bf7d-46a2-9da2-4e92ec0439a8.config
Secrets Scan	Post Run actions/checkout@v6	2026-09-03T08:12:51.3621110Z [command]/usr/bin/git config --local --unset includeif.gitdir:/home/runner/work/start/start/.git/worktrees/*.path /home/runner/work/_temp/git-credentials-70b93d31-bf7d-46a2-9da2-4e92ec0439a8.config
Secrets Scan	Post Run actions/checkout@v6	2026-09-03T08:12:51.3661397Z [command]/usr/bin/git config --local --get-all includeif.gitdir:/github/workspace/.git.path
Secrets Scan	Post Run actions/checkout@v6	2026-09-03T08:12:51.3690929Z /github/runner_temp/git-credentials-70b93d31-bf7d-46a2-9da2-4e92ec0439a8.config
Secrets Scan	Post Run actions/checkout@v6	2026-09-03T08:12:51.3701372Z [command]/usr/bin/git config --local --unset includeif.gitdir:/github/workspace/.git.path /github/runner_temp/git-credentials-70b93d31-bf7d-46a2-9da2-4e92ec0439a8.config
Secrets Scan	Post Run actions/checkout@v6	2026-09-03T08:12:51.3740561Z [command]/usr/bin/git config --local --get-all includeif.gitdir:/github/workspace/.git/worktrees/*.path
Secrets Scan	Post Run actions/checkout@v6	2026-09-03T08:12:51.3767863Z /github/runner_temp/git-credentials-70b93d31-bf7d-46a2-9da2-4e92ec0439a8.config
Secrets Scan	Post Run actions/checkout@v6	2026-09-03T08:12:51.3784905Z [command]/usr/bin/git config --local --unset includeif.gitdir:/github/workspace/.git/worktrees/*.path /github/runner_temp/git-credentials-70b93d31-bf7d-46a2-9da2-4e92ec0439a8.config
Secrets Scan	Post Run actions/checkout@v6	2026-09-03T08:12:51.3824558Z [command]/usr/bin/git submodule foreach --recursive git config --local --show-origin --name-only --get-regexp remote.origin.url
Secrets Scan	Post Run actions/checkout@v6	2026-09-03T08:12:51.4065061Z Removing credentials config '/home/runner/work/_temp/git-credentials-70b93d31-bf7d-46a2-9da2-4e92ec0439a8.config'
Secrets Scan	Complete job	﻿2026-09-03T08:12:51.4225513Z Cleaning up orphan processes
CodeQL (javascript-typescript)	Set up job	﻿2026-09-03T08:12:47.5061332Z Current runner version: '2.337.0'
CodeQL (javascript-typescript)	Set up job	2026-09-03T08:12:47.5084961Z ##[group]Runner Image Provisioner
CodeQL (javascript-typescript)	Set up job	2026-09-03T08:12:47.5085890Z Hosted Compute Agent
CodeQL (javascript-typescript)	Set up job	2026-09-03T08:12:47.5086499Z Version: 20260819.586
CodeQL (javascript-typescript)	Set up job	2026-09-03T08:12:47.5087213Z Commit: 3cc4a88dfa507ef76119ad1bb3eccc6378bb2b76
CodeQL (javascript-typescript)	Set up job	2026-09-03T08:12:47.5087973Z Build Date: 2026-08-18T23:20:18Z
CodeQL (javascript-typescript)	Set up job	2026-09-03T08:12:47.5088739Z Worker ID: {cd35cb29-6cc7-469b-a371-8ff37e09141e}
CodeQL (javascript-typescript)	Set up job	2026-09-03T08:12:47.5089572Z Azure Region: westus
CodeQL (javascript-typescript)	Set up job	2026-09-03T08:12:47.5090552Z ##[endgroup]
CodeQL (javascript-typescript)	Set up job	2026-09-03T08:12:47.5092155Z ##[group]Operating System
CodeQL (javascript-typescript)	Set up job	2026-09-03T08:12:47.5092820Z Ubuntu
CodeQL (javascript-typescript)	Set up job	2026-09-03T08:12:47.5093334Z 24.04.4
CodeQL (javascript-typescript)	Set up job	2026-09-03T08:12:47.5093961Z LTS
CodeQL (javascript-typescript)	Set up job	2026-09-03T08:12:47.5094494Z ##[endgroup]
CodeQL (javascript-typescript)	Set up job	2026-09-03T08:12:47.5095086Z ##[group]Runner Image
CodeQL (javascript-typescript)	Set up job	2026-09-03T08:12:47.5095702Z Image: ubuntu-24.04
CodeQL (javascript-typescript)	Set up job	2026-09-03T08:12:47.5096312Z Version: 20260823.283.1
CodeQL (javascript-typescript)	Set up job	2026-09-03T08:12:47.5097490Z Included Software: https://github.com/actions/runner-images/blob/ubuntu24/20260823.283/images/ubuntu/Ubuntu2404-Readme.md
CodeQL (javascript-typescript)	Set up job	2026-09-03T08:12:47.5099279Z Image Release: https://github.com/actions/runner-images/releases/tag/ubuntu24%2F20260823.283
CodeQL (javascript-typescript)	Set up job	2026-09-03T08:12:47.5100769Z ##[endgroup]
CodeQL (javascript-typescript)	Set up job	2026-09-03T08:12:47.5102220Z ##[group]GITHUB_TOKEN Permissions
CodeQL (javascript-typescript)	Set up job	2026-09-03T08:12:47.5104184Z Actions: read
CodeQL (javascript-typescript)	Set up job	2026-09-03T08:12:47.5104811Z Contents: read
CodeQL (javascript-typescript)	Set up job	2026-09-03T08:12:47.5105498Z Metadata: read
CodeQL (javascript-typescript)	Set up job	2026-09-03T08:12:47.5106084Z SecurityEvents: write
CodeQL (javascript-typescript)	Set up job	2026-09-03T08:12:47.5106760Z ##[endgroup]
CodeQL (javascript-typescript)	Set up job	2026-09-03T08:12:47.5108779Z Secret source: Actions
CodeQL (javascript-typescript)	Set up job	2026-09-03T08:12:47.5109951Z Prepare workflow directory
CodeQL (javascript-typescript)	Set up job	2026-09-03T08:12:47.5560295Z Prepare all required actions
CodeQL (javascript-typescript)	Set up job	2026-09-03T08:12:47.5608059Z Getting action download info
CodeQL (javascript-typescript)	Set up job	2026-09-03T08:12:47.8998107Z Download action repository 'actions/checkout@v6' (SHA:d23441a48e516b6c34aea4fa41551a30e30af803)
CodeQL (javascript-typescript)	Set up job	2026-09-03T08:12:48.0386429Z Download action repository 'github/codeql-action@v4' (SHA:cdf488f595d80d6e07e03d4674febd5ab45fa938)
CodeQL (javascript-typescript)	Set up job	2026-09-03T08:12:48.6787303Z Complete job name: CodeQL (javascript-typescript)
CodeQL (javascript-typescript)	Run actions/checkout@v6	﻿2026-09-03T08:12:48.7626723Z ##[group]Run actions/checkout@v6
CodeQL (javascript-typescript)	Run actions/checkout@v6	2026-09-03T08:12:48.7627842Z with:
CodeQL (javascript-typescript)	Run actions/checkout@v6	2026-09-03T08:12:48.7628593Z   repository: link-foundation/start
CodeQL (javascript-typescript)	Run actions/checkout@v6	2026-09-03T08:12:48.7633399Z   token: ***
CodeQL (javascript-typescript)	Run actions/checkout@v6	2026-09-03T08:12:48.7634074Z   ssh-strict: true
CodeQL (javascript-typescript)	Run actions/checkout@v6	2026-09-03T08:12:48.7634698Z   ssh-user: git
CodeQL (javascript-typescript)	Run actions/checkout@v6	2026-09-03T08:12:48.7635307Z   persist-credentials: true
CodeQL (javascript-typescript)	Run actions/checkout@v6	2026-09-03T08:12:48.7636016Z   clean: true
CodeQL (javascript-typescript)	Run actions/checkout@v6	2026-09-03T08:12:48.7636611Z   sparse-checkout-cone-mode: true
CodeQL (javascript-typescript)	Run actions/checkout@v6	2026-09-03T08:12:48.7637359Z   fetch-depth: 1
CodeQL (javascript-typescript)	Run actions/checkout@v6	2026-09-03T08:12:48.7637941Z   fetch-tags: false
CodeQL (javascript-typescript)	Run actions/checkout@v6	2026-09-03T08:12:48.7638540Z   show-progress: true
CodeQL (javascript-typescript)	Run actions/checkout@v6	2026-09-03T08:12:48.7639197Z   lfs: false
CodeQL (javascript-typescript)	Run actions/checkout@v6	2026-09-03T08:12:48.7639755Z   submodules: false
CodeQL (javascript-typescript)	Run actions/checkout@v6	2026-09-03T08:12:48.7640648Z   set-safe-directory: true
CodeQL (javascript-typescript)	Run actions/checkout@v6	2026-09-03T08:12:48.7641361Z   allow-unsafe-pr-checkout: false
CodeQL (javascript-typescript)	Run actions/checkout@v6	2026-09-03T08:12:48.7642377Z env:
CodeQL (javascript-typescript)	Run actions/checkout@v6	2026-09-03T08:12:48.7643033Z   GIT_CONFIG_COUNT: 1
CodeQL (javascript-typescript)	Run actions/checkout@v6	2026-09-03T08:12:48.7643756Z   GIT_CONFIG_KEY_0: init.defaultBranch
CodeQL (javascript-typescript)	Run actions/checkout@v6	2026-09-03T08:12:48.7644551Z   GIT_CONFIG_VALUE_0: main
CodeQL (javascript-typescript)	Run actions/checkout@v6	2026-09-03T08:12:48.7645303Z ##[endgroup]
CodeQL (javascript-typescript)	Run actions/checkout@v6	2026-09-03T08:12:48.8729189Z Syncing repository: link-foundation/start
CodeQL (javascript-typescript)	Run actions/checkout@v6	2026-09-03T08:12:48.8733077Z ##[group]Getting Git version info
CodeQL (javascript-typescript)	Run actions/checkout@v6	2026-09-03T08:12:48.8734845Z Working directory is '/home/runner/work/start/start'
CodeQL (javascript-typescript)	Run actions/checkout@v6	2026-09-03T08:12:48.8737274Z [command]/usr/bin/git version
CodeQL (javascript-typescript)	Run actions/checkout@v6	2026-09-03T08:12:48.8828430Z git version 2.55.0
CodeQL (javascript-typescript)	Run actions/checkout@v6	2026-09-03T08:12:48.8852901Z ##[endgroup]
CodeQL (javascript-typescript)	Run actions/checkout@v6	2026-09-03T08:12:48.8869385Z Temporarily overriding HOME='/home/runner/work/_temp/db5843ef-f1c1-4c91-b1c7-56cb7d3b4edf' before making global git config changes
CodeQL (javascript-typescript)	Run actions/checkout@v6	2026-09-03T08:12:48.8872745Z Adding repository directory to the temporary git global config as a safe directory
CodeQL (javascript-typescript)	Run actions/checkout@v6	2026-09-03T08:12:48.8875433Z [command]/usr/bin/git config --global --add safe.directory /home/runner/work/start/start
CodeQL (javascript-typescript)	Run actions/checkout@v6	2026-09-03T08:12:48.8931889Z Deleting the contents of '/home/runner/work/start/start'
CodeQL (javascript-typescript)	Run actions/checkout@v6	2026-09-03T08:12:48.8936134Z ##[group]Determining repository object format
CodeQL (javascript-typescript)	Run actions/checkout@v6	2026-09-03T08:12:48.8938322Z ##[endgroup]
CodeQL (javascript-typescript)	Run actions/checkout@v6	2026-09-03T08:12:48.8940218Z ##[group]Initializing the repository
CodeQL (javascript-typescript)	Run actions/checkout@v6	2026-09-03T08:12:48.8943383Z [command]/usr/bin/git init /home/runner/work/start/start
CodeQL (javascript-typescript)	Run actions/checkout@v6	2026-09-03T08:12:48.9065687Z Initialized empty Git repository in /home/runner/work/start/start/.git/
CodeQL (javascript-typescript)	Run actions/checkout@v6	2026-09-03T08:12:48.9079584Z [command]/usr/bin/git remote add origin https://github.com/link-foundation/start
CodeQL (javascript-typescript)	Run actions/checkout@v6	2026-09-03T08:12:48.9135407Z ##[endgroup]
CodeQL (javascript-typescript)	Run actions/checkout@v6	2026-09-03T08:12:48.9137710Z ##[group]Disabling automatic garbage collection
CodeQL (javascript-typescript)	Run actions/checkout@v6	2026-09-03T08:12:48.9139934Z [command]/usr/bin/git config --local gc.auto 0
CodeQL (javascript-typescript)	Run actions/checkout@v6	2026-09-03T08:12:48.9181720Z ##[endgroup]
CodeQL (javascript-typescript)	Run actions/checkout@v6	2026-09-03T08:12:48.9184108Z ##[group]Setting up auth
CodeQL (javascript-typescript)	Run actions/checkout@v6	2026-09-03T08:12:48.9185933Z Removing SSH command configuration
CodeQL (javascript-typescript)	Run actions/checkout@v6	2026-09-03T08:12:48.9191738Z [command]/usr/bin/git config --local --name-only --get-regexp core\.sshCommand
CodeQL (javascript-typescript)	Run actions/checkout@v6	2026-09-03T08:12:48.9231940Z [command]/usr/bin/git submodule foreach --recursive sh -c "git config --local --name-only --get-regexp 'core\.sshCommand' && git config --local --unset-all 'core.sshCommand' || :"
CodeQL (javascript-typescript)	Run actions/checkout@v6	2026-09-03T08:12:48.9631518Z Removing HTTP extra header
CodeQL (javascript-typescript)	Run actions/checkout@v6	2026-09-03T08:12:48.9639832Z [command]/usr/bin/git config --local --name-only --get-regexp http\.https\:\/\/github\.com\/\.extraheader
CodeQL (javascript-typescript)	Run actions/checkout@v6	2026-09-03T08:12:48.9684437Z [command]/usr/bin/git submodule foreach --recursive sh -c "git config --local --name-only --get-regexp 'http\.https\:\/\/github\.com\/\.extraheader' && git config --local --unset-all 'http.https://github.com/.extraheader' || :"
CodeQL (javascript-typescript)	Run actions/checkout@v6	2026-09-03T08:12:48.9905912Z Removing includeIf entries pointing to credentials config files
CodeQL (javascript-typescript)	Run actions/checkout@v6	2026-09-03T08:12:48.9912794Z [command]/usr/bin/git config --local --name-only --get-regexp ^includeIf\.gitdir:
CodeQL (javascript-typescript)	Run actions/checkout@v6	2026-09-03T08:12:48.9951762Z [command]/usr/bin/git submodule foreach --recursive git config --local --show-origin --name-only --get-regexp remote.origin.url
CodeQL (javascript-typescript)	Run actions/checkout@v6	2026-09-03T08:12:49.0184840Z [command]/usr/bin/git config --file /home/runner/work/_temp/git-credentials-da1df6be-2b45-40e2-b105-8479fd0c9129.config http.https://github.com/.extraheader AUTHORIZATION: basic ***
CodeQL (javascript-typescript)	Run actions/checkout@v6	2026-09-03T08:12:49.0226930Z [command]/usr/bin/git config --local includeIf.gitdir:/home/runner/work/start/start/.git.path /home/runner/work/_temp/git-credentials-da1df6be-2b45-40e2-b105-8479fd0c9129.config
CodeQL (javascript-typescript)	Run actions/checkout@v6	2026-09-03T08:12:49.0269488Z [command]/usr/bin/git config --local includeIf.gitdir:/home/runner/work/start/start/.git/worktrees/*.path /home/runner/work/_temp/git-credentials-da1df6be-2b45-40e2-b105-8479fd0c9129.config
CodeQL (javascript-typescript)	Run actions/checkout@v6	2026-09-03T08:12:49.0308226Z [command]/usr/bin/git config --local includeIf.gitdir:/github/workspace/.git.path /github/runner_temp/git-credentials-da1df6be-2b45-40e2-b105-8479fd0c9129.config
CodeQL (javascript-typescript)	Run actions/checkout@v6	2026-09-03T08:12:49.0341377Z [command]/usr/bin/git config --local includeIf.gitdir:/github/workspace/.git/worktrees/*.path /github/runner_temp/git-credentials-da1df6be-2b45-40e2-b105-8479fd0c9129.config
CodeQL (javascript-typescript)	Run actions/checkout@v6	2026-09-03T08:12:49.0374735Z ##[endgroup]
CodeQL (javascript-typescript)	Run actions/checkout@v6	2026-09-03T08:12:49.0376323Z ##[group]Fetching the repository
CodeQL (javascript-typescript)	Run actions/checkout@v6	2026-09-03T08:12:49.0383271Z [command]/usr/bin/git -c protocol.version=2 fetch --no-tags --prune --no-recurse-submodules --depth=1 origin +f8b77fcf8a07ec7eb2cd99b9f4f3d57436e90f74:refs/remotes/pull/163/merge
CodeQL (javascript-typescript)	Run actions/checkout@v6	2026-09-03T08:12:49.9607607Z From https://github.com/link-foundation/start
CodeQL (javascript-typescript)	Run actions/checkout@v6	2026-09-03T08:12:49.9609358Z  * [new ref]         f8b77fcf8a07ec7eb2cd99b9f4f3d57436e90f74 -> pull/163/merge
CodeQL (javascript-typescript)	Run actions/checkout@v6	2026-09-03T08:12:49.9614435Z ##[endgroup]
CodeQL (javascript-typescript)	Run actions/checkout@v6	2026-09-03T08:12:49.9616469Z ##[group]Determining the checkout info
CodeQL (javascript-typescript)	Run actions/checkout@v6	2026-09-03T08:12:49.9618805Z ##[endgroup]
CodeQL (javascript-typescript)	Run actions/checkout@v6	2026-09-03T08:12:49.9621338Z [command]/usr/bin/git sparse-checkout disable
CodeQL (javascript-typescript)	Run actions/checkout@v6	2026-09-03T08:12:49.9677683Z [command]/usr/bin/git config --local --unset-all extensions.worktreeConfig
CodeQL (javascript-typescript)	Run actions/checkout@v6	2026-09-03T08:12:49.9710369Z ##[group]Checking out the ref
CodeQL (javascript-typescript)	Run actions/checkout@v6	2026-09-03T08:12:49.9712785Z [command]/usr/bin/git checkout --progress --force refs/remotes/pull/163/merge
CodeQL (javascript-typescript)	Run actions/checkout@v6	2026-09-03T08:12:50.0529415Z Note: switching to 'refs/remotes/pull/163/merge'.
CodeQL (javascript-typescript)	Run actions/checkout@v6	2026-09-03T08:12:50.0531012Z 
CodeQL (javascript-typescript)	Run actions/checkout@v6	2026-09-03T08:12:50.0531938Z You are in 'detached HEAD' state. You can look around, make experimental
CodeQL (javascript-typescript)	Run actions/checkout@v6	2026-09-03T08:12:50.0534361Z changes and commit them, and you can discard any commits you make in this
CodeQL (javascript-typescript)	Run actions/checkout@v6	2026-09-03T08:12:50.0537225Z state without impacting any branches by switching back to a branch.
CodeQL (javascript-typescript)	Run actions/checkout@v6	2026-09-03T08:12:50.0538724Z 
CodeQL (javascript-typescript)	Run actions/checkout@v6	2026-09-03T08:12:50.0539706Z If you want to create a new branch to retain commits you create, you may
CodeQL (javascript-typescript)	Run actions/checkout@v6	2026-09-03T08:12:50.0542374Z do so (now or later) by using -c with the switch command. Example:
CodeQL (javascript-typescript)	Run actions/checkout@v6	2026-09-03T08:12:50.0543775Z 
CodeQL (javascript-typescript)	Run actions/checkout@v6	2026-09-03T08:12:50.0544580Z   git switch -c <new-branch-name>
CodeQL (javascript-typescript)	Run actions/checkout@v6	2026-09-03T08:12:50.0545966Z 
CodeQL (javascript-typescript)	Run actions/checkout@v6	2026-09-03T08:12:50.0546779Z Or undo this operation with:
CodeQL (javascript-typescript)	Run actions/checkout@v6	2026-09-03T08:12:50.0547983Z 
CodeQL (javascript-typescript)	Run actions/checkout@v6	2026-09-03T08:12:50.0548647Z   git switch -
CodeQL (javascript-typescript)	Run actions/checkout@v6	2026-09-03T08:12:50.0549551Z 
CodeQL (javascript-typescript)	Run actions/checkout@v6	2026-09-03T08:12:50.0551020Z Turn off this advice by setting config variable advice.detachedHead to false
CodeQL (javascript-typescript)	Run actions/checkout@v6	2026-09-03T08:12:50.0552675Z 
CodeQL (javascript-typescript)	Run actions/checkout@v6	2026-09-03T08:12:50.0554498Z HEAD is now at f8b77fc Merge e82435a34e19ae7049d05a841b846a38fab8632d into 013a4c8486439e0c74d07ac4f30cd17236705100
CodeQL (javascript-typescript)	Run actions/checkout@v6	2026-09-03T08:12:50.0559922Z ##[endgroup]
CodeQL (javascript-typescript)	Run actions/checkout@v6	2026-09-03T08:12:50.0595477Z [command]/usr/bin/git log -1 --format=%H
CodeQL (javascript-typescript)	Run actions/checkout@v6	2026-09-03T08:12:50.0623259Z f8b77fcf8a07ec7eb2cd99b9f4f3d57436e90f74
CodeQL (javascript-typescript)	Initialize CodeQL	﻿2026-09-03T08:12:50.1072385Z ##[group]Run github/codeql-action/init@v4
CodeQL (javascript-typescript)	Initialize CodeQL	2026-09-03T08:12:50.1073713Z with:
CodeQL (javascript-typescript)	Initialize CodeQL	2026-09-03T08:12:50.1074674Z   languages: javascript-typescript
CodeQL (javascript-typescript)	Initialize CodeQL	2026-09-03T08:12:50.1075926Z   analysis-kinds: code-scanning
CodeQL (javascript-typescript)	Initialize CodeQL	2026-09-03T08:12:50.1087149Z   token: ***
CodeQL (javascript-typescript)	Initialize CodeQL	2026-09-03T08:12:50.1088250Z   matrix: {
CodeQL (javascript-typescript)	Initialize CodeQL	  "language": "javascript-typescript"
CodeQL (javascript-typescript)	Initialize CodeQL	}
CodeQL (javascript-typescript)	Initialize CodeQL	2026-09-03T08:12:50.1089647Z   debug: false
CodeQL (javascript-typescript)	Initialize CodeQL	2026-09-03T08:12:50.1090978Z   check-run-id: 100574270043
CodeQL (javascript-typescript)	Initialize CodeQL	2026-09-03T08:12:50.1092090Z env:
CodeQL (javascript-typescript)	Initialize CodeQL	2026-09-03T08:12:50.1092966Z   GIT_CONFIG_COUNT: 1
CodeQL (javascript-typescript)	Initialize CodeQL	2026-09-03T08:12:50.1094058Z   GIT_CONFIG_KEY_0: init.defaultBranch
CodeQL (javascript-typescript)	Initialize CodeQL	2026-09-03T08:12:50.1095334Z   GIT_CONFIG_VALUE_0: main
CodeQL (javascript-typescript)	Initialize CodeQL	2026-09-03T08:12:50.1096420Z ##[endgroup]
CodeQL (javascript-typescript)	Initialize CodeQL	2026-09-03T08:12:50.3585045Z Job run UUID is bb9095e8-d595-4ada-9eac-d8a1e2be62b0.
CodeQL (javascript-typescript)	Initialize CodeQL	2026-09-03T08:12:51.9362345Z ##[group]Setup CodeQL tools
CodeQL (javascript-typescript)	Initialize CodeQL	2026-09-03T08:12:51.9411468Z [command]/usr/bin/tar --version
CodeQL (javascript-typescript)	Initialize CodeQL	2026-09-03T08:12:51.9448648Z tar (GNU tar) 1.35
CodeQL (javascript-typescript)	Initialize CodeQL	2026-09-03T08:12:51.9449259Z Copyright (C) 2023 Free Software Foundation, Inc.
CodeQL (javascript-typescript)	Initialize CodeQL	2026-09-03T08:12:51.9450539Z License GPLv3+: GNU GPL version 3 or later <https://gnu.org/licenses/gpl.html>.
CodeQL (javascript-typescript)	Initialize CodeQL	2026-09-03T08:12:51.9451516Z This is free software: you are free to change and redistribute it.
CodeQL (javascript-typescript)	Initialize CodeQL	2026-09-03T08:12:51.9452304Z There is NO WARRANTY, to the extent permitted by law.
CodeQL (javascript-typescript)	Initialize CodeQL	2026-09-03T08:12:51.9452762Z 
CodeQL (javascript-typescript)	Initialize CodeQL	2026-09-03T08:12:51.9452989Z Written by John Gilmore and Jay Fenlason.
CodeQL (javascript-typescript)	Initialize CodeQL	2026-09-03T08:12:51.9453722Z Found gnu tar version 1.35.
CodeQL (javascript-typescript)	Initialize CodeQL	2026-09-03T08:12:52.1789331Z Found 1 overlay-base database in the Actions cache.
CodeQL (javascript-typescript)	Initialize CodeQL	2026-09-03T08:12:52.1790567Z Found overlay databases for the following CodeQL versions in the Actions cache: 2.26.4
CodeQL (javascript-typescript)	Initialize CodeQL	2026-09-03T08:12:52.1791951Z Using CodeQL version 2.26.4 since this is the highest enabled version that has a cached overlay-base database.
CodeQL (javascript-typescript)	Initialize CodeQL	2026-09-03T08:12:52.1813676Z Did not find CodeQL tools version 2.26.4 in the toolcache.
CodeQL (javascript-typescript)	Initialize CodeQL	2026-09-03T08:12:52.1818992Z Using CodeQL CLI version 2.26.4 sourced from https://github.com/github/codeql-action/releases/download/codeql-bundle-v2.26.4/codeql-bundle-linux64.tar.zst .
CodeQL (javascript-typescript)	Initialize CodeQL	2026-09-03T08:12:52.1824288Z Downloading CodeQL tools from https://github.com/github/codeql-action/releases/download/codeql-bundle-v2.26.4/codeql-bundle-linux64.tar.zst . This may take a while.
CodeQL (javascript-typescript)	Initialize CodeQL	2026-09-03T08:12:52.1825774Z Streaming the extraction of the CodeQL bundle.
CodeQL (javascript-typescript)	Initialize CodeQL	2026-09-03T08:12:52.3737289Z [command]tar -x --zstd --ignore-zeros --warning=no-unknown-keyword --overwrite -f - -C /opt/hostedtoolcache/CodeQL/2.26.4/x64
CodeQL (javascript-typescript)	Initialize CodeQL	2026-09-03T08:12:57.1121182Z Finished downloading and extracting CodeQL bundle to /opt/hostedtoolcache/CodeQL/2.26.4/x64 (4.9s).
CodeQL (javascript-typescript)	Initialize CodeQL	2026-09-03T08:12:57.1125686Z Created toolcache marker file /opt/hostedtoolcache/CodeQL/2.26.4/x64.complete
CodeQL (javascript-typescript)	Initialize CodeQL	2026-09-03T08:12:57.7597461Z {
CodeQL (javascript-typescript)	Initialize CodeQL	2026-09-03T08:12:57.7598003Z   "productName": "CodeQL",
CodeQL (javascript-typescript)	Initialize CodeQL	2026-09-03T08:12:57.7598480Z   "vendor": "GitHub",
CodeQL (javascript-typescript)	Initialize CodeQL	2026-09-03T08:12:57.7598853Z   "version": "2.26.4",
CodeQL (javascript-typescript)	Initialize CodeQL	2026-09-03T08:12:57.7599431Z   "sha": "6b1e4dee94adb20f90a671f3fc9e04be32eecf65",
CodeQL (javascript-typescript)	Initialize CodeQL	2026-09-03T08:12:57.7601055Z   "branches": [
CodeQL (javascript-typescript)	Initialize CodeQL	2026-09-03T08:12:57.7601464Z     "codeql-cli-2.26.4"
CodeQL (javascript-typescript)	Initialize CodeQL	2026-09-03T08:12:57.7601863Z   ],
CodeQL (javascript-typescript)	Initialize CodeQL	2026-09-03T08:12:57.7602267Z   "copyright": "Copyright (C) 2019-2026 GitHub, Inc.",
CodeQL (javascript-typescript)	Initialize CodeQL	2026-09-03T08:12:57.7603775Z   "unpackedLocation": "/opt/hostedtoolcache/CodeQL/2.26.4/x64/codeql",
CodeQL (javascript-typescript)	Initialize CodeQL	2026-09-03T08:12:57.7604629Z   "configFileLocation": "/home/runner/.config/codeql/config",
CodeQL (javascript-typescript)	Initialize CodeQL	2026-09-03T08:12:57.7605297Z   "configFileFound": false,
CodeQL (javascript-typescript)	Initialize CodeQL	2026-09-03T08:12:57.7605704Z   "overlayVersion": 4,
CodeQL (javascript-typescript)	Initialize CodeQL	2026-09-03T08:12:57.7606071Z   "features": {
CodeQL (javascript-typescript)	Initialize CodeQL	2026-09-03T08:12:57.7606448Z     "analysisSummaryV2Default": true,
CodeQL (javascript-typescript)	Initialize CodeQL	2026-09-03T08:12:57.7606928Z     "buildModeOption": true,
CodeQL (javascript-typescript)	Initialize CodeQL	2026-09-03T08:12:57.7607408Z     "bundleSupportsIncludeDiagnostics": true,
CodeQL (javascript-typescript)	Initialize CodeQL	2026-09-03T08:12:57.7607950Z     "bundleSupportsIncludeLogs": true,
CodeQL (javascript-typescript)	Initialize CodeQL	2026-09-03T08:12:57.7608442Z     "bundleSupportsOverlay": true,
CodeQL (javascript-typescript)	Initialize CodeQL	2026-09-03T08:12:57.7609058Z     "databaseInterpretResultsSupportsSarifRunProperty": true,
CodeQL (javascript-typescript)	Initialize CodeQL	2026-09-03T08:12:57.7609631Z     "featuresInVersionResult": true,
CodeQL (javascript-typescript)	Initialize CodeQL	2026-09-03T08:12:57.7609991Z     "indirectTracingSupportsStaticBinaries": false,
CodeQL (javascript-typescript)	Initialize CodeQL	2026-09-03T08:12:57.7611239Z     "informsAboutUnsupportedPathFilters": true,
CodeQL (javascript-typescript)	Initialize CodeQL	2026-09-03T08:12:57.7611589Z     "supportsPython312": true,
CodeQL (javascript-typescript)	Initialize CodeQL	2026-09-03T08:12:57.7611861Z     "mrvaPackCreate": true,
CodeQL (javascript-typescript)	Initialize CodeQL	2026-09-03T08:12:57.7612125Z     "threatModelOption": true,
CodeQL (javascript-typescript)	Initialize CodeQL	2026-09-03T08:12:57.7612397Z     "traceCommandUseBuildMode": true,
CodeQL (javascript-typescript)	Initialize CodeQL	2026-09-03T08:12:57.7612677Z     "v2ramSizing": true,
CodeQL (javascript-typescript)	Initialize CodeQL	2026-09-03T08:12:57.7612939Z     "mrvaPackCreateMultipleQueries": true,
CodeQL (javascript-typescript)	Initialize CodeQL	2026-09-03T08:12:57.7613262Z     "setsCodeqlRunnerEnvVar": true,
CodeQL (javascript-typescript)	Initialize CodeQL	2026-09-03T08:12:57.7613578Z     "sarifMergeRunsFromEqualCategory": true,
CodeQL (javascript-typescript)	Initialize CodeQL	2026-09-03T08:12:57.7613887Z     "forceOverwrite": true,
CodeQL (javascript-typescript)	Initialize CodeQL	2026-09-03T08:12:57.7614147Z     "generateSummarySymbolMap": true,
CodeQL (javascript-typescript)	Initialize CodeQL	2026-09-03T08:12:57.7614461Z     "pythonDefaultIsToNotExtractStdlib": true,
CodeQL (javascript-typescript)	Initialize CodeQL	2026-09-03T08:12:57.7614776Z     "queryServerRunQueries": true,
CodeQL (javascript-typescript)	Initialize CodeQL	2026-09-03T08:12:57.7615069Z     "queryServerTrimCacheWithMode": true,
CodeQL (javascript-typescript)	Initialize CodeQL	2026-09-03T08:12:57.7615413Z     "builtinExtractorsSpecifyDefaultQueries": true,
CodeQL (javascript-typescript)	Initialize CodeQL	2026-09-03T08:12:57.7615756Z     "bqrsDiffResultSets": true,
CodeQL (javascript-typescript)	Initialize CodeQL	2026-09-03T08:12:57.7616038Z     "bundleSupportsIncludeOption": true,
CodeQL (javascript-typescript)	Initialize CodeQL	2026-09-03T08:12:57.7616372Z     "suppressesMissingFileBaselineWarning": true
CodeQL (javascript-typescript)	Initialize CodeQL	2026-09-03T08:12:57.7616675Z   }
CodeQL (javascript-typescript)	Initialize CodeQL	2026-09-03T08:12:57.7616855Z }
CodeQL (javascript-typescript)	Initialize CodeQL	2026-09-03T08:12:57.7617333Z ##[endgroup]
CodeQL (javascript-typescript)	Initialize CodeQL	2026-09-03T08:12:57.7617702Z ##[group]Validating workflow
CodeQL (javascript-typescript)	Initialize CodeQL	2026-09-03T08:12:58.2646558Z [command]/opt/hostedtoolcache/CodeQL/2.26.4/x64/codeql/codeql resolve languages --format=betterjson --extractor-options-verbosity=4 --extractor-include-aliases
CodeQL (javascript-typescript)	Initialize CodeQL	2026-09-03T08:12:59.1773334Z {
CodeQL (javascript-typescript)	Initialize CodeQL	2026-09-03T08:12:59.1774071Z   "aliases" : {
CodeQL (javascript-typescript)	Initialize CodeQL	2026-09-03T08:12:59.1780684Z     "c" : "cpp",
CodeQL (javascript-typescript)	Initialize CodeQL	2026-09-03T08:12:59.1796388Z     "c++" : "cpp",
CodeQL (javascript-typescript)	Initialize CodeQL	2026-09-03T08:12:59.1796999Z     "c-c++" : "cpp",
CodeQL (javascript-typescript)	Initialize CodeQL	2026-09-03T08:12:59.1797550Z     "c-cpp" : "cpp",
CodeQL (javascript-typescript)	Initialize CodeQL	2026-09-03T08:12:59.1798187Z     "c#" : "csharp",
CodeQL (javascript-typescript)	Initialize CodeQL	2026-09-03T08:12:59.1798759Z     "java-kotlin" : "java",
CodeQL (javascript-typescript)	Initialize CodeQL	2026-09-03T08:12:59.1799383Z     "kotlin" : "java",
CodeQL (javascript-typescript)	Initialize CodeQL	2026-09-03T08:12:59.1799968Z     "javascript-typescript" : "javascript",
CodeQL (javascript-typescript)	Initialize CodeQL	2026-09-03T08:12:59.1800944Z     "typescript" : "javascript"
CodeQL (javascript-typescript)	Initialize CodeQL	2026-09-03T08:12:59.1801569Z   },
CodeQL (javascript-typescript)	Initialize CodeQL	2026-09-03T08:12:59.1802056Z   "extractors" : {
CodeQL (javascript-typescript)	Initialize CodeQL	2026-09-03T08:12:59.1802621Z     "csharp" : [
CodeQL (javascript-typescript)	Initialize CodeQL	2026-09-03T08:12:59.1803106Z       {
CodeQL (javascript-typescript)	Initialize CodeQL	2026-09-03T08:12:59.1803756Z         "extractor_root" : "/opt/hostedtoolcache/CodeQL/2.26.4/x64/codeql/csharp",
CodeQL (javascript-typescript)	Initialize CodeQL	2026-09-03T08:12:59.1804691Z         "extractor_options" : {
CodeQL (javascript-typescript)	Initialize CodeQL	2026-09-03T08:12:59.1805273Z           "trap" : {
CodeQL (javascript-typescript)	Initialize CodeQL	2026-09-03T08:12:59.1805811Z             "title" : "Options pertaining to TRAP.",
CodeQL (javascript-typescript)	Initialize CodeQL	2026-09-03T08:12:59.1806621Z             "description" : "Options pertaining to TRAP.",
CodeQL (javascript-typescript)	Initialize CodeQL	2026-09-03T08:12:59.1807354Z             "type" : "object",
CodeQL (javascript-typescript)	Initialize CodeQL	2026-09-03T08:12:59.1807956Z             "properties" : {
CodeQL (javascript-typescript)	Initialize CodeQL	2026-09-03T08:12:59.1808528Z               "compression" : {
CodeQL (javascript-typescript)	Initialize CodeQL	2026-09-03T08:12:59.1809373Z                 "title" : "Controls compression for the TRAP files written by the extractor.",
CodeQL (javascript-typescript)	Initialize CodeQL	2026-09-03T08:12:59.1811967Z                 "description" : "This option is only intended for use in debugging the extractor. Accepted values are 'brotli' (the default, to write brotli-compressed TRAP), 'gzip', and 'none' (to write uncompressed TRAP).\n",
CodeQL (javascript-typescript)	Initialize CodeQL	2026-09-03T08:12:59.1813878Z                 "type" : "string",
CodeQL (javascript-typescript)	Initialize CodeQL	2026-09-03T08:12:59.1814521Z                 "pattern" : "^(none|gzip|brotli)$"
CodeQL (javascript-typescript)	Initialize CodeQL	2026-09-03T08:12:59.1815228Z               }
CodeQL (javascript-typescript)	Initialize CodeQL	2026-09-03T08:12:59.1815739Z             }
CodeQL (javascript-typescript)	Initialize CodeQL	2026-09-03T08:12:59.1816289Z           },
CodeQL (javascript-typescript)	Initialize CodeQL	2026-09-03T08:12:59.1816834Z           "buildless" : {
CodeQL (javascript-typescript)	Initialize CodeQL	2026-09-03T08:12:59.1817653Z             "title" : "DEPRECATED - Whether to use buildless (standalone) extraction.",
CodeQL (javascript-typescript)	Initialize CodeQL	2026-09-03T08:12:59.1821436Z             "description" : "DEPRECATED: Use `--build-mode none` instead.\nA value indicating, which type of extraction the autobuilder should perform. If 'true', then the standalone extractor will be used, otherwise tracing extraction will be performed. The default is 'false'. Note that buildless extraction will generally yield less accurate analysis results, and should only be used in cases where it is not possible to build the code (for example if it uses inaccessible dependencies).\n",
CodeQL (javascript-typescript)	Initialize CodeQL	2026-09-03T08:12:59.1823878Z             "type" : "string",
CodeQL (javascript-typescript)	Initialize CodeQL	2026-09-03T08:12:59.1825444Z             "pattern" : "^(false|true)$"
CodeQL (javascript-typescript)	Initialize CodeQL	2026-09-03T08:12:59.1825745Z           },
CodeQL (javascript-typescript)	Initialize CodeQL	2026-09-03T08:12:59.1825951Z           "logging" : {
CodeQL (javascript-typescript)	Initialize CodeQL	2026-09-03T08:12:59.1826225Z             "title" : "Options pertaining to logging.",
CodeQL (javascript-typescript)	Initialize CodeQL	2026-09-03T08:12:59.1826600Z             "description" : "Options pertaining to logging.",
CodeQL (javascript-typescript)	Initialize CodeQL	2026-09-03T08:12:59.1826929Z             "type" : "object",
CodeQL (javascript-typescript)	Initialize CodeQL	2026-09-03T08:12:59.1827177Z             "properties" : {
CodeQL (javascript-typescript)	Initialize CodeQL	2026-09-03T08:12:59.1827424Z               "verbosity" : {
CodeQL (javascript-typescript)	Initialize CodeQL	2026-09-03T08:12:59.1827707Z                 "title" : "Extractor logging verbosity level.",
CodeQL (javascript-typescript)	Initialize CodeQL	2026-09-03T08:12:59.1828734Z                 "description" : "Controls the level of verbosity of the extractor. The supported levels are (in order of increasing verbosity):\n  - off\n  - errors\n  - warnings\n  - info or progress\n  - debug or progress+\n  - trace or progress++\n  - progress+++\n",
CodeQL (javascript-typescript)	Initialize CodeQL	2026-09-03T08:12:59.1829754Z                 "type" : "string",
CodeQL (javascript-typescript)	Initialize CodeQL	2026-09-03T08:12:59.1830670Z                 "pattern" : "^(off|errors|warnings|(info|progress)|(debug|progress\\+)|(trace|progress\\+\\+)|progress\\+\\+\\+)$"
CodeQL (javascript-typescript)	Initialize CodeQL	2026-09-03T08:12:59.1831201Z               }
CodeQL (javascript-typescript)	Initialize CodeQL	2026-09-03T08:12:59.1831401Z             }
CodeQL (javascript-typescript)	Initialize CodeQL	2026-09-03T08:12:59.1831606Z           },
CodeQL (javascript-typescript)	Initialize CodeQL	2026-09-03T08:12:59.1831806Z           "binlog" : {
CodeQL (javascript-typescript)	Initialize CodeQL	2026-09-03T08:12:59.1832031Z             "title" : "Binlog",
CodeQL (javascript-typescript)	Initialize CodeQL	2026-09-03T08:12:59.1832754Z             "description" : "[EXPERIMENTAL] The value is a path to the MsBuild binary log file that should be extracted. This option only works when `--build-mode none` is also specified.\n",
CodeQL (javascript-typescript)	Initialize CodeQL	2026-09-03T08:12:59.1833493Z             "type" : "array"
CodeQL (javascript-typescript)	Initialize CodeQL	2026-09-03T08:12:59.1833723Z           },
CodeQL (javascript-typescript)	Initialize CodeQL	2026-09-03T08:12:59.1833946Z           "buildless_dependency_dir" : {
CodeQL (javascript-typescript)	Initialize CodeQL	2026-09-03T08:12:59.1834389Z             "title" : "The path where buildless (standalone) extraction should keep dependencies.",
CodeQL (javascript-typescript)	Initialize CodeQL	2026-09-03T08:12:59.1835074Z             "description" : "If set, the buildless (standalone) extractor will store dependencies in this directory.\n",
CodeQL (javascript-typescript)	Initialize CodeQL	2026-09-03T08:12:59.1835581Z             "type" : "string"
CodeQL (javascript-typescript)	Initialize CodeQL	2026-09-03T08:12:59.1835812Z           }
CodeQL (javascript-typescript)	Initialize CodeQL	2026-09-03T08:12:59.1835997Z         }
CodeQL (javascript-typescript)	Initialize CodeQL	2026-09-03T08:12:59.1836180Z       }
CodeQL (javascript-typescript)	Initialize CodeQL	2026-09-03T08:12:59.1836366Z     ],
CodeQL (javascript-typescript)	Initialize CodeQL	2026-09-03T08:12:59.1836552Z     "python" : [
CodeQL (javascript-typescript)	Initialize CodeQL	2026-09-03T08:12:59.1836749Z       {
CodeQL (javascript-typescript)	Initialize CodeQL	2026-09-03T08:12:59.1837056Z         "extractor_root" : "/opt/hostedtoolcache/CodeQL/2.26.4/x64/codeql/python",
CodeQL (javascript-typescript)	Initialize CodeQL	2026-09-03T08:12:59.1837471Z         "extractor_options" : {
CodeQL (javascript-typescript)	Initialize CodeQL	2026-09-03T08:12:59.1837786Z           "logging" : {
CodeQL (javascript-typescript)	Initialize CodeQL	2026-09-03T08:12:59.1838044Z             "title" : "Options pertaining to logging.",
CodeQL (javascript-typescript)	Initialize CodeQL	2026-09-03T08:12:59.1838400Z             "description" : "Options pertaining to logging.",
CodeQL (javascript-typescript)	Initialize CodeQL	2026-09-03T08:12:59.1838946Z             "type" : "object",
CodeQL (javascript-typescript)	Initialize CodeQL	2026-09-03T08:12:59.1839188Z             "properties" : {
CodeQL (javascript-typescript)	Initialize CodeQL	2026-09-03T08:12:59.1839433Z               "verbosity" : {
CodeQL (javascript-typescript)	Initialize CodeQL	2026-09-03T08:12:59.1839734Z                 "title" : "Python extractor logging verbosity level.",
CodeQL (javascript-typescript)	Initialize CodeQL	2026-09-03T08:12:59.1841028Z                 "description" : "Controls the level of verbosity of the CodeQL Python extractor.\nThe supported levels are (in order of increasing verbosity):\n\n  - off\n  - errors\n  - warnings\n  - info or progress\n  - debug or progress+\n  - trace or progress++\n  - progress+++\n",
CodeQL (javascript-typescript)	Initialize CodeQL	2026-09-03T08:12:59.1842059Z                 "type" : "string",
CodeQL (javascript-typescript)	Initialize CodeQL	2026-09-03T08:12:59.1842567Z                 "pattern" : "^(off|errors|warnings|(info|progress)|(debug|progress\\+)|(trace|progress\\+\\+)|progress\\+\\+\\+)$"
CodeQL (javascript-typescript)	Initialize CodeQL	2026-09-03T08:12:59.1843077Z               }
CodeQL (javascript-typescript)	Initialize CodeQL	2026-09-03T08:12:59.1843278Z             }
CodeQL (javascript-typescript)	Initialize CodeQL	2026-09-03T08:12:59.1843471Z           },
CodeQL (javascript-typescript)	Initialize CodeQL	2026-09-03T08:12:59.1843686Z           "python_executable_name" : {
CodeQL (javascript-typescript)	Initialize CodeQL	2026-09-03T08:12:59.1844201Z             "title" : "Controls the name of the Python executable used by the Python extractor.",
CodeQL (javascript-typescript)	Initialize CodeQL	2026-09-03T08:12:59.1845836Z             "description" : "The Python extractor uses platform-dependent heuristics to determine the name of the Python executable to use. Specifying a value for this option overrides the name of the Python executable used by the extractor. Accepted values are py, python and python3. Use this setting with caution, the Python extractor requires Python 3 to run.\n",
CodeQL (javascript-typescript)	Initialize CodeQL	2026-09-03T08:12:59.1847170Z             "type" : "string",
CodeQL (javascript-typescript)	Initialize CodeQL	2026-09-03T08:12:59.1847439Z             "pattern" : "^(py|python|python3)$"
CodeQL (javascript-typescript)	Initialize CodeQL	2026-09-03T08:12:59.1847728Z           }
CodeQL (javascript-typescript)	Initialize CodeQL	2026-09-03T08:12:59.1847915Z         }
CodeQL (javascript-typescript)	Initialize CodeQL	2026-09-03T08:12:59.1848099Z       }
CodeQL (javascript-typescript)	Initialize CodeQL	2026-09-03T08:12:59.1848279Z     ],
CodeQL (javascript-typescript)	Initialize CodeQL	2026-09-03T08:12:59.1848476Z     "javascript" : [
CodeQL (javascript-typescript)	Initialize CodeQL	2026-09-03T08:12:59.1848693Z       {
CodeQL (javascript-typescript)	Initialize CodeQL	2026-09-03T08:12:59.1849014Z         "extractor_root" : "/opt/hostedtoolcache/CodeQL/2.26.4/x64/codeql/javascript",
CodeQL (javascript-typescript)	Initialize CodeQL	2026-09-03T08:12:59.1849438Z         "extractor_options" : {
CodeQL (javascript-typescript)	Initialize CodeQL	2026-09-03T08:12:59.1849685Z           "trap" : {
CodeQL (javascript-typescript)	Initialize CodeQL	2026-09-03T08:12:59.1849915Z             "title" : "TRAP options",
CodeQL (javascript-typescript)	Initialize CodeQL	2026-09-03T08:12:59.1850428Z             "description" : "Options about how the extractor handles TRAP files",
CodeQL (javascript-typescript)	Initialize CodeQL	2026-09-03T08:12:59.1850820Z             "type" : "object",
CodeQL (javascript-typescript)	Initialize CodeQL	2026-09-03T08:12:59.1851068Z             "visibility" : 3,
CodeQL (javascript-typescript)	Initialize CodeQL	2026-09-03T08:12:59.1851307Z             "properties" : {
CodeQL (javascript-typescript)	Initialize CodeQL	2026-09-03T08:12:59.1851537Z               "cache" : {
CodeQL (javascript-typescript)	Initialize CodeQL	2026-09-03T08:12:59.1851782Z                 "title" : "TRAP cache options",
CodeQL (javascript-typescript)	Initialize CodeQL	2026-09-03T08:12:59.1852188Z                 "description" : "Options about how the extractor handles its TRAP cache",
CodeQL (javascript-typescript)	Initialize CodeQL	2026-09-03T08:12:59.1852586Z                 "type" : "object",
CodeQL (javascript-typescript)	Initialize CodeQL	2026-09-03T08:12:59.1852842Z                 "properties" : {
CodeQL (javascript-typescript)	Initialize CodeQL	2026-09-03T08:12:59.1853084Z                   "dir" : {
CodeQL (javascript-typescript)	Initialize CodeQL	2026-09-03T08:12:59.1853358Z                     "title" : "TRAP cache directory",
CodeQL (javascript-typescript)	Initialize CodeQL	2026-09-03T08:12:59.1853732Z                     "description" : "The directory of the TRAP cache to use",
CodeQL (javascript-typescript)	Initialize CodeQL	2026-09-03T08:12:59.1854096Z                     "type" : "string"
CodeQL (javascript-typescript)	Initialize CodeQL	2026-09-03T08:12:59.1854354Z                   },
CodeQL (javascript-typescript)	Initialize CodeQL	2026-09-03T08:12:59.1854564Z                   "bound" : {
CodeQL (javascript-typescript)	Initialize CodeQL	2026-09-03T08:12:59.1854821Z                     "title" : "TRAP cache bound",
CodeQL (javascript-typescript)	Initialize CodeQL	2026-09-03T08:12:59.1855205Z                     "description" : "A soft limit (in MB) on the size of the TRAP cache",
CodeQL (javascript-typescript)	Initialize CodeQL	2026-09-03T08:12:59.1855593Z                     "type" : "string",
CodeQL (javascript-typescript)	Initialize CodeQL	2026-09-03T08:12:59.1855869Z                     "pattern" : "[0-9]+"
CodeQL (javascript-typescript)	Initialize CodeQL	2026-09-03T08:12:59.1856128Z                   },
CodeQL (javascript-typescript)	Initialize CodeQL	2026-09-03T08:12:59.1856334Z                   "write" : {
CodeQL (javascript-typescript)	Initialize CodeQL	2026-09-03T08:12:59.1856590Z                     "title" : "TRAP cache writeable",
CodeQL (javascript-typescript)	Initialize CodeQL	2026-09-03T08:12:59.1857015Z                     "description" : "Whether to write to the TRAP cache as well as reading it",
CodeQL (javascript-typescript)	Initialize CodeQL	2026-09-03T08:12:59.1857423Z                     "type" : "string",
CodeQL (javascript-typescript)	Initialize CodeQL	2026-09-03T08:12:59.1857703Z                     "pattern" : "(true|TRUE|false|FALSE)"
CodeQL (javascript-typescript)	Initialize CodeQL	2026-09-03T08:12:59.1858109Z                   }
CodeQL (javascript-typescript)	Initialize CodeQL	2026-09-03T08:12:59.1858307Z                 }
CodeQL (javascript-typescript)	Initialize CodeQL	2026-09-03T08:12:59.1858508Z               }
CodeQL (javascript-typescript)	Initialize CodeQL	2026-09-03T08:12:59.1858698Z             }
CodeQL (javascript-typescript)	Initialize CodeQL	2026-09-03T08:12:59.1858890Z           },
CodeQL (javascript-typescript)	Initialize CodeQL	2026-09-03T08:12:59.1859088Z           "skip_types" : {
CodeQL (javascript-typescript)	Initialize CodeQL	2026-09-03T08:12:59.1859365Z             "title" : "Skip type extraction for TypeScript",
CodeQL (javascript-typescript)	Initialize CodeQL	2026-09-03T08:12:59.1859841Z             "description" : "Whether to skip the extraction of types in a TypeScript application",
CodeQL (javascript-typescript)	Initialize CodeQL	2026-09-03T08:12:59.1860431Z             "type" : "string",
CodeQL (javascript-typescript)	Initialize CodeQL	2026-09-03T08:12:59.1860678Z             "pattern" : "^(false|true)$"
CodeQL (javascript-typescript)	Initialize CodeQL	2026-09-03T08:12:59.1860935Z           }
CodeQL (javascript-typescript)	Initialize CodeQL	2026-09-03T08:12:59.1861120Z         }
CodeQL (javascript-typescript)	Initialize CodeQL	2026-09-03T08:12:59.1861301Z       }
CodeQL (javascript-typescript)	Initialize CodeQL	2026-09-03T08:12:59.1861482Z     ],
CodeQL (javascript-typescript)	Initialize CodeQL	2026-09-03T08:12:59.1861668Z     "actions" : [
CodeQL (javascript-typescript)	Initialize CodeQL	2026-09-03T08:12:59.1861871Z       {
CodeQL (javascript-typescript)	Initialize CodeQL	2026-09-03T08:12:59.1862175Z         "extractor_root" : "/opt/hostedtoolcache/CodeQL/2.26.4/x64/codeql/actions",
CodeQL (javascript-typescript)	Initialize CodeQL	2026-09-03T08:12:59.1862570Z         "extractor_options" : {
CodeQL (javascript-typescript)	Initialize CodeQL	2026-09-03T08:12:59.1862815Z           "trap" : {
CodeQL (javascript-typescript)	Initialize CodeQL	2026-09-03T08:12:59.1863035Z             "title" : "TRAP options",
CodeQL (javascript-typescript)	Initialize CodeQL	2026-09-03T08:12:59.1863521Z             "description" : "Options about how the extractor handles TRAP files",
CodeQL (javascript-typescript)	Initialize CodeQL	2026-09-03T08:12:59.1863900Z             "type" : "object",
CodeQL (javascript-typescript)	Initialize CodeQL	2026-09-03T08:12:59.1864139Z             "visibility" : 3,
CodeQL (javascript-typescript)	Initialize CodeQL	2026-09-03T08:12:59.1864381Z             "properties" : {
CodeQL (javascript-typescript)	Initialize CodeQL	2026-09-03T08:12:59.1864614Z               "cache" : {
CodeQL (javascript-typescript)	Initialize CodeQL	2026-09-03T08:12:59.1864858Z                 "title" : "TRAP cache options",
CodeQL (javascript-typescript)	Initialize CodeQL	2026-09-03T08:12:59.1865265Z                 "description" : "Options about how the extractor handles its TRAP cache",
CodeQL (javascript-typescript)	Initialize CodeQL	2026-09-03T08:12:59.1865664Z                 "type" : "object",
CodeQL (javascript-typescript)	Initialize CodeQL	2026-09-03T08:12:59.1865921Z                 "properties" : {
CodeQL (javascript-typescript)	Initialize CodeQL	2026-09-03T08:12:59.1866165Z                   "dir" : {
CodeQL (javascript-typescript)	Initialize CodeQL	2026-09-03T08:12:59.1866420Z                     "title" : "TRAP cache directory",
CodeQL (javascript-typescript)	Initialize CodeQL	2026-09-03T08:12:59.1866782Z                     "description" : "The directory of the TRAP cache to use",
CodeQL (javascript-typescript)	Initialize CodeQL	2026-09-03T08:12:59.1867143Z                     "type" : "string"
CodeQL (javascript-typescript)	Initialize CodeQL	2026-09-03T08:12:59.1867389Z                   },
CodeQL (javascript-typescript)	Initialize CodeQL	2026-09-03T08:12:59.1867601Z                   "bound" : {
CodeQL (javascript-typescript)	Initialize CodeQL	2026-09-03T08:12:59.1867849Z                     "title" : "TRAP cache bound",
CodeQL (javascript-typescript)	Initialize CodeQL	2026-09-03T08:12:59.1868240Z                     "description" : "A soft limit (in MB) on the size of the TRAP cache",
CodeQL (javascript-typescript)	Initialize CodeQL	2026-09-03T08:12:59.1868624Z                     "type" : "string",
CodeQL (javascript-typescript)	Initialize CodeQL	2026-09-03T08:12:59.1868884Z                     "pattern" : "[0-9]+"
CodeQL (javascript-typescript)	Initialize CodeQL	2026-09-03T08:12:59.1869138Z                   },
CodeQL (javascript-typescript)	Initialize CodeQL	2026-09-03T08:12:59.1869346Z                   "write" : {
CodeQL (javascript-typescript)	Initialize CodeQL	2026-09-03T08:12:59.1869597Z                     "title" : "TRAP cache writeable",
CodeQL (javascript-typescript)	Initialize CodeQL	2026-09-03T08:12:59.1870170Z                     "description" : "Whether to write to the TRAP cache as well as reading it",
CodeQL (javascript-typescript)	Initialize CodeQL	2026-09-03T08:12:59.1870584Z                     "type" : "string",
CodeQL (javascript-typescript)	Initialize CodeQL	2026-09-03T08:12:59.1870866Z                     "pattern" : "(true|TRUE|false|FALSE)"
CodeQL (javascript-typescript)	Initialize CodeQL	2026-09-03T08:12:59.1871158Z                   }
CodeQL (javascript-typescript)	Initialize CodeQL	2026-09-03T08:12:59.1871353Z                 }
CodeQL (javascript-typescript)	Initialize CodeQL	2026-09-03T08:12:59.1871549Z               }
CodeQL (javascript-typescript)	Initialize CodeQL	2026-09-03T08:12:59.1871736Z             }
CodeQL (javascript-typescript)	Initialize CodeQL	2026-09-03T08:12:59.1871925Z           }
CodeQL (javascript-typescript)	Initialize CodeQL	2026-09-03T08:12:59.1872107Z         }
CodeQL (javascript-typescript)	Initialize CodeQL	2026-09-03T08:12:59.1872285Z       }
CodeQL (javascript-typescript)	Initialize CodeQL	2026-09-03T08:12:59.1872463Z     ],
CodeQL (javascript-typescript)	Initialize CodeQL	2026-09-03T08:12:59.1872641Z     "java" : [
CodeQL (javascript-typescript)	Initialize CodeQL	2026-09-03T08:12:59.1872829Z       {
CodeQL (javascript-typescript)	Initialize CodeQL	2026-09-03T08:12:59.1873126Z         "extractor_root" : "/opt/hostedtoolcache/CodeQL/2.26.4/x64/codeql/java",
CodeQL (javascript-typescript)	Initialize CodeQL	2026-09-03T08:12:59.1873516Z         "extractor_options" : {
CodeQL (javascript-typescript)	Initialize CodeQL	2026-09-03T08:12:59.1873766Z           "exclude" : {
CodeQL (javascript-typescript)	Initialize CodeQL	2026-09-03T08:12:59.1874033Z             "title" : "A glob excluding files from analysis.",
CodeQL (javascript-typescript)	Initialize CodeQL	2026-09-03T08:12:59.1874795Z             "description" : "A glob indicating what files to exclude from the analysis. This accepts glob patterns that are supported by Java's 'getPathMatcher' implementation.\n",
CodeQL (javascript-typescript)	Initialize CodeQL	2026-09-03T08:12:59.1875503Z             "type" : "string"
CodeQL (javascript-typescript)	Initialize CodeQL	2026-09-03T08:12:59.1875854Z           },
CodeQL (javascript-typescript)	Initialize CodeQL	2026-09-03T08:12:59.1876059Z           "add_prefer_source" : {
CodeQL (javascript-typescript)	Initialize CodeQL	2026-09-03T08:12:59.1876415Z             "title" : "Whether to always prefer source files over class files.",
CodeQL (javascript-typescript)	Initialize CodeQL	2026-09-03T08:12:59.1877614Z             "description" : "A value indicating whether source files should be preferred over class files. If set to 'true', the extraction adds '-Xprefer:source' to the javac command line. If set to 'false', the extraction uses the default javac behavior ('-Xprefer:newer'). The default is 'true'.\n",
CodeQL (javascript-typescript)	Initialize CodeQL	2026-09-03T08:12:59.1878701Z             "type" : "string",
CodeQL (javascript-typescript)	Initialize CodeQL	2026-09-03T08:12:59.1878944Z             "pattern" : "^(false|true)$"
CodeQL (javascript-typescript)	Initialize CodeQL	2026-09-03T08:12:59.1879199Z           },
CodeQL (javascript-typescript)	Initialize CodeQL	2026-09-03T08:12:59.1879401Z           "buildless" : {
CodeQL (javascript-typescript)	Initialize CodeQL	2026-09-03T08:12:59.1879748Z             "title" : "Whether to use buildless (standalone) extraction (experimental).",
CodeQL (javascript-typescript)	Initialize CodeQL	2026-09-03T08:12:59.1881635Z             "description" : "A value indicating, which type of extraction the autobuilder should perform. If 'true', then the standalone extractor will be used, otherwise tracing extraction will be performed. The default is 'false'. Note that buildless extraction will generally yield less accurate analysis results, and should only be used in cases where it is not possible to build the code (for example if it uses inaccessible dependencies).\n",
CodeQL (javascript-typescript)	Initialize CodeQL	2026-09-03T08:12:59.1883344Z             "type" : "string",
CodeQL (javascript-typescript)	Initialize CodeQL	2026-09-03T08:12:59.1883593Z             "pattern" : "^(false|true)$"
CodeQL (javascript-typescript)	Initialize CodeQL	2026-09-03T08:12:59.1883848Z           },
CodeQL (javascript-typescript)	Initialize CodeQL	2026-09-03T08:12:59.1884063Z           "buildless_dependency_dir" : {
CodeQL (javascript-typescript)	Initialize CodeQL	2026-09-03T08:12:59.1884496Z             "title" : "The path where buildless (standalone) extraction should keep dependencies.",
CodeQL (javascript-typescript)	Initialize CodeQL	2026-09-03T08:12:59.1885172Z             "description" : "If set, the buildless (standalone) extractor will store dependencies in this directory.\n",
CodeQL (javascript-typescript)	Initialize CodeQL	2026-09-03T08:12:59.1885676Z             "type" : "string"
CodeQL (javascript-typescript)	Initialize CodeQL	2026-09-03T08:12:59.1885901Z           },
CodeQL (javascript-typescript)	Initialize CodeQL	2026-09-03T08:12:59.1886104Z           "minimize_dependency_jars" : {
CodeQL (javascript-typescript)	Initialize CodeQL	2026-09-03T08:12:59.1886547Z             "title" : "Whether to rewrite and minimize downloaded JAR dependencies (experimental).",
CodeQL (javascript-typescript)	Initialize CodeQL	2026-09-03T08:12:59.1887418Z             "description" : "If 'true', JAR dependencies downloaded during extraction will be rewritten to remove unneeded data, such as method bodies. The default is 'false'.\n",
CodeQL (javascript-typescript)	Initialize CodeQL	2026-09-03T08:12:59.1888111Z             "type" : "string",
CodeQL (javascript-typescript)	Initialize CodeQL	2026-09-03T08:12:59.1888354Z             "pattern" : "^(false|true)$"
CodeQL (javascript-typescript)	Initialize CodeQL	2026-09-03T08:12:59.1888604Z           }
CodeQL (javascript-typescript)	Initialize CodeQL	2026-09-03T08:12:59.1888791Z         }
CodeQL (javascript-typescript)	Initialize CodeQL	2026-09-03T08:12:59.1888970Z       }
CodeQL (javascript-typescript)	Initialize CodeQL	2026-09-03T08:12:59.1889148Z     ],
CodeQL (javascript-typescript)	Initialize CodeQL	2026-09-03T08:12:59.1889332Z     "rust" : [
CodeQL (javascript-typescript)	Initialize CodeQL	2026-09-03T08:12:59.1889527Z       {
CodeQL (javascript-typescript)	Initialize CodeQL	2026-09-03T08:12:59.1889820Z         "extractor_root" : "/opt/hostedtoolcache/CodeQL/2.26.4/x64/codeql/rust",
CodeQL (javascript-typescript)	Initialize CodeQL	2026-09-03T08:12:59.1890329Z         "extractor_options" : {
CodeQL (javascript-typescript)	Initialize CodeQL	2026-09-03T08:12:59.1890570Z           "trap" : {
CodeQL (javascript-typescript)	Initialize CodeQL	2026-09-03T08:12:59.1890811Z             "title" : "Options pertaining to TRAP.",
CodeQL (javascript-typescript)	Initialize CodeQL	2026-09-03T08:12:59.1891149Z             "description" : "Options pertaining to TRAP.",
CodeQL (javascript-typescript)	Initialize CodeQL	2026-09-03T08:12:59.1891465Z             "type" : "object",
CodeQL (javascript-typescript)	Initialize CodeQL	2026-09-03T08:12:59.1891715Z             "properties" : {
CodeQL (javascript-typescript)	Initialize CodeQL	2026-09-03T08:12:59.1891952Z               "compression" : {
CodeQL (javascript-typescript)	Initialize CodeQL	2026-09-03T08:12:59.1892326Z                 "title" : "Controls compression for the TRAP files written by the extractor.",
CodeQL (javascript-typescript)	Initialize CodeQL	2026-09-03T08:12:59.1893423Z                 "description" : "This option is only intended for use in debugging the extractor. Accepted values are 'gzip' (to write gzip-compressed TRAP) 'zstd' (the default, to write Zstandard-compressed TRAP) and 'none' (to write uncompressed TRAP).\n",
CodeQL (javascript-typescript)	Initialize CodeQL	2026-09-03T08:12:59.1894371Z                 "type" : "string",
CodeQL (javascript-typescript)	Initialize CodeQL	2026-09-03T08:12:59.1894645Z                 "pattern" : "^(none|gzip|zstd)$"
CodeQL (javascript-typescript)	Initialize CodeQL	2026-09-03T08:12:59.1894922Z               }
CodeQL (javascript-typescript)	Initialize CodeQL	2026-09-03T08:12:59.1895116Z             }
CodeQL (javascript-typescript)	Initialize CodeQL	2026-09-03T08:12:59.1895311Z           },
CodeQL (javascript-typescript)	Initialize CodeQL	2026-09-03T08:12:59.1895519Z           "cargo_target_dir" : {
CodeQL (javascript-typescript)	Initialize CodeQL	2026-09-03T08:12:59.1895822Z             "title" : "Directory to use for cargo output files.",
CodeQL (javascript-typescript)	Initialize CodeQL	2026-09-03T08:12:59.1897083Z             "description" : "This value is an optional path to use as `CARGO_TARGET_DIR` for the internal cargo commands the extractor uses. Pointing it to a persistent directory may reduce execution time of consecutive extractor runs. By default, a new scratch directory is used for each run.\n",
CodeQL (javascript-typescript)	Initialize CodeQL	2026-09-03T08:12:59.1898162Z             "type" : "string"
CodeQL (javascript-typescript)	Initialize CodeQL	2026-09-03T08:12:59.1898388Z           },
CodeQL (javascript-typescript)	Initialize CodeQL	2026-09-03T08:12:59.1898588Z           "cargo_target" : {
CodeQL (javascript-typescript)	Initialize CodeQL	2026-09-03T08:12:59.1898839Z             "title" : "Target architecture",
CodeQL (javascript-typescript)	Initialize CodeQL	2026-09-03T08:12:59.1899446Z             "description" : "Target architecture to use for analysis, analogous to `cargo --target`. By default the host architecture is used.\n",
CodeQL (javascript-typescript)	Initialize CodeQL	2026-09-03T08:12:59.1900187Z             "type" : "string"
CodeQL (javascript-typescript)	Initialize CodeQL	2026-09-03T08:12:59.1900417Z           },
CodeQL (javascript-typescript)	Initialize CodeQL	2026-09-03T08:12:59.1900615Z           "cargo_features" : {
CodeQL (javascript-typescript)	Initialize CodeQL	2026-09-03T08:12:59.1900873Z             "title" : "Cargo features to turn on",
CodeQL (javascript-typescript)	Initialize CodeQL	2026-09-03T08:12:59.1901959Z             "description" : "Comma-separated list of features to turn on. By default all features are enabled. If any features are specified, then only those features are enabled. The `default` feature must be explicitly specified if only default features are desired. Can be repeated.\n",
CodeQL (javascript-typescript)	Initialize CodeQL	2026-09-03T08:12:59.1903132Z             "type" : "array"
CodeQL (javascript-typescript)	Initialize CodeQL	2026-09-03T08:12:59.1903356Z           },
CodeQL (javascript-typescript)	Initialize CodeQL	2026-09-03T08:12:59.1903558Z           "cargo_cfg_overrides" : {
CodeQL (javascript-typescript)	Initialize CodeQL	2026-09-03T08:12:59.1903835Z             "title" : "Cargo cfg overrides",
CodeQL (javascript-typescript)	Initialize CodeQL	2026-09-03T08:12:59.1904369Z             "description" : "Comma-separated list of cfg settings to enable, or disable if prefixed with `-`. Can be repeated.\n",
CodeQL (javascript-typescript)	Initialize CodeQL	2026-09-03T08:12:59.1904902Z             "type" : "array"
CodeQL (javascript-typescript)	Initialize CodeQL	2026-09-03T08:12:59.1905121Z           },
CodeQL (javascript-typescript)	Initialize CodeQL	2026-09-03T08:12:59.1905313Z           "logging" : {
CodeQL (javascript-typescript)	Initialize CodeQL	2026-09-03T08:12:59.1905570Z             "title" : "Options pertaining to logging.",
CodeQL (javascript-typescript)	Initialize CodeQL	2026-09-03T08:12:59.1905925Z             "description" : "Options pertaining to logging.",
CodeQL (javascript-typescript)	Initialize CodeQL	2026-09-03T08:12:59.1906251Z             "type" : "object",
CodeQL (javascript-typescript)	Initialize CodeQL	2026-09-03T08:12:59.1906495Z             "properties" : {
CodeQL (javascript-typescript)	Initialize CodeQL	2026-09-03T08:12:59.1906731Z               "verbosity" : {
CodeQL (javascript-typescript)	Initialize CodeQL	2026-09-03T08:12:59.1907020Z                 "title" : "Extractor logging verbosity level.",
CodeQL (javascript-typescript)	Initialize CodeQL	2026-09-03T08:12:59.1908028Z                 "description" : "Controls the level of verbosity of the extractor. The supported levels are (in order of increasing verbosity):\n  - off\n  - errors\n  - warnings\n  - info or progress\n  - debug or progress+\n  - trace or progress++\n  - progress+++\n",
CodeQL (javascript-typescript)	Initialize CodeQL	2026-09-03T08:12:59.1908980Z                 "type" : "string",
CodeQL (javascript-typescript)	Initialize CodeQL	2026-09-03T08:12:59.1909477Z                 "pattern" : "^(off|errors|warnings|(info|progress)|(debug|progress\\+)|(trace|progress\\+\\+)|progress\\+\\+\\+)$"
CodeQL (javascript-typescript)	Initialize CodeQL	2026-09-03T08:12:59.1910134Z               },
CodeQL (javascript-typescript)	Initialize CodeQL	2026-09-03T08:12:59.1910346Z               "flamegraph" : {
CodeQL (javascript-typescript)	Initialize CodeQL	2026-09-03T08:12:59.1910669Z                 "title" : "[Experimental] File path for write flame graph log",
CodeQL (javascript-typescript)	Initialize CodeQL	2026-09-03T08:12:59.1911600Z                 "description" : "Collect flame graph data using the `tracing-flame` crate. To render a flame graph or chart, run the `inferno-flamegraph` command. See also: https://crates.io/crates/tracing-flame\n",
CodeQL (javascript-typescript)	Initialize CodeQL	2026-09-03T08:12:59.1912429Z                 "type" : "string"
CodeQL (javascript-typescript)	Initialize CodeQL	2026-09-03T08:12:59.1912667Z               }
CodeQL (javascript-typescript)	Initialize CodeQL	2026-09-03T08:12:59.1912860Z             }
CodeQL (javascript-typescript)	Initialize CodeQL	2026-09-03T08:12:59.1913051Z           },
CodeQL (javascript-typescript)	Initialize CodeQL	2026-09-03T08:12:59.1913269Z           "extract_dependencies_as_source" : {
CodeQL (javascript-typescript)	Initialize CodeQL	2026-09-03T08:12:59.1913600Z             "title" : "Extract dependencies as source code",
CodeQL (javascript-typescript)	Initialize CodeQL	2026-09-03T08:12:59.1914135Z             "description" : "Extract the full source code of dependencies instead of only extracting signatures.\n",
CodeQL (javascript-typescript)	Initialize CodeQL	2026-09-03T08:12:59.1914634Z             "type" : "string",
CodeQL (javascript-typescript)	Initialize CodeQL	2026-09-03T08:12:59.1914878Z             "pattern" : "^(false|true)$"
CodeQL (javascript-typescript)	Initialize CodeQL	2026-09-03T08:12:59.1915139Z           }
CodeQL (javascript-typescript)	Initialize CodeQL	2026-09-03T08:12:59.1915386Z         }
CodeQL (javascript-typescript)	Initialize CodeQL	2026-09-03T08:12:59.1937564Z       }
CodeQL (javascript-typescript)	Initialize CodeQL	2026-09-03T08:12:59.1938131Z     ],
CodeQL (javascript-typescript)	Initialize CodeQL	2026-09-03T08:12:59.1938441Z     "swift" : [
CodeQL (javascript-typescript)	Initialize CodeQL	2026-09-03T08:12:59.1938787Z       {
CodeQL (javascript-typescript)	Initialize CodeQL	2026-09-03T08:12:59.1939352Z         "extractor_root" : "/opt/hostedtoolcache/CodeQL/2.26.4/x64/codeql/swift"
CodeQL (javascript-typescript)	Initialize CodeQL	2026-09-03T08:12:59.1940256Z       }
CodeQL (javascript-typescript)	Initialize CodeQL	2026-09-03T08:12:59.1940589Z     ],
CodeQL (javascript-typescript)	Initialize CodeQL	2026-09-03T08:12:59.1940894Z     "xml" : [
CodeQL (javascript-typescript)	Initialize CodeQL	2026-09-03T08:12:59.1941226Z       {
CodeQL (javascript-typescript)	Initialize CodeQL	2026-09-03T08:12:59.1941736Z         "extractor_root" : "/opt/hostedtoolcache/CodeQL/2.26.4/x64/codeql/xml"
CodeQL (javascript-typescript)	Initialize CodeQL	2026-09-03T08:12:59.1942402Z       }
CodeQL (javascript-typescript)	Initialize CodeQL	2026-09-03T08:12:59.1942721Z     ],
CodeQL (javascript-typescript)	Initialize CodeQL	2026-09-03T08:12:59.1943030Z     "html" : [
CodeQL (javascript-typescript)	Initialize CodeQL	2026-09-03T08:12:59.1943366Z       {
CodeQL (javascript-typescript)	Initialize CodeQL	2026-09-03T08:12:59.1943876Z         "extractor_root" : "/opt/hostedtoolcache/CodeQL/2.26.4/x64/codeql/html"
CodeQL (javascript-typescript)	Initialize CodeQL	2026-09-03T08:12:59.1944539Z       }
CodeQL (javascript-typescript)	Initialize CodeQL	2026-09-03T08:12:59.1944843Z     ],
CodeQL (javascript-typescript)	Initialize CodeQL	2026-09-03T08:12:59.1945140Z     "csv" : [
CodeQL (javascript-typescript)	Initialize CodeQL	2026-09-03T08:12:59.1945466Z       {
CodeQL (javascript-typescript)	Initialize CodeQL	2026-09-03T08:12:59.1945968Z         "extractor_root" : "/opt/hostedtoolcache/CodeQL/2.26.4/x64/codeql/csv"
CodeQL (javascript-typescript)	Initialize CodeQL	2026-09-03T08:12:59.1946642Z       }
CodeQL (javascript-typescript)	Initialize CodeQL	2026-09-03T08:12:59.1946944Z     ],
CodeQL (javascript-typescript)	Initialize CodeQL	2026-09-03T08:12:59.1947262Z     "yaml" : [
CodeQL (javascript-typescript)	Initialize CodeQL	2026-09-03T08:12:59.1947839Z       {
CodeQL (javascript-typescript)	Initialize CodeQL	2026-09-03T08:12:59.1948365Z         "extractor_root" : "/opt/hostedtoolcache/CodeQL/2.26.4/x64/codeql/yaml"
CodeQL (javascript-typescript)	Initialize CodeQL	2026-09-03T08:12:59.1949032Z       }
CodeQL (javascript-typescript)	Initialize CodeQL	2026-09-03T08:12:59.1949329Z     ],
CodeQL (javascript-typescript)	Initialize CodeQL	2026-09-03T08:12:59.1949648Z     "go" : [
CodeQL (javascript-typescript)	Initialize CodeQL	2026-09-03T08:12:59.1950548Z       {
CodeQL (javascript-typescript)	Initialize CodeQL	2026-09-03T08:12:59.1951127Z         "extractor_root" : "/opt/hostedtoolcache/CodeQL/2.26.4/x64/codeql/go",
CodeQL (javascript-typescript)	Initialize CodeQL	2026-09-03T08:12:59.1951795Z         "extractor_options" : {
CodeQL (javascript-typescript)	Initialize CodeQL	2026-09-03T08:12:59.1952175Z           "extract_tests" : {
CodeQL (javascript-typescript)	Initialize CodeQL	2026-09-03T08:12:59.1952542Z             "title" : "Whether to include Go test files in the CodeQL database.",
CodeQL (javascript-typescript)	Initialize CodeQL	2026-09-03T08:12:59.1953231Z             "description" : "A value indicating whether Go test files should be included in the CodeQL database. The default is 'false'.\n",
CodeQL (javascript-typescript)	Initialize CodeQL	2026-09-03T08:12:59.1953858Z             "type" : "string",
CodeQL (javascript-typescript)	Initialize CodeQL	2026-09-03T08:12:59.1954122Z             "pattern" : "^(false|true)$"
CodeQL (javascript-typescript)	Initialize CodeQL	2026-09-03T08:12:59.1954400Z           },
CodeQL (javascript-typescript)	Initialize CodeQL	2026-09-03T08:12:59.1954614Z           "extract_vendor_dirs" : {
CodeQL (javascript-typescript)	Initialize CodeQL	2026-09-03T08:12:59.1955012Z             "title" : "Whether to include Go vendor directories in the CodeQL database.",
CodeQL (javascript-typescript)	Initialize CodeQL	2026-09-03T08:12:59.1955754Z             "description" : "A value indicating whether Go vendor directories should be included in the CodeQL database. The default is 'false'.\n",
CodeQL (javascript-typescript)	Initialize CodeQL	2026-09-03T08:12:59.1956373Z             "type" : "string",
CodeQL (javascript-typescript)	Initialize CodeQL	2026-09-03T08:12:59.1956639Z             "pattern" : "^(false|true)$"
CodeQL (javascript-typescript)	Initialize CodeQL	2026-09-03T08:12:59.1956909Z           }
CodeQL (javascript-typescript)	Initialize CodeQL	2026-09-03T08:12:59.1957099Z         }
CodeQL (javascript-typescript)	Initialize CodeQL	2026-09-03T08:12:59.1957281Z       }
CodeQL (javascript-typescript)	Initialize CodeQL	2026-09-03T08:12:59.1957461Z     ],
CodeQL (javascript-typescript)	Initialize CodeQL	2026-09-03T08:12:59.1957647Z     "cpp" : [
CodeQL (javascript-typescript)	Initialize CodeQL	2026-09-03T08:12:59.1957840Z       {
CodeQL (javascript-typescript)	Initialize CodeQL	2026-09-03T08:12:59.1958139Z         "extractor_root" : "/opt/hostedtoolcache/CodeQL/2.26.4/x64/codeql/cpp",
CodeQL (javascript-typescript)	Initialize CodeQL	2026-09-03T08:12:59.1958532Z         "extractor_options" : {
CodeQL (javascript-typescript)	Initialize CodeQL	2026-09-03T08:12:59.1958781Z           "trap" : {
CodeQL (javascript-typescript)	Initialize CodeQL	2026-09-03T08:12:59.1959004Z             "title" : "TRAP options",
CodeQL (javascript-typescript)	Initialize CodeQL	2026-09-03T08:12:59.1959382Z             "description" : "Options about how the extractor handles TRAP files",
CodeQL (javascript-typescript)	Initialize CodeQL	2026-09-03T08:12:59.1959773Z             "type" : "object",
CodeQL (javascript-typescript)	Initialize CodeQL	2026-09-03T08:12:59.1960292Z             "visibility" : 3,
CodeQL (javascript-typescript)	Initialize CodeQL	2026-09-03T08:12:59.1960587Z             "properties" : {
CodeQL (javascript-typescript)	Initialize CodeQL	2026-09-03T08:12:59.1960829Z               "cache" : {
CodeQL (javascript-typescript)	Initialize CodeQL	2026-09-03T08:12:59.1961081Z                 "title" : "TRAP cache options",
CodeQL (javascript-typescript)	Initialize CodeQL	2026-09-03T08:12:59.1961486Z                 "description" : "Options about how the extractor handles its TRAP cache",
CodeQL (javascript-typescript)	Initialize CodeQL	2026-09-03T08:12:59.1961891Z                 "type" : "object",
CodeQL (javascript-typescript)	Initialize CodeQL	2026-09-03T08:12:59.1962151Z                 "properties" : {
CodeQL (javascript-typescript)	Initialize CodeQL	2026-09-03T08:12:59.1962397Z                   "dir" : {
CodeQL (javascript-typescript)	Initialize CodeQL	2026-09-03T08:12:59.1962653Z                     "title" : "TRAP cache directory",
CodeQL (javascript-typescript)	Initialize CodeQL	2026-09-03T08:12:59.1963030Z                     "description" : "The directory of the TRAP cache to use",
CodeQL (javascript-typescript)	Initialize CodeQL	2026-09-03T08:12:59.1963399Z                     "type" : "string"
CodeQL (javascript-typescript)	Initialize CodeQL	2026-09-03T08:12:59.1963867Z                   },
CodeQL (javascript-typescript)	Initialize CodeQL	2026-09-03T08:12:59.1964080Z                   "bound" : {
CodeQL (javascript-typescript)	Initialize CodeQL	2026-09-03T08:12:59.1964339Z                     "title" : "TRAP cache bound",
CodeQL (javascript-typescript)	Initialize CodeQL	2026-09-03T08:12:59.1964735Z                     "description" : "A soft limit (in MB) on the size of the TRAP cache",
CodeQL (javascript-typescript)	Initialize CodeQL	2026-09-03T08:12:59.1965128Z                     "type" : "string",
CodeQL (javascript-typescript)	Initialize CodeQL	2026-09-03T08:12:59.1965398Z                     "pattern" : "[0-9]+"
CodeQL (javascript-typescript)	Initialize CodeQL	2026-09-03T08:12:59.1965654Z                   },
CodeQL (javascript-typescript)	Initialize CodeQL	2026-09-03T08:12:59.1965866Z                   "write" : {
CodeQL (javascript-typescript)	Initialize CodeQL	2026-09-03T08:12:59.1966127Z                     "title" : "TRAP cache writeable",
CodeQL (javascript-typescript)	Initialize CodeQL	2026-09-03T08:12:59.1966567Z                     "description" : "Whether to write to the TRAP cache as well as reading it",
CodeQL (javascript-typescript)	Initialize CodeQL	2026-09-03T08:12:59.1966981Z                     "type" : "string",
CodeQL (javascript-typescript)	Initialize CodeQL	2026-09-03T08:12:59.1967268Z                     "pattern" : "(true|TRUE|false|FALSE)"
CodeQL (javascript-typescript)	Initialize CodeQL	2026-09-03T08:12:59.1967558Z                   }
CodeQL (javascript-typescript)	Initialize CodeQL	2026-09-03T08:12:59.1967760Z                 }
CodeQL (javascript-typescript)	Initialize CodeQL	2026-09-03T08:12:59.1967966Z               }
CodeQL (javascript-typescript)	Initialize CodeQL	2026-09-03T08:12:59.1968160Z             }
CodeQL (javascript-typescript)	Initialize CodeQL	2026-09-03T08:12:59.1968355Z           },
CodeQL (javascript-typescript)	Initialize CodeQL	2026-09-03T08:12:59.1968683Z           "scale_timeouts" : {
CodeQL (javascript-typescript)	Initialize CodeQL	2026-09-03T08:12:59.1969013Z             "title" : "Value to scale compiler introspection timeouts with",
CodeQL (javascript-typescript)	Initialize CodeQL	2026-09-03T08:12:59.1970866Z             "description" : "The extractor attempts to determine what compiler the source code being extracted is compiled with. To this end the extractor makes additional calls to the compiler, some of which are expected to return within a certain fixed time (either 10s or 15s). On some systems that are under high load this time might be too short, and can be scaled up using this option.\n",
CodeQL (javascript-typescript)	Initialize CodeQL	2026-09-03T08:12:59.1972276Z             "type" : "string",
CodeQL (javascript-typescript)	Initialize CodeQL	2026-09-03T08:12:59.1972531Z             "pattern" : "[0-9]+"
CodeQL (javascript-typescript)	Initialize CodeQL	2026-09-03T08:12:59.1972774Z           },
CodeQL (javascript-typescript)	Initialize CodeQL	2026-09-03T08:12:59.1972984Z           "log_verbosity" : {
CodeQL (javascript-typescript)	Initialize CodeQL	2026-09-03T08:12:59.1973271Z             "title" : "Verbosity of the extractor logging",
CodeQL (javascript-typescript)	Initialize CodeQL	2026-09-03T08:12:59.1973933Z             "description" : "Set the verbosity of the extractor logging to 'quiet' (0), 'normal' (1), 'chatty' (2), or 'noisy' (3). The default is 'normal'.\n",
CodeQL (javascript-typescript)	Initialize CodeQL	2026-09-03T08:12:59.1974545Z             "type" : "string",
CodeQL (javascript-typescript)	Initialize CodeQL	2026-09-03T08:12:59.1974796Z             "pattern" : "[0-3]"
CodeQL (javascript-typescript)	Initialize CodeQL	2026-09-03T08:12:59.1975031Z           },
CodeQL (javascript-typescript)	Initialize CodeQL	2026-09-03T08:12:59.1975245Z           "frontend_options" : {
CodeQL (javascript-typescript)	Initialize CodeQL	2026-09-03T08:12:59.1975538Z             "title" : "C/C++ extractor frontend options",
CodeQL (javascript-typescript)	Initialize CodeQL	2026-09-03T08:12:59.1976066Z             "description" : "Set additional options that should be passed to the C/C++ extractor frontend.\n",
CodeQL (javascript-typescript)	Initialize CodeQL	2026-09-03T08:12:59.1976559Z             "type" : "array",
CodeQL (javascript-typescript)	Initialize CodeQL	2026-09-03T08:12:59.1976802Z             "visibility" : 3
CodeQL (javascript-typescript)	Initialize CodeQL	2026-09-03T08:12:59.1977034Z           }
CodeQL (javascript-typescript)	Initialize CodeQL	2026-09-03T08:12:59.1977229Z         }
CodeQL (javascript-typescript)	Initialize CodeQL	2026-09-03T08:12:59.1977459Z       }
CodeQL (javascript-typescript)	Initialize CodeQL	2026-09-03T08:12:59.1977650Z     ],
CodeQL (javascript-typescript)	Initialize CodeQL	2026-09-03T08:12:59.1977836Z     "ruby" : [
CodeQL (javascript-typescript)	Initialize CodeQL	2026-09-03T08:12:59.1978033Z       {
CodeQL (javascript-typescript)	Initialize CodeQL	2026-09-03T08:12:59.1978336Z         "extractor_root" : "/opt/hostedtoolcache/CodeQL/2.26.4/x64/codeql/ruby",
CodeQL (javascript-typescript)	Initialize CodeQL	2026-09-03T08:12:59.1978743Z         "extractor_options" : {
CodeQL (javascript-typescript)	Initialize CodeQL	2026-09-03T08:12:59.1978995Z           "trap" : {
CodeQL (javascript-typescript)	Initialize CodeQL	2026-09-03T08:12:59.1979245Z             "title" : "Options pertaining to TRAP.",
CodeQL (javascript-typescript)	Initialize CodeQL	2026-09-03T08:12:59.1979589Z             "description" : "Options pertaining to TRAP.",
CodeQL (javascript-typescript)	Initialize CodeQL	2026-09-03T08:12:59.1979899Z             "type" : "object",
CodeQL (javascript-typescript)	Initialize CodeQL	2026-09-03T08:12:59.1980401Z             "properties" : {
CodeQL (javascript-typescript)	Initialize CodeQL	2026-09-03T08:12:59.1980660Z               "compression" : {
CodeQL (javascript-typescript)	Initialize CodeQL	2026-09-03T08:12:59.1981045Z                 "title" : "Controls compression for the TRAP files written by the extractor.",
CodeQL (javascript-typescript)	Initialize CodeQL	2026-09-03T08:12:59.1982149Z                 "description" : "This option is only intended for use in debugging the extractor. Accepted values are 'gzip' (the default, to write gzip-compressed TRAP) 'zstd' (to write Zstandard-compressed TRAP) and 'none' (to write uncompressed TRAP).\n",
CodeQL (javascript-typescript)	Initialize CodeQL	2026-09-03T08:12:59.1983127Z                 "type" : "string",
CodeQL (javascript-typescript)	Initialize CodeQL	2026-09-03T08:12:59.1983575Z                 "pattern" : "^(none|gzip|zstd)$"
CodeQL (javascript-typescript)	Initialize CodeQL	2026-09-03T08:12:59.1983859Z               }
CodeQL (javascript-typescript)	Initialize CodeQL	2026-09-03T08:12:59.1984066Z             }
CodeQL (javascript-typescript)	Initialize CodeQL	2026-09-03T08:12:59.1984260Z           }
CodeQL (javascript-typescript)	Initialize CodeQL	2026-09-03T08:12:59.1984445Z         }
CodeQL (javascript-typescript)	Initialize CodeQL	2026-09-03T08:12:59.1984657Z       }
CodeQL (javascript-typescript)	Initialize CodeQL	2026-09-03T08:12:59.1984837Z     ],
CodeQL (javascript-typescript)	Initialize CodeQL	2026-09-03T08:12:59.1985028Z     "properties" : [
CodeQL (javascript-typescript)	Initialize CodeQL	2026-09-03T08:12:59.1985237Z       {
CodeQL (javascript-typescript)	Initialize CodeQL	2026-09-03T08:12:59.1985556Z         "extractor_root" : "/opt/hostedtoolcache/CodeQL/2.26.4/x64/codeql/properties"
CodeQL (javascript-typescript)	Initialize CodeQL	2026-09-03T08:12:59.1985952Z       }
CodeQL (javascript-typescript)	Initialize CodeQL	2026-09-03T08:12:59.1986130Z     ]
CodeQL (javascript-typescript)	Initialize CodeQL	2026-09-03T08:12:59.1986308Z   }
CodeQL (javascript-typescript)	Initialize CodeQL	2026-09-03T08:12:59.1986495Z }
CodeQL (javascript-typescript)	Initialize CodeQL	2026-09-03T08:12:59.2010257Z Detected no issues with the code scanning workflow.
CodeQL (javascript-typescript)	Initialize CodeQL	2026-09-03T08:12:59.2011115Z ##[endgroup]
CodeQL (javascript-typescript)	Initialize CodeQL	2026-09-03T08:12:59.2016410Z ##[group]Load language configuration
CodeQL (javascript-typescript)	Initialize CodeQL	2026-09-03T08:12:59.2024484Z [command]/opt/hostedtoolcache/CodeQL/2.26.4/x64/codeql/codeql resolve languages --format=betterjson --extractor-options-verbosity=4 --extractor-include-aliases --filter-to-languages-with-queries
CodeQL (javascript-typescript)	Initialize CodeQL	2026-09-03T08:13:00.1411335Z {
CodeQL (javascript-typescript)	Initialize CodeQL	2026-09-03T08:13:00.1412322Z   "aliases" : {
CodeQL (javascript-typescript)	Initialize CodeQL	2026-09-03T08:13:00.1413656Z     "c" : "cpp",
CodeQL (javascript-typescript)	Initialize CodeQL	2026-09-03T08:13:00.1414271Z     "c++" : "cpp",
CodeQL (javascript-typescript)	Initialize CodeQL	2026-09-03T08:13:00.1414971Z     "c-c++" : "cpp",
CodeQL (javascript-typescript)	Initialize CodeQL	2026-09-03T08:13:00.1415636Z     "c-cpp" : "cpp",
CodeQL (javascript-typescript)	Initialize CodeQL	2026-09-03T08:13:00.1416274Z     "c#" : "csharp",
CodeQL (javascript-typescript)	Initialize CodeQL	2026-09-03T08:13:00.1417262Z     "java-kotlin" : "java",
CodeQL (javascript-typescript)	Initialize CodeQL	2026-09-03T08:13:00.1418129Z     "kotlin" : "java",
CodeQL (javascript-typescript)	Initialize CodeQL	2026-09-03T08:13:00.1418818Z     "javascript-typescript" : "javascript",
CodeQL (javascript-typescript)	Initialize CodeQL	2026-09-03T08:13:00.1421427Z     "typescript" : "javascript"
CodeQL (javascript-typescript)	Initialize CodeQL	2026-09-03T08:13:00.1422346Z   },
CodeQL (javascript-typescript)	Initialize CodeQL	2026-09-03T08:13:00.1422929Z   "extractors" : {
CodeQL (javascript-typescript)	Initialize CodeQL	2026-09-03T08:13:00.1468818Z     "rust" : [
CodeQL (javascript-typescript)	Initialize CodeQL	2026-09-03T08:13:00.1469445Z       {
CodeQL (javascript-typescript)	Initialize CodeQL	2026-09-03T08:13:00.1470511Z         "extractor_root" : "/opt/hostedtoolcache/CodeQL/2.26.4/x64/codeql/rust",
CodeQL (javascript-typescript)	Initialize CodeQL	2026-09-03T08:13:00.1471487Z         "extractor_options" : {
CodeQL (javascript-typescript)	Initialize CodeQL	2026-09-03T08:13:00.1472176Z           "trap" : {
CodeQL (javascript-typescript)	Initialize CodeQL	2026-09-03T08:13:00.1472980Z             "title" : "Options pertaining to TRAP.",
CodeQL (javascript-typescript)	Initialize CodeQL	2026-09-03T08:13:00.1473874Z             "description" : "Options pertaining to TRAP.",
CodeQL (javascript-typescript)	Initialize CodeQL	2026-09-03T08:13:00.1474660Z             "type" : "object",
CodeQL (javascript-typescript)	Initialize CodeQL	2026-09-03T08:13:00.1475357Z             "properties" : {
CodeQL (javascript-typescript)	Initialize CodeQL	2026-09-03T08:13:00.1476070Z               "compression" : {
CodeQL (javascript-typescript)	Initialize CodeQL	2026-09-03T08:13:00.1477023Z                 "title" : "Controls compression for the TRAP files written by the extractor.",
CodeQL (javascript-typescript)	Initialize CodeQL	2026-09-03T08:13:00.1479236Z                 "description" : "This option is only intended for use in debugging the extractor. Accepted values are 'gzip' (to write gzip-compressed TRAP) 'zstd' (the default, to write Zstandard-compressed TRAP) and 'none' (to write uncompressed TRAP).\n",
CodeQL (javascript-typescript)	Initialize CodeQL	2026-09-03T08:13:00.1481536Z                 "type" : "string",
CodeQL (javascript-typescript)	Initialize CodeQL	2026-09-03T08:13:00.1482301Z                 "pattern" : "^(none|gzip|zstd)$"
CodeQL (javascript-typescript)	Initialize CodeQL	2026-09-03T08:13:00.1483043Z               }
CodeQL (javascript-typescript)	Initialize CodeQL	2026-09-03T08:13:00.1483655Z             }
CodeQL (javascript-typescript)	Initialize CodeQL	2026-09-03T08:13:00.1484188Z           },
CodeQL (javascript-typescript)	Initialize CodeQL	2026-09-03T08:13:00.1484718Z           "cargo_target_dir" : {
CodeQL (javascript-typescript)	Initialize CodeQL	2026-09-03T08:13:00.1485464Z             "title" : "Directory to use for cargo output files.",
CodeQL (javascript-typescript)	Initialize CodeQL	2026-09-03T08:13:00.1487825Z             "description" : "This value is an optional path to use as `CARGO_TARGET_DIR` for the internal cargo commands the extractor uses. Pointing it to a persistent directory may reduce execution time of consecutive extractor runs. By default, a new scratch directory is used for each run.\n",
CodeQL (javascript-typescript)	Initialize CodeQL	2026-09-03T08:13:00.1490405Z             "type" : "string"
CodeQL (javascript-typescript)	Initialize CodeQL	2026-09-03T08:13:00.1491134Z           },
CodeQL (javascript-typescript)	Initialize CodeQL	2026-09-03T08:13:00.1491772Z           "cargo_target" : {
CodeQL (javascript-typescript)	Initialize CodeQL	2026-09-03T08:13:00.1492467Z             "title" : "Target architecture",
CodeQL (javascript-typescript)	Initialize CodeQL	2026-09-03T08:13:00.1493847Z             "description" : "Target architecture to use for analysis, analogous to `cargo --target`. By default the host architecture is used.\n",
CodeQL (javascript-typescript)	Initialize CodeQL	2026-09-03T08:13:00.1494696Z             "type" : "string"
CodeQL (javascript-typescript)	Initialize CodeQL	2026-09-03T08:13:00.1495104Z           },
CodeQL (javascript-typescript)	Initialize CodeQL	2026-09-03T08:13:00.1495466Z           "cargo_features" : {
CodeQL (javascript-typescript)	Initialize CodeQL	2026-09-03T08:13:00.1496165Z             "title" : "Cargo features to turn on",
CodeQL (javascript-typescript)	Initialize CodeQL	2026-09-03T08:13:00.1497421Z             "description" : "Comma-separated list of features to turn on. By default all features are enabled. If any features are specified, then only those features are enabled. The `default` feature must be explicitly specified if only default features are desired. Can be repeated.\n",
CodeQL (javascript-typescript)	Initialize CodeQL	2026-09-03T08:13:00.1498649Z             "type" : "array"
CodeQL (javascript-typescript)	Initialize CodeQL	2026-09-03T08:13:00.1499034Z           },
CodeQL (javascript-typescript)	Initialize CodeQL	2026-09-03T08:13:00.1499399Z           "cargo_cfg_overrides" : {
CodeQL (javascript-typescript)	Initialize CodeQL	2026-09-03T08:13:00.1499830Z             "title" : "Cargo cfg overrides",
CodeQL (javascript-typescript)	Initialize CodeQL	2026-09-03T08:13:00.1501087Z             "description" : "Comma-separated list of cfg settings to enable, or disable if prefixed with `-`. Can be repeated.\n",
CodeQL (javascript-typescript)	Initialize CodeQL	2026-09-03T08:13:00.1502124Z             "type" : "array"
CodeQL (javascript-typescript)	Initialize CodeQL	2026-09-03T08:13:00.1502498Z           },
CodeQL (javascript-typescript)	Initialize CodeQL	2026-09-03T08:13:00.1502762Z           "logging" : {
CodeQL (javascript-typescript)	Initialize CodeQL	2026-09-03T08:13:00.1503024Z             "title" : "Options pertaining to logging.",
CodeQL (javascript-typescript)	Initialize CodeQL	2026-09-03T08:13:00.1503402Z             "description" : "Options pertaining to logging.",
CodeQL (javascript-typescript)	Initialize CodeQL	2026-09-03T08:13:00.1503932Z             "type" : "object",
CodeQL (javascript-typescript)	Initialize CodeQL	2026-09-03T08:13:00.1504180Z             "properties" : {
CodeQL (javascript-typescript)	Initialize CodeQL	2026-09-03T08:13:00.1504418Z               "verbosity" : {
CodeQL (javascript-typescript)	Initialize CodeQL	2026-09-03T08:13:00.1504698Z                 "title" : "Extractor logging verbosity level.",
CodeQL (javascript-typescript)	Initialize CodeQL	2026-09-03T08:13:00.1505713Z                 "description" : "Controls the level of verbosity of the extractor. The supported levels are (in order of increasing verbosity):\n  - off\n  - errors\n  - warnings\n  - info or progress\n  - debug or progress+\n  - trace or progress++\n  - progress+++\n",
CodeQL (javascript-typescript)	Initialize CodeQL	2026-09-03T08:13:00.1506682Z                 "type" : "string",
CodeQL (javascript-typescript)	Initialize CodeQL	2026-09-03T08:13:00.1507190Z                 "pattern" : "^(off|errors|warnings|(info|progress)|(debug|progress\\+)|(trace|progress\\+\\+)|progress\\+\\+\\+)$"
CodeQL (javascript-typescript)	Initialize CodeQL	2026-09-03T08:13:00.1507701Z               },
CodeQL (javascript-typescript)	Initialize CodeQL	2026-09-03T08:13:00.1507910Z               "flamegraph" : {
CodeQL (javascript-typescript)	Initialize CodeQL	2026-09-03T08:13:00.1508238Z                 "title" : "[Experimental] File path for write flame graph log",
CodeQL (javascript-typescript)	Initialize CodeQL	2026-09-03T08:13:00.1509168Z                 "description" : "Collect flame graph data using the `tracing-flame` crate. To render a flame graph or chart, run the `inferno-flamegraph` command. See also: https://crates.io/crates/tracing-flame\n",
CodeQL (javascript-typescript)	Initialize CodeQL	2026-09-03T08:13:00.1510249Z                 "type" : "string"
CodeQL (javascript-typescript)	Initialize CodeQL	2026-09-03T08:13:00.1510536Z               }
CodeQL (javascript-typescript)	Initialize CodeQL	2026-09-03T08:13:00.1510732Z             }
CodeQL (javascript-typescript)	Initialize CodeQL	2026-09-03T08:13:00.1510920Z           },
CodeQL (javascript-typescript)	Initialize CodeQL	2026-09-03T08:13:00.1511140Z           "extract_dependencies_as_source" : {
CodeQL (javascript-typescript)	Initialize CodeQL	2026-09-03T08:13:00.1511481Z             "title" : "Extract dependencies as source code",
CodeQL (javascript-typescript)	Initialize CodeQL	2026-09-03T08:13:00.1512018Z             "description" : "Extract the full source code of dependencies instead of only extracting signatures.\n",
CodeQL (javascript-typescript)	Initialize CodeQL	2026-09-03T08:13:00.1512514Z             "type" : "string",
CodeQL (javascript-typescript)	Initialize CodeQL	2026-09-03T08:13:00.1512762Z             "pattern" : "^(false|true)$"
CodeQL (javascript-typescript)	Initialize CodeQL	2026-09-03T08:13:00.1513019Z           }
CodeQL (javascript-typescript)	Initialize CodeQL	2026-09-03T08:13:00.1513209Z         }
CodeQL (javascript-typescript)	Initialize CodeQL	2026-09-03T08:13:00.1513394Z       }
CodeQL (javascript-typescript)	Initialize CodeQL	2026-09-03T08:13:00.1513571Z     ],
CodeQL (javascript-typescript)	Initialize CodeQL	2026-09-03T08:13:00.1513757Z     "csharp" : [
CodeQL (javascript-typescript)	Initialize CodeQL	2026-09-03T08:13:00.1513963Z       {
CodeQL (javascript-typescript)	Initialize CodeQL	2026-09-03T08:13:00.1514280Z         "extractor_root" : "/opt/hostedtoolcache/CodeQL/2.26.4/x64/codeql/csharp",
CodeQL (javascript-typescript)	Initialize CodeQL	2026-09-03T08:13:00.1514685Z         "extractor_options" : {
CodeQL (javascript-typescript)	Initialize CodeQL	2026-09-03T08:13:00.1514928Z           "trap" : {
CodeQL (javascript-typescript)	Initialize CodeQL	2026-09-03T08:13:00.1515170Z             "title" : "Options pertaining to TRAP.",
CodeQL (javascript-typescript)	Initialize CodeQL	2026-09-03T08:13:00.1515513Z             "description" : "Options pertaining to TRAP.",
CodeQL (javascript-typescript)	Initialize CodeQL	2026-09-03T08:13:00.1515828Z             "type" : "object",
CodeQL (javascript-typescript)	Initialize CodeQL	2026-09-03T08:13:00.1516071Z             "properties" : {
CodeQL (javascript-typescript)	Initialize CodeQL	2026-09-03T08:13:00.1516312Z               "compression" : {
CodeQL (javascript-typescript)	Initialize CodeQL	2026-09-03T08:13:00.1516692Z                 "title" : "Controls compression for the TRAP files written by the extractor.",
CodeQL (javascript-typescript)	Initialize CodeQL	2026-09-03T08:13:00.1517694Z                 "description" : "This option is only intended for use in debugging the extractor. Accepted values are 'brotli' (the default, to write brotli-compressed TRAP), 'gzip', and 'none' (to write uncompressed TRAP).\n",
CodeQL (javascript-typescript)	Initialize CodeQL	2026-09-03T08:13:00.1518697Z                 "type" : "string",
CodeQL (javascript-typescript)	Initialize CodeQL	2026-09-03T08:13:00.1518971Z                 "pattern" : "^(none|gzip|brotli)$"
CodeQL (javascript-typescript)	Initialize CodeQL	2026-09-03T08:13:00.1519250Z               }
CodeQL (javascript-typescript)	Initialize CodeQL	2026-09-03T08:13:00.1519441Z             }
CodeQL (javascript-typescript)	Initialize CodeQL	2026-09-03T08:13:00.1519630Z           },
CodeQL (javascript-typescript)	Initialize CodeQL	2026-09-03T08:13:00.1519822Z           "buildless" : {
CodeQL (javascript-typescript)	Initialize CodeQL	2026-09-03T08:13:00.1520442Z             "title" : "DEPRECATED - Whether to use buildless (standalone) extraction.",
CodeQL (javascript-typescript)	Initialize CodeQL	2026-09-03T08:13:00.1522317Z             "description" : "DEPRECATED: Use `--build-mode none` instead.\nA value indicating, which type of extraction the autobuilder should perform. If 'true', then the standalone extractor will be used, otherwise tracing extraction will be performed. The default is 'false'. Note that buildless extraction will generally yield less accurate analysis results, and should only be used in cases where it is not possible to build the code (for example if it uses inaccessible dependencies).\n",
CodeQL (javascript-typescript)	Initialize CodeQL	2026-09-03T08:13:00.1524051Z             "type" : "string",
CodeQL (javascript-typescript)	Initialize CodeQL	2026-09-03T08:13:00.1524435Z             "pattern" : "^(false|true)$"
CodeQL (javascript-typescript)	Initialize CodeQL	2026-09-03T08:13:00.1524697Z           },
CodeQL (javascript-typescript)	Initialize CodeQL	2026-09-03T08:13:00.1524886Z           "logging" : {
CodeQL (javascript-typescript)	Initialize CodeQL	2026-09-03T08:13:00.1525136Z             "title" : "Options pertaining to logging.",
CodeQL (javascript-typescript)	Initialize CodeQL	2026-09-03T08:13:00.1525484Z             "description" : "Options pertaining to logging.",
CodeQL (javascript-typescript)	Initialize CodeQL	2026-09-03T08:13:00.1525797Z             "type" : "object",
CodeQL (javascript-typescript)	Initialize CodeQL	2026-09-03T08:13:00.1526035Z             "properties" : {
CodeQL (javascript-typescript)	Initialize CodeQL	2026-09-03T08:13:00.1526271Z               "verbosity" : {
CodeQL (javascript-typescript)	Initialize CodeQL	2026-09-03T08:13:00.1526554Z                 "title" : "Extractor logging verbosity level.",
CodeQL (javascript-typescript)	Initialize CodeQL	2026-09-03T08:13:00.1527562Z                 "description" : "Controls the level of verbosity of the extractor. The supported levels are (in order of increasing verbosity):\n  - off\n  - errors\n  - warnings\n  - info or progress\n  - debug or progress+\n  - trace or progress++\n  - progress+++\n",
CodeQL (javascript-typescript)	Initialize CodeQL	2026-09-03T08:13:00.1528559Z                 "type" : "string",
CodeQL (javascript-typescript)	Initialize CodeQL	2026-09-03T08:13:00.1529060Z                 "pattern" : "^(off|errors|warnings|(info|progress)|(debug|progress\\+)|(trace|progress\\+\\+)|progress\\+\\+\\+)$"
CodeQL (javascript-typescript)	Initialize CodeQL	2026-09-03T08:13:00.1529577Z               }
CodeQL (javascript-typescript)	Initialize CodeQL	2026-09-03T08:13:00.1529768Z             }
CodeQL (javascript-typescript)	Initialize CodeQL	2026-09-03T08:13:00.1529952Z           },
CodeQL (javascript-typescript)	Initialize CodeQL	2026-09-03T08:13:00.1530380Z           "binlog" : {
CodeQL (javascript-typescript)	Initialize CodeQL	2026-09-03T08:13:00.1530603Z             "title" : "Binlog",
CodeQL (javascript-typescript)	Initialize CodeQL	2026-09-03T08:13:00.1531311Z             "description" : "[EXPERIMENTAL] The value is a path to the MsBuild binary log file that should be extracted. This option only works when `--build-mode none` is also specified.\n",
CodeQL (javascript-typescript)	Initialize CodeQL	2026-09-03T08:13:00.1532038Z             "type" : "array"
CodeQL (javascript-typescript)	Initialize CodeQL	2026-09-03T08:13:00.1532260Z           },
CodeQL (javascript-typescript)	Initialize CodeQL	2026-09-03T08:13:00.1532470Z           "buildless_dependency_dir" : {
CodeQL (javascript-typescript)	Initialize CodeQL	2026-09-03T08:13:00.1532917Z             "title" : "The path where buildless (standalone) extraction should keep dependencies.",
CodeQL (javascript-typescript)	Initialize CodeQL	2026-09-03T08:13:00.1533591Z             "description" : "If set, the buildless (standalone) extractor will store dependencies in this directory.\n",
CodeQL (javascript-typescript)	Initialize CodeQL	2026-09-03T08:13:00.1534105Z             "type" : "string"
CodeQL (javascript-typescript)	Initialize CodeQL	2026-09-03T08:13:00.1534343Z           }
CodeQL (javascript-typescript)	Initialize CodeQL	2026-09-03T08:13:00.1534536Z         }
CodeQL (javascript-typescript)	Initialize CodeQL	2026-09-03T08:13:00.1534714Z       }
CodeQL (javascript-typescript)	Initialize CodeQL	2026-09-03T08:13:00.1534891Z     ],
CodeQL (javascript-typescript)	Initialize CodeQL	2026-09-03T08:13:00.1535078Z     "python" : [
CodeQL (javascript-typescript)	Initialize CodeQL	2026-09-03T08:13:00.1535276Z       {
CodeQL (javascript-typescript)	Initialize CodeQL	2026-09-03T08:13:00.1535583Z         "extractor_root" : "/opt/hostedtoolcache/CodeQL/2.26.4/x64/codeql/python",
CodeQL (javascript-typescript)	Initialize CodeQL	2026-09-03T08:13:00.1535976Z         "extractor_options" : {
CodeQL (javascript-typescript)	Initialize CodeQL	2026-09-03T08:13:00.1536219Z           "logging" : {
CodeQL (javascript-typescript)	Initialize CodeQL	2026-09-03T08:13:00.1536472Z             "title" : "Options pertaining to logging.",
CodeQL (javascript-typescript)	Initialize CodeQL	2026-09-03T08:13:00.1536823Z             "description" : "Options pertaining to logging.",
CodeQL (javascript-typescript)	Initialize CodeQL	2026-09-03T08:13:00.1537144Z             "type" : "object",
CodeQL (javascript-typescript)	Initialize CodeQL	2026-09-03T08:13:00.1537388Z             "properties" : {
CodeQL (javascript-typescript)	Initialize CodeQL	2026-09-03T08:13:00.1537623Z               "verbosity" : {
CodeQL (javascript-typescript)	Initialize CodeQL	2026-09-03T08:13:00.1537914Z                 "title" : "Python extractor logging verbosity level.",
CodeQL (javascript-typescript)	Initialize CodeQL	2026-09-03T08:13:00.1539128Z                 "description" : "Controls the level of verbosity of the CodeQL Python extractor.\nThe supported levels are (in order of increasing verbosity):\n\n  - off\n  - errors\n  - warnings\n  - info or progress\n  - debug or progress+\n  - trace or progress++\n  - progress+++\n",
CodeQL (javascript-typescript)	Initialize CodeQL	2026-09-03T08:13:00.1540378Z                 "type" : "string",
CodeQL (javascript-typescript)	Initialize CodeQL	2026-09-03T08:13:00.1540878Z                 "pattern" : "^(off|errors|warnings|(info|progress)|(debug|progress\\+)|(trace|progress\\+\\+)|progress\\+\\+\\+)$"
CodeQL (javascript-typescript)	Initialize CodeQL	2026-09-03T08:13:00.1541384Z               }
CodeQL (javascript-typescript)	Initialize CodeQL	2026-09-03T08:13:00.1541577Z             }
CodeQL (javascript-typescript)	Initialize CodeQL	2026-09-03T08:13:00.1541766Z           },
CodeQL (javascript-typescript)	Initialize CodeQL	2026-09-03T08:13:00.1541970Z           "python_executable_name" : {
CodeQL (javascript-typescript)	Initialize CodeQL	2026-09-03T08:13:00.1542380Z             "title" : "Controls the name of the Python executable used by the Python extractor.",
CodeQL (javascript-typescript)	Initialize CodeQL	2026-09-03T08:13:00.1543861Z             "description" : "The Python extractor uses platform-dependent heuristics to determine the name of the Python executable to use. Specifying a value for this option overrides the name of the Python executable used by the extractor. Accepted values are py, python and python3. Use this setting with caution, the Python extractor requires Python 3 to run.\n",
CodeQL (javascript-typescript)	Initialize CodeQL	2026-09-03T08:13:00.1545334Z             "type" : "string",
CodeQL (javascript-typescript)	Initialize CodeQL	2026-09-03T08:13:00.1545595Z             "pattern" : "^(py|python|python3)$"
CodeQL (javascript-typescript)	Initialize CodeQL	2026-09-03T08:13:00.1545873Z           }
CodeQL (javascript-typescript)	Initialize CodeQL	2026-09-03T08:13:00.1546058Z         }
CodeQL (javascript-typescript)	Initialize CodeQL	2026-09-03T08:13:00.1546248Z       }
CodeQL (javascript-typescript)	Initialize CodeQL	2026-09-03T08:13:00.1546422Z     ],
CodeQL (javascript-typescript)	Initialize CodeQL	2026-09-03T08:13:00.1546600Z     "cpp" : [
CodeQL (javascript-typescript)	Initialize CodeQL	2026-09-03T08:13:00.1546790Z       {
CodeQL (javascript-typescript)	Initialize CodeQL	2026-09-03T08:13:00.1547083Z         "extractor_root" : "/opt/hostedtoolcache/CodeQL/2.26.4/x64/codeql/cpp",
CodeQL (javascript-typescript)	Initialize CodeQL	2026-09-03T08:13:00.1547484Z         "extractor_options" : {
CodeQL (javascript-typescript)	Initialize CodeQL	2026-09-03T08:13:00.1547721Z           "trap" : {
CodeQL (javascript-typescript)	Initialize CodeQL	2026-09-03T08:13:00.1547945Z             "title" : "TRAP options",
CodeQL (javascript-typescript)	Initialize CodeQL	2026-09-03T08:13:00.1548314Z             "description" : "Options about how the extractor handles TRAP files",
CodeQL (javascript-typescript)	Initialize CodeQL	2026-09-03T08:13:00.1548697Z             "type" : "object",
CodeQL (javascript-typescript)	Initialize CodeQL	2026-09-03T08:13:00.1548943Z             "visibility" : 3,
CodeQL (javascript-typescript)	Initialize CodeQL	2026-09-03T08:13:00.1549186Z             "properties" : {
CodeQL (javascript-typescript)	Initialize CodeQL	2026-09-03T08:13:00.1549417Z               "cache" : {
CodeQL (javascript-typescript)	Initialize CodeQL	2026-09-03T08:13:00.1549657Z                 "title" : "TRAP cache options",
CodeQL (javascript-typescript)	Initialize CodeQL	2026-09-03T08:13:00.1550268Z                 "description" : "Options about how the extractor handles its TRAP cache",
CodeQL (javascript-typescript)	Initialize CodeQL	2026-09-03T08:13:00.1550683Z                 "type" : "object",
CodeQL (javascript-typescript)	Initialize CodeQL	2026-09-03T08:13:00.1550954Z                 "properties" : {
CodeQL (javascript-typescript)	Initialize CodeQL	2026-09-03T08:13:00.1551196Z                   "dir" : {
CodeQL (javascript-typescript)	Initialize CodeQL	2026-09-03T08:13:00.1551451Z                     "title" : "TRAP cache directory",
CodeQL (javascript-typescript)	Initialize CodeQL	2026-09-03T08:13:00.1551818Z                     "description" : "The directory of the TRAP cache to use",
CodeQL (javascript-typescript)	Initialize CodeQL	2026-09-03T08:13:00.1552172Z                     "type" : "string"
CodeQL (javascript-typescript)	Initialize CodeQL	2026-09-03T08:13:00.1552423Z                   },
CodeQL (javascript-typescript)	Initialize CodeQL	2026-09-03T08:13:00.1552633Z                   "bound" : {
CodeQL (javascript-typescript)	Initialize CodeQL	2026-09-03T08:13:00.1552902Z                     "title" : "TRAP cache bound",
CodeQL (javascript-typescript)	Initialize CodeQL	2026-09-03T08:13:00.1553288Z                     "description" : "A soft limit (in MB) on the size of the TRAP cache",
CodeQL (javascript-typescript)	Initialize CodeQL	2026-09-03T08:13:00.1553679Z                     "type" : "string",
CodeQL (javascript-typescript)	Initialize CodeQL	2026-09-03T08:13:00.1553942Z                     "pattern" : "[0-9]+"
CodeQL (javascript-typescript)	Initialize CodeQL	2026-09-03T08:13:00.1554202Z                   },
CodeQL (javascript-typescript)	Initialize CodeQL	2026-09-03T08:13:00.1554404Z                   "write" : {
CodeQL (javascript-typescript)	Initialize CodeQL	2026-09-03T08:13:00.1554656Z                     "title" : "TRAP cache writeable",
CodeQL (javascript-typescript)	Initialize CodeQL	2026-09-03T08:13:00.1555071Z                     "description" : "Whether to write to the TRAP cache as well as reading it",
CodeQL (javascript-typescript)	Initialize CodeQL	2026-09-03T08:13:00.1555483Z                     "type" : "string",
CodeQL (javascript-typescript)	Initialize CodeQL	2026-09-03T08:13:00.1555761Z                     "pattern" : "(true|TRUE|false|FALSE)"
CodeQL (javascript-typescript)	Initialize CodeQL	2026-09-03T08:13:00.1556040Z                   }
CodeQL (javascript-typescript)	Initialize CodeQL	2026-09-03T08:13:00.1556234Z                 }
CodeQL (javascript-typescript)	Initialize CodeQL	2026-09-03T08:13:00.1556426Z               }
CodeQL (javascript-typescript)	Initialize CodeQL	2026-09-03T08:13:00.1556619Z             }
CodeQL (javascript-typescript)	Initialize CodeQL	2026-09-03T08:13:00.1556806Z           },
CodeQL (javascript-typescript)	Initialize CodeQL	2026-09-03T08:13:00.1557143Z           "scale_timeouts" : {
CodeQL (javascript-typescript)	Initialize CodeQL	2026-09-03T08:13:00.1557467Z             "title" : "Value to scale compiler introspection timeouts with",
CodeQL (javascript-typescript)	Initialize CodeQL	2026-09-03T08:13:00.1558957Z             "description" : "The extractor attempts to determine what compiler the source code being extracted is compiled with. To this end the extractor makes additional calls to the compiler, some of which are expected to return within a certain fixed time (either 10s or 15s). On some systems that are under high load this time might be too short, and can be scaled up using this option.\n",
CodeQL (javascript-typescript)	Initialize CodeQL	2026-09-03T08:13:00.1560572Z             "type" : "string",
CodeQL (javascript-typescript)	Initialize CodeQL	2026-09-03T08:13:00.1560827Z             "pattern" : "[0-9]+"
CodeQL (javascript-typescript)	Initialize CodeQL	2026-09-03T08:13:00.1561065Z           },
CodeQL (javascript-typescript)	Initialize CodeQL	2026-09-03T08:13:00.1561271Z           "log_verbosity" : {
CodeQL (javascript-typescript)	Initialize CodeQL	2026-09-03T08:13:00.1561559Z             "title" : "Verbosity of the extractor logging",
CodeQL (javascript-typescript)	Initialize CodeQL	2026-09-03T08:13:00.1562202Z             "description" : "Set the verbosity of the extractor logging to 'quiet' (0), 'normal' (1), 'chatty' (2), or 'noisy' (3). The default is 'normal'.\n",
CodeQL (javascript-typescript)	Initialize CodeQL	2026-09-03T08:13:00.1562807Z             "type" : "string",
CodeQL (javascript-typescript)	Initialize CodeQL	2026-09-03T08:13:00.1563228Z             "pattern" : "[0-3]"
CodeQL (javascript-typescript)	Initialize CodeQL	2026-09-03T08:13:00.1563462Z           },
CodeQL (javascript-typescript)	Initialize CodeQL	2026-09-03T08:13:00.1563665Z           "frontend_options" : {
CodeQL (javascript-typescript)	Initialize CodeQL	2026-09-03T08:13:00.1563949Z             "title" : "C/C++ extractor frontend options",
CodeQL (javascript-typescript)	Initialize CodeQL	2026-09-03T08:13:00.1564475Z             "description" : "Set additional options that should be passed to the C/C++ extractor frontend.\n",
CodeQL (javascript-typescript)	Initialize CodeQL	2026-09-03T08:13:00.1564954Z             "type" : "array",
CodeQL (javascript-typescript)	Initialize CodeQL	2026-09-03T08:13:00.1565190Z             "visibility" : 3
CodeQL (javascript-typescript)	Initialize CodeQL	2026-09-03T08:13:00.1565414Z           }
CodeQL (javascript-typescript)	Initialize CodeQL	2026-09-03T08:13:00.1565599Z         }
CodeQL (javascript-typescript)	Initialize CodeQL	2026-09-03T08:13:00.1565784Z       }
CodeQL (javascript-typescript)	Initialize CodeQL	2026-09-03T08:13:00.1565963Z     ],
CodeQL (javascript-typescript)	Initialize CodeQL	2026-09-03T08:13:00.1566156Z     "java" : [
CodeQL (javascript-typescript)	Initialize CodeQL	2026-09-03T08:13:00.1566346Z       {
CodeQL (javascript-typescript)	Initialize CodeQL	2026-09-03T08:13:00.1566640Z         "extractor_root" : "/opt/hostedtoolcache/CodeQL/2.26.4/x64/codeql/java",
CodeQL (javascript-typescript)	Initialize CodeQL	2026-09-03T08:13:00.1567027Z         "extractor_options" : {
CodeQL (javascript-typescript)	Initialize CodeQL	2026-09-03T08:13:00.1567276Z           "exclude" : {
CodeQL (javascript-typescript)	Initialize CodeQL	2026-09-03T08:13:00.1567548Z             "title" : "A glob excluding files from analysis.",
CodeQL (javascript-typescript)	Initialize CodeQL	2026-09-03T08:13:00.1568311Z             "description" : "A glob indicating what files to exclude from the analysis. This accepts glob patterns that are supported by Java's 'getPathMatcher' implementation.\n",
CodeQL (javascript-typescript)	Initialize CodeQL	2026-09-03T08:13:00.1569016Z             "type" : "string"
CodeQL (javascript-typescript)	Initialize CodeQL	2026-09-03T08:13:00.1569242Z           },
CodeQL (javascript-typescript)	Initialize CodeQL	2026-09-03T08:13:00.1569443Z           "add_prefer_source" : {
CodeQL (javascript-typescript)	Initialize CodeQL	2026-09-03T08:13:00.1569795Z             "title" : "Whether to always prefer source files over class files.",
CodeQL (javascript-typescript)	Initialize CodeQL	2026-09-03T08:13:00.1571210Z             "description" : "A value indicating whether source files should be preferred over class files. If set to 'true', the extraction adds '-Xprefer:source' to the javac command line. If set to 'false', the extraction uses the default javac behavior ('-Xprefer:newer'). The default is 'true'.\n",
CodeQL (javascript-typescript)	Initialize CodeQL	2026-09-03T08:13:00.1572290Z             "type" : "string",
CodeQL (javascript-typescript)	Initialize CodeQL	2026-09-03T08:13:00.1572541Z             "pattern" : "^(false|true)$"
CodeQL (javascript-typescript)	Initialize CodeQL	2026-09-03T08:13:00.1572797Z           },
CodeQL (javascript-typescript)	Initialize CodeQL	2026-09-03T08:13:00.1572998Z           "buildless" : {
CodeQL (javascript-typescript)	Initialize CodeQL	2026-09-03T08:13:00.1573350Z             "title" : "Whether to use buildless (standalone) extraction (experimental).",
CodeQL (javascript-typescript)	Initialize CodeQL	2026-09-03T08:13:00.1575084Z             "description" : "A value indicating, which type of extraction the autobuilder should perform. If 'true', then the standalone extractor will be used, otherwise tracing extraction will be performed. The default is 'false'. Note that buildless extraction will generally yield less accurate analysis results, and should only be used in cases where it is not possible to build the code (for example if it uses inaccessible dependencies).\n",
CodeQL (javascript-typescript)	Initialize CodeQL	2026-09-03T08:13:00.1576668Z             "type" : "string",
CodeQL (javascript-typescript)	Initialize CodeQL	2026-09-03T08:13:00.1576920Z             "pattern" : "^(false|true)$"
CodeQL (javascript-typescript)	Initialize CodeQL	2026-09-03T08:13:00.1577199Z           },
CodeQL (javascript-typescript)	Initialize CodeQL	2026-09-03T08:13:00.1577405Z           "buildless_dependency_dir" : {
CodeQL (javascript-typescript)	Initialize CodeQL	2026-09-03T08:13:00.1577964Z             "title" : "The path where buildless (standalone) extraction should keep dependencies.",
CodeQL (javascript-typescript)	Initialize CodeQL	2026-09-03T08:13:00.1578639Z             "description" : "If set, the buildless (standalone) extractor will store dependencies in this directory.\n",
CodeQL (javascript-typescript)	Initialize CodeQL	2026-09-03T08:13:00.1579145Z             "type" : "string"
CodeQL (javascript-typescript)	Initialize CodeQL	2026-09-03T08:13:00.1579369Z           },
CodeQL (javascript-typescript)	Initialize CodeQL	2026-09-03T08:13:00.1579577Z           "minimize_dependency_jars" : {
CodeQL (javascript-typescript)	Initialize CodeQL	2026-09-03T08:13:00.1580232Z             "title" : "Whether to rewrite and minimize downloaded JAR dependencies (experimental).",
CodeQL (javascript-typescript)	Initialize CodeQL	2026-09-03T08:13:00.1581114Z             "description" : "If 'true', JAR dependencies downloaded during extraction will be rewritten to remove unneeded data, such as method bodies. The default is 'false'.\n",
CodeQL (javascript-typescript)	Initialize CodeQL	2026-09-03T08:13:00.1581814Z             "type" : "string",
CodeQL (javascript-typescript)	Initialize CodeQL	2026-09-03T08:13:00.1582069Z             "pattern" : "^(false|true)$"
CodeQL (javascript-typescript)	Initialize CodeQL	2026-09-03T08:13:00.1582328Z           }
CodeQL (javascript-typescript)	Initialize CodeQL	2026-09-03T08:13:00.1582516Z         }
CodeQL (javascript-typescript)	Initialize CodeQL	2026-09-03T08:13:00.1582713Z       }
CodeQL (javascript-typescript)	Initialize CodeQL	2026-09-03T08:13:00.1582903Z     ],
CodeQL (javascript-typescript)	Initialize CodeQL	2026-09-03T08:13:00.1583083Z     "go" : [
CodeQL (javascript-typescript)	Initialize CodeQL	2026-09-03T08:13:00.1583268Z       {
CodeQL (javascript-typescript)	Initialize CodeQL	2026-09-03T08:13:00.1583685Z         "extractor_root" : "/opt/hostedtoolcache/CodeQL/2.26.4/x64/codeql/go",
CodeQL (javascript-typescript)	Initialize CodeQL	2026-09-03T08:13:00.1584070Z         "extractor_options" : {
CodeQL (javascript-typescript)	Initialize CodeQL	2026-09-03T08:13:00.1584326Z           "extract_tests" : {
CodeQL (javascript-typescript)	Initialize CodeQL	2026-09-03T08:13:00.1584675Z             "title" : "Whether to include Go test files in the CodeQL database.",
CodeQL (javascript-typescript)	Initialize CodeQL	2026-09-03T08:13:00.1585347Z             "description" : "A value indicating whether Go test files should be included in the CodeQL database. The default is 'false'.\n",
CodeQL (javascript-typescript)	Initialize CodeQL	2026-09-03T08:13:00.1585919Z             "type" : "string",
CodeQL (javascript-typescript)	Initialize CodeQL	2026-09-03T08:13:00.1586171Z             "pattern" : "^(false|true)$"
CodeQL (javascript-typescript)	Initialize CodeQL	2026-09-03T08:13:00.1586433Z           },
CodeQL (javascript-typescript)	Initialize CodeQL	2026-09-03T08:13:00.1586643Z           "extract_vendor_dirs" : {
CodeQL (javascript-typescript)	Initialize CodeQL	2026-09-03T08:13:00.1587026Z             "title" : "Whether to include Go vendor directories in the CodeQL database.",
CodeQL (javascript-typescript)	Initialize CodeQL	2026-09-03T08:13:00.1587754Z             "description" : "A value indicating whether Go vendor directories should be included in the CodeQL database. The default is 'false'.\n",
CodeQL (javascript-typescript)	Initialize CodeQL	2026-09-03T08:13:00.1588387Z             "type" : "string",
CodeQL (javascript-typescript)	Initialize CodeQL	2026-09-03T08:13:00.1588634Z             "pattern" : "^(false|true)$"
CodeQL (javascript-typescript)	Initialize CodeQL	2026-09-03T08:13:00.1588893Z           }
CodeQL (javascript-typescript)	Initialize CodeQL	2026-09-03T08:13:00.1589079Z         }
CodeQL (javascript-typescript)	Initialize CodeQL	2026-09-03T08:13:00.1589260Z       }
CodeQL (javascript-typescript)	Initialize CodeQL	2026-09-03T08:13:00.1589439Z     ],
CodeQL (javascript-typescript)	Initialize CodeQL	2026-09-03T08:13:00.1589633Z     "actions" : [
CodeQL (javascript-typescript)	Initialize CodeQL	2026-09-03T08:13:00.1589832Z       {
CodeQL (javascript-typescript)	Initialize CodeQL	2026-09-03T08:13:00.1590380Z         "extractor_root" : "/opt/hostedtoolcache/CodeQL/2.26.4/x64/codeql/actions",
CodeQL (javascript-typescript)	Initialize CodeQL	2026-09-03T08:13:00.1590791Z         "extractor_options" : {
CodeQL (javascript-typescript)	Initialize CodeQL	2026-09-03T08:13:00.1591035Z           "trap" : {
CodeQL (javascript-typescript)	Initialize CodeQL	2026-09-03T08:13:00.1591260Z             "title" : "TRAP options",
CodeQL (javascript-typescript)	Initialize CodeQL	2026-09-03T08:13:00.1591630Z             "description" : "Options about how the extractor handles TRAP files",
CodeQL (javascript-typescript)	Initialize CodeQL	2026-09-03T08:13:00.1592015Z             "type" : "object",
CodeQL (javascript-typescript)	Initialize CodeQL	2026-09-03T08:13:00.1592263Z             "visibility" : 3,
CodeQL (javascript-typescript)	Initialize CodeQL	2026-09-03T08:13:00.1592515Z             "properties" : {
CodeQL (javascript-typescript)	Initialize CodeQL	2026-09-03T08:13:00.1592760Z               "cache" : {
CodeQL (javascript-typescript)	Initialize CodeQL	2026-09-03T08:13:00.1593020Z                 "title" : "TRAP cache options",
CodeQL (javascript-typescript)	Initialize CodeQL	2026-09-03T08:13:00.1593439Z                 "description" : "Options about how the extractor handles its TRAP cache",
CodeQL (javascript-typescript)	Initialize CodeQL	2026-09-03T08:13:00.1593845Z                 "type" : "object",
CodeQL (javascript-typescript)	Initialize CodeQL	2026-09-03T08:13:00.1594102Z                 "properties" : {
CodeQL (javascript-typescript)	Initialize CodeQL	2026-09-03T08:13:00.1594346Z                   "dir" : {
CodeQL (javascript-typescript)	Initialize CodeQL	2026-09-03T08:13:00.1594602Z                     "title" : "TRAP cache directory",
CodeQL (javascript-typescript)	Initialize CodeQL	2026-09-03T08:13:00.1594973Z                     "description" : "The directory of the TRAP cache to use",
CodeQL (javascript-typescript)	Initialize CodeQL	2026-09-03T08:13:00.1595329Z                     "type" : "string"
CodeQL (javascript-typescript)	Initialize CodeQL	2026-09-03T08:13:00.1595584Z                   },
CodeQL (javascript-typescript)	Initialize CodeQL	2026-09-03T08:13:00.1595802Z                   "bound" : {
CodeQL (javascript-typescript)	Initialize CodeQL	2026-09-03T08:13:00.1596055Z                     "title" : "TRAP cache bound",
CodeQL (javascript-typescript)	Initialize CodeQL	2026-09-03T08:13:00.1596446Z                     "description" : "A soft limit (in MB) on the size of the TRAP cache",
CodeQL (javascript-typescript)	Initialize CodeQL	2026-09-03T08:13:00.1597089Z                     "type" : "string",
CodeQL (javascript-typescript)	Initialize CodeQL	2026-09-03T08:13:00.1597976Z                     "pattern" : "[0-9]+"
CodeQL (javascript-typescript)	Initialize CodeQL	2026-09-03T08:13:00.1598270Z                   },
CodeQL (javascript-typescript)	Initialize CodeQL	2026-09-03T08:13:00.1598483Z                   "write" : {
CodeQL (javascript-typescript)	Initialize CodeQL	2026-09-03T08:13:00.1598750Z                     "title" : "TRAP cache writeable",
CodeQL (javascript-typescript)	Initialize CodeQL	2026-09-03T08:13:00.1599177Z                     "description" : "Whether to write to the TRAP cache as well as reading it",
CodeQL (javascript-typescript)	Initialize CodeQL	2026-09-03T08:13:00.1599601Z                     "type" : "string",
CodeQL (javascript-typescript)	Initialize CodeQL	2026-09-03T08:13:00.1599905Z                     "pattern" : "(true|TRUE|false|FALSE)"
CodeQL (javascript-typescript)	Initialize CodeQL	2026-09-03T08:13:00.1600439Z                   }
CodeQL (javascript-typescript)	Initialize CodeQL	2026-09-03T08:13:00.1600651Z                 }
CodeQL (javascript-typescript)	Initialize CodeQL	2026-09-03T08:13:00.1600851Z               }
CodeQL (javascript-typescript)	Initialize CodeQL	2026-09-03T08:13:00.1601042Z             }
CodeQL (javascript-typescript)	Initialize CodeQL	2026-09-03T08:13:00.1601227Z           }
CodeQL (javascript-typescript)	Initialize CodeQL	2026-09-03T08:13:00.1601410Z         }
CodeQL (javascript-typescript)	Initialize CodeQL	2026-09-03T08:13:00.1601589Z       }
CodeQL (javascript-typescript)	Initialize CodeQL	2026-09-03T08:13:00.1601766Z     ],
CodeQL (javascript-typescript)	Initialize CodeQL	2026-09-03T08:13:00.1601952Z     "javascript" : [
CodeQL (javascript-typescript)	Initialize CodeQL	2026-09-03T08:13:00.1602180Z       {
CodeQL (javascript-typescript)	Initialize CodeQL	2026-09-03T08:13:00.1602496Z         "extractor_root" : "/opt/hostedtoolcache/CodeQL/2.26.4/x64/codeql/javascript",
CodeQL (javascript-typescript)	Initialize CodeQL	2026-09-03T08:13:00.1603077Z         "extractor_options" : {
CodeQL (javascript-typescript)	Initialize CodeQL	2026-09-03T08:13:00.1603320Z           "trap" : {
CodeQL (javascript-typescript)	Initialize CodeQL	2026-09-03T08:13:00.1603541Z             "title" : "TRAP options",
CodeQL (javascript-typescript)	Initialize CodeQL	2026-09-03T08:13:00.1603918Z             "description" : "Options about how the extractor handles TRAP files",
CodeQL (javascript-typescript)	Initialize CodeQL	2026-09-03T08:13:00.1604305Z             "type" : "object",
CodeQL (javascript-typescript)	Initialize CodeQL	2026-09-03T08:13:00.1604551Z             "visibility" : 3,
CodeQL (javascript-typescript)	Initialize CodeQL	2026-09-03T08:13:00.1604795Z             "properties" : {
CodeQL (javascript-typescript)	Initialize CodeQL	2026-09-03T08:13:00.1605029Z               "cache" : {
CodeQL (javascript-typescript)	Initialize CodeQL	2026-09-03T08:13:00.1605274Z                 "title" : "TRAP cache options",
CodeQL (javascript-typescript)	Initialize CodeQL	2026-09-03T08:13:00.1605681Z                 "description" : "Options about how the extractor handles its TRAP cache",
CodeQL (javascript-typescript)	Initialize CodeQL	2026-09-03T08:13:00.1606092Z                 "type" : "object",
CodeQL (javascript-typescript)	Initialize CodeQL	2026-09-03T08:13:00.1606349Z                 "properties" : {
CodeQL (javascript-typescript)	Initialize CodeQL	2026-09-03T08:13:00.1606600Z                   "dir" : {
CodeQL (javascript-typescript)	Initialize CodeQL	2026-09-03T08:13:00.1606860Z                     "title" : "TRAP cache directory",
CodeQL (javascript-typescript)	Initialize CodeQL	2026-09-03T08:13:00.1607236Z                     "description" : "The directory of the TRAP cache to use",
CodeQL (javascript-typescript)	Initialize CodeQL	2026-09-03T08:13:00.1607591Z                     "type" : "string"
CodeQL (javascript-typescript)	Initialize CodeQL	2026-09-03T08:13:00.1607837Z                   },
CodeQL (javascript-typescript)	Initialize CodeQL	2026-09-03T08:13:00.1608049Z                   "bound" : {
CodeQL (javascript-typescript)	Initialize CodeQL	2026-09-03T08:13:00.1608302Z                     "title" : "TRAP cache bound",
CodeQL (javascript-typescript)	Initialize CodeQL	2026-09-03T08:13:00.1608684Z                     "description" : "A soft limit (in MB) on the size of the TRAP cache",
CodeQL (javascript-typescript)	Initialize CodeQL	2026-09-03T08:13:00.1609077Z                     "type" : "string",
CodeQL (javascript-typescript)	Initialize CodeQL	2026-09-03T08:13:00.1609343Z                     "pattern" : "[0-9]+"
CodeQL (javascript-typescript)	Initialize CodeQL	2026-09-03T08:13:00.1609599Z                   },
CodeQL (javascript-typescript)	Initialize CodeQL	2026-09-03T08:13:00.1609804Z                   "write" : {
CodeQL (javascript-typescript)	Initialize CodeQL	2026-09-03T08:13:00.1610430Z                     "title" : "TRAP cache writeable",
CodeQL (javascript-typescript)	Initialize CodeQL	2026-09-03T08:13:00.1610883Z                     "description" : "Whether to write to the TRAP cache as well as reading it",
CodeQL (javascript-typescript)	Initialize CodeQL	2026-09-03T08:13:00.1611345Z                     "type" : "string",
CodeQL (javascript-typescript)	Initialize CodeQL	2026-09-03T08:13:00.1611639Z                     "pattern" : "(true|TRUE|false|FALSE)"
CodeQL (javascript-typescript)	Initialize CodeQL	2026-09-03T08:13:00.1611925Z                   }
CodeQL (javascript-typescript)	Initialize CodeQL	2026-09-03T08:13:00.1612138Z                 }
CodeQL (javascript-typescript)	Initialize CodeQL	2026-09-03T08:13:00.1612333Z               }
CodeQL (javascript-typescript)	Initialize CodeQL	2026-09-03T08:13:00.1612521Z             }
CodeQL (javascript-typescript)	Initialize CodeQL	2026-09-03T08:13:00.1612709Z           },
CodeQL (javascript-typescript)	Initialize CodeQL	2026-09-03T08:13:00.1612908Z           "skip_types" : {
CodeQL (javascript-typescript)	Initialize CodeQL	2026-09-03T08:13:00.1613188Z             "title" : "Skip type extraction for TypeScript",
CodeQL (javascript-typescript)	Initialize CodeQL	2026-09-03T08:13:00.1613662Z             "description" : "Whether to skip the extraction of types in a TypeScript application",
CodeQL (javascript-typescript)	Initialize CodeQL	2026-09-03T08:13:00.1614098Z             "type" : "string",
CodeQL (javascript-typescript)	Initialize CodeQL	2026-09-03T08:13:00.1614355Z             "pattern" : "^(false|true)$"
CodeQL (javascript-typescript)	Initialize CodeQL	2026-09-03T08:13:00.1614609Z           }
CodeQL (javascript-typescript)	Initialize CodeQL	2026-09-03T08:13:00.1614792Z         }
CodeQL (javascript-typescript)	Initialize CodeQL	2026-09-03T08:13:00.1614973Z       }
CodeQL (javascript-typescript)	Initialize CodeQL	2026-09-03T08:13:00.1615148Z     ],
CodeQL (javascript-typescript)	Initialize CodeQL	2026-09-03T08:13:00.1615332Z     "swift" : [
CodeQL (javascript-typescript)	Initialize CodeQL	2026-09-03T08:13:00.1615680Z       {
CodeQL (javascript-typescript)	Initialize CodeQL	2026-09-03T08:13:00.1615978Z         "extractor_root" : "/opt/hostedtoolcache/CodeQL/2.26.4/x64/codeql/swift"
CodeQL (javascript-typescript)	Initialize CodeQL	2026-09-03T08:13:00.1616350Z       }
CodeQL (javascript-typescript)	Initialize CodeQL	2026-09-03T08:13:00.1616526Z     ],
CodeQL (javascript-typescript)	Initialize CodeQL	2026-09-03T08:13:00.1616702Z     "ruby" : [
CodeQL (javascript-typescript)	Initialize CodeQL	2026-09-03T08:13:00.1616910Z       {
CodeQL (javascript-typescript)	Initialize CodeQL	2026-09-03T08:13:00.1617198Z         "extractor_root" : "/opt/hostedtoolcache/CodeQL/2.26.4/x64/codeql/ruby",
CodeQL (javascript-typescript)	Initialize CodeQL	2026-09-03T08:13:00.1617575Z         "extractor_options" : {
CodeQL (javascript-typescript)	Initialize CodeQL	2026-09-03T08:13:00.1617820Z           "trap" : {
CodeQL (javascript-typescript)	Initialize CodeQL	2026-09-03T08:13:00.1618070Z             "title" : "Options pertaining to TRAP.",
CodeQL (javascript-typescript)	Initialize CodeQL	2026-09-03T08:13:00.1618406Z             "description" : "Options pertaining to TRAP.",
CodeQL (javascript-typescript)	Initialize CodeQL	2026-09-03T08:13:00.1618716Z             "type" : "object",
CodeQL (javascript-typescript)	Initialize CodeQL	2026-09-03T08:13:00.1618955Z             "properties" : {
CodeQL (javascript-typescript)	Initialize CodeQL	2026-09-03T08:13:00.1619193Z               "compression" : {
CodeQL (javascript-typescript)	Initialize CodeQL	2026-09-03T08:13:00.1619577Z                 "title" : "Controls compression for the TRAP files written by the extractor.",
CodeQL (javascript-typescript)	Initialize CodeQL	2026-09-03T08:13:00.1620921Z                 "description" : "This option is only intended for use in debugging the extractor. Accepted values are 'gzip' (the default, to write gzip-compressed TRAP) 'zstd' (to write Zstandard-compressed TRAP) and 'none' (to write uncompressed TRAP).\n",
CodeQL (javascript-typescript)	Initialize CodeQL	2026-09-03T08:13:00.1622056Z                 "type" : "string",
CodeQL (javascript-typescript)	Initialize CodeQL	2026-09-03T08:13:00.1622340Z                 "pattern" : "^(none|gzip|zstd)$"
CodeQL (javascript-typescript)	Initialize CodeQL	2026-09-03T08:13:00.1622614Z               }
CodeQL (javascript-typescript)	Initialize CodeQL	2026-09-03T08:13:00.1622807Z             }
CodeQL (javascript-typescript)	Initialize CodeQL	2026-09-03T08:13:00.1622996Z           }
CodeQL (javascript-typescript)	Initialize CodeQL	2026-09-03T08:13:00.1623177Z         }
CodeQL (javascript-typescript)	Initialize CodeQL	2026-09-03T08:13:00.1623354Z       }
CodeQL (javascript-typescript)	Initialize CodeQL	2026-09-03T08:13:00.1623541Z     ]
CodeQL (javascript-typescript)	Initialize CodeQL	2026-09-03T08:13:00.1623721Z   }
CodeQL (javascript-typescript)	Initialize CodeQL	2026-09-03T08:13:00.1623901Z }
CodeQL (javascript-typescript)	Initialize CodeQL	2026-09-03T08:13:00.1663937Z Languages from configuration: javascript
CodeQL (javascript-typescript)	Initialize CodeQL	2026-09-03T08:13:00.1734912Z Using Git version 2.55.0
CodeQL (javascript-typescript)	Initialize CodeQL	2026-09-03T08:13:00.4104066Z Setting overlay database mode to overlay with caching because we are analyzing a pull request.
CodeQL (javascript-typescript)	Initialize CodeQL	2026-09-03T08:13:01.3340747Z Using overlay database mode: overlay with caching.
CodeQL (javascript-typescript)	Initialize CodeQL	2026-09-03T08:13:01.3343384Z Computing PR diff ranges...
CodeQL (javascript-typescript)	Initialize CodeQL	2026-09-03T08:13:01.8578522Z Persisted 150 diff range(s) across 78 file(s).
CodeQL (javascript-typescript)	Initialize CodeQL	2026-09-03T08:13:01.8579636Z ##[endgroup]
CodeQL (javascript-typescript)	Initialize CodeQL	2026-09-03T08:13:01.8580344Z ##[group]Checking cache for overlay-base database
CodeQL (javascript-typescript)	Initialize CodeQL	2026-09-03T08:13:01.8581041Z Looking in Actions cache for overlay-base database with restore key codeql-overlay-base-database-1-58b1deea8a9e87c1-javascript-2.26.4-
CodeQL (javascript-typescript)	Initialize CodeQL	2026-09-03T08:13:02.0681251Z Cache hit for restore-key: codeql-overlay-base-database-1-58b1deea8a9e87c1-javascript-2.26.4-013a4c8486439e0c74d07ac4f30cd17236705100-33396873879-1
CodeQL (javascript-typescript)	Initialize CodeQL	2026-09-03T08:13:03.3552442Z Received 0 of 32519799 (0.0%), 0.0 MBs/sec
CodeQL (javascript-typescript)	Initialize CodeQL	2026-09-03T08:13:03.5844079Z Received 32519799 of 32519799 (100.0%), 25.2 MBs/sec
CodeQL (javascript-typescript)	Initialize CodeQL	2026-09-03T08:13:03.5846989Z Cache Size: ~31 MB (32519799 B)
CodeQL (javascript-typescript)	Initialize CodeQL	2026-09-03T08:13:03.5883098Z [command]/usr/bin/tar -xf /home/runner/work/_temp/1c46d977-73d0-4e46-9001-ba28eea0864a/cache.tzst -P -C /home/runner/work/start/start --use-compress-program unzstd
CodeQL (javascript-typescript)	Initialize CodeQL	2026-09-03T08:13:04.0000595Z Cache restored successfully
CodeQL (javascript-typescript)	Initialize CodeQL	2026-09-03T08:13:04.0020459Z Downloaded overlay-base database in cache with key codeql-overlay-base-database-1-58b1deea8a9e87c1-javascript-2.26.4-013a4c8486439e0c74d07ac4f30cd17236705100-33396873879-1
CodeQL (javascript-typescript)	Initialize CodeQL	2026-09-03T08:13:04.8374230Z Successfully downloaded overlay-base database to /home/runner/work/_temp/codeql_databases
CodeQL (javascript-typescript)	Initialize CodeQL	2026-09-03T08:13:04.8375601Z ##[endgroup]
CodeQL (javascript-typescript)	Initialize CodeQL	2026-09-03T08:13:04.8389693Z While resolving threads, found a cgroup CPUs file with 4 CPUs in /sys/fs/cgroup/cpuset.cpus.effective.
CodeQL (javascript-typescript)	Initialize CodeQL	2026-09-03T08:13:05.7772317Z Writing augmented user configuration file to /home/runner/work/_temp/user-config.yaml
CodeQL (javascript-typescript)	Initialize CodeQL	2026-09-03T08:13:05.7773305Z ##[group]Augmented user configuration file contents
CodeQL (javascript-typescript)	Initialize CodeQL	2026-09-03T08:13:05.7801382Z query-filters:
CodeQL (javascript-typescript)	Initialize CodeQL	2026-09-03T08:13:05.7801786Z   - exclude:
CodeQL (javascript-typescript)	Initialize CodeQL	2026-09-03T08:13:05.7802187Z       tags: exclude-from-incremental
CodeQL (javascript-typescript)	Initialize CodeQL	2026-09-03T08:13:05.7802526Z 
CodeQL (javascript-typescript)	Initialize CodeQL	2026-09-03T08:13:05.7802875Z ##[endgroup]
CodeQL (javascript-typescript)	Initialize CodeQL	2026-09-03T08:13:05.7972237Z Found 79 changed file(s) under /home/runner/work/start/start from OID comparison.
CodeQL (javascript-typescript)	Initialize CodeQL	2026-09-03T08:13:05.8065175Z [command]/opt/hostedtoolcache/CodeQL/2.26.4/x64/codeql/codeql database init --db-cluster /home/runner/work/_temp/codeql_databases --source-root=/home/runner/work/start/start --no-calculate-baseline --extractor-include-aliases --language=javascript --codescanning-config=/home/runner/work/_temp/user-config.yaml --overlay-changes=/home/runner/work/_temp/overlay-changes.json
CodeQL (javascript-typescript)	Initialize CodeQL	2026-09-03T08:13:07.0721938Z Package install location: /home/runner/.codeql/packages
CodeQL (javascript-typescript)	Initialize CodeQL	2026-09-03T08:13:07.0723001Z Nothing downloaded.
CodeQL (javascript-typescript)	Initialize CodeQL	2026-09-03T08:13:08.1657839Z Resolving extractor javascript.
CodeQL (javascript-typescript)	Initialize CodeQL	2026-09-03T08:13:08.1721167Z Successfully loaded extractor JavaScript/TypeScript (javascript) from /opt/hostedtoolcache/CodeQL/2.26.4/x64/codeql/javascript.
CodeQL (javascript-typescript)	Initialize CodeQL	2026-09-03T08:13:08.1972415Z Created skeleton CodeQL database at /home/runner/work/_temp/codeql_databases/javascript. This in-progress database is ready to be populated by an extractor.
CodeQL (javascript-typescript)	Initialize CodeQL	2026-09-03T08:13:09.0622105Z Recording pack reference codeql/javascript-queries at /opt/hostedtoolcache/CodeQL/2.26.4/x64/codeql/qlpacks/codeql/javascript-queries/2.4.4.
CodeQL (javascript-typescript)	Autobuild	﻿2026-09-03T08:13:10.3952213Z ##[group]Run github/codeql-action/autobuild@v4
CodeQL (javascript-typescript)	Autobuild	2026-09-03T08:13:10.3952571Z with:
CodeQL (javascript-typescript)	Autobuild	2026-09-03T08:13:10.3955129Z   token: ***
CodeQL (javascript-typescript)	Autobuild	2026-09-03T08:13:10.3955398Z   matrix: {
CodeQL (javascript-typescript)	Autobuild	  "language": "javascript-typescript"
CodeQL (javascript-typescript)	Autobuild	}
CodeQL (javascript-typescript)	Autobuild	2026-09-03T08:13:10.3955723Z env:
CodeQL (javascript-typescript)	Autobuild	2026-09-03T08:13:10.3955923Z   GIT_CONFIG_COUNT: 1
CodeQL (javascript-typescript)	Autobuild	2026-09-03T08:13:10.3956168Z   GIT_CONFIG_KEY_0: init.defaultBranch
CodeQL (javascript-typescript)	Autobuild	2026-09-03T08:13:10.3956454Z   GIT_CONFIG_VALUE_0: main
CodeQL (javascript-typescript)	Autobuild	2026-09-03T08:13:10.3956797Z   CODEQL_ACTION_JOB_RUN_UUID: bb9095e8-d595-4ada-9eac-d8a1e2be62b0
CodeQL (javascript-typescript)	Autobuild	2026-09-03T08:13:10.3957193Z   CODEQL_ACTION_FEATURE_MULTI_LANGUAGE: false
CodeQL (javascript-typescript)	Autobuild	2026-09-03T08:13:10.3957520Z   CODEQL_ACTION_FEATURE_SANDWICH: false
CodeQL (javascript-typescript)	Autobuild	2026-09-03T08:13:10.3957821Z   CODEQL_ACTION_FEATURE_SARIF_COMBINE: true
CodeQL (javascript-typescript)	Autobuild	2026-09-03T08:13:10.3958133Z   CODEQL_ACTION_FEATURE_WILL_UPLOAD: true
CodeQL (javascript-typescript)	Autobuild	2026-09-03T08:13:10.3958424Z   CODEQL_ACTION_VERSION: 4.37.9
CodeQL (javascript-typescript)	Autobuild	2026-09-03T08:13:10.3958708Z   CODEQL_ACTION_INIT_HAS_RUN: true
CodeQL (javascript-typescript)	Autobuild	2026-09-03T08:13:10.3959064Z   CODEQL_ACTION_ANALYSIS_KEY: .github/workflows/security.yml:codeql
CodeQL (javascript-typescript)	Autobuild	2026-09-03T08:13:10.3959514Z   CODEQL_WORKFLOW_STARTED_AT: 2026-09-03T08:12:50.357Z
CodeQL (javascript-typescript)	Autobuild	2026-09-03T08:13:10.3959828Z   CODEQL_RAM: 14575
CodeQL (javascript-typescript)	Autobuild	2026-09-03T08:13:10.3960296Z   CODEQL_THREADS: 4
CodeQL (javascript-typescript)	Autobuild	2026-09-03T08:13:10.3960530Z ##[endgroup]
CodeQL (javascript-typescript)	Autobuild	2026-09-03T08:13:10.6400810Z Existing job run UUID is bb9095e8-d595-4ada-9eac-d8a1e2be62b0.
CodeQL (javascript-typescript)	Autobuild	2026-09-03T08:13:11.9115298Z None of the languages in this project require extra build steps
CodeQL (javascript-typescript)	Analyze	﻿2026-09-03T08:13:13.1123020Z ##[group]Run github/codeql-action/analyze@v4
CodeQL (javascript-typescript)	Analyze	2026-09-03T08:13:13.1123374Z with:
CodeQL (javascript-typescript)	Analyze	2026-09-03T08:13:13.1123583Z   output: ../results
CodeQL (javascript-typescript)	Analyze	2026-09-03T08:13:13.1123812Z   upload: always
CodeQL (javascript-typescript)	Analyze	2026-09-03T08:13:13.1124034Z   skip-queries: false
CodeQL (javascript-typescript)	Analyze	2026-09-03T08:13:13.1124314Z   checkout_path: /home/runner/work/start/start
CodeQL (javascript-typescript)	Analyze	2026-09-03T08:13:13.1124640Z   upload-database: true
CodeQL (javascript-typescript)	Analyze	2026-09-03T08:13:13.1124893Z   wait-for-processing: true
CodeQL (javascript-typescript)	Analyze	2026-09-03T08:13:13.1127573Z   token: ***
CodeQL (javascript-typescript)	Analyze	2026-09-03T08:13:13.1127835Z   matrix: {
CodeQL (javascript-typescript)	Analyze	  "language": "javascript-typescript"
CodeQL (javascript-typescript)	Analyze	}
CodeQL (javascript-typescript)	Analyze	2026-09-03T08:13:13.1128176Z   expect-error: false
CodeQL (javascript-typescript)	Analyze	2026-09-03T08:13:13.1128404Z env:
CodeQL (javascript-typescript)	Analyze	2026-09-03T08:13:13.1128609Z   GIT_CONFIG_COUNT: 1
CodeQL (javascript-typescript)	Analyze	2026-09-03T08:13:13.1128858Z   GIT_CONFIG_KEY_0: init.defaultBranch
CodeQL (javascript-typescript)	Analyze	2026-09-03T08:13:13.1129149Z   GIT_CONFIG_VALUE_0: main
CodeQL (javascript-typescript)	Analyze	2026-09-03T08:13:13.1129485Z   CODEQL_ACTION_JOB_RUN_UUID: bb9095e8-d595-4ada-9eac-d8a1e2be62b0
CodeQL (javascript-typescript)	Analyze	2026-09-03T08:13:13.1129902Z   CODEQL_ACTION_FEATURE_MULTI_LANGUAGE: false
CodeQL (javascript-typescript)	Analyze	2026-09-03T08:13:13.1130537Z   CODEQL_ACTION_FEATURE_SANDWICH: false
CodeQL (javascript-typescript)	Analyze	2026-09-03T08:13:13.1130908Z   CODEQL_ACTION_FEATURE_SARIF_COMBINE: true
CodeQL (javascript-typescript)	Analyze	2026-09-03T08:13:13.1131226Z   CODEQL_ACTION_FEATURE_WILL_UPLOAD: true
CodeQL (javascript-typescript)	Analyze	2026-09-03T08:13:13.1131528Z   CODEQL_ACTION_VERSION: 4.37.9
CodeQL (javascript-typescript)	Analyze	2026-09-03T08:13:13.1131810Z   CODEQL_ACTION_INIT_HAS_RUN: true
CodeQL (javascript-typescript)	Analyze	2026-09-03T08:13:13.1132181Z   CODEQL_ACTION_ANALYSIS_KEY: .github/workflows/security.yml:codeql
CodeQL (javascript-typescript)	Analyze	2026-09-03T08:13:13.1132611Z   CODEQL_WORKFLOW_STARTED_AT: 2026-09-03T08:12:50.357Z
CodeQL (javascript-typescript)	Analyze	2026-09-03T08:13:13.1133132Z   CODEQL_RAM: 14575
CodeQL (javascript-typescript)	Analyze	2026-09-03T08:13:13.1133359Z   CODEQL_THREADS: 4
CodeQL (javascript-typescript)	Analyze	2026-09-03T08:13:13.1133649Z   CODEQL_ACTION_AUTOBUILD_DID_COMPLETE_SUCCESSFULLY: true
CodeQL (javascript-typescript)	Analyze	2026-09-03T08:13:13.1133989Z ##[endgroup]
CodeQL (javascript-typescript)	Analyze	2026-09-03T08:13:13.3658143Z Existing job run UUID is bb9095e8-d595-4ada-9eac-d8a1e2be62b0.
CodeQL (javascript-typescript)	Analyze	2026-09-03T08:13:13.7010916Z While resolving threads, found a cgroup CPUs file with 4 CPUs in /sys/fs/cgroup/cpuset.cpus.effective.
CodeQL (javascript-typescript)	Analyze	2026-09-03T08:13:13.7046268Z ##[group]Generating diff range extension pack
CodeQL (javascript-typescript)	Analyze	2026-09-03T08:13:13.7142106Z Successfully created diff range extension pack at /home/runner/work/_temp/pr-diff-range.
CodeQL (javascript-typescript)	Analyze	2026-09-03T08:13:13.7143326Z ##[endgroup]
CodeQL (javascript-typescript)	Analyze	2026-09-03T08:13:14.6961717Z ##[group]Extracting javascript
CodeQL (javascript-typescript)	Analyze	2026-09-03T08:13:14.6965176Z [command]/opt/hostedtoolcache/CodeQL/2.26.4/x64/codeql/codeql database trace-command --index-traceless-dbs /home/runner/work/_temp/codeql_databases/javascript
CodeQL (javascript-typescript)	Analyze	2026-09-03T08:13:15.5211751Z Running command in /home/runner/work/start/start: [/opt/hostedtoolcache/CodeQL/2.26.4/x64/codeql/javascript/tools/autobuild.sh]
CodeQL (javascript-typescript)	Analyze	2026-09-03T08:13:15.7724459Z [2026-09-03 08:13:15] [build-stdout] Parallel extraction with 4 threads.
CodeQL (javascript-typescript)	Analyze	2026-09-03T08:13:15.9542576Z [2026-09-03 08:13:15] [build-stdout] Overlay filter removed 136 out of 158 files from extraction.
CodeQL (javascript-typescript)	Analyze	2026-09-03T08:13:15.9660864Z [2026-09-03 08:13:15] [build-stdout] Extracting /home/runner/work/start/start/js/src/bin/cli.js
CodeQL (javascript-typescript)	Analyze	2026-09-03T08:13:15.9674233Z [2026-09-03 08:13:15] [build-stdout] Extracting /home/runner/work/start/start/js/src/lib/args-parser-queries.js
CodeQL (javascript-typescript)	Analyze	2026-09-03T08:13:15.9676071Z [2026-09-03 08:13:15] [build-stdout] Extracting /home/runner/work/start/start/js/src/lib/args-parser.js
CodeQL (javascript-typescript)	Analyze	2026-09-03T08:13:15.9691411Z [2026-09-03 08:13:15] [build-stdout] Extracting /home/runner/work/start/start/js/src/lib/docker-cleanup.js
CodeQL (javascript-typescript)	Analyze	2026-09-03T08:13:16.3068947Z [2026-09-03 08:13:16] [build-stdout] Done extracting /home/runner/work/start/start/js/src/lib/args-parser-queries.js (321 ms)
CodeQL (javascript-typescript)	Analyze	2026-09-03T08:13:16.3101015Z [2026-09-03 08:13:16] [build-stdout] Extracting /home/runner/work/start/start/js/src/lib/execution-attach.js
CodeQL (javascript-typescript)	Analyze	2026-09-03T08:13:16.3102413Z [2026-09-03 08:13:16] [build-stdout] Done extracting /home/runner/work/start/start/js/src/lib/docker-cleanup.js (331 ms)
CodeQL (javascript-typescript)	Analyze	2026-09-03T08:13:16.3103787Z [2026-09-03 08:13:16] [build-stdout] Extracting /home/runner/work/start/start/js/src/lib/execution-resume-all.js
CodeQL (javascript-typescript)	Analyze	2026-09-03T08:13:16.4021632Z [2026-09-03 08:13:16] [build-stdout] Done extracting /home/runner/work/start/start/js/src/lib/execution-attach.js (97 ms)
CodeQL (javascript-typescript)	Analyze	2026-09-03T08:13:16.4050999Z [2026-09-03 08:13:16] [build-stdout] Extracting /home/runner/work/start/start/js/src/lib/execution-resume.js
CodeQL (javascript-typescript)	Analyze	2026-09-03T08:13:16.4261466Z [2026-09-03 08:13:16] [build-stdout] Done extracting /home/runner/work/start/start/js/src/lib/execution-resume-all.js (123 ms)
CodeQL (javascript-typescript)	Analyze	2026-09-03T08:13:16.4291137Z [2026-09-03 08:13:16] [build-stdout] Extracting /home/runner/work/start/start/js/src/lib/execution-store.js
CodeQL (javascript-typescript)	Analyze	2026-09-03T08:13:16.4532627Z [2026-09-03 08:13:16] [build-stdout] Done extracting /home/runner/work/start/start/js/src/lib/args-parser.js (484 ms)
CodeQL (javascript-typescript)	Analyze	2026-09-03T08:13:16.4556566Z [2026-09-03 08:13:16] [build-stdout] Extracting /home/runner/work/start/start/js/src/lib/exit-reason.js
CodeQL (javascript-typescript)	Analyze	2026-09-03T08:13:16.5024875Z [2026-09-03 08:13:16] [build-stdout] Done extracting /home/runner/work/start/start/js/src/lib/exit-reason.js (45 ms)
CodeQL (javascript-typescript)	Analyze	2026-09-03T08:13:16.5031170Z [2026-09-03 08:13:16] [build-stdout] Extracting /home/runner/work/start/start/js/src/lib/isolation.js
CodeQL (javascript-typescript)	Analyze	2026-09-03T08:13:16.5391476Z [2026-09-03 08:13:16] [build-stdout] Done extracting /home/runner/work/start/start/js/src/bin/cli.js (569 ms)
CodeQL (javascript-typescript)	Analyze	2026-09-03T08:13:16.5392870Z [2026-09-03 08:13:16] [build-stdout] Extracting /home/runner/work/start/start/js/src/lib/query-commands.js
CodeQL (javascript-typescript)	Analyze	2026-09-03T08:13:16.6441757Z [2026-09-03 08:13:16] [build-stdout] Done extracting /home/runner/work/start/start/js/src/lib/query-commands.js (102 ms)
CodeQL (javascript-typescript)	Analyze	2026-09-03T08:13:16.6471089Z [2026-09-03 08:13:16] [build-stdout] Extracting /home/runner/work/start/start/js/src/lib/session-probe.js
CodeQL (javascript-typescript)	Analyze	2026-09-03T08:13:16.6474657Z [2026-09-03 08:13:16] [build-stdout] Done extracting /home/runner/work/start/start/js/src/lib/execution-resume.js (242 ms)
CodeQL (javascript-typescript)	Analyze	2026-09-03T08:13:16.6476303Z [2026-09-03 08:13:16] [build-stdout] Extracting /home/runner/work/start/start/js/src/lib/status-formatter.js
CodeQL (javascript-typescript)	Analyze	2026-09-03T08:13:16.6686541Z [2026-09-03 08:13:16] [build-stdout] Done extracting /home/runner/work/start/start/js/src/lib/session-probe.js (29 ms)
CodeQL (javascript-typescript)	Analyze	2026-09-03T08:13:16.6701209Z [2026-09-03 08:13:16] [build-stdout] Extracting /home/runner/work/start/start/js/src/lib/usage.js
CodeQL (javascript-typescript)	Analyze	2026-09-03T08:13:16.6821287Z [2026-09-03 08:13:16] [build-stdout] Done extracting /home/runner/work/start/start/js/src/lib/usage.js (11 ms)
CodeQL (javascript-typescript)	Analyze	2026-09-03T08:13:16.6823330Z [2026-09-03 08:13:16] [build-stdout] Extracting /home/runner/work/start/start/js/test/args-parser-attach-resume.js
CodeQL (javascript-typescript)	Analyze	2026-09-03T08:13:16.7423106Z [2026-09-03 08:13:16] [build-stdout] Done extracting /home/runner/work/start/start/js/test/args-parser-attach-resume.js (57 ms)
CodeQL (javascript-typescript)	Analyze	2026-09-03T08:13:16.7441230Z [2026-09-03 08:13:16] [build-stdout] Extracting /home/runner/work/start/start/js/test/args-parser-control.js
CodeQL (javascript-typescript)	Analyze	2026-09-03T08:13:16.7768414Z [2026-09-03 08:13:16] [build-stdout] Done extracting /home/runner/work/start/start/js/test/args-parser-control.js (37 ms)
CodeQL (javascript-typescript)	Analyze	2026-09-03T08:13:16.7831183Z [2026-09-03 08:13:16] [build-stdout] Extracting /home/runner/work/start/start/js/test/args-parser.js
CodeQL (javascript-typescript)	Analyze	2026-09-03T08:13:16.8001615Z [2026-09-03 08:13:16] [build-stdout] Done extracting /home/runner/work/start/start/js/src/lib/isolation.js (295 ms)
CodeQL (javascript-typescript)	Analyze	2026-09-03T08:13:16.8003395Z [2026-09-03 08:13:16] [build-stdout] Extracting /home/runner/work/start/start/js/test/execution-attach.js
CodeQL (javascript-typescript)	Analyze	2026-09-03T08:13:16.8023703Z [2026-09-03 08:13:16] [build-stdout] Done extracting /home/runner/work/start/start/js/src/lib/status-formatter.js (157 ms)
CodeQL (javascript-typescript)	Analyze	2026-09-03T08:13:16.8051088Z [2026-09-03 08:13:16] [build-stdout] Extracting /home/runner/work/start/start/js/test/execution-resume.js
CodeQL (javascript-typescript)	Analyze	2026-09-03T08:13:16.8366169Z [2026-09-03 08:13:16] [build-stdout] Done extracting /home/runner/work/start/start/js/src/lib/execution-store.js (408 ms)
CodeQL (javascript-typescript)	Analyze	2026-09-03T08:13:16.8410962Z [2026-09-03 08:13:16] [build-stdout] Extracting /home/runner/work/start/start/js/test/exit-reason.js
CodeQL (javascript-typescript)	Analyze	2026-09-03T08:13:16.8988061Z [2026-09-03 08:13:16] [build-stdout] Done extracting /home/runner/work/start/start/js/test/exit-reason.js (60 ms)
CodeQL (javascript-typescript)	Analyze	2026-09-03T08:13:16.9021208Z [2026-09-03 08:13:16] [build-stdout] Extracting /home/runner/work/start/start/js/test/regression-162.js
CodeQL (javascript-typescript)	Analyze	2026-09-03T08:13:16.9046067Z [2026-09-03 08:13:16] [build-stdout] Done extracting /home/runner/work/start/start/js/test/execution-attach.js (103 ms)
CodeQL (javascript-typescript)	Analyze	2026-09-03T08:13:16.9071210Z [2026-09-03 08:13:16] [build-stdout] Extracting /home/runner/work/start/start/js/test/session-probe.js
CodeQL (javascript-typescript)	Analyze	2026-09-03T08:13:16.9256162Z [2026-09-03 08:13:16] [build-stdout] Done extracting /home/runner/work/start/start/js/test/execution-resume.js (126 ms)
CodeQL (javascript-typescript)	Analyze	2026-09-03T08:13:16.9412861Z [2026-09-03 08:13:16] [build-stdout] Done extracting /home/runner/work/start/start/js/test/session-probe.js (41 ms)
CodeQL (javascript-typescript)	Analyze	2026-09-03T08:13:16.9811664Z [2026-09-03 08:13:16] [build-stdout] Done extracting /home/runner/work/start/start/js/test/regression-162.js (81 ms)
CodeQL (javascript-typescript)	Analyze	2026-09-03T08:13:17.0331471Z [2026-09-03 08:13:17] [build-stdout] Done extracting /home/runner/work/start/start/js/test/args-parser.js (255 ms)
CodeQL (javascript-typescript)	Analyze	2026-09-03T08:13:17.0681439Z ##[endgroup]
CodeQL (javascript-typescript)	Analyze	2026-09-03T08:13:17.0687665Z ##[group]Finalizing javascript
CodeQL (javascript-typescript)	Analyze	2026-09-03T08:13:17.0689690Z [command]/opt/hostedtoolcache/CodeQL/2.26.4/x64/codeql/codeql database finalize --finalize-dataset --threads=4 --ram=14575 /home/runner/work/_temp/codeql_databases/javascript
CodeQL (javascript-typescript)	Analyze	2026-09-03T08:13:17.8854158Z Running TRAP import for CodeQL database at /home/runner/work/_temp/codeql_databases/javascript...
CodeQL (javascript-typescript)	Analyze	2026-09-03T08:13:18.4465322Z Importing overlay 'overlay' with shared ID pool.
CodeQL (javascript-typescript)	Analyze	2026-09-03T08:13:18.7597796Z Importing TRAP files
CodeQL (javascript-typescript)	Analyze	2026-09-03T08:13:19.7371007Z Merging relations
CodeQL (javascript-typescript)	Analyze	2026-09-03T08:13:20.2469598Z Finished writing database (relations: 1.29 MiB; string pool: 11.09 MiB).
CodeQL (javascript-typescript)	Analyze	2026-09-03T08:13:20.2859651Z TRAP import complete (2.4s).
CodeQL (javascript-typescript)	Analyze	2026-09-03T08:13:20.2877678Z Merging overlay source from /home/runner/work/_temp/codeql_databases/javascript/src into /home/runner/work/_temp/codeql_databases/javascript/src.zip
CodeQL (javascript-typescript)	Analyze	2026-09-03T08:13:20.3484411Z Deleting overlay source directory /home/runner/work/_temp/codeql_databases/javascript/src
CodeQL (javascript-typescript)	Analyze	2026-09-03T08:13:20.4870538Z Finished zipping source archive (624.82 KiB).
CodeQL (javascript-typescript)	Analyze	2026-09-03T08:13:20.4965077Z ##[endgroup]
CodeQL (javascript-typescript)	Analyze	2026-09-03T08:13:20.4969620Z ##[group]Running queries for javascript
CodeQL (javascript-typescript)	Analyze	2026-09-03T08:13:20.4972755Z [command]/opt/hostedtoolcache/CodeQL/2.26.4/x64/codeql/codeql database run-queries --ram=14575 --threads=4 --expect-discarded-cache --additional-packs=/home/runner/work/_temp/pr-diff-range --extension-packs=codeql-action/pr-diff-range /home/runner/work/_temp/codeql_databases/javascript --min-disk-free=1024 -v
CodeQL (javascript-typescript)	Analyze	2026-09-03T08:13:21.2645432Z Writing logs to /home/runner/work/_temp/codeql_databases/javascript/log/overlay/database-run-queries-20260903.081321.261.log.
CodeQL (javascript-typescript)	Analyze	2026-09-03T08:13:21.9229289Z Writing logs to /home/runner/work/_temp/codeql_databases/javascript/log/overlay/execute-queries-20260903.081321.919.log.
CodeQL (javascript-typescript)	Analyze	2026-09-03T08:13:22.2490493Z Recording pack reference codeql/javascript-queries at /opt/hostedtoolcache/CodeQL/2.26.4/x64/codeql/qlpacks/codeql/javascript-queries/2.4.4.
CodeQL (javascript-typescript)	Analyze	2026-09-03T08:13:22.4891038Z Resolving data extensions.
CodeQL (javascript-typescript)	Analyze	2026-09-03T08:13:22.9183381Z Finished resolving data extensions.
CodeQL (javascript-typescript)	Analyze	2026-09-03T08:13:22.9796778Z Loading data extensions.
CodeQL (javascript-typescript)	Analyze	2026-09-03T08:13:23.0506088Z Finished loading data extensions.
CodeQL (javascript-typescript)	Analyze	2026-09-03T08:13:25.0333981Z [1/89] Loaded /opt/hostedtoolcache/CodeQL/2.26.4/x64/codeql/qlpacks/codeql/javascript-queries/2.4.4/AngularJS/DisablingSce.qlx.
CodeQL (javascript-typescript)	Analyze	2026-09-03T08:13:25.0350266Z [2/89] Loaded /opt/hostedtoolcache/CodeQL/2.26.4/x64/codeql/qlpacks/codeql/javascript-queries/2.4.4/AngularJS/DoubleCompilation.qlx.
CodeQL (javascript-typescript)	Analyze	2026-09-03T08:13:25.0391358Z [3/89] Loaded /opt/hostedtoolcache/CodeQL/2.26.4/x64/codeql/qlpacks/codeql/javascript-queries/2.4.4/AngularJS/InsecureUrlWhitelist.qlx.
CodeQL (javascript-typescript)	Analyze	2026-09-03T08:13:25.1773122Z [4/89] Loaded /opt/hostedtoolcache/CodeQL/2.26.4/x64/codeql/qlpacks/codeql/javascript-queries/2.4.4/Electron/AllowRunningInsecureContent.qlx.
CodeQL (javascript-typescript)	Analyze	2026-09-03T08:13:25.1831441Z [5/89] Loaded /opt/hostedtoolcache/CodeQL/2.26.4/x64/codeql/qlpacks/codeql/javascript-queries/2.4.4/Electron/DisablingWebSecurity.qlx.
CodeQL (javascript-typescript)	Analyze	2026-09-03T08:13:25.4621615Z [6/89] Loaded /opt/hostedtoolcache/CodeQL/2.26.4/x64/codeql/qlpacks/codeql/javascript-queries/2.4.4/Performance/ReDoS.qlx.
CodeQL (javascript-typescript)	Analyze	2026-09-03T08:13:25.7214404Z [7/89] Loaded /opt/hostedtoolcache/CodeQL/2.26.4/x64/codeql/qlpacks/codeql/javascript-queries/2.4.4/Security/CWE-598/SensitiveGetQuery.qlx.
CodeQL (javascript-typescript)	Analyze	2026-09-03T08:13:26.1791292Z [8/89] Loaded /opt/hostedtoolcache/CodeQL/2.26.4/x64/codeql/qlpacks/codeql/javascript-queries/2.4.4/Security/CWE-829/InsecureDownload.qlx.
CodeQL (javascript-typescript)	Analyze	2026-09-03T08:13:26.2861820Z [9/89] Loaded /opt/hostedtoolcache/CodeQL/2.26.4/x64/codeql/qlpacks/codeql/javascript-queries/2.4.4/Security/CWE-209/StackTraceExposure.qlx.
CodeQL (javascript-typescript)	Analyze	2026-09-03T08:13:26.3461752Z [10/89] Loaded /opt/hostedtoolcache/CodeQL/2.26.4/x64/codeql/qlpacks/codeql/javascript-queries/2.4.4/Performance/PolynomialReDoS.qlx.
CodeQL (javascript-typescript)	Analyze	2026-09-03T08:13:26.4111930Z [11/89] Loaded /opt/hostedtoolcache/CodeQL/2.26.4/x64/codeql/qlpacks/codeql/javascript-queries/2.4.4/Security/CWE-942/CorsPermissiveConfiguration.qlx.
CodeQL (javascript-typescript)	Analyze	2026-09-03T08:13:26.5361880Z [12/89] Loaded /opt/hostedtoolcache/CodeQL/2.26.4/x64/codeql/qlpacks/codeql/javascript-queries/2.4.4/Security/CWE-200/PrivateFileExposure.qlx.
CodeQL (javascript-typescript)	Analyze	2026-09-03T08:13:26.5461329Z [13/89] Loaded /opt/hostedtoolcache/CodeQL/2.26.4/x64/codeql/qlpacks/codeql/javascript-queries/2.4.4/Security/CWE-089/SqlInjection.qlx.
CodeQL (javascript-typescript)	Analyze	2026-09-03T08:13:26.6297076Z [14/89] Loaded /opt/hostedtoolcache/CodeQL/2.26.4/x64/codeql/qlpacks/codeql/javascript-queries/2.4.4/Security/CWE-201/PostMessageStar.qlx.
CodeQL (javascript-typescript)	Analyze	2026-09-03T08:13:26.9291772Z [15/89] Loaded /opt/hostedtoolcache/CodeQL/2.26.4/x64/codeql/qlpacks/codeql/javascript-queries/2.4.4/Security/CWE-094/ImproperCodeSanitization.qlx.
CodeQL (javascript-typescript)	Analyze	2026-09-03T08:13:27.1391972Z [16/89] Loaded /opt/hostedtoolcache/CodeQL/2.26.4/x64/codeql/qlpacks/codeql/javascript-queries/2.4.4/Security/CWE-094/UnsafeDynamicMethodAccess.qlx.
CodeQL (javascript-typescript)	Analyze	2026-09-03T08:13:27.1551669Z [17/89] Loaded /opt/hostedtoolcache/CodeQL/2.26.4/x64/codeql/qlpacks/codeql/javascript-queries/2.4.4/Security/CWE-094/CodeInjection.qlx.
CodeQL (javascript-typescript)	Analyze	2026-09-03T08:13:27.1611312Z [18/89] Loaded /opt/hostedtoolcache/CodeQL/2.26.4/x64/codeql/qlpacks/codeql/javascript-queries/2.4.4/Security/CWE-312/CleartextStorage.qlx.
CodeQL (javascript-typescript)	Analyze	2026-09-03T08:13:27.2501768Z [19/89] Loaded /opt/hostedtoolcache/CodeQL/2.26.4/x64/codeql/qlpacks/codeql/javascript-queries/2.4.4/Security/CWE-312/BuildArtifactLeak.qlx.
CodeQL (javascript-typescript)	Analyze	2026-09-03T08:13:27.3702209Z [20/89] Loaded /opt/hostedtoolcache/CodeQL/2.26.4/x64/codeql/qlpacks/codeql/javascript-queries/2.4.4/Security/CWE-730/ServerCrash.qlx.
CodeQL (javascript-typescript)	Analyze	2026-09-03T08:13:27.3962215Z [21/89] Loaded /opt/hostedtoolcache/CodeQL/2.26.4/x64/codeql/qlpacks/codeql/javascript-queries/2.4.4/Security/CWE-078/ShellCommandInjectionFromEnvironment.qlx.
CodeQL (javascript-typescript)	Analyze	2026-09-03T08:13:27.6070503Z [22/89] Loaded /opt/hostedtoolcache/CodeQL/2.26.4/x64/codeql/qlpacks/codeql/javascript-queries/2.4.4/Security/CWE-730/RegExpInjection.qlx.
CodeQL (javascript-typescript)	Analyze	2026-09-03T08:13:27.6392854Z [23/89] Loaded /opt/hostedtoolcache/CodeQL/2.26.4/x64/codeql/qlpacks/codeql/javascript-queries/2.4.4/Security/CWE-312/CleartextLogging.qlx.
CodeQL (javascript-typescript)	Analyze	2026-09-03T08:13:27.6978572Z [24/89] Loaded /opt/hostedtoolcache/CodeQL/2.26.4/x64/codeql/qlpacks/codeql/javascript-queries/2.4.4/Security/CWE-078/UselessUseOfCat.qlx.
CodeQL (javascript-typescript)	Analyze	2026-09-03T08:13:27.7153995Z [25/89] Loaded /opt/hostedtoolcache/CodeQL/2.26.4/x64/codeql/qlpacks/codeql/javascript-queries/2.4.4/Security/CWE-078/CommandInjection.qlx.
CodeQL (javascript-typescript)	Analyze	2026-09-03T08:13:27.7211486Z [26/89] Loaded /opt/hostedtoolcache/CodeQL/2.26.4/x64/codeql/qlpacks/codeql/javascript-queries/2.4.4/Security/CWE-078/UnsafeShellCommandConstruction.qlx.
CodeQL (javascript-typescript)	Analyze	2026-09-03T08:13:27.7574923Z [27/89] Loaded /opt/hostedtoolcache/CodeQL/2.26.4/x64/codeql/qlpacks/codeql/javascript-queries/2.4.4/Security/CWE-020/IncompleteUrlSchemeCheck.qlx.
CodeQL (javascript-typescript)	Analyze	2026-09-03T08:13:27.7734146Z [28/89] Loaded /opt/hostedtoolcache/CodeQL/2.26.4/x64/codeql/qlpacks/codeql/javascript-queries/2.4.4/Security/CWE-020/IncompleteHostnameRegExp.qlx.
CodeQL (javascript-typescript)	Analyze	2026-09-03T08:13:27.7991892Z [29/89] Loaded /opt/hostedtoolcache/CodeQL/2.26.4/x64/codeql/qlpacks/codeql/javascript-queries/2.4.4/Security/CWE-020/UselessRegExpCharacterEscape.qlx.
CodeQL (javascript-typescript)	Analyze	2026-09-03T08:13:27.8151732Z [30/89] Loaded /opt/hostedtoolcache/CodeQL/2.26.4/x64/codeql/qlpacks/codeql/javascript-queries/2.4.4/Security/CWE-020/IncorrectSuffixCheck.qlx.
CodeQL (javascript-typescript)	Analyze	2026-09-03T08:13:27.8264420Z [31/89] Loaded /opt/hostedtoolcache/CodeQL/2.26.4/x64/codeql/qlpacks/codeql/javascript-queries/2.4.4/Security/CWE-020/OverlyLargeRange.qlx.
CodeQL (javascript-typescript)	Analyze	2026-09-03T08:13:27.8502605Z [32/89] Loaded /opt/hostedtoolcache/CodeQL/2.26.4/x64/codeql/qlpacks/codeql/javascript-queries/2.4.4/Security/CWE-020/IncompleteUrlSubstringSanitization.qlx.
CodeQL (javascript-typescript)	Analyze	2026-09-03T08:13:27.9937439Z [33/89] Loaded /opt/hostedtoolcache/CodeQL/2.26.4/x64/codeql/qlpacks/codeql/javascript-queries/2.4.4/Security/CWE-078/SecondOrderCommandInjection.qlx.
CodeQL (javascript-typescript)	Analyze	2026-09-03T08:13:28.0531644Z [34/89] Loaded /opt/hostedtoolcache/CodeQL/2.26.4/x64/codeql/qlpacks/codeql/javascript-queries/2.4.4/Security/CWE-643/XpathInjection.qlx.
CodeQL (javascript-typescript)	Analyze	2026-09-03T08:13:28.0801897Z [35/89] Loaded /opt/hostedtoolcache/CodeQL/2.26.4/x64/codeql/qlpacks/codeql/javascript-queries/2.4.4/Security/CWE-754/UnvalidatedDynamicMethodCall.qlx.
CodeQL (javascript-typescript)	Analyze	2026-09-03T08:13:28.2842193Z [36/89] Loaded /opt/hostedtoolcache/CodeQL/2.26.4/x64/codeql/qlpacks/codeql/javascript-queries/2.4.4/Security/CWE-400/DeepObjectResourceExhaustion.qlx.
CodeQL (javascript-typescript)	Analyze	2026-09-03T08:13:28.3831913Z [37/89] Loaded /opt/hostedtoolcache/CodeQL/2.26.4/x64/codeql/qlpacks/codeql/javascript-queries/2.4.4/Security/CWE-915/PrototypePollutingFunction.qlx.
CodeQL (javascript-typescript)	Analyze	2026-09-03T08:13:28.4251698Z [38/89] Loaded /opt/hostedtoolcache/CodeQL/2.26.4/x64/codeql/qlpacks/codeql/javascript-queries/2.4.4/Security/CWE-915/PrototypePollutingMergeCall.qlx.
CodeQL (javascript-typescript)	Analyze	2026-09-03T08:13:28.5381792Z [39/89] Loaded /opt/hostedtoolcache/CodeQL/2.26.4/x64/codeql/qlpacks/codeql/javascript-queries/2.4.4/Security/CWE-915/PrototypePollutingAssignment.qlx.
CodeQL (javascript-typescript)	Analyze	2026-09-03T08:13:28.5813228Z [40/89] Loaded /opt/hostedtoolcache/CodeQL/2.26.4/x64/codeql/qlpacks/codeql/javascript-queries/2.4.4/Security/CWE-502/UnsafeDeserialization.qlx.
CodeQL (javascript-typescript)	Analyze	2026-09-03T08:13:28.6371928Z [41/89] Loaded /opt/hostedtoolcache/CodeQL/2.26.4/x64/codeql/qlpacks/codeql/javascript-queries/2.4.4/Security/CWE-295/DisablingCertificateValidation.qlx.
CodeQL (javascript-typescript)	Analyze	2026-09-03T08:13:28.8498607Z [42/89] Loaded /opt/hostedtoolcache/CodeQL/2.26.4/x64/codeql/qlpacks/codeql/javascript-queries/2.4.4/Security/CWE-601/ClientSideUrlRedirect.qlx.
CodeQL (javascript-typescript)	Analyze	2026-09-03T08:13:28.8771748Z [43/89] Loaded /opt/hostedtoolcache/CodeQL/2.26.4/x64/codeql/qlpacks/codeql/javascript-queries/2.4.4/Security/CWE-601/ServerSideUrlRedirect.qlx.
CodeQL (javascript-typescript)	Analyze	2026-09-03T08:13:28.9611615Z [44/89] Loaded /opt/hostedtoolcache/CodeQL/2.26.4/x64/codeql/qlpacks/codeql/javascript-queries/2.4.4/Security/CWE-776/XmlBomb.qlx.
CodeQL (javascript-typescript)	Analyze	2026-09-03T08:13:28.9808693Z [45/89] Loaded /opt/hostedtoolcache/CodeQL/2.26.4/x64/codeql/qlpacks/codeql/javascript-queries/2.4.4/Security/CWE-611/Xxe.qlx.
CodeQL (javascript-typescript)	Analyze	2026-09-03T08:13:29.0212011Z [46/89] Loaded /opt/hostedtoolcache/CodeQL/2.26.4/x64/codeql/qlpacks/codeql/javascript-queries/2.4.4/Security/CWE-916/InsufficientPasswordHash.qlx.
CodeQL (javascript-typescript)	Analyze	2026-09-03T08:13:29.0901636Z [47/89] Loaded /opt/hostedtoolcache/CodeQL/2.26.4/x64/codeql/qlpacks/codeql/javascript-queries/2.4.4/Security/CWE-918/RequestForgery.qlx.
CodeQL (javascript-typescript)	Analyze	2026-09-03T08:13:29.1874321Z [48/89] Loaded /opt/hostedtoolcache/CodeQL/2.26.4/x64/codeql/qlpacks/codeql/javascript-queries/2.4.4/Security/CWE-079/XssThroughDom.qlx.
CodeQL (javascript-typescript)	Analyze	2026-09-03T08:13:29.4808387Z [49/89] Loaded /opt/hostedtoolcache/CodeQL/2.26.4/x64/codeql/qlpacks/codeql/javascript-queries/2.4.4/Security/CWE-079/Xss.qlx.
CodeQL (javascript-typescript)	Analyze	2026-09-03T08:13:29.5071648Z [50/89] Loaded /opt/hostedtoolcache/CodeQL/2.26.4/x64/codeql/qlpacks/codeql/javascript-queries/2.4.4/Security/CWE-079/StoredXss.qlx.
CodeQL (javascript-typescript)	Analyze	2026-09-03T08:13:29.5771646Z [51/89] Loaded /opt/hostedtoolcache/CodeQL/2.26.4/x64/codeql/qlpacks/codeql/javascript-queries/2.4.4/Security/CWE-079/ReflectedXss.qlx.
CodeQL (javascript-typescript)	Analyze	2026-09-03T08:13:29.6041693Z [52/89] Loaded /opt/hostedtoolcache/CodeQL/2.26.4/x64/codeql/qlpacks/codeql/javascript-queries/2.4.4/Security/CWE-079/UnsafeHtmlConstruction.qlx.
CodeQL (javascript-typescript)	Analyze	2026-09-03T08:13:29.6581811Z [53/89] Loaded /opt/hostedtoolcache/CodeQL/2.26.4/x64/codeql/qlpacks/codeql/javascript-queries/2.4.4/Security/CWE-116/DoubleEscaping.qlx.
CodeQL (javascript-typescript)	Analyze	2026-09-03T08:13:29.6641343Z [54/89] Loaded /opt/hostedtoolcache/CodeQL/2.26.4/x64/codeql/qlpacks/codeql/javascript-queries/2.4.4/Security/CWE-079/UnsafeJQueryPlugin.qlx.
CodeQL (javascript-typescript)	Analyze	2026-09-03T08:13:29.7441940Z [55/89] Loaded /opt/hostedtoolcache/CodeQL/2.26.4/x64/codeql/qlpacks/codeql/javascript-queries/2.4.4/Security/CWE-116/UnsafeHtmlExpansion.qlx.
CodeQL (javascript-typescript)	Analyze	2026-09-03T08:13:29.7734428Z [56/89] Loaded /opt/hostedtoolcache/CodeQL/2.26.4/x64/codeql/qlpacks/codeql/javascript-queries/2.4.4/Security/CWE-116/IncompleteMultiCharacterSanitization.qlx.
CodeQL (javascript-typescript)	Analyze	2026-09-03T08:13:29.7932666Z [57/89] Loaded /opt/hostedtoolcache/CodeQL/2.26.4/x64/codeql/qlpacks/codeql/javascript-queries/2.4.4/Security/CWE-079/ExceptionXss.qlx.
CodeQL (javascript-typescript)	Analyze	2026-09-03T08:13:29.9279342Z [58/89] Loaded /opt/hostedtoolcache/CodeQL/2.26.4/x64/codeql/qlpacks/codeql/javascript-queries/2.4.4/Security/CWE-116/BadTagFilter.qlx.
CodeQL (javascript-typescript)	Analyze	2026-09-03T08:13:29.9736870Z [59/89] Loaded /opt/hostedtoolcache/CodeQL/2.26.4/x64/codeql/qlpacks/codeql/javascript-queries/2.4.4/Security/CWE-640/HostHeaderPoisoningInEmailGeneration.qlx.
CodeQL (javascript-typescript)	Analyze	2026-09-03T08:13:29.9851798Z [60/89] Loaded /opt/hostedtoolcache/CodeQL/2.26.4/x64/codeql/qlpacks/codeql/javascript-queries/2.4.4/Security/CWE-116/IncompleteSanitization.qlx.
CodeQL (javascript-typescript)	Analyze	2026-09-03T08:13:30.0197189Z [61/89] Loaded /opt/hostedtoolcache/CodeQL/2.26.4/x64/codeql/qlpacks/codeql/javascript-queries/2.4.4/Security/CWE-326/InsufficientKeySize.qlx.
CodeQL (javascript-typescript)	Analyze	2026-09-03T08:13:30.0684634Z [62/89] Loaded /opt/hostedtoolcache/CodeQL/2.26.4/x64/codeql/qlpacks/codeql/javascript-queries/2.4.4/Security/CWE-116/IncompleteHtmlAttributeSanitization.qlx.
CodeQL (javascript-typescript)	Analyze	2026-09-03T08:13:30.1121819Z [63/89] Loaded /opt/hostedtoolcache/CodeQL/2.26.4/x64/codeql/qlpacks/codeql/javascript-queries/2.4.4/Security/CWE-614/ClearTextCookie.qlx.
CodeQL (javascript-typescript)	Analyze	2026-09-03T08:13:30.1811046Z [64/89] Loaded /opt/hostedtoolcache/CodeQL/2.26.4/x64/codeql/qlpacks/codeql/javascript-queries/2.4.4/Security/CWE-1427/SystemPromptInjection.qlx.
CodeQL (javascript-typescript)	Analyze	2026-09-03T08:13:30.2181957Z [65/89] Loaded /opt/hostedtoolcache/CodeQL/2.26.4/x64/codeql/qlpacks/codeql/javascript-queries/2.4.4/Security/CWE-1004/ClientExposedCookie.qlx.
CodeQL (javascript-typescript)	Analyze	2026-09-03T08:13:30.2241683Z [66/89] Loaded /opt/hostedtoolcache/CodeQL/2.26.4/x64/codeql/qlpacks/codeql/javascript-queries/2.4.4/Security/CWE-346/CorsMisconfigurationForCredentials.qlx.
CodeQL (javascript-typescript)	Analyze	2026-09-03T08:13:30.2374265Z [67/89] Loaded /opt/hostedtoolcache/CodeQL/2.26.4/x64/codeql/qlpacks/codeql/javascript-queries/2.4.4/Security/CWE-352/MissingCsrfMiddleware.qlx.
CodeQL (javascript-typescript)	Analyze	2026-09-03T08:13:30.2562122Z [68/89] Loaded /opt/hostedtoolcache/CodeQL/2.26.4/x64/codeql/qlpacks/codeql/javascript-queries/2.4.4/Security/CWE-830/FunctionalityFromUntrustedSource.qlx.
CodeQL (javascript-typescript)	Analyze	2026-09-03T08:13:30.2733668Z [69/89] Loaded /opt/hostedtoolcache/CodeQL/2.26.4/x64/codeql/qlpacks/codeql/javascript-queries/2.4.4/Security/CWE-830/FunctionalityFromUntrustedDomain.qlx.
CodeQL (javascript-typescript)	Analyze	2026-09-03T08:13:30.3381907Z [70/89] Loaded /opt/hostedtoolcache/CodeQL/2.26.4/x64/codeql/qlpacks/codeql/javascript-queries/2.4.4/Security/CWE-693/InsecureHelmet.qlx.
CodeQL (javascript-typescript)	Analyze	2026-09-03T08:13:30.3383981Z [71/89] Loaded /opt/hostedtoolcache/CodeQL/2.26.4/x64/codeql/qlpacks/codeql/javascript-queries/2.4.4/Security/CWE-134/TaintedFormatString.qlx.
CodeQL (javascript-typescript)	Analyze	2026-09-03T08:13:30.5653535Z [72/89] Loaded /opt/hostedtoolcache/CodeQL/2.26.4/x64/codeql/qlpacks/codeql/javascript-queries/2.4.4/Security/CWE-834/LoopBoundInjection.qlx.
CodeQL (javascript-typescript)	Analyze	2026-09-03T08:13:30.5911959Z [73/89] Loaded /opt/hostedtoolcache/CodeQL/2.26.4/x64/codeql/qlpacks/codeql/javascript-queries/2.4.4/Security/CWE-178/CaseSensitiveMiddlewarePath.qlx.
CodeQL (javascript-typescript)	Analyze	2026-09-03T08:13:30.6061756Z [74/89] Loaded /opt/hostedtoolcache/CodeQL/2.26.4/x64/codeql/qlpacks/codeql/javascript-queries/2.4.4/Security/CWE-843/TypeConfusionThroughParameterTampering.qlx.
CodeQL (javascript-typescript)	Analyze	2026-09-03T08:13:30.6091301Z [75/89] Loaded /opt/hostedtoolcache/CodeQL/2.26.4/x64/codeql/qlpacks/codeql/javascript-queries/2.4.4/Security/CWE-300/InsecureDependencyResolution.qlx.
CodeQL (javascript-typescript)	Analyze	2026-09-03T08:13:30.6271809Z [76/89] Loaded /opt/hostedtoolcache/CodeQL/2.26.4/x64/codeql/qlpacks/codeql/javascript-queries/2.4.4/Security/CWE-073/TemplateObjectInjection.qlx.
CodeQL (javascript-typescript)	Analyze	2026-09-03T08:13:30.6481661Z [77/89] Loaded /opt/hostedtoolcache/CodeQL/2.26.4/x64/codeql/qlpacks/codeql/javascript-queries/2.4.4/Security/CWE-347/MissingJWTKeyVerification.qlx.
CodeQL (javascript-typescript)	Analyze	2026-09-03T08:13:30.7236872Z [78/89] Loaded /opt/hostedtoolcache/CodeQL/2.26.4/x64/codeql/qlpacks/codeql/javascript-queries/2.4.4/Security/CWE-338/InsecureRandomness.qlx.
CodeQL (javascript-typescript)	Analyze	2026-09-03T08:13:30.7874586Z [79/89] Loaded /opt/hostedtoolcache/CodeQL/2.26.4/x64/codeql/qlpacks/codeql/javascript-queries/2.4.4/Security/CWE-327/BadRandomness.qlx.
CodeQL (javascript-typescript)	Analyze	2026-09-03T08:13:30.7925514Z [80/89] Loaded /opt/hostedtoolcache/CodeQL/2.26.4/x64/codeql/qlpacks/codeql/javascript-queries/2.4.4/Security/CWE-327/BrokenCryptoAlgorithm.qlx.
CodeQL (javascript-typescript)	Analyze	2026-09-03T08:13:30.8006273Z [81/89] Loaded /opt/hostedtoolcache/CodeQL/2.26.4/x64/codeql/qlpacks/codeql/javascript-queries/2.4.4/Security/CWE-022/ZipSlip.qlx.
CodeQL (javascript-typescript)	Analyze	2026-09-03T08:13:30.8411849Z [82/89] Loaded /opt/hostedtoolcache/CodeQL/2.26.4/x64/codeql/qlpacks/codeql/javascript-queries/2.4.4/RegExp/IdentityReplacement.qlx.
CodeQL (javascript-typescript)	Analyze	2026-09-03T08:13:30.8422149Z [83/89] Loaded /opt/hostedtoolcache/CodeQL/2.26.4/x64/codeql/qlpacks/codeql/javascript-queries/2.4.4/Diagnostics/ExtractionErrors.qlx.
CodeQL (javascript-typescript)	Analyze	2026-09-03T08:13:30.8501267Z [84/89] Loaded /opt/hostedtoolcache/CodeQL/2.26.4/x64/codeql/qlpacks/codeql/javascript-queries/2.4.4/Diagnostics/ExtractedFiles.qlx.
CodeQL (javascript-typescript)	Analyze	2026-09-03T08:13:30.8552304Z [85/89] Loaded /opt/hostedtoolcache/CodeQL/2.26.4/x64/codeql/qlpacks/codeql/javascript-queries/2.4.4/Security/CWE-022/TaintedPath.qlx.
CodeQL (javascript-typescript)	Analyze	2026-09-03T08:13:30.8582108Z [86/89] Loaded /opt/hostedtoolcache/CodeQL/2.26.4/x64/codeql/qlpacks/codeql/javascript-queries/2.4.4/Summary/LinesOfCode.qlx.
CodeQL (javascript-typescript)	Analyze	2026-09-03T08:13:30.8611272Z [87/89] Loaded /opt/hostedtoolcache/CodeQL/2.26.4/x64/codeql/qlpacks/codeql/javascript-queries/2.4.4/Security/CWE-770/MissingRateLimiting.qlx.
CodeQL (javascript-typescript)	Analyze	2026-09-03T08:13:30.9031989Z [88/89] Loaded /opt/hostedtoolcache/CodeQL/2.26.4/x64/codeql/qlpacks/codeql/javascript-queries/2.4.4/Summary/LinesOfUserCode.qlx.
CodeQL (javascript-typescript)	Analyze	2026-09-03T08:13:30.9226691Z [89/89] Loaded /opt/hostedtoolcache/CodeQL/2.26.4/x64/codeql/qlpacks/codeql/javascript-queries/2.4.4/Security/CWE-770/ResourceExhaustion.qlx.
CodeQL (javascript-typescript)	Analyze	2026-09-03T08:13:32.0519234Z Starting evaluation of codeql/javascript-queries/AngularJS/DisablingSce.ql.
CodeQL (javascript-typescript)	Analyze	2026-09-03T08:13:32.0520827Z Starting evaluation of codeql/javascript-queries/AngularJS/DoubleCompilation.ql.
CodeQL (javascript-typescript)	Analyze	2026-09-03T08:13:32.0521913Z Starting evaluation of codeql/javascript-queries/AngularJS/InsecureUrlWhitelist.ql.
CodeQL (javascript-typescript)	Analyze	2026-09-03T08:13:32.0524534Z Starting evaluation of codeql/javascript-queries/Diagnostics/ExtractedFiles.ql.
CodeQL (javascript-typescript)	Analyze	2026-09-03T08:13:32.0583632Z Starting evaluation of codeql/javascript-queries/Diagnostics/ExtractionErrors.ql.
CodeQL (javascript-typescript)	Analyze	2026-09-03T08:13:32.0585779Z Starting evaluation of codeql/javascript-queries/Electron/AllowRunningInsecureContent.ql.
CodeQL (javascript-typescript)	Analyze	2026-09-03T08:13:32.0587295Z Starting evaluation of codeql/javascript-queries/Electron/DisablingWebSecurity.ql.
CodeQL (javascript-typescript)	Analyze	2026-09-03T08:13:32.0599634Z Starting evaluation of codeql/javascript-queries/Performance/PolynomialReDoS.ql.
CodeQL (javascript-typescript)	Analyze	2026-09-03T08:13:32.9151690Z [1/89 eval 843ms] Evaluation done; writing results to codeql/javascript-queries/Diagnostics/ExtractedFiles.bqrs.
CodeQL (javascript-typescript)	Analyze	2026-09-03T08:13:32.9193575Z [2/89 eval 862ms] Evaluation done; writing results to codeql/javascript-queries/Diagnostics/ExtractionErrors.bqrs.
CodeQL (javascript-typescript)	Analyze	2026-09-03T08:13:34.5691688Z [3/89 eval 2.5s] Evaluation done; writing results to codeql/javascript-queries/AngularJS/DisablingSce.bqrs.
CodeQL (javascript-typescript)	Analyze	2026-09-03T08:13:34.6071530Z [4/89 eval 2.5s] Evaluation done; writing results to codeql/javascript-queries/AngularJS/DoubleCompilation.bqrs.
CodeQL (javascript-typescript)	Analyze	2026-09-03T08:13:34.6101301Z [5/89 eval 2.5s] Evaluation done; writing results to codeql/javascript-queries/AngularJS/InsecureUrlWhitelist.bqrs.
CodeQL (javascript-typescript)	Analyze	2026-09-03T08:13:34.6424939Z [6/89 eval 2.6s] Evaluation done; writing results to codeql/javascript-queries/Electron/DisablingWebSecurity.bqrs.
CodeQL (javascript-typescript)	Analyze	2026-09-03T08:13:34.6451931Z [7/89 eval 2.6s] Evaluation done; writing results to codeql/javascript-queries/Electron/AllowRunningInsecureContent.bqrs.
CodeQL (javascript-typescript)	Analyze	2026-09-03T08:13:35.7206901Z Starting evaluation of codeql/javascript-queries/Performance/ReDoS.ql.
CodeQL (javascript-typescript)	Analyze	2026-09-03T08:13:35.7268013Z Starting evaluation of codeql/javascript-queries/RegExp/IdentityReplacement.ql.
CodeQL (javascript-typescript)	Analyze	2026-09-03T08:13:35.8491636Z Starting evaluation of codeql/javascript-queries/Security/CWE-020/IncompleteHostnameRegExp.ql.
CodeQL (javascript-typescript)	Analyze	2026-09-03T08:13:35.8582900Z Starting evaluation of codeql/javascript-queries/Security/CWE-020/IncompleteUrlSchemeCheck.ql.
CodeQL (javascript-typescript)	Analyze	2026-09-03T08:13:35.8641185Z [8/89 eval 132ms] Evaluation done; writing results to codeql/javascript-queries/RegExp/IdentityReplacement.bqrs.
CodeQL (javascript-typescript)	Analyze	2026-09-03T08:13:35.8670960Z Starting evaluation of codeql/javascript-queries/Security/CWE-020/IncompleteUrlSubstringSanitization.ql.
CodeQL (javascript-typescript)	Analyze	2026-09-03T08:13:36.0631544Z Starting evaluation of codeql/javascript-queries/Security/CWE-020/IncorrectSuffixCheck.ql.
CodeQL (javascript-typescript)	Analyze	2026-09-03T08:13:36.0660948Z Starting evaluation of codeql/javascript-queries/Security/CWE-020/OverlyLargeRange.ql.
CodeQL (javascript-typescript)	Analyze	2026-09-03T08:13:36.0715236Z Starting evaluation of codeql/javascript-queries/Security/CWE-020/UselessRegExpCharacterEscape.ql.
CodeQL (javascript-typescript)	Analyze	2026-09-03T08:13:36.0931037Z Starting evaluation of codeql/javascript-queries/Security/CWE-022/TaintedPath.ql.
CodeQL (javascript-typescript)	Analyze	2026-09-03T08:13:36.1243287Z Starting evaluation of codeql/javascript-queries/Security/CWE-022/ZipSlip.ql.
CodeQL (javascript-typescript)	Analyze	2026-09-03T08:13:36.3971569Z [9/89 eval 338ms] Evaluation done; writing results to codeql/javascript-queries/Security/CWE-020/IncorrectSuffixCheck.bqrs.
CodeQL (javascript-typescript)	Analyze	2026-09-03T08:13:36.4321457Z Starting evaluation of codeql/javascript-queries/Security/CWE-073/TemplateObjectInjection.ql.
CodeQL (javascript-typescript)	Analyze	2026-09-03T08:13:36.4733670Z Starting evaluation of codeql/javascript-queries/Security/CWE-078/CommandInjection.ql.
CodeQL (javascript-typescript)	Analyze	2026-09-03T08:13:36.5491683Z Starting evaluation of codeql/javascript-queries/Security/CWE-078/SecondOrderCommandInjection.ql.
CodeQL (javascript-typescript)	Analyze	2026-09-03T08:13:36.5593160Z Starting evaluation of codeql/javascript-queries/Security/CWE-078/ShellCommandInjectionFromEnvironment.ql.
CodeQL (javascript-typescript)	Analyze	2026-09-03T08:13:36.5621082Z Starting evaluation of codeql/javascript-queries/Security/CWE-078/UnsafeShellCommandConstruction.ql.
CodeQL (javascript-typescript)	Analyze	2026-09-03T08:13:36.6614672Z Starting evaluation of codeql/javascript-queries/Security/CWE-078/UselessUseOfCat.ql.
CodeQL (javascript-typescript)	Analyze	2026-09-03T08:13:36.6641112Z Starting evaluation of codeql/javascript-queries/Security/CWE-079/ExceptionXss.ql.
CodeQL (javascript-typescript)	Analyze	2026-09-03T08:13:36.6870315Z Starting evaluation of codeql/javascript-queries/Security/CWE-079/ReflectedXss.ql.
CodeQL (javascript-typescript)	Analyze	2026-09-03T08:13:36.7601344Z Starting evaluation of codeql/javascript-queries/Security/CWE-079/StoredXss.ql.
CodeQL (javascript-typescript)	Analyze	2026-09-03T08:13:36.7602548Z Starting evaluation of codeql/javascript-queries/Security/CWE-079/UnsafeHtmlConstruction.ql.
CodeQL (javascript-typescript)	Analyze	2026-09-03T08:13:36.9351360Z Starting evaluation of codeql/javascript-queries/Security/CWE-079/UnsafeJQueryPlugin.ql.
CodeQL (javascript-typescript)	Analyze	2026-09-03T08:13:36.9410785Z Starting evaluation of codeql/javascript-queries/Security/CWE-079/Xss.ql.
CodeQL (javascript-typescript)	Analyze	2026-09-03T08:13:36.9470853Z Starting evaluation of codeql/javascript-queries/Security/CWE-079/XssThroughDom.ql.
CodeQL (javascript-typescript)	Analyze	2026-09-03T08:13:36.9791102Z Starting evaluation of codeql/javascript-queries/Security/CWE-089/SqlInjection.ql.
CodeQL (javascript-typescript)	Analyze	2026-09-03T08:13:36.9832806Z Starting evaluation of codeql/javascript-queries/Security/CWE-094/CodeInjection.ql.
CodeQL (javascript-typescript)	Analyze	2026-09-03T08:13:36.9850950Z Starting evaluation of codeql/javascript-queries/Security/CWE-094/ImproperCodeSanitization.ql.
CodeQL (javascript-typescript)	Analyze	2026-09-03T08:13:36.9881014Z Starting evaluation of codeql/javascript-queries/Security/CWE-094/UnsafeDynamicMethodAccess.ql.
CodeQL (javascript-typescript)	Analyze	2026-09-03T08:13:37.5245703Z [10/89 eval 542ms] Evaluation done; writing results to codeql/javascript-queries/Security/CWE-094/ImproperCodeSanitization.bqrs.
CodeQL (javascript-typescript)	Analyze	2026-09-03T08:13:37.5274061Z Starting evaluation of codeql/javascript-queries/Security/CWE-1004/ClientExposedCookie.ql.
CodeQL (javascript-typescript)	Analyze	2026-09-03T08:13:39.2341972Z [11/89 eval 3.4s] Evaluation done; writing results to codeql/javascript-queries/Security/CWE-020/IncompleteUrlSchemeCheck.bqrs.
CodeQL (javascript-typescript)	Analyze	2026-09-03T08:13:39.4277185Z [12/89 eval 3s] Evaluation done; writing results to codeql/javascript-queries/Security/CWE-073/TemplateObjectInjection.bqrs.
CodeQL (javascript-typescript)	Analyze	2026-09-03T08:13:39.5033236Z [13/89 eval 3.6s] Evaluation done; writing results to codeql/javascript-queries/Security/CWE-020/IncompleteUrlSubstringSanitization.bqrs.
CodeQL (javascript-typescript)	Analyze	2026-09-03T08:13:39.9888189Z [14/89 eval 3.2s] Evaluation done; writing results to codeql/javascript-queries/Security/CWE-079/UnsafeHtmlConstruction.bqrs.
CodeQL (javascript-typescript)	Analyze	2026-09-03T08:13:40.3335218Z [15/89 eval 4.2s] Evaluation done; writing results to codeql/javascript-queries/Security/CWE-022/ZipSlip.bqrs.
CodeQL (javascript-typescript)	Analyze	2026-09-03T08:13:40.3941662Z [16/89 eval 3.5s] Evaluation done; writing results to codeql/javascript-queries/Security/CWE-079/Xss.bqrs.
CodeQL (javascript-typescript)	Analyze	2026-09-03T08:13:40.5141687Z [17/89 eval 4.5s] Evaluation done; writing results to codeql/javascript-queries/Security/CWE-020/OverlyLargeRange.bqrs.
CodeQL (javascript-typescript)	Analyze	2026-09-03T08:13:40.7391904Z [18/89 eval 4.9s] Evaluation done; writing results to codeql/javascript-queries/Security/CWE-020/IncompleteHostnameRegExp.bqrs.
CodeQL (javascript-typescript)	Analyze	2026-09-03T08:13:40.9325862Z [19/89 eval 5.2s] Evaluation done; writing results to codeql/javascript-queries/Performance/ReDoS.bqrs.
CodeQL (javascript-typescript)	Analyze	2026-09-03T08:13:40.9851534Z [20/89 eval 4.9s] Evaluation done; writing results to codeql/javascript-queries/Security/CWE-020/UselessRegExpCharacterEscape.bqrs.
CodeQL (javascript-typescript)	Analyze	2026-09-03T08:13:41.1848219Z [21/89 eval 4.6s] Evaluation done; writing results to codeql/javascript-queries/Security/CWE-078/SecondOrderCommandInjection.bqrs.
CodeQL (javascript-typescript)	Analyze	2026-09-03T08:13:41.5941801Z [22/89 eval 5.5s] Evaluation done; writing results to codeql/javascript-queries/Security/CWE-022/TaintedPath.bqrs.
CodeQL (javascript-typescript)	Analyze	2026-09-03T08:13:41.6421893Z [23/89 eval 9.6s] Evaluation done; writing results to codeql/javascript-queries/Performance/PolynomialReDoS.bqrs.
CodeQL (javascript-typescript)	Analyze	2026-09-03T08:13:41.7191825Z [24/89 eval 5.2s] Evaluation done; writing results to codeql/javascript-queries/Security/CWE-078/CommandInjection.bqrs.
CodeQL (javascript-typescript)	Analyze	2026-09-03T08:13:41.8218394Z [25/89 eval 5.3s] Evaluation done; writing results to codeql/javascript-queries/Security/CWE-078/ShellCommandInjectionFromEnvironment.bqrs.
CodeQL (javascript-typescript)	Analyze	2026-09-03T08:13:41.8943820Z [26/89 eval 5s] Evaluation done; writing results to codeql/javascript-queries/Security/CWE-079/UnsafeJQueryPlugin.bqrs.
CodeQL (javascript-typescript)	Analyze	2026-09-03T08:13:41.9271082Z [27/89 eval 5.3s] Evaluation done; writing results to codeql/javascript-queries/Security/CWE-079/ExceptionXss.bqrs.
CodeQL (javascript-typescript)	Analyze	2026-09-03T08:13:41.9441393Z [28/89 eval 5.3s] Evaluation done; writing results to codeql/javascript-queries/Security/CWE-079/ReflectedXss.bqrs.
CodeQL (javascript-typescript)	Analyze	2026-09-03T08:13:41.9565055Z [29/89 eval 5.2s] Evaluation done; writing results to codeql/javascript-queries/Security/CWE-079/StoredXss.bqrs.
CodeQL (javascript-typescript)	Analyze	2026-09-03T08:13:41.9640369Z [30/89 eval 5s] Evaluation done; writing results to codeql/javascript-queries/Security/CWE-079/XssThroughDom.bqrs.
CodeQL (javascript-typescript)	Analyze	2026-09-03T08:13:42.1661814Z [31/89 eval 5.2s] Evaluation done; writing results to codeql/javascript-queries/Security/CWE-094/CodeInjection.bqrs.
CodeQL (javascript-typescript)	Analyze	2026-09-03T08:13:42.1861537Z [32/89 eval 5.6s] Evaluation done; writing results to codeql/javascript-queries/Security/CWE-078/UnsafeShellCommandConstruction.bqrs.
CodeQL (javascript-typescript)	Analyze	2026-09-03T08:13:42.2671306Z [33/89 eval 5.3s] Evaluation done; writing results to codeql/javascript-queries/Security/CWE-089/SqlInjection.bqrs.
CodeQL (javascript-typescript)	Analyze	2026-09-03T08:13:42.2971519Z [34/89 eval 4.8s] Evaluation done; writing results to codeql/javascript-queries/Security/CWE-1004/ClientExposedCookie.bqrs.
CodeQL (javascript-typescript)	Analyze	2026-09-03T08:13:42.3191309Z Starting evaluation of codeql/javascript-queries/Security/CWE-116/BadTagFilter.ql.
CodeQL (javascript-typescript)	Analyze	2026-09-03T08:13:42.3501405Z Starting evaluation of codeql/javascript-queries/Security/CWE-116/DoubleEscaping.ql.
CodeQL (javascript-typescript)	Analyze	2026-09-03T08:13:42.3781551Z [35/89 eval 5.4s] Evaluation done; writing results to codeql/javascript-queries/Security/CWE-094/UnsafeDynamicMethodAccess.bqrs.
CodeQL (javascript-typescript)	Analyze	2026-09-03T08:13:42.3801027Z Starting evaluation of codeql/javascript-queries/Security/CWE-116/IncompleteHtmlAttributeSanitization.ql.
CodeQL (javascript-typescript)	Analyze	2026-09-03T08:13:42.4043776Z Starting evaluation of codeql/javascript-queries/Security/CWE-116/IncompleteMultiCharacterSanitization.ql.
CodeQL (javascript-typescript)	Analyze	2026-09-03T08:13:42.4101073Z [36/89 eval 57ms] Evaluation done; writing results to codeql/javascript-queries/Security/CWE-116/DoubleEscaping.bqrs.
CodeQL (javascript-typescript)	Analyze	2026-09-03T08:13:42.4176036Z Starting evaluation of codeql/javascript-queries/Security/CWE-116/IncompleteSanitization.ql.
CodeQL (javascript-typescript)	Analyze	2026-09-03T08:13:42.4221978Z [37/89 eval 103ms] Evaluation done; writing results to codeql/javascript-queries/Security/CWE-116/BadTagFilter.bqrs.
CodeQL (javascript-typescript)	Analyze	2026-09-03T08:13:42.4521638Z [38/89 eval 5.8s] Evaluation done; writing results to codeql/javascript-queries/Security/CWE-078/UselessUseOfCat.bqrs.
CodeQL (javascript-typescript)	Analyze	2026-09-03T08:13:42.4722716Z [39/89 eval 52ms] Evaluation done; writing results to codeql/javascript-queries/Security/CWE-116/IncompleteSanitization.bqrs.
CodeQL (javascript-typescript)	Analyze	2026-09-03T08:13:42.4966010Z [40/89 eval 95ms] Evaluation done; writing results to codeql/javascript-queries/Security/CWE-116/IncompleteMultiCharacterSanitization.bqrs.
CodeQL (javascript-typescript)	Analyze	2026-09-03T08:13:42.5142129Z Starting evaluation of codeql/javascript-queries/Security/CWE-116/UnsafeHtmlExpansion.ql.
CodeQL (javascript-typescript)	Analyze	2026-09-03T08:13:42.5143441Z Starting evaluation of codeql/javascript-queries/Security/CWE-134/TaintedFormatString.ql.
CodeQL (javascript-typescript)	Analyze	2026-09-03T08:13:42.5225234Z Starting evaluation of codeql/javascript-queries/Security/CWE-1427/SystemPromptInjection.ql.
CodeQL (javascript-typescript)	Analyze	2026-09-03T08:13:42.5233435Z [41/89 eval 22ms] Evaluation done; writing results to codeql/javascript-queries/Security/CWE-116/UnsafeHtmlExpansion.bqrs.
CodeQL (javascript-typescript)	Analyze	2026-09-03T08:13:42.5373559Z [42/89 eval 158ms] Evaluation done; writing results to codeql/javascript-queries/Security/CWE-116/IncompleteHtmlAttributeSanitization.bqrs.
CodeQL (javascript-typescript)	Analyze	2026-09-03T08:13:42.5461188Z [43/89 eval 43ms] Evaluation done; writing results to codeql/javascript-queries/Security/CWE-134/TaintedFormatString.bqrs.
CodeQL (javascript-typescript)	Analyze	2026-09-03T08:13:42.5520911Z Starting evaluation of codeql/javascript-queries/Security/CWE-178/CaseSensitiveMiddlewarePath.ql.
CodeQL (javascript-typescript)	Analyze	2026-09-03T08:13:42.5570970Z Starting evaluation of codeql/javascript-queries/Security/CWE-200/PrivateFileExposure.ql.
CodeQL (javascript-typescript)	Analyze	2026-09-03T08:13:42.5601199Z [44/89 eval 31ms] Evaluation done; writing results to codeql/javascript-queries/Security/CWE-1427/SystemPromptInjection.bqrs.
CodeQL (javascript-typescript)	Analyze	2026-09-03T08:13:42.5612183Z Starting evaluation of codeql/javascript-queries/Security/CWE-201/PostMessageStar.ql.
CodeQL (javascript-typescript)	Analyze	2026-09-03T08:13:42.5647588Z Starting evaluation of codeql/javascript-queries/Security/CWE-209/StackTraceExposure.ql.
CodeQL (javascript-typescript)	Analyze	2026-09-03T08:13:42.5884908Z [45/89 eval 38ms] Evaluation done; writing results to codeql/javascript-queries/Security/CWE-178/CaseSensitiveMiddlewarePath.bqrs.
CodeQL (javascript-typescript)	Analyze	2026-09-03T08:13:42.6175723Z [46/89 eval 59ms] Evaluation done; writing results to codeql/javascript-queries/Security/CWE-201/PostMessageStar.bqrs.
CodeQL (javascript-typescript)	Analyze	2026-09-03T08:13:42.6232190Z [47/89 eval 70ms] Evaluation done; writing results to codeql/javascript-queries/Security/CWE-200/PrivateFileExposure.bqrs.
CodeQL (javascript-typescript)	Analyze	2026-09-03T08:13:42.6291097Z Starting evaluation of codeql/javascript-queries/Security/CWE-295/DisablingCertificateValidation.ql.
CodeQL (javascript-typescript)	Analyze	2026-09-03T08:13:42.6321057Z Starting evaluation of codeql/javascript-queries/Security/CWE-300/InsecureDependencyResolution.ql.
CodeQL (javascript-typescript)	Analyze	2026-09-03T08:13:42.6333440Z Starting evaluation of codeql/javascript-queries/Security/CWE-312/BuildArtifactLeak.ql.
CodeQL (javascript-typescript)	Analyze	2026-09-03T08:13:42.6343193Z Starting evaluation of codeql/javascript-queries/Security/CWE-312/CleartextLogging.ql.
CodeQL (javascript-typescript)	Analyze	2026-09-03T08:13:42.6467176Z [48/89 eval 19ms] Evaluation done; writing results to codeql/javascript-queries/Security/CWE-300/InsecureDependencyResolution.bqrs.
CodeQL (javascript-typescript)	Analyze	2026-09-03T08:13:42.6581306Z [49/89 eval 30ms] Evaluation done; writing results to codeql/javascript-queries/Security/CWE-295/DisablingCertificateValidation.bqrs.
CodeQL (javascript-typescript)	Analyze	2026-09-03T08:13:42.6666042Z [50/89 eval 39ms] Evaluation done; writing results to codeql/javascript-queries/Security/CWE-312/BuildArtifactLeak.bqrs.
CodeQL (javascript-typescript)	Analyze	2026-09-03T08:13:42.7001497Z Starting evaluation of codeql/javascript-queries/Security/CWE-312/CleartextStorage.ql.
CodeQL (javascript-typescript)	Analyze	2026-09-03T08:13:42.7481457Z [51/89 eval 46ms] Evaluation done; writing results to codeql/javascript-queries/Security/CWE-312/CleartextStorage.bqrs.
CodeQL (javascript-typescript)	Analyze	2026-09-03T08:13:42.7623149Z [52/89 eval 199ms] Evaluation done; writing results to codeql/javascript-queries/Security/CWE-209/StackTraceExposure.bqrs.
CodeQL (javascript-typescript)	Analyze	2026-09-03T08:13:42.7678443Z Starting evaluation of codeql/javascript-queries/Security/CWE-326/InsufficientKeySize.ql.
CodeQL (javascript-typescript)	Analyze	2026-09-03T08:13:42.7700983Z Starting evaluation of codeql/javascript-queries/Security/CWE-327/BadRandomness.ql.
CodeQL (javascript-typescript)	Analyze	2026-09-03T08:13:42.7720923Z Starting evaluation of codeql/javascript-queries/Security/CWE-327/BrokenCryptoAlgorithm.ql.
CodeQL (javascript-typescript)	Analyze	2026-09-03T08:13:42.7999445Z [53/89 eval 32ms] Evaluation done; writing results to codeql/javascript-queries/Security/CWE-326/InsufficientKeySize.bqrs.
CodeQL (javascript-typescript)	Analyze	2026-09-03T08:13:42.8241491Z [54/89 eval 53ms] Evaluation done; writing results to codeql/javascript-queries/Security/CWE-327/BrokenCryptoAlgorithm.bqrs.
CodeQL (javascript-typescript)	Analyze	2026-09-03T08:13:42.8331326Z [55/89 eval 61ms] Evaluation done; writing results to codeql/javascript-queries/Security/CWE-327/BadRandomness.bqrs.
CodeQL (javascript-typescript)	Analyze	2026-09-03T08:13:43.0115367Z Starting evaluation of codeql/javascript-queries/Security/CWE-338/InsecureRandomness.ql.
CodeQL (javascript-typescript)	Analyze	2026-09-03T08:13:43.0131440Z Starting evaluation of codeql/javascript-queries/Security/CWE-346/CorsMisconfigurationForCredentials.ql.
CodeQL (javascript-typescript)	Analyze	2026-09-03T08:13:43.0132751Z Starting evaluation of codeql/javascript-queries/Security/CWE-347/MissingJWTKeyVerification.ql.
CodeQL (javascript-typescript)	Analyze	2026-09-03T08:13:43.0719886Z [56/89 eval 59ms] Evaluation done; writing results to codeql/javascript-queries/Security/CWE-347/MissingJWTKeyVerification.bqrs.
CodeQL (javascript-typescript)	Analyze	2026-09-03T08:13:43.1081516Z [57/89 eval 93ms] Evaluation done; writing results to codeql/javascript-queries/Security/CWE-346/CorsMisconfigurationForCredentials.bqrs.
CodeQL (javascript-typescript)	Analyze	2026-09-03T08:13:43.2531205Z Starting evaluation of codeql/javascript-queries/Security/CWE-352/MissingCsrfMiddleware.ql.
CodeQL (javascript-typescript)	Analyze	2026-09-03T08:13:43.2552525Z Starting evaluation of codeql/javascript-queries/Security/CWE-400/DeepObjectResourceExhaustion.ql.
CodeQL (javascript-typescript)	Analyze	2026-09-03T08:13:43.2980726Z [58/89 eval 45ms] Evaluation done; writing results to codeql/javascript-queries/Security/CWE-352/MissingCsrfMiddleware.bqrs.
CodeQL (javascript-typescript)	Analyze	2026-09-03T08:13:43.3361700Z [59/89 eval 79ms] Evaluation done; writing results to codeql/javascript-queries/Security/CWE-400/DeepObjectResourceExhaustion.bqrs.
CodeQL (javascript-typescript)	Analyze	2026-09-03T08:13:43.3441720Z Starting evaluation of codeql/javascript-queries/Security/CWE-502/UnsafeDeserialization.ql.
CodeQL (javascript-typescript)	Analyze	2026-09-03T08:13:43.3562879Z [60/89 eval 12ms] Evaluation done; writing results to codeql/javascript-queries/Security/CWE-502/UnsafeDeserialization.bqrs.
CodeQL (javascript-typescript)	Analyze	2026-09-03T08:13:43.3564543Z Starting evaluation of codeql/javascript-queries/Security/CWE-598/SensitiveGetQuery.ql.
CodeQL (javascript-typescript)	Analyze	2026-09-03T08:13:43.3884554Z Starting evaluation of codeql/javascript-queries/Security/CWE-601/ClientSideUrlRedirect.ql.
CodeQL (javascript-typescript)	Analyze	2026-09-03T08:13:43.4041304Z Starting evaluation of codeql/javascript-queries/Security/CWE-601/ServerSideUrlRedirect.ql.
CodeQL (javascript-typescript)	Analyze	2026-09-03T08:13:43.4044053Z [61/89 eval 47ms] Evaluation done; writing results to codeql/javascript-queries/Security/CWE-598/SensitiveGetQuery.bqrs.
CodeQL (javascript-typescript)	Analyze	2026-09-03T08:13:43.4363347Z [62/89 eval 807ms] Evaluation done; writing results to codeql/javascript-queries/Security/CWE-312/CleartextLogging.bqrs.
CodeQL (javascript-typescript)	Analyze	2026-09-03T08:13:43.5021635Z [63/89 eval 110ms] Evaluation done; writing results to codeql/javascript-queries/Security/CWE-601/ClientSideUrlRedirect.bqrs.
CodeQL (javascript-typescript)	Analyze	2026-09-03T08:13:43.5451336Z Starting evaluation of codeql/javascript-queries/Security/CWE-611/Xxe.ql.
CodeQL (javascript-typescript)	Analyze	2026-09-03T08:13:43.5651362Z Starting evaluation of codeql/javascript-queries/Security/CWE-614/ClearTextCookie.ql.
CodeQL (javascript-typescript)	Analyze	2026-09-03T08:13:43.5711332Z [64/89 eval 172ms] Evaluation done; writing results to codeql/javascript-queries/Security/CWE-601/ServerSideUrlRedirect.bqrs.
CodeQL (javascript-typescript)	Analyze	2026-09-03T08:13:43.5741092Z Starting evaluation of codeql/javascript-queries/Security/CWE-640/HostHeaderPoisoningInEmailGeneration.ql.
CodeQL (javascript-typescript)	Analyze	2026-09-03T08:13:43.5771111Z [65/89 eval 7ms] Evaluation done; writing results to codeql/javascript-queries/Security/CWE-614/ClearTextCookie.bqrs.
CodeQL (javascript-typescript)	Analyze	2026-09-03T08:13:43.5995551Z [66/89 eval 27ms] Evaluation done; writing results to codeql/javascript-queries/Security/CWE-640/HostHeaderPoisoningInEmailGeneration.bqrs.
CodeQL (javascript-typescript)	Analyze	2026-09-03T08:13:43.6030980Z Starting evaluation of codeql/javascript-queries/Security/CWE-643/XpathInjection.ql.
CodeQL (javascript-typescript)	Analyze	2026-09-03T08:13:43.6160387Z [67/89 eval 73ms] Evaluation done; writing results to codeql/javascript-queries/Security/CWE-611/Xxe.bqrs.
CodeQL (javascript-typescript)	Analyze	2026-09-03T08:13:43.6190909Z Starting evaluation of codeql/javascript-queries/Security/CWE-693/InsecureHelmet.ql.
CodeQL (javascript-typescript)	Analyze	2026-09-03T08:13:43.6275057Z Starting evaluation of codeql/javascript-queries/Security/CWE-730/RegExpInjection.ql.
CodeQL (javascript-typescript)	Analyze	2026-09-03T08:13:43.6427630Z [68/89 eval 42ms] Evaluation done; writing results to codeql/javascript-queries/Security/CWE-643/XpathInjection.bqrs.
CodeQL (javascript-typescript)	Analyze	2026-09-03T08:13:43.6538561Z [69/89 eval 36ms] Evaluation done; writing results to codeql/javascript-queries/Security/CWE-693/InsecureHelmet.bqrs.
CodeQL (javascript-typescript)	Analyze	2026-09-03T08:13:43.6592470Z Starting evaluation of codeql/javascript-queries/Security/CWE-730/ServerCrash.ql.
CodeQL (javascript-typescript)	Analyze	2026-09-03T08:13:43.6771621Z [70/89 eval 46ms] Evaluation done; writing results to codeql/javascript-queries/Security/CWE-730/RegExpInjection.bqrs.
CodeQL (javascript-typescript)	Analyze	2026-09-03T08:13:43.6851188Z Starting evaluation of codeql/javascript-queries/Security/CWE-754/UnvalidatedDynamicMethodCall.ql.
CodeQL (javascript-typescript)	Analyze	2026-09-03T08:13:43.6888937Z Starting evaluation of codeql/javascript-queries/Security/CWE-770/MissingRateLimiting.ql.
CodeQL (javascript-typescript)	Analyze	2026-09-03T08:13:43.6920897Z Starting evaluation of codeql/javascript-queries/Security/CWE-770/ResourceExhaustion.ql.
CodeQL (javascript-typescript)	Analyze	2026-09-03T08:13:43.6961802Z [71/89 eval 6ms] Evaluation done; writing results to codeql/javascript-queries/Security/CWE-770/MissingRateLimiting.bqrs.
CodeQL (javascript-typescript)	Analyze	2026-09-03T08:13:43.7103536Z [72/89 eval 50ms] Evaluation done; writing results to codeql/javascript-queries/Security/CWE-730/ServerCrash.bqrs.
CodeQL (javascript-typescript)	Analyze	2026-09-03T08:13:43.7381192Z Starting evaluation of codeql/javascript-queries/Security/CWE-776/XmlBomb.ql.
CodeQL (javascript-typescript)	Analyze	2026-09-03T08:13:43.7437237Z Starting evaluation of codeql/javascript-queries/Security/CWE-829/InsecureDownload.ql.
CodeQL (javascript-typescript)	Analyze	2026-09-03T08:13:43.7461110Z [73/89 eval 45ms] Evaluation done; writing results to codeql/javascript-queries/Security/CWE-770/ResourceExhaustion.bqrs.
CodeQL (javascript-typescript)	Analyze	2026-09-03T08:13:43.7685560Z [74/89 eval 34ms] Evaluation done; writing results to codeql/javascript-queries/Security/CWE-776/XmlBomb.bqrs.
CodeQL (javascript-typescript)	Analyze	2026-09-03T08:13:43.7971519Z Starting evaluation of codeql/javascript-queries/Security/CWE-830/FunctionalityFromUntrustedDomain.ql.
CodeQL (javascript-typescript)	Analyze	2026-09-03T08:13:43.8014611Z [75/89 eval 7ms] Evaluation done; writing results to codeql/javascript-queries/Security/CWE-830/FunctionalityFromUntrustedDomain.bqrs.
CodeQL (javascript-typescript)	Analyze	2026-09-03T08:13:43.8865501Z Starting evaluation of codeql/javascript-queries/Security/CWE-830/FunctionalityFromUntrustedSource.ql.
CodeQL (javascript-typescript)	Analyze	2026-09-03T08:13:43.8890924Z Starting evaluation of codeql/javascript-queries/Security/CWE-834/LoopBoundInjection.ql.
CodeQL (javascript-typescript)	Analyze	2026-09-03T08:13:43.8967112Z [76/89 eval 10ms] Evaluation done; writing results to codeql/javascript-queries/Security/CWE-830/FunctionalityFromUntrustedSource.bqrs.
CodeQL (javascript-typescript)	Analyze	2026-09-03T08:13:43.8981357Z [77/89 eval 10ms] Evaluation done; writing results to codeql/javascript-queries/Security/CWE-834/LoopBoundInjection.bqrs.
CodeQL (javascript-typescript)	Analyze	2026-09-03T08:13:43.9137891Z Starting evaluation of codeql/javascript-queries/Security/CWE-843/TypeConfusionThroughParameterTampering.ql.
CodeQL (javascript-typescript)	Analyze	2026-09-03T08:13:43.9262033Z Starting evaluation of codeql/javascript-queries/Security/CWE-915/PrototypePollutingAssignment.ql.
CodeQL (javascript-typescript)	Analyze	2026-09-03T08:13:43.9292905Z [78/89 eval 12ms] Evaluation done; writing results to codeql/javascript-queries/Security/CWE-843/TypeConfusionThroughParameterTampering.bqrs.
CodeQL (javascript-typescript)	Analyze	2026-09-03T08:13:44.0265277Z [79/89 eval 291ms] Evaluation done; writing results to codeql/javascript-queries/Security/CWE-829/InsecureDownload.bqrs.
CodeQL (javascript-typescript)	Analyze	2026-09-03T08:13:44.1011613Z Starting evaluation of codeql/javascript-queries/Security/CWE-915/PrototypePollutingFunction.ql.
CodeQL (javascript-typescript)	Analyze	2026-09-03T08:13:44.1013498Z [80/89 eval 418ms] Evaluation done; writing results to codeql/javascript-queries/Security/CWE-754/UnvalidatedDynamicMethodCall.bqrs.
CodeQL (javascript-typescript)	Analyze	2026-09-03T08:13:44.2131407Z Starting evaluation of codeql/javascript-queries/Security/CWE-915/PrototypePollutingMergeCall.ql.
CodeQL (javascript-typescript)	Analyze	2026-09-03T08:13:44.2321497Z [81/89 eval 134ms] Evaluation done; writing results to codeql/javascript-queries/Security/CWE-915/PrototypePollutingFunction.bqrs.
CodeQL (javascript-typescript)	Analyze	2026-09-03T08:13:44.2471226Z Starting evaluation of codeql/javascript-queries/Security/CWE-916/InsufficientPasswordHash.ql.
CodeQL (javascript-typescript)	Analyze	2026-09-03T08:13:44.2542854Z [82/89 eval 39ms] Evaluation done; writing results to codeql/javascript-queries/Security/CWE-915/PrototypePollutingMergeCall.bqrs.
CodeQL (javascript-typescript)	Analyze	2026-09-03T08:13:44.3015354Z [83/89 eval 55ms] Evaluation done; writing results to codeql/javascript-queries/Security/CWE-916/InsufficientPasswordHash.bqrs.
CodeQL (javascript-typescript)	Analyze	2026-09-03T08:13:44.3111538Z Starting evaluation of codeql/javascript-queries/Security/CWE-918/RequestForgery.ql.
CodeQL (javascript-typescript)	Analyze	2026-09-03T08:13:44.3215592Z [84/89 eval 1.3s] Evaluation done; writing results to codeql/javascript-queries/Security/CWE-338/InsecureRandomness.bqrs.
CodeQL (javascript-typescript)	Analyze	2026-09-03T08:13:44.3334656Z [85/89 eval 410ms] Evaluation done; writing results to codeql/javascript-queries/Security/CWE-915/PrototypePollutingAssignment.bqrs.
CodeQL (javascript-typescript)	Analyze	2026-09-03T08:13:44.3425692Z Starting evaluation of codeql/javascript-queries/Security/CWE-942/CorsPermissiveConfiguration.ql.
CodeQL (javascript-typescript)	Analyze	2026-09-03T08:13:44.3431182Z Starting evaluation of codeql/javascript-queries/Summary/LinesOfCode.ql.
CodeQL (javascript-typescript)	Analyze	2026-09-03T08:13:44.3432245Z Starting evaluation of codeql/javascript-queries/Summary/LinesOfUserCode.ql.
CodeQL (javascript-typescript)	Analyze	2026-09-03T08:13:44.3482670Z [86/89 eval 5ms] Evaluation done; writing results to codeql/javascript-queries/Security/CWE-942/CorsPermissiveConfiguration.bqrs.
CodeQL (javascript-typescript)	Analyze	2026-09-03T08:13:44.3602437Z [87/89 eval 16ms] Evaluation done; writing results to codeql/javascript-queries/Summary/LinesOfCode.bqrs.
CodeQL (javascript-typescript)	Analyze	2026-09-03T08:13:44.4139729Z [88/89 eval 103ms] Evaluation done; writing results to codeql/javascript-queries/Security/CWE-918/RequestForgery.bqrs.
CodeQL (javascript-typescript)	Analyze	2026-09-03T08:13:44.6727603Z [89/89 eval 330ms] Evaluation done; writing results to codeql/javascript-queries/Summary/LinesOfUserCode.bqrs.
CodeQL (javascript-typescript)	Analyze	2026-09-03T08:13:44.6763113Z Shutting down query evaluator.
CodeQL (javascript-typescript)	Analyze	2026-09-03T08:13:44.8324225Z Interpreting code scanning results for javascript
CodeQL (javascript-typescript)	Analyze	2026-09-03T08:13:45.5588527Z Writing logs to /home/runner/work/_temp/codeql_databases/javascript/log/overlay/database-interpret-results-20260903.081345.554.log.
CodeQL (javascript-typescript)	Analyze	2026-09-03T08:13:45.7154829Z Recording pack reference codeql/javascript-queries at /opt/hostedtoolcache/CodeQL/2.26.4/x64/codeql/qlpacks/codeql/javascript-queries/2.4.4.
CodeQL (javascript-typescript)	Analyze	2026-09-03T08:13:45.7834687Z Resolving extensions
CodeQL (javascript-typescript)	Analyze	2026-09-03T08:13:46.1905475Z Interpreting /opt/hostedtoolcache/CodeQL/2.26.4/x64/codeql/qlpacks/codeql/javascript-queries/2.4.4/AngularJS/DoubleCompilation.ql...
CodeQL (javascript-typescript)	Analyze	2026-09-03T08:13:46.2187722Z  ... found results file at /home/runner/work/_temp/codeql_databases/javascript/results/codeql/javascript-queries/AngularJS/DoubleCompilation.bqrs.
CodeQL (javascript-typescript)	Analyze	2026-09-03T08:13:46.2335673Z Interpreting /opt/hostedtoolcache/CodeQL/2.26.4/x64/codeql/qlpacks/codeql/javascript-queries/2.4.4/AngularJS/InsecureUrlWhitelist.ql...
CodeQL (javascript-typescript)	Analyze	2026-09-03T08:13:46.2484716Z  ... found results file at /home/runner/work/_temp/codeql_databases/javascript/results/codeql/javascript-queries/AngularJS/InsecureUrlWhitelist.bqrs.
CodeQL (javascript-typescript)	Analyze	2026-09-03T08:13:46.2486158Z Interpreting /opt/hostedtoolcache/CodeQL/2.26.4/x64/codeql/qlpacks/codeql/javascript-queries/2.4.4/AngularJS/DisablingSce.ql...
CodeQL (javascript-typescript)	Analyze	2026-09-03T08:13:46.2624886Z  ... found results file at /home/runner/work/_temp/codeql_databases/javascript/results/codeql/javascript-queries/AngularJS/DisablingSce.bqrs.
CodeQL (javascript-typescript)	Analyze	2026-09-03T08:13:46.2627996Z Interpreting /opt/hostedtoolcache/CodeQL/2.26.4/x64/codeql/qlpacks/codeql/javascript-queries/2.4.4/Performance/ReDoS.ql...
CodeQL (javascript-typescript)	Analyze	2026-09-03T08:13:46.2736965Z  ... found results file at /home/runner/work/_temp/codeql_databases/javascript/results/codeql/javascript-queries/Performance/ReDoS.bqrs.
CodeQL (javascript-typescript)	Analyze	2026-09-03T08:13:46.2761524Z Interpreting /opt/hostedtoolcache/CodeQL/2.26.4/x64/codeql/qlpacks/codeql/javascript-queries/2.4.4/Performance/PolynomialReDoS.ql...
CodeQL (javascript-typescript)	Analyze	2026-09-03T08:13:46.2841380Z  ... found results file at /home/runner/work/_temp/codeql_databases/javascript/results/codeql/javascript-queries/Performance/PolynomialReDoS.bqrs.
CodeQL (javascript-typescript)	Analyze	2026-09-03T08:13:46.2849396Z Interpreting /opt/hostedtoolcache/CodeQL/2.26.4/x64/codeql/qlpacks/codeql/javascript-queries/2.4.4/Electron/AllowRunningInsecureContent.ql...
CodeQL (javascript-typescript)	Analyze	2026-09-03T08:13:46.2940636Z  ... found results file at /home/runner/work/_temp/codeql_databases/javascript/results/codeql/javascript-queries/Electron/AllowRunningInsecureContent.bqrs.
CodeQL (javascript-typescript)	Analyze	2026-09-03T08:13:46.2952138Z Interpreting /opt/hostedtoolcache/CodeQL/2.26.4/x64/codeql/qlpacks/codeql/javascript-queries/2.4.4/Electron/DisablingWebSecurity.ql...
CodeQL (javascript-typescript)	Analyze	2026-09-03T08:13:46.3042566Z  ... found results file at /home/runner/work/_temp/codeql_databases/javascript/results/codeql/javascript-queries/Electron/DisablingWebSecurity.bqrs.
CodeQL (javascript-typescript)	Analyze	2026-09-03T08:13:46.3047631Z Interpreting /opt/hostedtoolcache/CodeQL/2.26.4/x64/codeql/qlpacks/codeql/javascript-queries/2.4.4/Security/CWE-598/SensitiveGetQuery.ql...
CodeQL (javascript-typescript)	Analyze	2026-09-03T08:13:46.3173624Z  ... found results file at /home/runner/work/_temp/codeql_databases/javascript/results/codeql/javascript-queries/Security/CWE-598/SensitiveGetQuery.bqrs.
CodeQL (javascript-typescript)	Analyze	2026-09-03T08:13:46.3201562Z Interpreting /opt/hostedtoolcache/CodeQL/2.26.4/x64/codeql/qlpacks/codeql/javascript-queries/2.4.4/Security/CWE-209/StackTraceExposure.ql...
CodeQL (javascript-typescript)	Analyze	2026-09-03T08:13:46.3243321Z  ... found results file at /home/runner/work/_temp/codeql_databases/javascript/results/codeql/javascript-queries/Security/CWE-209/StackTraceExposure.bqrs.
CodeQL (javascript-typescript)	Analyze	2026-09-03T08:13:46.3257549Z Interpreting /opt/hostedtoolcache/CodeQL/2.26.4/x64/codeql/qlpacks/codeql/javascript-queries/2.4.4/Security/CWE-089/SqlInjection.ql...
CodeQL (javascript-typescript)	Analyze	2026-09-03T08:13:46.3334536Z  ... found results file at /home/runner/work/_temp/codeql_databases/javascript/results/codeql/javascript-queries/Security/CWE-089/SqlInjection.bqrs.
CodeQL (javascript-typescript)	Analyze	2026-09-03T08:13:46.3343326Z Interpreting /opt/hostedtoolcache/CodeQL/2.26.4/x64/codeql/qlpacks/codeql/javascript-queries/2.4.4/Security/CWE-829/InsecureDownload.ql...
CodeQL (javascript-typescript)	Analyze	2026-09-03T08:13:46.3417849Z  ... found results file at /home/runner/work/_temp/codeql_databases/javascript/results/codeql/javascript-queries/Security/CWE-829/InsecureDownload.bqrs.
CodeQL (javascript-typescript)	Analyze	2026-09-03T08:13:46.3424689Z Interpreting /opt/hostedtoolcache/CodeQL/2.26.4/x64/codeql/qlpacks/codeql/javascript-queries/2.4.4/Security/CWE-942/CorsPermissiveConfiguration.ql...
CodeQL (javascript-typescript)	Analyze	2026-09-03T08:13:46.3553487Z  ... found results file at /home/runner/work/_temp/codeql_databases/javascript/results/codeql/javascript-queries/Security/CWE-942/CorsPermissiveConfiguration.bqrs.
CodeQL (javascript-typescript)	Analyze	2026-09-03T08:13:46.3571879Z Interpreting /opt/hostedtoolcache/CodeQL/2.26.4/x64/codeql/qlpacks/codeql/javascript-queries/2.4.4/Security/CWE-200/PrivateFileExposure.ql...
CodeQL (javascript-typescript)	Analyze	2026-09-03T08:13:46.3631575Z  ... found results file at /home/runner/work/_temp/codeql_databases/javascript/results/codeql/javascript-queries/Security/CWE-200/PrivateFileExposure.bqrs.
CodeQL (javascript-typescript)	Analyze	2026-09-03T08:13:46.3671373Z Interpreting /opt/hostedtoolcache/CodeQL/2.26.4/x64/codeql/qlpacks/codeql/javascript-queries/2.4.4/Security/CWE-201/PostMessageStar.ql...
CodeQL (javascript-typescript)	Analyze	2026-09-03T08:13:46.3718478Z  ... found results file at /home/runner/work/_temp/codeql_databases/javascript/results/codeql/javascript-queries/Security/CWE-201/PostMessageStar.bqrs.
CodeQL (javascript-typescript)	Analyze	2026-09-03T08:13:46.3761285Z Interpreting /opt/hostedtoolcache/CodeQL/2.26.4/x64/codeql/qlpacks/codeql/javascript-queries/2.4.4/Security/CWE-094/CodeInjection.ql...
CodeQL (javascript-typescript)	Analyze	2026-09-03T08:13:46.3801247Z  ... found results file at /home/runner/work/_temp/codeql_databases/javascript/results/codeql/javascript-queries/Security/CWE-094/CodeInjection.bqrs.
CodeQL (javascript-typescript)	Analyze	2026-09-03T08:13:46.3817374Z Interpreting /opt/hostedtoolcache/CodeQL/2.26.4/x64/codeql/qlpacks/codeql/javascript-queries/2.4.4/Security/CWE-094/UnsafeDynamicMethodAccess.ql...
CodeQL (javascript-typescript)	Analyze	2026-09-03T08:13:46.3877503Z  ... found results file at /home/runner/work/_temp/codeql_databases/javascript/results/codeql/javascript-queries/Security/CWE-094/UnsafeDynamicMethodAccess.bqrs.
CodeQL (javascript-typescript)	Analyze	2026-09-03T08:13:46.3911563Z Interpreting /opt/hostedtoolcache/CodeQL/2.26.4/x64/codeql/qlpacks/codeql/javascript-queries/2.4.4/Security/CWE-094/ImproperCodeSanitization.ql...
CodeQL (javascript-typescript)	Analyze	2026-09-03T08:13:46.3951569Z  ... found results file at /home/runner/work/_temp/codeql_databases/javascript/results/codeql/javascript-queries/Security/CWE-094/ImproperCodeSanitization.bqrs.
CodeQL (javascript-typescript)	Analyze	2026-09-03T08:13:46.3967295Z Interpreting /opt/hostedtoolcache/CodeQL/2.26.4/x64/codeql/qlpacks/codeql/javascript-queries/2.4.4/Security/CWE-312/CleartextStorage.ql...
CodeQL (javascript-typescript)	Analyze	2026-09-03T08:13:46.4042051Z  ... found results file at /home/runner/work/_temp/codeql_databases/javascript/results/codeql/javascript-queries/Security/CWE-312/CleartextStorage.bqrs.
CodeQL (javascript-typescript)	Analyze	2026-09-03T08:13:46.4044349Z Interpreting /opt/hostedtoolcache/CodeQL/2.26.4/x64/codeql/qlpacks/codeql/javascript-queries/2.4.4/Security/CWE-312/BuildArtifactLeak.ql...
CodeQL (javascript-typescript)	Analyze	2026-09-03T08:13:46.4101044Z  ... found results file at /home/runner/work/_temp/codeql_databases/javascript/results/codeql/javascript-queries/Security/CWE-312/BuildArtifactLeak.bqrs.
CodeQL (javascript-typescript)	Analyze	2026-09-03T08:13:46.4107027Z Interpreting /opt/hostedtoolcache/CodeQL/2.26.4/x64/codeql/qlpacks/codeql/javascript-queries/2.4.4/Security/CWE-312/CleartextLogging.ql...
CodeQL (javascript-typescript)	Analyze	2026-09-03T08:13:46.4172329Z  ... found results file at /home/runner/work/_temp/codeql_databases/javascript/results/codeql/javascript-queries/Security/CWE-312/CleartextLogging.bqrs.
CodeQL (javascript-typescript)	Analyze	2026-09-03T08:13:46.4186969Z Interpreting /opt/hostedtoolcache/CodeQL/2.26.4/x64/codeql/qlpacks/codeql/javascript-queries/2.4.4/Security/CWE-730/RegExpInjection.ql...
CodeQL (javascript-typescript)	Analyze	2026-09-03T08:13:46.4242961Z  ... found results file at /home/runner/work/_temp/codeql_databases/javascript/results/codeql/javascript-queries/Security/CWE-730/RegExpInjection.bqrs.
CodeQL (javascript-typescript)	Analyze	2026-09-03T08:13:46.4248946Z Interpreting /opt/hostedtoolcache/CodeQL/2.26.4/x64/codeql/qlpacks/codeql/javascript-queries/2.4.4/Security/CWE-730/ServerCrash.ql...
CodeQL (javascript-typescript)	Analyze	2026-09-03T08:13:46.4315755Z  ... found results file at /home/runner/work/_temp/codeql_databases/javascript/results/codeql/javascript-queries/Security/CWE-730/ServerCrash.bqrs.
CodeQL (javascript-typescript)	Analyze	2026-09-03T08:13:46.4332756Z Interpreting /opt/hostedtoolcache/CodeQL/2.26.4/x64/codeql/qlpacks/codeql/javascript-queries/2.4.4/Security/CWE-078/ShellCommandInjectionFromEnvironment.ql...
CodeQL (javascript-typescript)	Analyze	2026-09-03T08:13:46.4388207Z  ... found results file at /home/runner/work/_temp/codeql_databases/javascript/results/codeql/javascript-queries/Security/CWE-078/ShellCommandInjectionFromEnvironment.bqrs.
CodeQL (javascript-typescript)	Analyze	2026-09-03T08:13:46.4413540Z Interpreting /opt/hostedtoolcache/CodeQL/2.26.4/x64/codeql/qlpacks/codeql/javascript-queries/2.4.4/Security/CWE-078/UnsafeShellCommandConstruction.ql...
CodeQL (javascript-typescript)	Analyze	2026-09-03T08:13:46.4460708Z  ... found results file at /home/runner/work/_temp/codeql_databases/javascript/results/codeql/javascript-queries/Security/CWE-078/UnsafeShellCommandConstruction.bqrs.
CodeQL (javascript-typescript)	Analyze	2026-09-03T08:13:46.4482507Z Interpreting /opt/hostedtoolcache/CodeQL/2.26.4/x64/codeql/qlpacks/codeql/javascript-queries/2.4.4/Security/CWE-078/CommandInjection.ql...
CodeQL (javascript-typescript)	Analyze	2026-09-03T08:13:46.4530564Z  ... found results file at /home/runner/work/_temp/codeql_databases/javascript/results/codeql/javascript-queries/Security/CWE-078/CommandInjection.bqrs.
CodeQL (javascript-typescript)	Analyze	2026-09-03T08:13:46.4539063Z Interpreting /opt/hostedtoolcache/CodeQL/2.26.4/x64/codeql/qlpacks/codeql/javascript-queries/2.4.4/Security/CWE-078/UselessUseOfCat.ql...
CodeQL (javascript-typescript)	Analyze	2026-09-03T08:13:46.4602887Z  ... found results file at /home/runner/work/_temp/codeql_databases/javascript/results/codeql/javascript-queries/Security/CWE-078/UselessUseOfCat.bqrs.
CodeQL (javascript-typescript)	Analyze	2026-09-03T08:13:46.4632519Z Interpreting /opt/hostedtoolcache/CodeQL/2.26.4/x64/codeql/qlpacks/codeql/javascript-queries/2.4.4/Security/CWE-078/SecondOrderCommandInjection.ql...
CodeQL (javascript-typescript)	Analyze	2026-09-03T08:13:46.4688928Z  ... found results file at /home/runner/work/_temp/codeql_databases/javascript/results/codeql/javascript-queries/Security/CWE-078/SecondOrderCommandInjection.bqrs.
CodeQL (javascript-typescript)	Analyze	2026-09-03T08:13:46.4691586Z Interpreting /opt/hostedtoolcache/CodeQL/2.26.4/x64/codeql/qlpacks/codeql/javascript-queries/2.4.4/Security/CWE-020/IncompleteUrlSchemeCheck.ql...
CodeQL (javascript-typescript)	Analyze	2026-09-03T08:13:46.4749055Z  ... found results file at /home/runner/work/_temp/codeql_databases/javascript/results/codeql/javascript-queries/Security/CWE-020/IncompleteUrlSchemeCheck.bqrs.
CodeQL (javascript-typescript)	Analyze	2026-09-03T08:13:46.4782308Z Interpreting /opt/hostedtoolcache/CodeQL/2.26.4/x64/codeql/qlpacks/codeql/javascript-queries/2.4.4/Security/CWE-020/IncorrectSuffixCheck.ql...
CodeQL (javascript-typescript)	Analyze	2026-09-03T08:13:46.4841660Z  ... found results file at /home/runner/work/_temp/codeql_databases/javascript/results/codeql/javascript-queries/Security/CWE-020/IncorrectSuffixCheck.bqrs.
CodeQL (javascript-typescript)	Analyze	2026-09-03T08:13:46.4844505Z Interpreting /opt/hostedtoolcache/CodeQL/2.26.4/x64/codeql/qlpacks/codeql/javascript-queries/2.4.4/Security/CWE-020/IncompleteHostnameRegExp.ql...
CodeQL (javascript-typescript)	Analyze	2026-09-03T08:13:46.4889517Z  ... found results file at /home/runner/work/_temp/codeql_databases/javascript/results/codeql/javascript-queries/Security/CWE-020/IncompleteHostnameRegExp.bqrs.
CodeQL (javascript-typescript)	Analyze	2026-09-03T08:13:46.4908778Z Interpreting /opt/hostedtoolcache/CodeQL/2.26.4/x64/codeql/qlpacks/codeql/javascript-queries/2.4.4/Security/CWE-020/UselessRegExpCharacterEscape.ql...
CodeQL (javascript-typescript)	Analyze	2026-09-03T08:13:46.4958015Z  ... found results file at /home/runner/work/_temp/codeql_databases/javascript/results/codeql/javascript-queries/Security/CWE-020/UselessRegExpCharacterEscape.bqrs.
CodeQL (javascript-typescript)	Analyze	2026-09-03T08:13:46.4972933Z Interpreting /opt/hostedtoolcache/CodeQL/2.26.4/x64/codeql/qlpacks/codeql/javascript-queries/2.4.4/Security/CWE-020/OverlyLargeRange.ql...
CodeQL (javascript-typescript)	Analyze	2026-09-03T08:13:46.5034952Z  ... found results file at /home/runner/work/_temp/codeql_databases/javascript/results/codeql/javascript-queries/Security/CWE-020/OverlyLargeRange.bqrs.
CodeQL (javascript-typescript)	Analyze	2026-09-03T08:13:46.5054255Z Interpreting /opt/hostedtoolcache/CodeQL/2.26.4/x64/codeql/qlpacks/codeql/javascript-queries/2.4.4/Security/CWE-020/IncompleteUrlSubstringSanitization.ql...
CodeQL (javascript-typescript)	Analyze	2026-09-03T08:13:46.5091651Z  ... found results file at /home/runner/work/_temp/codeql_databases/javascript/results/codeql/javascript-queries/Security/CWE-020/IncompleteUrlSubstringSanitization.bqrs.
CodeQL (javascript-typescript)	Analyze	2026-09-03T08:13:46.5097874Z Interpreting /opt/hostedtoolcache/CodeQL/2.26.4/x64/codeql/qlpacks/codeql/javascript-queries/2.4.4/Security/CWE-400/DeepObjectResourceExhaustion.ql...
CodeQL (javascript-typescript)	Analyze	2026-09-03T08:13:46.5147459Z  ... found results file at /home/runner/work/_temp/codeql_databases/javascript/results/codeql/javascript-queries/Security/CWE-400/DeepObjectResourceExhaustion.bqrs.
CodeQL (javascript-typescript)	Analyze	2026-09-03T08:13:46.5153988Z Interpreting /opt/hostedtoolcache/CodeQL/2.26.4/x64/codeql/qlpacks/codeql/javascript-queries/2.4.4/Security/CWE-643/XpathInjection.ql...
CodeQL (javascript-typescript)	Analyze	2026-09-03T08:13:46.5210816Z  ... found results file at /home/runner/work/_temp/codeql_databases/javascript/results/codeql/javascript-queries/Security/CWE-643/XpathInjection.bqrs.
CodeQL (javascript-typescript)	Analyze	2026-09-03T08:13:46.5219530Z Interpreting /opt/hostedtoolcache/CodeQL/2.26.4/x64/codeql/qlpacks/codeql/javascript-queries/2.4.4/Security/CWE-754/UnvalidatedDynamicMethodCall.ql...
CodeQL (javascript-typescript)	Analyze	2026-09-03T08:13:46.5276430Z  ... found results file at /home/runner/work/_temp/codeql_databases/javascript/results/codeql/javascript-queries/Security/CWE-754/UnvalidatedDynamicMethodCall.bqrs.
CodeQL (javascript-typescript)	Analyze	2026-09-03T08:13:46.5278966Z Interpreting /opt/hostedtoolcache/CodeQL/2.26.4/x64/codeql/qlpacks/codeql/javascript-queries/2.4.4/Security/CWE-915/PrototypePollutingMergeCall.ql...
CodeQL (javascript-typescript)	Analyze	2026-09-03T08:13:46.5347993Z  ... found results file at /home/runner/work/_temp/codeql_databases/javascript/results/codeql/javascript-queries/Security/CWE-915/PrototypePollutingMergeCall.bqrs.
CodeQL (javascript-typescript)	Analyze	2026-09-03T08:13:46.5350669Z Interpreting /opt/hostedtoolcache/CodeQL/2.26.4/x64/codeql/qlpacks/codeql/javascript-queries/2.4.4/Security/CWE-915/PrototypePollutingFunction.ql...
CodeQL (javascript-typescript)	Analyze	2026-09-03T08:13:46.5427073Z  ... found results file at /home/runner/work/_temp/codeql_databases/javascript/results/codeql/javascript-queries/Security/CWE-915/PrototypePollutingFunction.bqrs.
CodeQL (javascript-typescript)	Analyze	2026-09-03T08:13:46.5432821Z Interpreting /opt/hostedtoolcache/CodeQL/2.26.4/x64/codeql/qlpacks/codeql/javascript-queries/2.4.4/Security/CWE-915/PrototypePollutingAssignment.ql...
CodeQL (javascript-typescript)	Analyze	2026-09-03T08:13:46.5492787Z  ... found results file at /home/runner/work/_temp/codeql_databases/javascript/results/codeql/javascript-queries/Security/CWE-915/PrototypePollutingAssignment.bqrs.
CodeQL (javascript-typescript)	Analyze	2026-09-03T08:13:46.5528060Z Interpreting /opt/hostedtoolcache/CodeQL/2.26.4/x64/codeql/qlpacks/codeql/javascript-queries/2.4.4/Security/CWE-502/UnsafeDeserialization.ql...
CodeQL (javascript-typescript)	Analyze	2026-09-03T08:13:46.5560774Z  ... found results file at /home/runner/work/_temp/codeql_databases/javascript/results/codeql/javascript-queries/Security/CWE-502/UnsafeDeserialization.bqrs.
CodeQL (javascript-typescript)	Analyze	2026-09-03T08:13:46.5566627Z Interpreting /opt/hostedtoolcache/CodeQL/2.26.4/x64/codeql/qlpacks/codeql/javascript-queries/2.4.4/Security/CWE-601/ClientSideUrlRedirect.ql...
CodeQL (javascript-typescript)	Analyze	2026-09-03T08:13:46.5614686Z  ... found results file at /home/runner/work/_temp/codeql_databases/javascript/results/codeql/javascript-queries/Security/CWE-601/ClientSideUrlRedirect.bqrs.
CodeQL (javascript-typescript)	Analyze	2026-09-03T08:13:46.5622787Z Interpreting /opt/hostedtoolcache/CodeQL/2.26.4/x64/codeql/qlpacks/codeql/javascript-queries/2.4.4/Security/CWE-601/ServerSideUrlRedirect.ql...
CodeQL (javascript-typescript)	Analyze	2026-09-03T08:13:46.5666280Z  ... found results file at /home/runner/work/_temp/codeql_databases/javascript/results/codeql/javascript-queries/Security/CWE-601/ServerSideUrlRedirect.bqrs.
CodeQL (javascript-typescript)	Analyze	2026-09-03T08:13:46.5672979Z Interpreting /opt/hostedtoolcache/CodeQL/2.26.4/x64/codeql/qlpacks/codeql/javascript-queries/2.4.4/Security/CWE-295/DisablingCertificateValidation.ql...
CodeQL (javascript-typescript)	Analyze	2026-09-03T08:13:46.5742918Z  ... found results file at /home/runner/work/_temp/codeql_databases/javascript/results/codeql/javascript-queries/Security/CWE-295/DisablingCertificateValidation.bqrs.
CodeQL (javascript-typescript)	Analyze	2026-09-03T08:13:46.5746232Z Interpreting /opt/hostedtoolcache/CodeQL/2.26.4/x64/codeql/qlpacks/codeql/javascript-queries/2.4.4/Security/CWE-776/XmlBomb.ql...
CodeQL (javascript-typescript)	Analyze	2026-09-03T08:13:46.5796141Z  ... found results file at /home/runner/work/_temp/codeql_databases/javascript/results/codeql/javascript-queries/Security/CWE-776/XmlBomb.bqrs.
CodeQL (javascript-typescript)	Analyze	2026-09-03T08:13:46.5803126Z Interpreting /opt/hostedtoolcache/CodeQL/2.26.4/x64/codeql/qlpacks/codeql/javascript-queries/2.4.4/Security/CWE-611/Xxe.ql...
CodeQL (javascript-typescript)	Analyze	2026-09-03T08:13:46.5852497Z  ... found results file at /home/runner/work/_temp/codeql_databases/javascript/results/codeql/javascript-queries/Security/CWE-611/Xxe.bqrs.
CodeQL (javascript-typescript)	Analyze	2026-09-03T08:13:46.5859999Z Interpreting /opt/hostedtoolcache/CodeQL/2.26.4/x64/codeql/qlpacks/codeql/javascript-queries/2.4.4/Security/CWE-918/RequestForgery.ql...
CodeQL (javascript-typescript)	Analyze	2026-09-03T08:13:46.5916342Z  ... found results file at /home/runner/work/_temp/codeql_databases/javascript/results/codeql/javascript-queries/Security/CWE-918/RequestForgery.bqrs.
CodeQL (javascript-typescript)	Analyze	2026-09-03T08:13:46.5922479Z Interpreting /opt/hostedtoolcache/CodeQL/2.26.4/x64/codeql/qlpacks/codeql/javascript-queries/2.4.4/Security/CWE-916/InsufficientPasswordHash.ql...
CodeQL (javascript-typescript)	Analyze	2026-09-03T08:13:46.5970755Z  ... found results file at /home/runner/work/_temp/codeql_databases/javascript/results/codeql/javascript-queries/Security/CWE-916/InsufficientPasswordHash.bqrs.
CodeQL (javascript-typescript)	Analyze	2026-09-03T08:13:46.5979179Z Interpreting /opt/hostedtoolcache/CodeQL/2.26.4/x64/codeql/qlpacks/codeql/javascript-queries/2.4.4/Security/CWE-079/Xss.ql...
CodeQL (javascript-typescript)	Analyze	2026-09-03T08:13:46.6025947Z  ... found results file at /home/runner/work/_temp/codeql_databases/javascript/results/codeql/javascript-queries/Security/CWE-079/Xss.bqrs.
CodeQL (javascript-typescript)	Analyze	2026-09-03T08:13:46.6037447Z Interpreting /opt/hostedtoolcache/CodeQL/2.26.4/x64/codeql/qlpacks/codeql/javascript-queries/2.4.4/Security/CWE-079/XssThroughDom.ql...
CodeQL (javascript-typescript)	Analyze	2026-09-03T08:13:46.6080328Z  ... found results file at /home/runner/work/_temp/codeql_databases/javascript/results/codeql/javascript-queries/Security/CWE-079/XssThroughDom.bqrs.
CodeQL (javascript-typescript)	Analyze	2026-09-03T08:13:46.6088227Z Interpreting /opt/hostedtoolcache/CodeQL/2.26.4/x64/codeql/qlpacks/codeql/javascript-queries/2.4.4/Security/CWE-079/StoredXss.ql...
CodeQL (javascript-typescript)	Analyze	2026-09-03T08:13:46.6137771Z  ... found results file at /home/runner/work/_temp/codeql_databases/javascript/results/codeql/javascript-queries/Security/CWE-079/StoredXss.bqrs.
CodeQL (javascript-typescript)	Analyze	2026-09-03T08:13:46.6162419Z Interpreting /opt/hostedtoolcache/CodeQL/2.26.4/x64/codeql/qlpacks/codeql/javascript-queries/2.4.4/Security/CWE-079/UnsafeHtmlConstruction.ql...
CodeQL (javascript-typescript)	Analyze	2026-09-03T08:13:46.6206722Z  ... found results file at /home/runner/work/_temp/codeql_databases/javascript/results/codeql/javascript-queries/Security/CWE-079/UnsafeHtmlConstruction.bqrs.
CodeQL (javascript-typescript)	Analyze	2026-09-03T08:13:46.6209887Z Interpreting /opt/hostedtoolcache/CodeQL/2.26.4/x64/codeql/qlpacks/codeql/javascript-queries/2.4.4/Security/CWE-079/ReflectedXss.ql...
CodeQL (javascript-typescript)	Analyze	2026-09-03T08:13:46.6254187Z  ... found results file at /home/runner/work/_temp/codeql_databases/javascript/results/codeql/javascript-queries/Security/CWE-079/ReflectedXss.bqrs.
CodeQL (javascript-typescript)	Analyze	2026-09-03T08:13:46.6267282Z Interpreting /opt/hostedtoolcache/CodeQL/2.26.4/x64/codeql/qlpacks/codeql/javascript-queries/2.4.4/Security/CWE-079/UnsafeJQueryPlugin.ql...
CodeQL (javascript-typescript)	Analyze	2026-09-03T08:13:46.6309530Z  ... found results file at /home/runner/work/_temp/codeql_databases/javascript/results/codeql/javascript-queries/Security/CWE-079/UnsafeJQueryPlugin.bqrs.
CodeQL (javascript-typescript)	Analyze	2026-09-03T08:13:46.6325793Z Interpreting /opt/hostedtoolcache/CodeQL/2.26.4/x64/codeql/qlpacks/codeql/javascript-queries/2.4.4/Security/CWE-079/ExceptionXss.ql...
CodeQL (javascript-typescript)	Analyze	2026-09-03T08:13:46.6364051Z  ... found results file at /home/runner/work/_temp/codeql_databases/javascript/results/codeql/javascript-queries/Security/CWE-079/ExceptionXss.bqrs.
CodeQL (javascript-typescript)	Analyze	2026-09-03T08:13:46.6383103Z Interpreting /opt/hostedtoolcache/CodeQL/2.26.4/x64/codeql/qlpacks/codeql/javascript-queries/2.4.4/Security/CWE-640/HostHeaderPoisoningInEmailGeneration.ql...
CodeQL (javascript-typescript)	Analyze	2026-09-03T08:13:46.6426817Z  ... found results file at /home/runner/work/_temp/codeql_databases/javascript/results/codeql/javascript-queries/Security/CWE-640/HostHeaderPoisoningInEmailGeneration.bqrs.
CodeQL (javascript-typescript)	Analyze	2026-09-03T08:13:46.6430289Z Interpreting /opt/hostedtoolcache/CodeQL/2.26.4/x64/codeql/qlpacks/codeql/javascript-queries/2.4.4/Security/CWE-116/DoubleEscaping.ql...
CodeQL (javascript-typescript)	Analyze	2026-09-03T08:13:46.6480003Z  ... found results file at /home/runner/work/_temp/codeql_databases/javascript/results/codeql/javascript-queries/Security/CWE-116/DoubleEscaping.bqrs.
CodeQL (javascript-typescript)	Analyze	2026-09-03T08:13:46.6511538Z Interpreting /opt/hostedtoolcache/CodeQL/2.26.4/x64/codeql/qlpacks/codeql/javascript-queries/2.4.4/Security/CWE-116/UnsafeHtmlExpansion.ql...
CodeQL (javascript-typescript)	Analyze	2026-09-03T08:13:46.6562239Z  ... found results file at /home/runner/work/_temp/codeql_databases/javascript/results/codeql/javascript-queries/Security/CWE-116/UnsafeHtmlExpansion.bqrs.
CodeQL (javascript-typescript)	Analyze	2026-09-03T08:13:46.6596968Z Interpreting /opt/hostedtoolcache/CodeQL/2.26.4/x64/codeql/qlpacks/codeql/javascript-queries/2.4.4/Security/CWE-116/IncompleteMultiCharacterSanitization.ql...
CodeQL (javascript-typescript)	Analyze	2026-09-03T08:13:46.6607296Z  ... found results file at /home/runner/work/_temp/codeql_databases/javascript/results/codeql/javascript-queries/Security/CWE-116/IncompleteMultiCharacterSanitization.bqrs.
CodeQL (javascript-typescript)	Analyze	2026-09-03T08:13:46.6621469Z Interpreting /opt/hostedtoolcache/CodeQL/2.26.4/x64/codeql/qlpacks/codeql/javascript-queries/2.4.4/Security/CWE-116/BadTagFilter.ql...
CodeQL (javascript-typescript)	Analyze	2026-09-03T08:13:46.6680623Z  ... found results file at /home/runner/work/_temp/codeql_databases/javascript/results/codeql/javascript-queries/Security/CWE-116/BadTagFilter.bqrs.
CodeQL (javascript-typescript)	Analyze	2026-09-03T08:13:46.6701716Z Interpreting /opt/hostedtoolcache/CodeQL/2.26.4/x64/codeql/qlpacks/codeql/javascript-queries/2.4.4/Security/CWE-116/IncompleteHtmlAttributeSanitization.ql...
CodeQL (javascript-typescript)	Analyze	2026-09-03T08:13:46.6737237Z  ... found results file at /home/runner/work/_temp/codeql_databases/javascript/results/codeql/javascript-queries/Security/CWE-116/IncompleteHtmlAttributeSanitization.bqrs.
CodeQL (javascript-typescript)	Analyze	2026-09-03T08:13:46.6742487Z Interpreting /opt/hostedtoolcache/CodeQL/2.26.4/x64/codeql/qlpacks/codeql/javascript-queries/2.4.4/Security/CWE-116/IncompleteSanitization.ql...
CodeQL (javascript-typescript)	Analyze	2026-09-03T08:13:46.6784427Z  ... found results file at /home/runner/work/_temp/codeql_databases/javascript/results/codeql/javascript-queries/Security/CWE-116/IncompleteSanitization.bqrs.
CodeQL (javascript-typescript)	Analyze	2026-09-03T08:13:46.6799270Z Interpreting /opt/hostedtoolcache/CodeQL/2.26.4/x64/codeql/qlpacks/codeql/javascript-queries/2.4.4/Security/CWE-326/InsufficientKeySize.ql...
CodeQL (javascript-typescript)	Analyze	2026-09-03T08:13:46.6848746Z  ... found results file at /home/runner/work/_temp/codeql_databases/javascript/results/codeql/javascript-queries/Security/CWE-326/InsufficientKeySize.bqrs.
CodeQL (javascript-typescript)	Analyze	2026-09-03T08:13:46.6858047Z Interpreting /opt/hostedtoolcache/CodeQL/2.26.4/x64/codeql/qlpacks/codeql/javascript-queries/2.4.4/Security/CWE-1427/SystemPromptInjection.ql...
CodeQL (javascript-typescript)	Analyze	2026-09-03T08:13:46.6891279Z  ... found results file at /home/runner/work/_temp/codeql_databases/javascript/results/codeql/javascript-queries/Security/CWE-1427/SystemPromptInjection.bqrs.
CodeQL (javascript-typescript)	Analyze	2026-09-03T08:13:46.6896616Z Interpreting /opt/hostedtoolcache/CodeQL/2.26.4/x64/codeql/qlpacks/codeql/javascript-queries/2.4.4/Security/CWE-614/ClearTextCookie.ql...
CodeQL (javascript-typescript)	Analyze	2026-09-03T08:13:46.6958466Z  ... found results file at /home/runner/work/_temp/codeql_databases/javascript/results/codeql/javascript-queries/Security/CWE-614/ClearTextCookie.bqrs.
CodeQL (javascript-typescript)	Analyze	2026-09-03T08:13:46.6969669Z Interpreting /opt/hostedtoolcache/CodeQL/2.26.4/x64/codeql/qlpacks/codeql/javascript-queries/2.4.4/Security/CWE-346/CorsMisconfigurationForCredentials.ql...
CodeQL (javascript-typescript)	Analyze	2026-09-03T08:13:46.7005133Z  ... found results file at /home/runner/work/_temp/codeql_databases/javascript/results/codeql/javascript-queries/Security/CWE-346/CorsMisconfigurationForCredentials.bqrs.
CodeQL (javascript-typescript)	Analyze	2026-09-03T08:13:46.7013004Z Interpreting /opt/hostedtoolcache/CodeQL/2.26.4/x64/codeql/qlpacks/codeql/javascript-queries/2.4.4/Security/CWE-352/MissingCsrfMiddleware.ql...
CodeQL (javascript-typescript)	Analyze	2026-09-03T08:13:46.7048972Z  ... found results file at /home/runner/work/_temp/codeql_databases/javascript/results/codeql/javascript-queries/Security/CWE-352/MissingCsrfMiddleware.bqrs.
CodeQL (javascript-typescript)	Analyze	2026-09-03T08:13:46.7072320Z Interpreting /opt/hostedtoolcache/CodeQL/2.26.4/x64/codeql/qlpacks/codeql/javascript-queries/2.4.4/Security/CWE-1004/ClientExposedCookie.ql...
CodeQL (javascript-typescript)	Analyze	2026-09-03T08:13:46.7132425Z  ... found results file at /home/runner/work/_temp/codeql_databases/javascript/results/codeql/javascript-queries/Security/CWE-1004/ClientExposedCookie.bqrs.
CodeQL (javascript-typescript)	Analyze	2026-09-03T08:13:46.7148438Z Interpreting /opt/hostedtoolcache/CodeQL/2.26.4/x64/codeql/qlpacks/codeql/javascript-queries/2.4.4/Security/CWE-834/LoopBoundInjection.ql...
CodeQL (javascript-typescript)	Analyze	2026-09-03T08:13:46.7192388Z  ... found results file at /home/runner/work/_temp/codeql_databases/javascript/results/codeql/javascript-queries/Security/CWE-834/LoopBoundInjection.bqrs.
CodeQL (javascript-typescript)	Analyze	2026-09-03T08:13:46.7211639Z Interpreting /opt/hostedtoolcache/CodeQL/2.26.4/x64/codeql/qlpacks/codeql/javascript-queries/2.4.4/Security/CWE-830/FunctionalityFromUntrustedDomain.ql...
CodeQL (javascript-typescript)	Analyze	2026-09-03T08:13:46.7251462Z  ... found results file at /home/runner/work/_temp/codeql_databases/javascript/results/codeql/javascript-queries/Security/CWE-830/FunctionalityFromUntrustedDomain.bqrs.
CodeQL (javascript-typescript)	Analyze	2026-09-03T08:13:46.7253639Z Interpreting /opt/hostedtoolcache/CodeQL/2.26.4/x64/codeql/qlpacks/codeql/javascript-queries/2.4.4/Security/CWE-830/FunctionalityFromUntrustedSource.ql...
CodeQL (javascript-typescript)	Analyze	2026-09-03T08:13:46.7282735Z  ... found results file at /home/runner/work/_temp/codeql_databases/javascript/results/codeql/javascript-queries/Security/CWE-830/FunctionalityFromUntrustedSource.bqrs.
CodeQL (javascript-typescript)	Analyze	2026-09-03T08:13:46.7291913Z Interpreting /opt/hostedtoolcache/CodeQL/2.26.4/x64/codeql/qlpacks/codeql/javascript-queries/2.4.4/Security/CWE-073/TemplateObjectInjection.ql...
CodeQL (javascript-typescript)	Analyze	2026-09-03T08:13:46.7351555Z  ... found results file at /home/runner/work/_temp/codeql_databases/javascript/results/codeql/javascript-queries/Security/CWE-073/TemplateObjectInjection.bqrs.
CodeQL (javascript-typescript)	Analyze	2026-09-03T08:13:46.7381293Z Interpreting /opt/hostedtoolcache/CodeQL/2.26.4/x64/codeql/qlpacks/codeql/javascript-queries/2.4.4/Security/CWE-134/TaintedFormatString.ql...
CodeQL (javascript-typescript)	Analyze	2026-09-03T08:13:46.7405724Z  ... found results file at /home/runner/work/_temp/codeql_databases/javascript/results/codeql/javascript-queries/Security/CWE-134/TaintedFormatString.bqrs.
CodeQL (javascript-typescript)	Analyze	2026-09-03T08:13:46.7431579Z Interpreting /opt/hostedtoolcache/CodeQL/2.26.4/x64/codeql/qlpacks/codeql/javascript-queries/2.4.4/Security/CWE-693/InsecureHelmet.ql...
CodeQL (javascript-typescript)	Analyze	2026-09-03T08:13:46.7464661Z  ... found results file at /home/runner/work/_temp/codeql_databases/javascript/results/codeql/javascript-queries/Security/CWE-693/InsecureHelmet.bqrs.
CodeQL (javascript-typescript)	Analyze	2026-09-03T08:13:46.7527477Z Interpreting /opt/hostedtoolcache/CodeQL/2.26.4/x64/codeql/qlpacks/codeql/javascript-queries/2.4.4/Security/CWE-843/TypeConfusionThroughParameterTampering.ql...
CodeQL (javascript-typescript)	Analyze	2026-09-03T08:13:46.7548131Z  ... found results file at /home/runner/work/_temp/codeql_databases/javascript/results/codeql/javascript-queries/Security/CWE-843/TypeConfusionThroughParameterTampering.bqrs.
CodeQL (javascript-typescript)	Analyze	2026-09-03T08:13:46.7562026Z Interpreting /opt/hostedtoolcache/CodeQL/2.26.4/x64/codeql/qlpacks/codeql/javascript-queries/2.4.4/Security/CWE-178/CaseSensitiveMiddlewarePath.ql...
CodeQL (javascript-typescript)	Analyze	2026-09-03T08:13:46.7581745Z  ... found results file at /home/runner/work/_temp/codeql_databases/javascript/results/codeql/javascript-queries/Security/CWE-178/CaseSensitiveMiddlewarePath.bqrs.
CodeQL (javascript-typescript)	Analyze	2026-09-03T08:13:46.7583940Z Interpreting /opt/hostedtoolcache/CodeQL/2.26.4/x64/codeql/qlpacks/codeql/javascript-queries/2.4.4/Security/CWE-338/InsecureRandomness.ql...
CodeQL (javascript-typescript)	Analyze	2026-09-03T08:13:46.7636651Z  ... found results file at /home/runner/work/_temp/codeql_databases/javascript/results/codeql/javascript-queries/Security/CWE-338/InsecureRandomness.bqrs.
CodeQL (javascript-typescript)	Analyze	2026-09-03T08:13:46.7641656Z Interpreting /opt/hostedtoolcache/CodeQL/2.26.4/x64/codeql/qlpacks/codeql/javascript-queries/2.4.4/Security/CWE-347/MissingJWTKeyVerification.ql...
CodeQL (javascript-typescript)	Analyze	2026-09-03T08:13:46.7693085Z  ... found results file at /home/runner/work/_temp/codeql_databases/javascript/results/codeql/javascript-queries/Security/CWE-347/MissingJWTKeyVerification.bqrs.
CodeQL (javascript-typescript)	Analyze	2026-09-03T08:13:46.7731451Z Interpreting /opt/hostedtoolcache/CodeQL/2.26.4/x64/codeql/qlpacks/codeql/javascript-queries/2.4.4/Security/CWE-300/InsecureDependencyResolution.ql...
CodeQL (javascript-typescript)	Analyze	2026-09-03T08:13:46.7745400Z  ... found results file at /home/runner/work/_temp/codeql_databases/javascript/results/codeql/javascript-queries/Security/CWE-300/InsecureDependencyResolution.bqrs.
CodeQL (javascript-typescript)	Analyze	2026-09-03T08:13:46.7764435Z Interpreting /opt/hostedtoolcache/CodeQL/2.26.4/x64/codeql/qlpacks/codeql/javascript-queries/2.4.4/Security/CWE-022/ZipSlip.ql...
CodeQL (javascript-typescript)	Analyze	2026-09-03T08:13:46.7816135Z  ... found results file at /home/runner/work/_temp/codeql_databases/javascript/results/codeql/javascript-queries/Security/CWE-022/ZipSlip.bqrs.
CodeQL (javascript-typescript)	Analyze	2026-09-03T08:13:46.7837866Z Interpreting /opt/hostedtoolcache/CodeQL/2.26.4/x64/codeql/qlpacks/codeql/javascript-queries/2.4.4/Security/CWE-022/TaintedPath.ql...
CodeQL (javascript-typescript)	Analyze	2026-09-03T08:13:46.7892093Z  ... found results file at /home/runner/work/_temp/codeql_databases/javascript/results/codeql/javascript-queries/Security/CWE-022/TaintedPath.bqrs.
CodeQL (javascript-typescript)	Analyze	2026-09-03T08:13:46.7901569Z Interpreting /opt/hostedtoolcache/CodeQL/2.26.4/x64/codeql/qlpacks/codeql/javascript-queries/2.4.4/Security/CWE-327/BrokenCryptoAlgorithm.ql...
CodeQL (javascript-typescript)	Analyze	2026-09-03T08:13:46.7941789Z  ... found results file at /home/runner/work/_temp/codeql_databases/javascript/results/codeql/javascript-queries/Security/CWE-327/BrokenCryptoAlgorithm.bqrs.
CodeQL (javascript-typescript)	Analyze	2026-09-03T08:13:46.7944367Z Interpreting /opt/hostedtoolcache/CodeQL/2.26.4/x64/codeql/qlpacks/codeql/javascript-queries/2.4.4/Security/CWE-327/BadRandomness.ql...
CodeQL (javascript-typescript)	Analyze	2026-09-03T08:13:46.7970954Z  ... found results file at /home/runner/work/_temp/codeql_databases/javascript/results/codeql/javascript-queries/Security/CWE-327/BadRandomness.bqrs.
CodeQL (javascript-typescript)	Analyze	2026-09-03T08:13:46.7987111Z Interpreting /opt/hostedtoolcache/CodeQL/2.26.4/x64/codeql/qlpacks/codeql/javascript-queries/2.4.4/Security/CWE-770/MissingRateLimiting.ql...
CodeQL (javascript-typescript)	Analyze	2026-09-03T08:13:46.8069487Z  ... found results file at /home/runner/work/_temp/codeql_databases/javascript/results/codeql/javascript-queries/Security/CWE-770/MissingRateLimiting.bqrs.
CodeQL (javascript-typescript)	Analyze	2026-09-03T08:13:46.8082259Z Interpreting /opt/hostedtoolcache/CodeQL/2.26.4/x64/codeql/qlpacks/codeql/javascript-queries/2.4.4/Security/CWE-770/ResourceExhaustion.ql...
CodeQL (javascript-typescript)	Analyze	2026-09-03T08:13:46.8107501Z  ... found results file at /home/runner/work/_temp/codeql_databases/javascript/results/codeql/javascript-queries/Security/CWE-770/ResourceExhaustion.bqrs.
CodeQL (javascript-typescript)	Analyze	2026-09-03T08:13:46.8111989Z Interpreting /opt/hostedtoolcache/CodeQL/2.26.4/x64/codeql/qlpacks/codeql/javascript-queries/2.4.4/RegExp/IdentityReplacement.ql...
CodeQL (javascript-typescript)	Analyze	2026-09-03T08:13:46.8171950Z  ... found results file at /home/runner/work/_temp/codeql_databases/javascript/results/codeql/javascript-queries/RegExp/IdentityReplacement.bqrs.
CodeQL (javascript-typescript)	Analyze	2026-09-03T08:13:46.8177056Z Interpreting /opt/hostedtoolcache/CodeQL/2.26.4/x64/codeql/qlpacks/codeql/javascript-queries/2.4.4/Diagnostics/ExtractionErrors.ql...
CodeQL (javascript-typescript)	Analyze	2026-09-03T08:13:46.8221535Z  ... found results file at /home/runner/work/_temp/codeql_databases/javascript/results/codeql/javascript-queries/Diagnostics/ExtractionErrors.bqrs.
CodeQL (javascript-typescript)	Analyze	2026-09-03T08:13:46.8246371Z Interpreting /opt/hostedtoolcache/CodeQL/2.26.4/x64/codeql/qlpacks/codeql/javascript-queries/2.4.4/Diagnostics/ExtractedFiles.ql...
CodeQL (javascript-typescript)	Analyze	2026-09-03T08:13:46.8276785Z  ... found results file at /home/runner/work/_temp/codeql_databases/javascript/results/codeql/javascript-queries/Diagnostics/ExtractedFiles.bqrs.
CodeQL (javascript-typescript)	Analyze	2026-09-03T08:13:46.8278956Z Interpreting /opt/hostedtoolcache/CodeQL/2.26.4/x64/codeql/qlpacks/codeql/javascript-queries/2.4.4/Summary/LinesOfUserCode.ql...
CodeQL (javascript-typescript)	Analyze	2026-09-03T08:13:46.8305587Z  ... found results file at /home/runner/work/_temp/codeql_databases/javascript/results/codeql/javascript-queries/Summary/LinesOfUserCode.bqrs.
CodeQL (javascript-typescript)	Analyze	2026-09-03T08:13:46.8330391Z Interpreting /opt/hostedtoolcache/CodeQL/2.26.4/x64/codeql/qlpacks/codeql/javascript-queries/2.4.4/Summary/LinesOfCode.ql...
CodeQL (javascript-typescript)	Analyze	2026-09-03T08:13:46.8381423Z  ... found results file at /home/runner/work/_temp/codeql_databases/javascript/results/codeql/javascript-queries/Summary/LinesOfCode.bqrs.
CodeQL (javascript-typescript)	Analyze	2026-09-03T08:13:46.8963913Z Interpreted problem query "Double compilation" (js/angular/double-compilation) at path /home/runner/work/_temp/codeql_databases/javascript/results/codeql/javascript-queries/AngularJS/DoubleCompilation.bqrs.
CodeQL (javascript-typescript)	Analyze	2026-09-03T08:13:46.8972426Z Interpreted problem query "Insecure URL whitelist" (js/angular/insecure-url-whitelist) at path /home/runner/work/_temp/codeql_databases/javascript/results/codeql/javascript-queries/AngularJS/InsecureUrlWhitelist.bqrs.
CodeQL (javascript-typescript)	Analyze	2026-09-03T08:13:46.8975731Z Interpreted problem query "Disabling SCE" (js/angular/disabling-sce) at path /home/runner/work/_temp/codeql_databases/javascript/results/codeql/javascript-queries/AngularJS/DisablingSce.bqrs.
CodeQL (javascript-typescript)	Analyze	2026-09-03T08:13:46.8981373Z Interpreted problem query "Inefficient regular expression" (js/redos) at path /home/runner/work/_temp/codeql_databases/javascript/results/codeql/javascript-queries/Performance/ReDoS.bqrs.
CodeQL (javascript-typescript)	Analyze	2026-09-03T08:13:46.8984548Z Interpreted pathproblem query "Polynomial regular expression used on uncontrolled data" (js/polynomial-redos) at path /home/runner/work/_temp/codeql_databases/javascript/results/codeql/javascript-queries/Performance/PolynomialReDoS.bqrs.
CodeQL (javascript-typescript)	Analyze	2026-09-03T08:13:46.8989721Z Interpreted problem query "Enabling Electron allowRunningInsecureContent" (js/enabling-electron-insecure-content) at path /home/runner/work/_temp/codeql_databases/javascript/results/codeql/javascript-queries/Electron/AllowRunningInsecureContent.bqrs.
CodeQL (javascript-typescript)	Analyze	2026-09-03T08:13:46.9013526Z Interpreted problem query "Disabling Electron webSecurity" (js/disabling-electron-websecurity) at path /home/runner/work/_temp/codeql_databases/javascript/results/codeql/javascript-queries/Electron/DisablingWebSecurity.bqrs.
CodeQL (javascript-typescript)	Analyze	2026-09-03T08:13:46.9041969Z Interpreted problem query "Sensitive data read from GET request" (js/sensitive-get-query) at path /home/runner/work/_temp/codeql_databases/javascript/results/codeql/javascript-queries/Security/CWE-598/SensitiveGetQuery.bqrs.
CodeQL (javascript-typescript)	Analyze	2026-09-03T08:13:46.9050422Z Interpreted pathproblem query "Information exposure through a stack trace" (js/stack-trace-exposure) at path /home/runner/work/_temp/codeql_databases/javascript/results/codeql/javascript-queries/Security/CWE-209/StackTraceExposure.bqrs.
CodeQL (javascript-typescript)	Analyze	2026-09-03T08:13:46.9081957Z Interpreted pathproblem query "Database query built from user-controlled sources" (js/sql-injection) at path /home/runner/work/_temp/codeql_databases/javascript/results/codeql/javascript-queries/Security/CWE-089/SqlInjection.bqrs.
CodeQL (javascript-typescript)	Analyze	2026-09-03T08:13:46.9086719Z Interpreted pathproblem query "Download of sensitive file through insecure connection" (js/insecure-download) at path /home/runner/work/_temp/codeql_databases/javascript/results/codeql/javascript-queries/Security/CWE-829/InsecureDownload.bqrs.
CodeQL (javascript-typescript)	Analyze	2026-09-03T08:13:46.9093718Z Interpreted pathproblem query "Permissive CORS configuration" (js/cors-permissive-configuration) at path /home/runner/work/_temp/codeql_databases/javascript/results/codeql/javascript-queries/Security/CWE-942/CorsPermissiveConfiguration.bqrs.
CodeQL (javascript-typescript)	Analyze	2026-09-03T08:13:46.9097566Z Interpreted problem query "Exposure of private files" (js/exposure-of-private-files) at path /home/runner/work/_temp/codeql_databases/javascript/results/codeql/javascript-queries/Security/CWE-200/PrivateFileExposure.bqrs.
CodeQL (javascript-typescript)	Analyze	2026-09-03T08:13:46.9104444Z Interpreted pathproblem query "Cross-window communication with unrestricted target origin" (js/cross-window-information-leak) at path /home/runner/work/_temp/codeql_databases/javascript/results/codeql/javascript-queries/Security/CWE-201/PostMessageStar.bqrs.
CodeQL (javascript-typescript)	Analyze	2026-09-03T08:13:46.9107701Z Interpreted pathproblem query "Code injection" (js/code-injection) at path /home/runner/work/_temp/codeql_databases/javascript/results/codeql/javascript-queries/Security/CWE-094/CodeInjection.bqrs.
CodeQL (javascript-typescript)	Analyze	2026-09-03T08:13:46.9114699Z Interpreted pathproblem query "Unsafe dynamic method access" (js/unsafe-dynamic-method-access) at path /home/runner/work/_temp/codeql_databases/javascript/results/codeql/javascript-queries/Security/CWE-094/UnsafeDynamicMethodAccess.bqrs.
CodeQL (javascript-typescript)	Analyze	2026-09-03T08:13:46.9118095Z Interpreted pathproblem query "Improper code sanitization" (js/bad-code-sanitization) at path /home/runner/work/_temp/codeql_databases/javascript/results/codeql/javascript-queries/Security/CWE-094/ImproperCodeSanitization.bqrs.
CodeQL (javascript-typescript)	Analyze	2026-09-03T08:13:46.9134973Z Interpreted pathproblem query "Clear text storage of sensitive information" (js/clear-text-storage-of-sensitive-data) at path /home/runner/work/_temp/codeql_databases/javascript/results/codeql/javascript-queries/Security/CWE-312/CleartextStorage.bqrs.
CodeQL (javascript-typescript)	Analyze	2026-09-03T08:13:46.9143459Z Interpreted pathproblem query "Storage of sensitive information in build artifact" (js/build-artifact-leak) at path /home/runner/work/_temp/codeql_databases/javascript/results/codeql/javascript-queries/Security/CWE-312/BuildArtifactLeak.bqrs.
CodeQL (javascript-typescript)	Analyze	2026-09-03T08:13:46.9146838Z Interpreted pathproblem query "Clear-text logging of sensitive information" (js/clear-text-logging) at path /home/runner/work/_temp/codeql_databases/javascript/results/codeql/javascript-queries/Security/CWE-312/CleartextLogging.bqrs.
CodeQL (javascript-typescript)	Analyze	2026-09-03T08:13:46.9162852Z Interpreted pathproblem query "Regular expression injection" (js/regex-injection) at path /home/runner/work/_temp/codeql_databases/javascript/results/codeql/javascript-queries/Security/CWE-730/RegExpInjection.bqrs.
CodeQL (javascript-typescript)	Analyze	2026-09-03T08:13:46.9167749Z Interpreted pathproblem query "Server crash" (js/server-crash) at path /home/runner/work/_temp/codeql_databases/javascript/results/codeql/javascript-queries/Security/CWE-730/ServerCrash.bqrs.
CodeQL (javascript-typescript)	Analyze	2026-09-03T08:13:46.9171364Z Interpreted pathproblem query "Shell command built from environment values" (js/shell-command-injection-from-environment) at path /home/runner/work/_temp/codeql_databases/javascript/results/codeql/javascript-queries/Security/CWE-078/ShellCommandInjectionFromEnvironment.bqrs.
CodeQL (javascript-typescript)	Analyze	2026-09-03T08:13:46.9188266Z Interpreted pathproblem query "Unsafe shell command constructed from library input" (js/shell-command-constructed-from-input) at path /home/runner/work/_temp/codeql_databases/javascript/results/codeql/javascript-queries/Security/CWE-078/UnsafeShellCommandConstruction.bqrs.
CodeQL (javascript-typescript)	Analyze	2026-09-03T08:13:46.9219692Z Interpreted pathproblem query "Uncontrolled command line" (js/command-line-injection) at path /home/runner/work/_temp/codeql_databases/javascript/results/codeql/javascript-queries/Security/CWE-078/CommandInjection.bqrs.
CodeQL (javascript-typescript)	Analyze	2026-09-03T08:13:46.9241794Z Interpreted problem query "Unnecessary use of `cat` process" (js/unnecessary-use-of-cat) at path /home/runner/work/_temp/codeql_databases/javascript/results/codeql/javascript-queries/Security/CWE-078/UselessUseOfCat.bqrs.
CodeQL (javascript-typescript)	Analyze	2026-09-03T08:13:46.9244592Z Interpreted pathproblem query "Second order command injection" (js/second-order-command-line-injection) at path /home/runner/work/_temp/codeql_databases/javascript/results/codeql/javascript-queries/Security/CWE-078/SecondOrderCommandInjection.bqrs.
CodeQL (javascript-typescript)	Analyze	2026-09-03T08:13:46.9246355Z Interpreted problem query "Incomplete URL scheme check" (js/incomplete-url-scheme-check) at path /home/runner/work/_temp/codeql_databases/javascript/results/codeql/javascript-queries/Security/CWE-020/IncompleteUrlSchemeCheck.bqrs.
CodeQL (javascript-typescript)	Analyze	2026-09-03T08:13:46.9248190Z Interpreted problem query "Incorrect suffix check" (js/incorrect-suffix-check) at path /home/runner/work/_temp/codeql_databases/javascript/results/codeql/javascript-queries/Security/CWE-020/IncorrectSuffixCheck.bqrs.
CodeQL (javascript-typescript)	Analyze	2026-09-03T08:13:46.9249844Z Interpreted problem query "Incomplete regular expression for hostnames" (js/incomplete-hostname-regexp) at path /home/runner/work/_temp/codeql_databases/javascript/results/codeql/javascript-queries/Security/CWE-020/IncompleteHostnameRegExp.bqrs.
CodeQL (javascript-typescript)	Analyze	2026-09-03T08:13:46.9252422Z Interpreted problem query "Useless regular-expression character escape" (js/useless-regexp-character-escape) at path /home/runner/work/_temp/codeql_databases/javascript/results/codeql/javascript-queries/Security/CWE-020/UselessRegExpCharacterEscape.bqrs.
CodeQL (javascript-typescript)	Analyze	2026-09-03T08:13:46.9254142Z Interpreted problem query "Overly permissive regular expression range" (js/overly-large-range) at path /home/runner/work/_temp/codeql_databases/javascript/results/codeql/javascript-queries/Security/CWE-020/OverlyLargeRange.bqrs.
CodeQL (javascript-typescript)	Analyze	2026-09-03T08:13:46.9255906Z Interpreted problem query "Incomplete URL substring sanitization" (js/incomplete-url-substring-sanitization) at path /home/runner/work/_temp/codeql_databases/javascript/results/codeql/javascript-queries/Security/CWE-020/IncompleteUrlSubstringSanitization.bqrs.
CodeQL (javascript-typescript)	Analyze	2026-09-03T08:13:46.9258026Z Interpreted pathproblem query "Resources exhaustion from deep object traversal" (js/resource-exhaustion-from-deep-object-traversal) at path /home/runner/work/_temp/codeql_databases/javascript/results/codeql/javascript-queries/Security/CWE-400/DeepObjectResourceExhaustion.bqrs.
CodeQL (javascript-typescript)	Analyze	2026-09-03T08:13:46.9259733Z Interpreted pathproblem query "XPath injection" (js/xpath-injection) at path /home/runner/work/_temp/codeql_databases/javascript/results/codeql/javascript-queries/Security/CWE-643/XpathInjection.bqrs.
CodeQL (javascript-typescript)	Analyze	2026-09-03T08:13:46.9261623Z Interpreted pathproblem query "Unvalidated dynamic method call" (js/unvalidated-dynamic-method-call) at path /home/runner/work/_temp/codeql_databases/javascript/results/codeql/javascript-queries/Security/CWE-754/UnvalidatedDynamicMethodCall.bqrs.
CodeQL (javascript-typescript)	Analyze	2026-09-03T08:13:46.9263369Z Interpreted pathproblem query "Prototype-polluting merge call" (js/prototype-pollution) at path /home/runner/work/_temp/codeql_databases/javascript/results/codeql/javascript-queries/Security/CWE-915/PrototypePollutingMergeCall.bqrs.
CodeQL (javascript-typescript)	Analyze	2026-09-03T08:13:46.9265073Z Interpreted pathproblem query "Prototype-polluting function" (js/prototype-pollution-utility) at path /home/runner/work/_temp/codeql_databases/javascript/results/codeql/javascript-queries/Security/CWE-915/PrototypePollutingFunction.bqrs.
CodeQL (javascript-typescript)	Analyze	2026-09-03T08:13:46.9266800Z Interpreted pathproblem query "Prototype-polluting assignment" (js/prototype-polluting-assignment) at path /home/runner/work/_temp/codeql_databases/javascript/results/codeql/javascript-queries/Security/CWE-915/PrototypePollutingAssignment.bqrs.
CodeQL (javascript-typescript)	Analyze	2026-09-03T08:13:46.9268528Z Interpreted pathproblem query "Deserialization of user-controlled data" (js/unsafe-deserialization) at path /home/runner/work/_temp/codeql_databases/javascript/results/codeql/javascript-queries/Security/CWE-502/UnsafeDeserialization.bqrs.
CodeQL (javascript-typescript)	Analyze	2026-09-03T08:13:46.9270780Z Interpreted pathproblem query "Client-side URL redirect" (js/client-side-unvalidated-url-redirection) at path /home/runner/work/_temp/codeql_databases/javascript/results/codeql/javascript-queries/Security/CWE-601/ClientSideUrlRedirect.bqrs.
CodeQL (javascript-typescript)	Analyze	2026-09-03T08:13:46.9274094Z Interpreted pathproblem query "Server-side URL redirect" (js/server-side-unvalidated-url-redirection) at path /home/runner/work/_temp/codeql_databases/javascript/results/codeql/javascript-queries/Security/CWE-601/ServerSideUrlRedirect.bqrs.
CodeQL (javascript-typescript)	Analyze	2026-09-03T08:13:46.9291266Z Interpreted problem query "Disabling certificate validation" (js/disabling-certificate-validation) at path /home/runner/work/_temp/codeql_databases/javascript/results/codeql/javascript-queries/Security/CWE-295/DisablingCertificateValidation.bqrs.
CodeQL (javascript-typescript)	Analyze	2026-09-03T08:13:46.9294416Z Interpreted pathproblem query "XML internal entity expansion" (js/xml-bomb) at path /home/runner/work/_temp/codeql_databases/javascript/results/codeql/javascript-queries/Security/CWE-776/XmlBomb.bqrs.
CodeQL (javascript-typescript)	Analyze	2026-09-03T08:13:46.9296961Z Interpreted pathproblem query "XML external entity expansion" (js/xxe) at path /home/runner/work/_temp/codeql_databases/javascript/results/codeql/javascript-queries/Security/CWE-611/Xxe.bqrs.
CodeQL (javascript-typescript)	Analyze	2026-09-03T08:13:46.9300851Z Interpreted pathproblem query "Server-side request forgery" (js/request-forgery) at path /home/runner/work/_temp/codeql_databases/javascript/results/codeql/javascript-queries/Security/CWE-918/RequestForgery.bqrs.
CodeQL (javascript-typescript)	Analyze	2026-09-03T08:13:46.9304041Z Interpreted pathproblem query "Use of password hash with insufficient computational effort" (js/insufficient-password-hash) at path /home/runner/work/_temp/codeql_databases/javascript/results/codeql/javascript-queries/Security/CWE-916/InsufficientPasswordHash.bqrs.
CodeQL (javascript-typescript)	Analyze	2026-09-03T08:13:46.9307059Z Interpreted pathproblem query "Client-side cross-site scripting" (js/xss) at path /home/runner/work/_temp/codeql_databases/javascript/results/codeql/javascript-queries/Security/CWE-079/Xss.bqrs.
CodeQL (javascript-typescript)	Analyze	2026-09-03T08:13:46.9310496Z Interpreted pathproblem query "DOM text reinterpreted as HTML" (js/xss-through-dom) at path /home/runner/work/_temp/codeql_databases/javascript/results/codeql/javascript-queries/Security/CWE-079/XssThroughDom.bqrs.
CodeQL (javascript-typescript)	Analyze	2026-09-03T08:13:46.9314225Z Interpreted pathproblem query "Stored cross-site scripting" (js/stored-xss) at path /home/runner/work/_temp/codeql_databases/javascript/results/codeql/javascript-queries/Security/CWE-079/StoredXss.bqrs.
CodeQL (javascript-typescript)	Analyze	2026-09-03T08:13:46.9317133Z Interpreted pathproblem query "Unsafe HTML constructed from library input" (js/html-constructed-from-input) at path /home/runner/work/_temp/codeql_databases/javascript/results/codeql/javascript-queries/Security/CWE-079/UnsafeHtmlConstruction.bqrs.
CodeQL (javascript-typescript)	Analyze	2026-09-03T08:13:46.9320325Z Interpreted pathproblem query "Reflected cross-site scripting" (js/reflected-xss) at path /home/runner/work/_temp/codeql_databases/javascript/results/codeql/javascript-queries/Security/CWE-079/ReflectedXss.bqrs.
CodeQL (javascript-typescript)	Analyze	2026-09-03T08:13:46.9323067Z Interpreted pathproblem query "Unsafe jQuery plugin" (js/unsafe-jquery-plugin) at path /home/runner/work/_temp/codeql_databases/javascript/results/codeql/javascript-queries/Security/CWE-079/UnsafeJQueryPlugin.bqrs.
CodeQL (javascript-typescript)	Analyze	2026-09-03T08:13:46.9325884Z Interpreted pathproblem query "Exception text reinterpreted as HTML" (js/xss-through-exception) at path /home/runner/work/_temp/codeql_databases/javascript/results/codeql/javascript-queries/Security/CWE-079/ExceptionXss.bqrs.
CodeQL (javascript-typescript)	Analyze	2026-09-03T08:13:46.9329135Z Interpreted pathproblem query "Host header poisoning in email generation" (js/host-header-forgery-in-email-generation) at path /home/runner/work/_temp/codeql_databases/javascript/results/codeql/javascript-queries/Security/CWE-640/HostHeaderPoisoningInEmailGeneration.bqrs.
CodeQL (javascript-typescript)	Analyze	2026-09-03T08:13:46.9332781Z Interpreted problem query "Double escaping or unescaping" (js/double-escaping) at path /home/runner/work/_temp/codeql_databases/javascript/results/codeql/javascript-queries/Security/CWE-116/DoubleEscaping.bqrs.
CodeQL (javascript-typescript)	Analyze	2026-09-03T08:13:46.9335707Z Interpreted problem query "Unsafe expansion of self-closing HTML tag" (js/unsafe-html-expansion) at path /home/runner/work/_temp/codeql_databases/javascript/results/codeql/javascript-queries/Security/CWE-116/UnsafeHtmlExpansion.bqrs.
CodeQL (javascript-typescript)	Analyze	2026-09-03T08:13:46.9339121Z Interpreted problem query "Incomplete multi-character sanitization" (js/incomplete-multi-character-sanitization) at path /home/runner/work/_temp/codeql_databases/javascript/results/codeql/javascript-queries/Security/CWE-116/IncompleteMultiCharacterSanitization.bqrs.
CodeQL (javascript-typescript)	Analyze	2026-09-03T08:13:46.9342472Z Interpreted problem query "Bad HTML filtering regexp" (js/bad-tag-filter) at path /home/runner/work/_temp/codeql_databases/javascript/results/codeql/javascript-queries/Security/CWE-116/BadTagFilter.bqrs.
CodeQL (javascript-typescript)	Analyze	2026-09-03T08:13:46.9345763Z Interpreted pathproblem query "Incomplete HTML attribute sanitization" (js/incomplete-html-attribute-sanitization) at path /home/runner/work/_temp/codeql_databases/javascript/results/codeql/javascript-queries/Security/CWE-116/IncompleteHtmlAttributeSanitization.bqrs.
CodeQL (javascript-typescript)	Analyze	2026-09-03T08:13:46.9349140Z Interpreted problem query "Incomplete string escaping or encoding" (js/incomplete-sanitization) at path /home/runner/work/_temp/codeql_databases/javascript/results/codeql/javascript-queries/Security/CWE-116/IncompleteSanitization.bqrs.
CodeQL (javascript-typescript)	Analyze	2026-09-03T08:13:46.9352434Z Interpreted problem query "Use of a weak cryptographic key" (js/insufficient-key-size) at path /home/runner/work/_temp/codeql_databases/javascript/results/codeql/javascript-queries/Security/CWE-326/InsufficientKeySize.bqrs.
CodeQL (javascript-typescript)	Analyze	2026-09-03T08:13:46.9355389Z Interpreted pathproblem query "System prompt injection" (js/system-prompt-injection) at path /home/runner/work/_temp/codeql_databases/javascript/results/codeql/javascript-queries/Security/CWE-1427/SystemPromptInjection.bqrs.
CodeQL (javascript-typescript)	Analyze	2026-09-03T08:13:46.9358312Z Interpreted problem query "Clear text transmission of sensitive cookie" (js/clear-text-cookie) at path /home/runner/work/_temp/codeql_databases/javascript/results/codeql/javascript-queries/Security/CWE-614/ClearTextCookie.bqrs.
CodeQL (javascript-typescript)	Analyze	2026-09-03T08:13:46.9361809Z Interpreted pathproblem query "CORS misconfiguration for credentials transfer" (js/cors-misconfiguration-for-credentials) at path /home/runner/work/_temp/codeql_databases/javascript/results/codeql/javascript-queries/Security/CWE-346/CorsMisconfigurationForCredentials.bqrs.
CodeQL (javascript-typescript)	Analyze	2026-09-03T08:13:46.9365511Z Interpreted problem query "Missing CSRF middleware" (js/missing-token-validation) at path /home/runner/work/_temp/codeql_databases/javascript/results/codeql/javascript-queries/Security/CWE-352/MissingCsrfMiddleware.bqrs.
CodeQL (javascript-typescript)	Analyze	2026-09-03T08:13:46.9368487Z Interpreted problem query "Sensitive server cookie exposed to the client" (js/client-exposed-cookie) at path /home/runner/work/_temp/codeql_databases/javascript/results/codeql/javascript-queries/Security/CWE-1004/ClientExposedCookie.bqrs.
CodeQL (javascript-typescript)	Analyze	2026-09-03T08:13:46.9371622Z Interpreted pathproblem query "Loop bound injection" (js/loop-bound-injection) at path /home/runner/work/_temp/codeql_databases/javascript/results/codeql/javascript-queries/Security/CWE-834/LoopBoundInjection.bqrs.
CodeQL (javascript-typescript)	Analyze	2026-09-03T08:13:46.9374758Z Interpreted problem query "Untrusted domain used in script or other content" (js/functionality-from-untrusted-domain) at path /home/runner/work/_temp/codeql_databases/javascript/results/codeql/javascript-queries/Security/CWE-830/FunctionalityFromUntrustedDomain.bqrs.
CodeQL (javascript-typescript)	Analyze	2026-09-03T08:13:46.9378243Z Interpreted problem query "Inclusion of functionality from an untrusted source" (js/functionality-from-untrusted-source) at path /home/runner/work/_temp/codeql_databases/javascript/results/codeql/javascript-queries/Security/CWE-830/FunctionalityFromUntrustedSource.bqrs.
CodeQL (javascript-typescript)	Analyze	2026-09-03T08:13:46.9381673Z Interpreted pathproblem query "Template Object Injection" (js/template-object-injection) at path /home/runner/work/_temp/codeql_databases/javascript/results/codeql/javascript-queries/Security/CWE-073/TemplateObjectInjection.bqrs.
CodeQL (javascript-typescript)	Analyze	2026-09-03T08:13:46.9384728Z Interpreted pathproblem query "Use of externally-controlled format string" (js/tainted-format-string) at path /home/runner/work/_temp/codeql_databases/javascript/results/codeql/javascript-queries/Security/CWE-134/TaintedFormatString.bqrs.
CodeQL (javascript-typescript)	Analyze	2026-09-03T08:13:46.9388036Z Interpreted problem query "Insecure configuration of Helmet security middleware" (js/insecure-helmet-configuration) at path /home/runner/work/_temp/codeql_databases/javascript/results/codeql/javascript-queries/Security/CWE-693/InsecureHelmet.bqrs.
CodeQL (javascript-typescript)	Analyze	2026-09-03T08:13:46.9391909Z Interpreted pathproblem query "Type confusion through parameter tampering" (js/type-confusion-through-parameter-tampering) at path /home/runner/work/_temp/codeql_databases/javascript/results/codeql/javascript-queries/Security/CWE-843/TypeConfusionThroughParameterTampering.bqrs.
CodeQL (javascript-typescript)	Analyze	2026-09-03T08:13:46.9395734Z Interpreted problem query "Case-sensitive middleware path" (js/case-sensitive-middleware-path) at path /home/runner/work/_temp/codeql_databases/javascript/results/codeql/javascript-queries/Security/CWE-178/CaseSensitiveMiddlewarePath.bqrs.
CodeQL (javascript-typescript)	Analyze	2026-09-03T08:13:46.9398769Z Interpreted pathproblem query "Insecure randomness" (js/insecure-randomness) at path /home/runner/work/_temp/codeql_databases/javascript/results/codeql/javascript-queries/Security/CWE-338/InsecureRandomness.bqrs.
CodeQL (javascript-typescript)	Analyze	2026-09-03T08:13:46.9401947Z Interpreted problem query "JWT missing secret or public key verification" (js/jwt-missing-verification) at path /home/runner/work/_temp/codeql_databases/javascript/results/codeql/javascript-queries/Security/CWE-347/MissingJWTKeyVerification.bqrs.
CodeQL (javascript-typescript)	Analyze	2026-09-03T08:13:46.9405162Z Interpreted problem query "Dependency download using unencrypted communication channel" (js/insecure-dependency) at path /home/runner/work/_temp/codeql_databases/javascript/results/codeql/javascript-queries/Security/CWE-300/InsecureDependencyResolution.bqrs.
CodeQL (javascript-typescript)	Analyze	2026-09-03T08:13:46.9408396Z Interpreted pathproblem query "Arbitrary file access during archive extraction ("Zip Slip")" (js/zipslip) at path /home/runner/work/_temp/codeql_databases/javascript/results/codeql/javascript-queries/Security/CWE-022/ZipSlip.bqrs.
CodeQL (javascript-typescript)	Analyze	2026-09-03T08:13:46.9411543Z Interpreted pathproblem query "Uncontrolled data used in path expression" (js/path-injection) at path /home/runner/work/_temp/codeql_databases/javascript/results/codeql/javascript-queries/Security/CWE-022/TaintedPath.bqrs.
CodeQL (javascript-typescript)	Analyze	2026-09-03T08:13:46.9414884Z Interpreted pathproblem query "Use of a broken or weak cryptographic algorithm" (js/weak-cryptographic-algorithm) at path /home/runner/work/_temp/codeql_databases/javascript/results/codeql/javascript-queries/Security/CWE-327/BrokenCryptoAlgorithm.bqrs.
CodeQL (javascript-typescript)	Analyze	2026-09-03T08:13:46.9418253Z Interpreted problem query "Creating biased random numbers from a cryptographically secure source" (js/biased-cryptographic-random) at path /home/runner/work/_temp/codeql_databases/javascript/results/codeql/javascript-queries/Security/CWE-327/BadRandomness.bqrs.
CodeQL (javascript-typescript)	Analyze	2026-09-03T08:13:46.9421555Z Interpreted problem query "Missing rate limiting" (js/missing-rate-limiting) at path /home/runner/work/_temp/codeql_databases/javascript/results/codeql/javascript-queries/Security/CWE-770/MissingRateLimiting.bqrs.
CodeQL (javascript-typescript)	Analyze	2026-09-03T08:13:46.9424311Z Interpreted pathproblem query "Resource exhaustion" (js/resource-exhaustion) at path /home/runner/work/_temp/codeql_databases/javascript/results/codeql/javascript-queries/Security/CWE-770/ResourceExhaustion.bqrs.
CodeQL (javascript-typescript)	Analyze	2026-09-03T08:13:46.9427070Z Interpreted problem query "Replacement of a substring with itself" (js/identity-replacement) at path /home/runner/work/_temp/codeql_databases/javascript/results/codeql/javascript-queries/RegExp/IdentityReplacement.bqrs.
CodeQL (javascript-typescript)	Analyze	2026-09-03T08:13:46.9429799Z Interpreted diagnostic query "Extraction errors" (js/diagnostics/extraction-errors) at path /home/runner/work/_temp/codeql_databases/javascript/results/codeql/javascript-queries/Diagnostics/ExtractionErrors.bqrs.
CodeQL (javascript-typescript)	Analyze	2026-09-03T08:13:46.9432842Z Interpreted diagnostic query "Extracted files" (js/diagnostics/successfully-extracted-files) at path /home/runner/work/_temp/codeql_databases/javascript/results/codeql/javascript-queries/Diagnostics/ExtractedFiles.bqrs.
CodeQL (javascript-typescript)	Analyze	2026-09-03T08:13:46.9435944Z Interpreted metric query "Total lines of user written JavaScript and TypeScript code in the database" (js/summary/lines-of-user-code) at path /home/runner/work/_temp/codeql_databases/javascript/results/codeql/javascript-queries/Summary/LinesOfUserCode.bqrs.
CodeQL (javascript-typescript)	Analyze	2026-09-03T08:13:46.9439184Z Interpreted metric query "Total lines of JavaScript and TypeScript code in the database" (js/summary/lines-of-code) at path /home/runner/work/_temp/codeql_databases/javascript/results/codeql/javascript-queries/Summary/LinesOfCode.bqrs.
CodeQL (javascript-typescript)	Analyze	2026-09-03T08:13:46.9441446Z Reading source archive /home/runner/work/_temp/codeql_databases/javascript/src.zip
CodeQL (javascript-typescript)	Analyze	2026-09-03T08:13:47.1101196Z Loaded file baseline information.
CodeQL (javascript-typescript)	Analyze	2026-09-03T08:13:47.1221100Z Interpreting file coverage baseline information
CodeQL (javascript-typescript)	Analyze	2026-09-03T08:13:47.1250763Z Finished interpreting file coverage baseline information.
CodeQL (javascript-typescript)	Analyze	2026-09-03T08:13:47.1263426Z Interpreting diagnostic messages...
CodeQL (javascript-typescript)	Analyze	2026-09-03T08:13:47.1264247Z Found 0 raw diagnostic messages.
CodeQL (javascript-typescript)	Analyze	2026-09-03T08:13:47.1268026Z Processed diagnostic messages (removed 0 due to limits, created 0 summary diagnostics for status page).
CodeQL (javascript-typescript)	Analyze	2026-09-03T08:13:47.1292754Z Interpreted diagnostic messages (3ms).
CodeQL (javascript-typescript)	Analyze	2026-09-03T08:13:47.3123944Z Exporting results to SARIF...
CodeQL (javascript-typescript)	Analyze	2026-09-03T08:13:47.5548850Z Exported results to SARIF (242ms).
CodeQL (javascript-typescript)	Analyze	2026-09-03T08:13:47.5856246Z ##[endgroup]
CodeQL (javascript-typescript)	Analyze	2026-09-03T08:13:47.5858244Z CodeQL scanned 122 out of 122 JavaScript files and 4 out of 4 GitHub Actions files in this invocation. Check the status page for overall coverage information: https://github.com/link-foundation/start/security/code-scanning/tools/CodeQL/status/
CodeQL (javascript-typescript)	Analyze	2026-09-03T08:13:47.5860756Z 
CodeQL (javascript-typescript)	Analyze	2026-09-03T08:13:47.5861864Z To speed up pull request analysis, file coverage information is only enabled when analyzing the default branch and protected branches.
CodeQL (javascript-typescript)	Analyze	2026-09-03T08:13:47.5870964Z Post-processing sarif files: ["/home/runner/work/start/results/javascript.sarif"]
CodeQL (javascript-typescript)	Analyze	2026-09-03T08:13:47.5920665Z Adding fingerprints to SARIF file. See https://docs.github.com/en/code-security/reference/code-scanning/sarif-support-for-code-scanning#data-for-preventing-duplicated-alerts for more information.
CodeQL (javascript-typescript)	Analyze	2026-09-03T08:13:47.5923977Z ##[group]Uploading code scanning results
CodeQL (javascript-typescript)	Analyze	2026-09-03T08:13:47.6240089Z Uploading results
CodeQL (javascript-typescript)	Analyze	2026-09-03T08:13:48.2832443Z Successfully uploaded results
CodeQL (javascript-typescript)	Analyze	2026-09-03T08:13:48.2833411Z ##[endgroup]
CodeQL (javascript-typescript)	Analyze	2026-09-03T08:13:48.2946700Z ##[group]Waiting for processing to finish
CodeQL (javascript-typescript)	Analyze	2026-09-03T08:13:53.5327629Z Analysis upload status is complete.
CodeQL (javascript-typescript)	Analyze	2026-09-03T08:13:53.5328593Z ##[endgroup]
CodeQL (javascript-typescript)	Post Analyze	﻿2026-09-03T08:13:53.7596370Z Post job cleanup.
CodeQL (javascript-typescript)	Post Initialize CodeQL	﻿2026-09-03T08:13:54.0303136Z Post job cleanup.
CodeQL (javascript-typescript)	Post Initialize CodeQL	2026-09-03T08:13:54.3090757Z CodeQL job status was success.
CodeQL (javascript-typescript)	Post Initialize CodeQL	2026-09-03T08:13:54.3155737Z Sending status report for init-post step.
CodeQL (javascript-typescript)	Post Initialize CodeQL	2026-09-03T08:13:54.6096762Z Status report sent for init-post step.
CodeQL (javascript-typescript)	Post Run actions/checkout@v6	﻿2026-09-03T08:13:54.6551468Z Post job cleanup.
CodeQL (javascript-typescript)	Post Run actions/checkout@v6	2026-09-03T08:13:54.7422234Z [command]/usr/bin/git version
CodeQL (javascript-typescript)	Post Run actions/checkout@v6	2026-09-03T08:13:54.7466395Z git version 2.55.0
CodeQL (javascript-typescript)	Post Run actions/checkout@v6	2026-09-03T08:13:54.7512782Z Temporarily overriding HOME='/home/runner/work/_temp/6b014ef7-c2e4-4cb3-b072-4a622d991406' before making global git config changes
CodeQL (javascript-typescript)	Post Run actions/checkout@v6	2026-09-03T08:13:54.7515792Z Adding repository directory to the temporary git global config as a safe directory
CodeQL (javascript-typescript)	Post Run actions/checkout@v6	2026-09-03T08:13:54.7520315Z [command]/usr/bin/git config --global --add safe.directory /home/runner/work/start/start
CodeQL (javascript-typescript)	Post Run actions/checkout@v6	2026-09-03T08:13:54.7552842Z Removing SSH command configuration
CodeQL (javascript-typescript)	Post Run actions/checkout@v6	2026-09-03T08:13:54.7560112Z [command]/usr/bin/git config --local --name-only --get-regexp core\.sshCommand
CodeQL (javascript-typescript)	Post Run actions/checkout@v6	2026-09-03T08:13:54.7598349Z [command]/usr/bin/git submodule foreach --recursive sh -c "git config --local --name-only --get-regexp 'core\.sshCommand' && git config --local --unset-all 'core.sshCommand' || :"
CodeQL (javascript-typescript)	Post Run actions/checkout@v6	2026-09-03T08:13:54.7849352Z Removing HTTP extra header
CodeQL (javascript-typescript)	Post Run actions/checkout@v6	2026-09-03T08:13:54.7855711Z [command]/usr/bin/git config --local --name-only --get-regexp http\.https\:\/\/github\.com\/\.extraheader
CodeQL (javascript-typescript)	Post Run actions/checkout@v6	2026-09-03T08:13:54.7896992Z [command]/usr/bin/git submodule foreach --recursive sh -c "git config --local --name-only --get-regexp 'http\.https\:\/\/github\.com\/\.extraheader' && git config --local --unset-all 'http.https://github.com/.extraheader' || :"
CodeQL (javascript-typescript)	Post Run actions/checkout@v6	2026-09-03T08:13:54.8156173Z Removing includeIf entries pointing to credentials config files
CodeQL (javascript-typescript)	Post Run actions/checkout@v6	2026-09-03T08:13:54.8168664Z [command]/usr/bin/git config --local --name-only --get-regexp ^includeIf\.gitdir:
CodeQL (javascript-typescript)	Post Run actions/checkout@v6	2026-09-03T08:13:54.8200230Z includeif.gitdir:/home/runner/work/start/start/.git.path
CodeQL (javascript-typescript)	Post Run actions/checkout@v6	2026-09-03T08:13:54.8201562Z includeif.gitdir:/home/runner/work/start/start/.git/worktrees/*.path
CodeQL (javascript-typescript)	Post Run actions/checkout@v6	2026-09-03T08:13:54.8202790Z includeif.gitdir:/github/workspace/.git.path
CodeQL (javascript-typescript)	Post Run actions/checkout@v6	2026-09-03T08:13:54.8203634Z includeif.gitdir:/github/workspace/.git/worktrees/*.path
CodeQL (javascript-typescript)	Post Run actions/checkout@v6	2026-09-03T08:13:54.8212869Z [command]/usr/bin/git config --local --get-all includeif.gitdir:/home/runner/work/start/start/.git.path
CodeQL (javascript-typescript)	Post Run actions/checkout@v6	2026-09-03T08:13:54.8242135Z /home/runner/work/_temp/git-credentials-da1df6be-2b45-40e2-b105-8479fd0c9129.config
CodeQL (javascript-typescript)	Post Run actions/checkout@v6	2026-09-03T08:13:54.8256197Z [command]/usr/bin/git config --local --unset includeif.gitdir:/home/runner/work/start/start/.git.path /home/runner/work/_temp/git-credentials-da1df6be-2b45-40e2-b105-8479fd0c9129.config
CodeQL (javascript-typescript)	Post Run actions/checkout@v6	2026-09-03T08:13:54.8338626Z [command]/usr/bin/git config --local --get-all includeif.gitdir:/home/runner/work/start/start/.git/worktrees/*.path
CodeQL (javascript-typescript)	Post Run actions/checkout@v6	2026-09-03T08:13:54.8366486Z /home/runner/work/_temp/git-credentials-da1df6be-2b45-40e2-b105-8479fd0c9129.config
CodeQL (javascript-typescript)	Post Run actions/checkout@v6	2026-09-03T08:13:54.8377946Z [command]/usr/bin/git config --local --unset includeif.gitdir:/home/runner/work/start/start/.git/worktrees/*.path /home/runner/work/_temp/git-credentials-da1df6be-2b45-40e2-b105-8479fd0c9129.config
CodeQL (javascript-typescript)	Post Run actions/checkout@v6	2026-09-03T08:13:54.8417873Z [command]/usr/bin/git config --local --get-all includeif.gitdir:/github/workspace/.git.path
CodeQL (javascript-typescript)	Post Run actions/checkout@v6	2026-09-03T08:13:54.8446218Z /github/runner_temp/git-credentials-da1df6be-2b45-40e2-b105-8479fd0c9129.config
CodeQL (javascript-typescript)	Post Run actions/checkout@v6	2026-09-03T08:13:54.8457477Z [command]/usr/bin/git config --local --unset includeif.gitdir:/github/workspace/.git.path /github/runner_temp/git-credentials-da1df6be-2b45-40e2-b105-8479fd0c9129.config
CodeQL (javascript-typescript)	Post Run actions/checkout@v6	2026-09-03T08:13:54.8497439Z [command]/usr/bin/git config --local --get-all includeif.gitdir:/github/workspace/.git/worktrees/*.path
CodeQL (javascript-typescript)	Post Run actions/checkout@v6	2026-09-03T08:13:54.8524031Z /github/runner_temp/git-credentials-da1df6be-2b45-40e2-b105-8479fd0c9129.config
CodeQL (javascript-typescript)	Post Run actions/checkout@v6	2026-09-03T08:13:54.8540679Z [command]/usr/bin/git config --local --unset includeif.gitdir:/github/workspace/.git/worktrees/*.path /github/runner_temp/git-credentials-da1df6be-2b45-40e2-b105-8479fd0c9129.config
CodeQL (javascript-typescript)	Post Run actions/checkout@v6	2026-09-03T08:13:54.8577766Z [command]/usr/bin/git submodule foreach --recursive git config --local --show-origin --name-only --get-regexp remote.origin.url
CodeQL (javascript-typescript)	Post Run actions/checkout@v6	2026-09-03T08:13:54.8800298Z Removing credentials config '/home/runner/work/_temp/git-credentials-da1df6be-2b45-40e2-b105-8479fd0c9129.config'
CodeQL (javascript-typescript)	Complete job	﻿2026-09-03T08:13:54.8947098Z Cleaning up orphan processes
CodeQL (rust)	Set up job	﻿2026-09-03T08:12:45.6744516Z Current runner version: '2.337.0'
CodeQL (rust)	Set up job	2026-09-03T08:12:45.6772149Z ##[group]Runner Image Provisioner
CodeQL (rust)	Set up job	2026-09-03T08:12:45.6773371Z Hosted Compute Agent
CodeQL (rust)	Set up job	2026-09-03T08:12:45.6774073Z Version: 20260828.587
CodeQL (rust)	Set up job	2026-09-03T08:12:45.6774830Z Commit: abac92662cab4cc7352de4f9f9d2e2419aad9c29
CodeQL (rust)	Set up job	2026-09-03T08:12:45.6775580Z Build Date: 2026-08-28T16:44:25Z
CodeQL (rust)	Set up job	2026-09-03T08:12:45.6776379Z Worker ID: {601e1780-5fe1-4b3f-8cf1-b3d3ff699bbd}
CodeQL (rust)	Set up job	2026-09-03T08:12:45.6777160Z Azure Region: eastus2
CodeQL (rust)	Set up job	2026-09-03T08:12:45.6777797Z ##[endgroup]
CodeQL (rust)	Set up job	2026-09-03T08:12:45.6779595Z ##[group]Operating System
CodeQL (rust)	Set up job	2026-09-03T08:12:45.6780256Z Ubuntu
CodeQL (rust)	Set up job	2026-09-03T08:12:45.6780883Z 24.04.4
CodeQL (rust)	Set up job	2026-09-03T08:12:45.6781464Z LTS
CodeQL (rust)	Set up job	2026-09-03T08:12:45.6782194Z ##[endgroup]
CodeQL (rust)	Set up job	2026-09-03T08:12:45.6782845Z ##[group]Runner Image
CodeQL (rust)	Set up job	2026-09-03T08:12:45.6783525Z Image: ubuntu-24.04
CodeQL (rust)	Set up job	2026-09-03T08:12:45.6784182Z Version: 20260831.293.1
CodeQL (rust)	Set up job	2026-09-03T08:12:45.6785308Z Included Software: https://github.com/actions/runner-images/blob/ubuntu24/20260831.293/images/ubuntu/Ubuntu2404-Readme.md
CodeQL (rust)	Set up job	2026-09-03T08:12:45.6787115Z Image Release: https://github.com/actions/runner-images/releases/tag/ubuntu24%2F20260831.293
CodeQL (rust)	Set up job	2026-09-03T08:12:45.6788135Z ##[endgroup]
CodeQL (rust)	Set up job	2026-09-03T08:12:45.6789563Z ##[group]GITHUB_TOKEN Permissions
CodeQL (rust)	Set up job	2026-09-03T08:12:45.6791935Z Actions: read
CodeQL (rust)	Set up job	2026-09-03T08:12:45.6792687Z Contents: read
CodeQL (rust)	Set up job	2026-09-03T08:12:45.6793274Z Metadata: read
CodeQL (rust)	Set up job	2026-09-03T08:12:45.6793892Z SecurityEvents: write
CodeQL (rust)	Set up job	2026-09-03T08:12:45.6794599Z ##[endgroup]
CodeQL (rust)	Set up job	2026-09-03T08:12:45.6797079Z Secret source: Actions
CodeQL (rust)	Set up job	2026-09-03T08:12:45.6798500Z Prepare workflow directory
CodeQL (rust)	Set up job	2026-09-03T08:12:45.7222209Z Prepare all required actions
CodeQL (rust)	Set up job	2026-09-03T08:12:45.7269635Z Getting action download info
CodeQL (rust)	Set up job	2026-09-03T08:12:45.9586658Z Download action repository 'actions/checkout@v6' (SHA:d23441a48e516b6c34aea4fa41551a30e30af803)
CodeQL (rust)	Set up job	2026-09-03T08:12:46.0736793Z Download action repository 'github/codeql-action@v4' (SHA:cdf488f595d80d6e07e03d4674febd5ab45fa938)
CodeQL (rust)	Set up job	2026-09-03T08:12:46.3123226Z Complete job name: CodeQL (rust)
CodeQL (rust)	Run actions/checkout@v6	﻿2026-09-03T08:12:46.3910747Z ##[group]Run actions/checkout@v6
CodeQL (rust)	Run actions/checkout@v6	2026-09-03T08:12:46.3911809Z with:
CodeQL (rust)	Run actions/checkout@v6	2026-09-03T08:12:46.3912280Z   repository: link-foundation/start
CodeQL (rust)	Run actions/checkout@v6	2026-09-03T08:12:46.3916557Z   token: ***
CodeQL (rust)	Run actions/checkout@v6	2026-09-03T08:12:46.3917010Z   ssh-strict: true
CodeQL (rust)	Run actions/checkout@v6	2026-09-03T08:12:46.3917456Z   ssh-user: git
CodeQL (rust)	Run actions/checkout@v6	2026-09-03T08:12:46.3917905Z   persist-credentials: true
CodeQL (rust)	Run actions/checkout@v6	2026-09-03T08:12:46.3918410Z   clean: true
CodeQL (rust)	Run actions/checkout@v6	2026-09-03T08:12:46.3918855Z   sparse-checkout-cone-mode: true
CodeQL (rust)	Run actions/checkout@v6	2026-09-03T08:12:46.3919380Z   fetch-depth: 1
CodeQL (rust)	Run actions/checkout@v6	2026-09-03T08:12:46.3919818Z   fetch-tags: false
CodeQL (rust)	Run actions/checkout@v6	2026-09-03T08:12:46.3920263Z   show-progress: true
CodeQL (rust)	Run actions/checkout@v6	2026-09-03T08:12:46.3920723Z   lfs: false
CodeQL (rust)	Run actions/checkout@v6	2026-09-03T08:12:46.3921134Z   submodules: false
CodeQL (rust)	Run actions/checkout@v6	2026-09-03T08:12:46.3921699Z   set-safe-directory: true
CodeQL (rust)	Run actions/checkout@v6	2026-09-03T08:12:46.3922206Z   allow-unsafe-pr-checkout: false
CodeQL (rust)	Run actions/checkout@v6	2026-09-03T08:12:46.3922934Z env:
CodeQL (rust)	Run actions/checkout@v6	2026-09-03T08:12:46.3923338Z   GIT_CONFIG_COUNT: 1
CodeQL (rust)	Run actions/checkout@v6	2026-09-03T08:12:46.3923822Z   GIT_CONFIG_KEY_0: init.defaultBranch
CodeQL (rust)	Run actions/checkout@v6	2026-09-03T08:12:46.3924363Z   GIT_CONFIG_VALUE_0: main
CodeQL (rust)	Run actions/checkout@v6	2026-09-03T08:12:46.3924884Z ##[endgroup]
CodeQL (rust)	Run actions/checkout@v6	2026-09-03T08:12:46.4982313Z Syncing repository: link-foundation/start
CodeQL (rust)	Run actions/checkout@v6	2026-09-03T08:12:46.4984653Z ##[group]Getting Git version info
CodeQL (rust)	Run actions/checkout@v6	2026-09-03T08:12:46.4985541Z Working directory is '/home/runner/work/start/start'
CodeQL (rust)	Run actions/checkout@v6	2026-09-03T08:12:46.4986599Z [command]/usr/bin/git version
CodeQL (rust)	Run actions/checkout@v6	2026-09-03T08:12:46.5029288Z git version 2.55.0
CodeQL (rust)	Run actions/checkout@v6	2026-09-03T08:12:46.5061921Z ##[endgroup]
CodeQL (rust)	Run actions/checkout@v6	2026-09-03T08:12:46.5068339Z Temporarily overriding HOME='/home/runner/work/_temp/b2361027-45fa-45fd-b683-8d583eab550c' before making global git config changes
CodeQL (rust)	Run actions/checkout@v6	2026-09-03T08:12:46.5070381Z Adding repository directory to the temporary git global config as a safe directory
CodeQL (rust)	Run actions/checkout@v6	2026-09-03T08:12:46.5074246Z [command]/usr/bin/git config --global --add safe.directory /home/runner/work/start/start
CodeQL (rust)	Run actions/checkout@v6	2026-09-03T08:12:46.5128199Z Deleting the contents of '/home/runner/work/start/start'
CodeQL (rust)	Run actions/checkout@v6	2026-09-03T08:12:46.5132410Z ##[group]Determining repository object format
CodeQL (rust)	Run actions/checkout@v6	2026-09-03T08:12:46.5140444Z ##[endgroup]
CodeQL (rust)	Run actions/checkout@v6	2026-09-03T08:12:46.5154624Z ##[group]Initializing the repository
CodeQL (rust)	Run actions/checkout@v6	2026-09-03T08:12:46.5156138Z [command]/usr/bin/git init /home/runner/work/start/start
CodeQL (rust)	Run actions/checkout@v6	2026-09-03T08:12:46.5229242Z Initialized empty Git repository in /home/runner/work/start/start/.git/
CodeQL (rust)	Run actions/checkout@v6	2026-09-03T08:12:46.5243329Z [command]/usr/bin/git remote add origin https://github.com/link-foundation/start
CodeQL (rust)	Run actions/checkout@v6	2026-09-03T08:12:46.5287761Z ##[endgroup]
CodeQL (rust)	Run actions/checkout@v6	2026-09-03T08:12:46.5289103Z ##[group]Disabling automatic garbage collection
CodeQL (rust)	Run actions/checkout@v6	2026-09-03T08:12:46.5291400Z [command]/usr/bin/git config --local gc.auto 0
CodeQL (rust)	Run actions/checkout@v6	2026-09-03T08:12:46.5324953Z ##[endgroup]
CodeQL (rust)	Run actions/checkout@v6	2026-09-03T08:12:46.5326131Z ##[group]Setting up auth
CodeQL (rust)	Run actions/checkout@v6	2026-09-03T08:12:46.5326928Z Removing SSH command configuration
CodeQL (rust)	Run actions/checkout@v6	2026-09-03T08:12:46.5331913Z [command]/usr/bin/git config --local --name-only --get-regexp core\.sshCommand
CodeQL (rust)	Run actions/checkout@v6	2026-09-03T08:12:46.5369100Z [command]/usr/bin/git submodule foreach --recursive sh -c "git config --local --name-only --get-regexp 'core\.sshCommand' && git config --local --unset-all 'core.sshCommand' || :"
CodeQL (rust)	Run actions/checkout@v6	2026-09-03T08:12:46.5713029Z Removing HTTP extra header
CodeQL (rust)	Run actions/checkout@v6	2026-09-03T08:12:46.5718171Z [command]/usr/bin/git config --local --name-only --get-regexp http\.https\:\/\/github\.com\/\.extraheader
CodeQL (rust)	Run actions/checkout@v6	2026-09-03T08:12:46.5758196Z [command]/usr/bin/git submodule foreach --recursive sh -c "git config --local --name-only --get-regexp 'http\.https\:\/\/github\.com\/\.extraheader' && git config --local --unset-all 'http.https://github.com/.extraheader' || :"
CodeQL (rust)	Run actions/checkout@v6	2026-09-03T08:12:46.6010188Z Removing includeIf entries pointing to credentials config files
CodeQL (rust)	Run actions/checkout@v6	2026-09-03T08:12:46.6017914Z [command]/usr/bin/git config --local --name-only --get-regexp ^includeIf\.gitdir:
CodeQL (rust)	Run actions/checkout@v6	2026-09-03T08:12:46.6058449Z [command]/usr/bin/git submodule foreach --recursive git config --local --show-origin --name-only --get-regexp remote.origin.url
CodeQL (rust)	Run actions/checkout@v6	2026-09-03T08:12:46.6302972Z [command]/usr/bin/git config --file /home/runner/work/_temp/git-credentials-51226a5a-f3d3-45d5-9f1a-0274a129c6b8.config http.https://github.com/.extraheader AUTHORIZATION: basic ***
CodeQL (rust)	Run actions/checkout@v6	2026-09-03T08:12:46.6346248Z [command]/usr/bin/git config --local includeIf.gitdir:/home/runner/work/start/start/.git.path /home/runner/work/_temp/git-credentials-51226a5a-f3d3-45d5-9f1a-0274a129c6b8.config
CodeQL (rust)	Run actions/checkout@v6	2026-09-03T08:12:46.6389781Z [command]/usr/bin/git config --local includeIf.gitdir:/home/runner/work/start/start/.git/worktrees/*.path /home/runner/work/_temp/git-credentials-51226a5a-f3d3-45d5-9f1a-0274a129c6b8.config
CodeQL (rust)	Run actions/checkout@v6	2026-09-03T08:12:46.6434131Z [command]/usr/bin/git config --local includeIf.gitdir:/github/workspace/.git.path /github/runner_temp/git-credentials-51226a5a-f3d3-45d5-9f1a-0274a129c6b8.config
CodeQL (rust)	Run actions/checkout@v6	2026-09-03T08:12:46.6478422Z [command]/usr/bin/git config --local includeIf.gitdir:/github/workspace/.git/worktrees/*.path /github/runner_temp/git-credentials-51226a5a-f3d3-45d5-9f1a-0274a129c6b8.config
CodeQL (rust)	Run actions/checkout@v6	2026-09-03T08:12:46.6512480Z ##[endgroup]
CodeQL (rust)	Run actions/checkout@v6	2026-09-03T08:12:46.6513648Z ##[group]Fetching the repository
CodeQL (rust)	Run actions/checkout@v6	2026-09-03T08:12:46.6522444Z [command]/usr/bin/git -c protocol.version=2 fetch --no-tags --prune --no-recurse-submodules --depth=1 origin +f8b77fcf8a07ec7eb2cd99b9f4f3d57436e90f74:refs/remotes/pull/163/merge
CodeQL (rust)	Run actions/checkout@v6	2026-09-03T08:12:47.2329496Z From https://github.com/link-foundation/start
CodeQL (rust)	Run actions/checkout@v6	2026-09-03T08:12:47.2330883Z  * [new ref]         f8b77fcf8a07ec7eb2cd99b9f4f3d57436e90f74 -> pull/163/merge
CodeQL (rust)	Run actions/checkout@v6	2026-09-03T08:12:47.2363396Z ##[endgroup]
CodeQL (rust)	Run actions/checkout@v6	2026-09-03T08:12:47.2364769Z ##[group]Determining the checkout info
CodeQL (rust)	Run actions/checkout@v6	2026-09-03T08:12:47.2366109Z ##[endgroup]
CodeQL (rust)	Run actions/checkout@v6	2026-09-03T08:12:47.2366903Z [command]/usr/bin/git sparse-checkout disable
CodeQL (rust)	Run actions/checkout@v6	2026-09-03T08:12:47.2403387Z [command]/usr/bin/git config --local --unset-all extensions.worktreeConfig
CodeQL (rust)	Run actions/checkout@v6	2026-09-03T08:12:47.2440491Z ##[group]Checking out the ref
CodeQL (rust)	Run actions/checkout@v6	2026-09-03T08:12:47.2445233Z [command]/usr/bin/git checkout --progress --force refs/remotes/pull/163/merge
CodeQL (rust)	Run actions/checkout@v6	2026-09-03T08:12:47.3259175Z Note: switching to 'refs/remotes/pull/163/merge'.
CodeQL (rust)	Run actions/checkout@v6	2026-09-03T08:12:47.3260473Z 
CodeQL (rust)	Run actions/checkout@v6	2026-09-03T08:12:47.3261184Z You are in 'detached HEAD' state. You can look around, make experimental
CodeQL (rust)	Run actions/checkout@v6	2026-09-03T08:12:47.3262919Z changes and commit them, and you can discard any commits you make in this
CodeQL (rust)	Run actions/checkout@v6	2026-09-03T08:12:47.3264504Z state without impacting any branches by switching back to a branch.
CodeQL (rust)	Run actions/checkout@v6	2026-09-03T08:12:47.3265192Z 
CodeQL (rust)	Run actions/checkout@v6	2026-09-03T08:12:47.3265870Z If you want to create a new branch to retain commits you create, you may
CodeQL (rust)	Run actions/checkout@v6	2026-09-03T08:12:47.3267582Z do so (now or later) by using -c with the switch command. Example:
CodeQL (rust)	Run actions/checkout@v6	2026-09-03T08:12:47.3268660Z 
CodeQL (rust)	Run actions/checkout@v6	2026-09-03T08:12:47.3269159Z   git switch -c <new-branch-name>
CodeQL (rust)	Run actions/checkout@v6	2026-09-03T08:12:47.3269935Z 
CodeQL (rust)	Run actions/checkout@v6	2026-09-03T08:12:47.3270414Z Or undo this operation with:
CodeQL (rust)	Run actions/checkout@v6	2026-09-03T08:12:47.3271092Z 
CodeQL (rust)	Run actions/checkout@v6	2026-09-03T08:12:47.3271735Z   git switch -
CodeQL (rust)	Run actions/checkout@v6	2026-09-03T08:12:47.3272336Z 
CodeQL (rust)	Run actions/checkout@v6	2026-09-03T08:12:47.3273237Z Turn off this advice by setting config variable advice.detachedHead to false
CodeQL (rust)	Run actions/checkout@v6	2026-09-03T08:12:47.3274524Z 
CodeQL (rust)	Run actions/checkout@v6	2026-09-03T08:12:47.3275981Z HEAD is now at f8b77fc Merge e82435a34e19ae7049d05a841b846a38fab8632d into 013a4c8486439e0c74d07ac4f30cd17236705100
CodeQL (rust)	Run actions/checkout@v6	2026-09-03T08:12:47.3280973Z ##[endgroup]
CodeQL (rust)	Run actions/checkout@v6	2026-09-03T08:12:47.3323974Z [command]/usr/bin/git log -1 --format=%H
CodeQL (rust)	Run actions/checkout@v6	2026-09-03T08:12:47.3354956Z f8b77fcf8a07ec7eb2cd99b9f4f3d57436e90f74
CodeQL (rust)	Initialize CodeQL	﻿2026-09-03T08:12:47.3783948Z ##[group]Run github/codeql-action/init@v4
CodeQL (rust)	Initialize CodeQL	2026-09-03T08:12:47.3785160Z with:
CodeQL (rust)	Initialize CodeQL	2026-09-03T08:12:47.3786025Z   languages: rust
CodeQL (rust)	Initialize CodeQL	2026-09-03T08:12:47.3786987Z   analysis-kinds: code-scanning
CodeQL (rust)	Initialize CodeQL	2026-09-03T08:12:47.3795807Z   token: ***
CodeQL (rust)	Initialize CodeQL	2026-09-03T08:12:47.3796746Z   matrix: {
CodeQL (rust)	Initialize CodeQL	  "language": "rust"
CodeQL (rust)	Initialize CodeQL	}
CodeQL (rust)	Initialize CodeQL	2026-09-03T08:12:47.3797839Z   debug: false
CodeQL (rust)	Initialize CodeQL	2026-09-03T08:12:47.3798777Z   check-run-id: 100574270084
CodeQL (rust)	Initialize CodeQL	2026-09-03T08:12:47.3799783Z env:
CodeQL (rust)	Initialize CodeQL	2026-09-03T08:12:47.3800629Z   GIT_CONFIG_COUNT: 1
CodeQL (rust)	Initialize CodeQL	2026-09-03T08:12:47.3801722Z   GIT_CONFIG_KEY_0: init.defaultBranch
CodeQL (rust)	Initialize CodeQL	2026-09-03T08:12:47.3802860Z   GIT_CONFIG_VALUE_0: main
CodeQL (rust)	Initialize CodeQL	2026-09-03T08:12:47.3803847Z ##[endgroup]
CodeQL (rust)	Initialize CodeQL	2026-09-03T08:12:47.6252947Z Job run UUID is faab0432-e263-494e-b38d-c6ac954a5942.
CodeQL (rust)	Initialize CodeQL	2026-09-03T08:12:48.5550889Z ##[group]Setup CodeQL tools
CodeQL (rust)	Initialize CodeQL	2026-09-03T08:12:48.5580285Z [command]/usr/bin/tar --version
CodeQL (rust)	Initialize CodeQL	2026-09-03T08:12:48.5613583Z tar (GNU tar) 1.35
CodeQL (rust)	Initialize CodeQL	2026-09-03T08:12:48.5614119Z Copyright (C) 2023 Free Software Foundation, Inc.
CodeQL (rust)	Initialize CodeQL	2026-09-03T08:12:48.5614847Z License GPLv3+: GNU GPL version 3 or later <https://gnu.org/licenses/gpl.html>.
CodeQL (rust)	Initialize CodeQL	2026-09-03T08:12:48.5615531Z This is free software: you are free to change and redistribute it.
CodeQL (rust)	Initialize CodeQL	2026-09-03T08:12:48.5616001Z There is NO WARRANTY, to the extent permitted by law.
CodeQL (rust)	Initialize CodeQL	2026-09-03T08:12:48.5616266Z 
CodeQL (rust)	Initialize CodeQL	2026-09-03T08:12:48.5616422Z Written by John Gilmore and Jay Fenlason.
CodeQL (rust)	Initialize CodeQL	2026-09-03T08:12:48.5617070Z Found gnu tar version 1.35.
CodeQL (rust)	Initialize CodeQL	2026-09-03T08:12:48.6751939Z No overlay-base databases found in Actions cache.
CodeQL (rust)	Initialize CodeQL	2026-09-03T08:12:48.6759526Z Found CodeQL tools version 2.26.4 in the toolcache.
CodeQL (rust)	Initialize CodeQL	2026-09-03T08:12:48.6760304Z Using CodeQL CLI version 2.26.4 from toolcache at /opt/hostedtoolcache/CodeQL/2.26.4/x64
CodeQL (rust)	Initialize CodeQL	2026-09-03T08:12:49.4564328Z {
CodeQL (rust)	Initialize CodeQL	2026-09-03T08:12:49.4564804Z   "productName": "CodeQL",
CodeQL (rust)	Initialize CodeQL	2026-09-03T08:12:49.4565109Z   "vendor": "GitHub",
CodeQL (rust)	Initialize CodeQL	2026-09-03T08:12:49.4565361Z   "version": "2.26.4",
CodeQL (rust)	Initialize CodeQL	2026-09-03T08:12:49.4565646Z   "sha": "6b1e4dee94adb20f90a671f3fc9e04be32eecf65",
CodeQL (rust)	Initialize CodeQL	2026-09-03T08:12:49.4566059Z   "branches": [
CodeQL (rust)	Initialize CodeQL	2026-09-03T08:12:49.4566364Z     "codeql-cli-2.26.4"
CodeQL (rust)	Initialize CodeQL	2026-09-03T08:12:49.4566666Z   ],
CodeQL (rust)	Initialize CodeQL	2026-09-03T08:12:49.4566926Z   "copyright": "Copyright (C) 2019-2026 GitHub, Inc.",
CodeQL (rust)	Initialize CodeQL	2026-09-03T08:12:49.4567374Z   "unpackedLocation": "/opt/hostedtoolcache/CodeQL/2.26.4/x64/codeql",
CodeQL (rust)	Initialize CodeQL	2026-09-03T08:12:49.4567858Z   "configFileLocation": "/home/runner/.config/codeql/config",
CodeQL (rust)	Initialize CodeQL	2026-09-03T08:12:49.4568215Z   "configFileFound": false,
CodeQL (rust)	Initialize CodeQL	2026-09-03T08:12:49.4568474Z   "overlayVersion": 4,
CodeQL (rust)	Initialize CodeQL	2026-09-03T08:12:49.4568702Z   "features": {
CodeQL (rust)	Initialize CodeQL	2026-09-03T08:12:49.4568942Z     "analysisSummaryV2Default": true,
CodeQL (rust)	Initialize CodeQL	2026-09-03T08:12:49.4569277Z     "buildModeOption": true,
CodeQL (rust)	Initialize CodeQL	2026-09-03T08:12:49.4569579Z     "bundleSupportsIncludeDiagnostics": true,
CodeQL (rust)	Initialize CodeQL	2026-09-03T08:12:49.4569903Z     "bundleSupportsIncludeLogs": true,
CodeQL (rust)	Initialize CodeQL	2026-09-03T08:12:49.4570421Z     "bundleSupportsOverlay": true,
CodeQL (rust)	Initialize CodeQL	2026-09-03T08:12:49.4571022Z     "databaseInterpretResultsSupportsSarifRunProperty": true,
CodeQL (rust)	Initialize CodeQL	2026-09-03T08:12:49.4572284Z     "featuresInVersionResult": true,
CodeQL (rust)	Initialize CodeQL	2026-09-03T08:12:49.4572621Z     "indirectTracingSupportsStaticBinaries": false,
CodeQL (rust)	Initialize CodeQL	2026-09-03T08:12:49.4573218Z     "informsAboutUnsupportedPathFilters": true,
CodeQL (rust)	Initialize CodeQL	2026-09-03T08:12:49.4573707Z     "supportsPython312": true,
CodeQL (rust)	Initialize CodeQL	2026-09-03T08:12:49.4574100Z     "mrvaPackCreate": true,
CodeQL (rust)	Initialize CodeQL	2026-09-03T08:12:49.4574356Z     "threatModelOption": true,
CodeQL (rust)	Initialize CodeQL	2026-09-03T08:12:49.4574619Z     "traceCommandUseBuildMode": true,
CodeQL (rust)	Initialize CodeQL	2026-09-03T08:12:49.4574901Z     "v2ramSizing": true,
CodeQL (rust)	Initialize CodeQL	2026-09-03T08:12:49.4575164Z     "mrvaPackCreateMultipleQueries": true,
CodeQL (rust)	Initialize CodeQL	2026-09-03T08:12:49.4575493Z     "setsCodeqlRunnerEnvVar": true,
CodeQL (rust)	Initialize CodeQL	2026-09-03T08:12:49.4575799Z     "sarifMergeRunsFromEqualCategory": true,
CodeQL (rust)	Initialize CodeQL	2026-09-03T08:12:49.4576102Z     "forceOverwrite": true,
CodeQL (rust)	Initialize CodeQL	2026-09-03T08:12:49.4576364Z     "generateSummarySymbolMap": true,
CodeQL (rust)	Initialize CodeQL	2026-09-03T08:12:49.4576675Z     "pythonDefaultIsToNotExtractStdlib": true,
CodeQL (rust)	Initialize CodeQL	2026-09-03T08:12:49.4576988Z     "queryServerRunQueries": true,
CodeQL (rust)	Initialize CodeQL	2026-09-03T08:12:49.4577276Z     "queryServerTrimCacheWithMode": true,
CodeQL (rust)	Initialize CodeQL	2026-09-03T08:12:49.4577665Z     "builtinExtractorsSpecifyDefaultQueries": true,
CodeQL (rust)	Initialize CodeQL	2026-09-03T08:12:49.4578242Z     "bqrsDiffResultSets": true,
CodeQL (rust)	Initialize CodeQL	2026-09-03T08:12:49.4578518Z     "bundleSupportsIncludeOption": true,
CodeQL (rust)	Initialize CodeQL	2026-09-03T08:12:49.4578852Z     "suppressesMissingFileBaselineWarning": true
CodeQL (rust)	Initialize CodeQL	2026-09-03T08:12:49.4579152Z   }
CodeQL (rust)	Initialize CodeQL	2026-09-03T08:12:49.4579336Z }
CodeQL (rust)	Initialize CodeQL	2026-09-03T08:12:49.4580309Z ##[endgroup]
CodeQL (rust)	Initialize CodeQL	2026-09-03T08:12:49.4580826Z ##[group]Validating workflow
CodeQL (rust)	Initialize CodeQL	2026-09-03T08:12:49.7107992Z [command]/opt/hostedtoolcache/CodeQL/2.26.4/x64/codeql/codeql resolve languages --format=betterjson --extractor-options-verbosity=4 --extractor-include-aliases
CodeQL (rust)	Initialize CodeQL	2026-09-03T08:12:50.6432432Z {
CodeQL (rust)	Initialize CodeQL	2026-09-03T08:12:50.6432904Z   "aliases" : {
CodeQL (rust)	Initialize CodeQL	2026-09-03T08:12:50.6433272Z     "c" : "cpp",
CodeQL (rust)	Initialize CodeQL	2026-09-03T08:12:50.6433601Z     "c++" : "cpp",
CodeQL (rust)	Initialize CodeQL	2026-09-03T08:12:50.6433928Z     "c-c++" : "cpp",
CodeQL (rust)	Initialize CodeQL	2026-09-03T08:12:50.6434278Z     "c-cpp" : "cpp",
CodeQL (rust)	Initialize CodeQL	2026-09-03T08:12:50.6434600Z     "c#" : "csharp",
CodeQL (rust)	Initialize CodeQL	2026-09-03T08:12:50.6434944Z     "java-kotlin" : "java",
CodeQL (rust)	Initialize CodeQL	2026-09-03T08:12:50.6435354Z     "kotlin" : "java",
CodeQL (rust)	Initialize CodeQL	2026-09-03T08:12:50.6435761Z     "javascript-typescript" : "javascript",
CodeQL (rust)	Initialize CodeQL	2026-09-03T08:12:50.6436230Z     "typescript" : "javascript"
CodeQL (rust)	Initialize CodeQL	2026-09-03T08:12:50.6436620Z   },
CodeQL (rust)	Initialize CodeQL	2026-09-03T08:12:50.6436920Z   "extractors" : {
CodeQL (rust)	Initialize CodeQL	2026-09-03T08:12:50.6437255Z     "java" : [
CodeQL (rust)	Initialize CodeQL	2026-09-03T08:12:50.6437558Z       {
CodeQL (rust)	Initialize CodeQL	2026-09-03T08:12:50.6438034Z         "extractor_root" : "/opt/hostedtoolcache/CodeQL/2.26.4/x64/codeql/java",
CodeQL (rust)	Initialize CodeQL	2026-09-03T08:12:50.6438642Z         "extractor_options" : {
CodeQL (rust)	Initialize CodeQL	2026-09-03T08:12:50.6439025Z           "exclude" : {
CodeQL (rust)	Initialize CodeQL	2026-09-03T08:12:50.6439446Z             "title" : "A glob excluding files from analysis.",
CodeQL (rust)	Initialize CodeQL	2026-09-03T08:12:50.6440675Z             "description" : "A glob indicating what files to exclude from the analysis. This accepts glob patterns that are supported by Java's 'getPathMatcher' implementation.\n",
CodeQL (rust)	Initialize CodeQL	2026-09-03T08:12:50.6442640Z             "type" : "string"
CodeQL (rust)	Initialize CodeQL	2026-09-03T08:12:50.6443003Z           },
CodeQL (rust)	Initialize CodeQL	2026-09-03T08:12:50.6443341Z           "add_prefer_source" : {
CodeQL (rust)	Initialize CodeQL	2026-09-03T08:12:50.6443914Z             "title" : "Whether to always prefer source files over class files.",
CodeQL (rust)	Initialize CodeQL	2026-09-03T08:12:50.6445831Z             "description" : "A value indicating whether source files should be preferred over class files. If set to 'true', the extraction adds '-Xprefer:source' to the javac command line. If set to 'false', the extraction uses the default javac behavior ('-Xprefer:newer'). The default is 'true'.\n",
CodeQL (rust)	Initialize CodeQL	2026-09-03T08:12:50.6447610Z             "type" : "string",
CodeQL (rust)	Initialize CodeQL	2026-09-03T08:12:50.6448025Z             "pattern" : "^(false|true)$"
CodeQL (rust)	Initialize CodeQL	2026-09-03T08:12:50.6448435Z           },
CodeQL (rust)	Initialize CodeQL	2026-09-03T08:12:50.6448742Z           "buildless" : {
CodeQL (rust)	Initialize CodeQL	2026-09-03T08:12:50.6449301Z             "title" : "Whether to use buildless (standalone) extraction (experimental).",
CodeQL (rust)	Initialize CodeQL	2026-09-03T08:12:50.6452284Z             "description" : "A value indicating, which type of extraction the autobuilder should perform. If 'true', then the standalone extractor will be used, otherwise tracing extraction will be performed. The default is 'false'. Note that buildless extraction will generally yield less accurate analysis results, and should only be used in cases where it is not possible to build the code (for example if it uses inaccessible dependencies).\n",
CodeQL (rust)	Initialize CodeQL	2026-09-03T08:12:50.6455375Z             "type" : "string",
CodeQL (rust)	Initialize CodeQL	2026-09-03T08:12:50.6455780Z             "pattern" : "^(false|true)$"
CodeQL (rust)	Initialize CodeQL	2026-09-03T08:12:50.6456187Z           },
CodeQL (rust)	Initialize CodeQL	2026-09-03T08:12:50.6456575Z           "buildless_dependency_dir" : {
CodeQL (rust)	Initialize CodeQL	2026-09-03T08:12:50.6457845Z             "title" : "The path where buildless (standalone) extraction should keep dependencies.",
CodeQL (rust)	Initialize CodeQL	2026-09-03T08:12:50.6459349Z             "description" : "If set, the buildless (standalone) extractor will store dependencies in this directory.\n",
CodeQL (rust)	Initialize CodeQL	2026-09-03T08:12:50.6460437Z             "type" : "string"
CodeQL (rust)	Initialize CodeQL	2026-09-03T08:12:50.6461062Z           },
CodeQL (rust)	Initialize CodeQL	2026-09-03T08:12:50.6462753Z           "minimize_dependency_jars" : {
CodeQL (rust)	Initialize CodeQL	2026-09-03T08:12:50.6468961Z             "title" : "Whether to rewrite and minimize downloaded JAR dependencies (experimental).",
CodeQL (rust)	Initialize CodeQL	2026-09-03T08:12:50.6473291Z             "description" : "If 'true', JAR dependencies downloaded during extraction will be rewritten to remove unneeded data, such as method bodies. The default is 'false'.\n",
CodeQL (rust)	Initialize CodeQL	2026-09-03T08:12:50.6474852Z             "type" : "string",
CodeQL (rust)	Initialize CodeQL	2026-09-03T08:12:50.6475503Z             "pattern" : "^(false|true)$"
CodeQL (rust)	Initialize CodeQL	2026-09-03T08:12:50.6476139Z           }
CodeQL (rust)	Initialize CodeQL	2026-09-03T08:12:50.6476666Z         }
CodeQL (rust)	Initialize CodeQL	2026-09-03T08:12:50.6477198Z       }
CodeQL (rust)	Initialize CodeQL	2026-09-03T08:12:50.6477657Z     ],
CodeQL (rust)	Initialize CodeQL	2026-09-03T08:12:50.6478113Z     "go" : [
CodeQL (rust)	Initialize CodeQL	2026-09-03T08:12:50.6478590Z       {
CodeQL (rust)	Initialize CodeQL	2026-09-03T08:12:50.6479274Z         "extractor_root" : "/opt/hostedtoolcache/CodeQL/2.26.4/x64/codeql/go",
CodeQL (rust)	Initialize CodeQL	2026-09-03T08:12:50.6480103Z         "extractor_options" : {
CodeQL (rust)	Initialize CodeQL	2026-09-03T08:12:50.6480734Z           "extract_tests" : {
CodeQL (rust)	Initialize CodeQL	2026-09-03T08:12:50.6481805Z             "title" : "Whether to include Go test files in the CodeQL database.",
CodeQL (rust)	Initialize CodeQL	2026-09-03T08:12:50.6483234Z             "description" : "A value indicating whether Go test files should be included in the CodeQL database. The default is 'false'.\n",
CodeQL (rust)	Initialize CodeQL	2026-09-03T08:12:50.6484423Z             "type" : "string",
CodeQL (rust)	Initialize CodeQL	2026-09-03T08:12:50.6485065Z             "pattern" : "^(false|true)$"
CodeQL (rust)	Initialize CodeQL	2026-09-03T08:12:50.6485710Z           },
CodeQL (rust)	Initialize CodeQL	2026-09-03T08:12:50.6486482Z           "extract_vendor_dirs" : {
CodeQL (rust)	Initialize CodeQL	2026-09-03T08:12:50.6512632Z             "title" : "Whether to include Go vendor directories in the CodeQL database.",
CodeQL (rust)	Initialize CodeQL	2026-09-03T08:12:50.6522879Z             "description" : "A value indicating whether Go vendor directories should be included in the CodeQL database. The default is 'false'.\n",
CodeQL (rust)	Initialize CodeQL	2026-09-03T08:12:50.6525674Z             "type" : "string",
CodeQL (rust)	Initialize CodeQL	2026-09-03T08:12:50.6526102Z             "pattern" : "^(false|true)$"
CodeQL (rust)	Initialize CodeQL	2026-09-03T08:12:50.6526528Z           }
CodeQL (rust)	Initialize CodeQL	2026-09-03T08:12:50.6526832Z         }
CodeQL (rust)	Initialize CodeQL	2026-09-03T08:12:50.6527154Z       }
CodeQL (rust)	Initialize CodeQL	2026-09-03T08:12:50.6527492Z     ],
CodeQL (rust)	Initialize CodeQL	2026-09-03T08:12:50.6527783Z     "csharp" : [
CodeQL (rust)	Initialize CodeQL	2026-09-03T08:12:50.6528095Z       {
CodeQL (rust)	Initialize CodeQL	2026-09-03T08:12:50.6528590Z         "extractor_root" : "/opt/hostedtoolcache/CodeQL/2.26.4/x64/codeql/csharp",
CodeQL (rust)	Initialize CodeQL	2026-09-03T08:12:50.6529244Z         "extractor_options" : {
CodeQL (rust)	Initialize CodeQL	2026-09-03T08:12:50.6529623Z           "trap" : {
CodeQL (rust)	Initialize CodeQL	2026-09-03T08:12:50.6530006Z             "title" : "Options pertaining to TRAP.",
CodeQL (rust)	Initialize CodeQL	2026-09-03T08:12:50.6530552Z             "description" : "Options pertaining to TRAP.",
CodeQL (rust)	Initialize CodeQL	2026-09-03T08:12:50.6531049Z             "type" : "object",
CodeQL (rust)	Initialize CodeQL	2026-09-03T08:12:50.6531427Z             "properties" : {
CodeQL (rust)	Initialize CodeQL	2026-09-03T08:12:50.6532045Z               "compression" : {
CodeQL (rust)	Initialize CodeQL	2026-09-03T08:12:50.6532687Z                 "title" : "Controls compression for the TRAP files written by the extractor.",
CodeQL (rust)	Initialize CodeQL	2026-09-03T08:12:50.6534407Z                 "description" : "This option is only intended for use in debugging the extractor. Accepted values are 'brotli' (the default, to write brotli-compressed TRAP), 'gzip', and 'none' (to write uncompressed TRAP).\n",
CodeQL (rust)	Initialize CodeQL	2026-09-03T08:12:50.6535783Z                 "type" : "string",
CodeQL (rust)	Initialize CodeQL	2026-09-03T08:12:50.6536537Z                 "pattern" : "^(none|gzip|brotli)$"
CodeQL (rust)	Initialize CodeQL	2026-09-03T08:12:50.6536990Z               }
CodeQL (rust)	Initialize CodeQL	2026-09-03T08:12:50.6537297Z             }
CodeQL (rust)	Initialize CodeQL	2026-09-03T08:12:50.6537589Z           },
CodeQL (rust)	Initialize CodeQL	2026-09-03T08:12:50.6537934Z           "buildless" : {
CodeQL (rust)	Initialize CodeQL	2026-09-03T08:12:50.6538496Z             "title" : "DEPRECATED - Whether to use buildless (standalone) extraction.",
CodeQL (rust)	Initialize CodeQL	2026-09-03T08:12:50.6541422Z             "description" : "DEPRECATED: Use `--build-mode none` instead.\nA value indicating, which type of extraction the autobuilder should perform. If 'true', then the standalone extractor will be used, otherwise tracing extraction will be performed. The default is 'false'. Note that buildless extraction will generally yield less accurate analysis results, and should only be used in cases where it is not possible to build the code (for example if it uses inaccessible dependencies).\n",
CodeQL (rust)	Initialize CodeQL	2026-09-03T08:12:50.6544301Z             "type" : "string",
CodeQL (rust)	Initialize CodeQL	2026-09-03T08:12:50.6544666Z             "pattern" : "^(false|true)$"
CodeQL (rust)	Initialize CodeQL	2026-09-03T08:12:50.6545033Z           },
CodeQL (rust)	Initialize CodeQL	2026-09-03T08:12:50.6545304Z           "logging" : {
CodeQL (rust)	Initialize CodeQL	2026-09-03T08:12:50.6545992Z             "title" : "Options pertaining to logging.",
CodeQL (rust)	Initialize CodeQL	2026-09-03T08:12:50.6546571Z             "description" : "Options pertaining to logging.",
CodeQL (rust)	Initialize CodeQL	2026-09-03T08:12:50.6547129Z             "type" : "object",
CodeQL (rust)	Initialize CodeQL	2026-09-03T08:12:50.6547502Z             "properties" : {
CodeQL (rust)	Initialize CodeQL	2026-09-03T08:12:50.6547878Z               "verbosity" : {
CodeQL (rust)	Initialize CodeQL	2026-09-03T08:12:50.6548324Z                 "title" : "Extractor logging verbosity level.",
CodeQL (rust)	Initialize CodeQL	2026-09-03T08:12:50.6549994Z                 "description" : "Controls the level of verbosity of the extractor. The supported levels are (in order of increasing verbosity):\n  - off\n  - errors\n  - warnings\n  - info or progress\n  - debug or progress+\n  - trace or progress++\n  - progress+++\n",
CodeQL (rust)	Initialize CodeQL	2026-09-03T08:12:50.6551754Z                 "type" : "string",
CodeQL (rust)	Initialize CodeQL	2026-09-03T08:12:50.6552564Z                 "pattern" : "^(off|errors|warnings|(info|progress)|(debug|progress\\+)|(trace|progress\\+\\+)|progress\\+\\+\\+)$"
CodeQL (rust)	Initialize CodeQL	2026-09-03T08:12:50.6553376Z               }
CodeQL (rust)	Initialize CodeQL	2026-09-03T08:12:50.6553693Z             }
CodeQL (rust)	Initialize CodeQL	2026-09-03T08:12:50.6553982Z           },
CodeQL (rust)	Initialize CodeQL	2026-09-03T08:12:50.6554286Z           "binlog" : {
CodeQL (rust)	Initialize CodeQL	2026-09-03T08:12:50.6554640Z             "title" : "Binlog",
CodeQL (rust)	Initialize CodeQL	2026-09-03T08:12:50.6555778Z             "description" : "[EXPERIMENTAL] The value is a path to the MsBuild binary log file that should be extracted. This option only works when `--build-mode none` is also specified.\n",
CodeQL (rust)	Initialize CodeQL	2026-09-03T08:12:50.6556971Z             "type" : "array"
CodeQL (rust)	Initialize CodeQL	2026-09-03T08:12:50.6557337Z           },
CodeQL (rust)	Initialize CodeQL	2026-09-03T08:12:50.6557689Z           "buildless_dependency_dir" : {
CodeQL (rust)	Initialize CodeQL	2026-09-03T08:12:50.6558405Z             "title" : "The path where buildless (standalone) extraction should keep dependencies.",
CodeQL (rust)	Initialize CodeQL	2026-09-03T08:12:50.6559506Z             "description" : "If set, the buildless (standalone) extractor will store dependencies in this directory.\n",
CodeQL (rust)	Initialize CodeQL	2026-09-03T08:12:50.6560258Z             "type" : "string"
CodeQL (rust)	Initialize CodeQL	2026-09-03T08:12:50.6560636Z           }
CodeQL (rust)	Initialize CodeQL	2026-09-03T08:12:50.6560921Z         }
CodeQL (rust)	Initialize CodeQL	2026-09-03T08:12:50.6561214Z       }
CodeQL (rust)	Initialize CodeQL	2026-09-03T08:12:50.6561491Z     ],
CodeQL (rust)	Initialize CodeQL	2026-09-03T08:12:50.6562124Z     "javascript" : [
CodeQL (rust)	Initialize CodeQL	2026-09-03T08:12:50.6562480Z       {
CodeQL (rust)	Initialize CodeQL	2026-09-03T08:12:50.6562991Z         "extractor_root" : "/opt/hostedtoolcache/CodeQL/2.26.4/x64/codeql/javascript",
CodeQL (rust)	Initialize CodeQL	2026-09-03T08:12:50.6563661Z         "extractor_options" : {
CodeQL (rust)	Initialize CodeQL	2026-09-03T08:12:50.6564052Z           "trap" : {
CodeQL (rust)	Initialize CodeQL	2026-09-03T08:12:50.6564412Z             "title" : "TRAP options",
CodeQL (rust)	Initialize CodeQL	2026-09-03T08:12:50.6565020Z             "description" : "Options about how the extractor handles TRAP files",
CodeQL (rust)	Initialize CodeQL	2026-09-03T08:12:50.6565632Z             "type" : "object",
CodeQL (rust)	Initialize CodeQL	2026-09-03T08:12:50.6566065Z             "visibility" : 3,
CodeQL (rust)	Initialize CodeQL	2026-09-03T08:12:50.6566440Z             "properties" : {
CodeQL (rust)	Initialize CodeQL	2026-09-03T08:12:50.6566814Z               "cache" : {
CodeQL (rust)	Initialize CodeQL	2026-09-03T08:12:50.6567209Z                 "title" : "TRAP cache options",
CodeQL (rust)	Initialize CodeQL	2026-09-03T08:12:50.6567844Z                 "description" : "Options about how the extractor handles its TRAP cache",
CodeQL (rust)	Initialize CodeQL	2026-09-03T08:12:50.6568773Z                 "type" : "object",
CodeQL (rust)	Initialize CodeQL	2026-09-03T08:12:50.6569185Z                 "properties" : {
CodeQL (rust)	Initialize CodeQL	2026-09-03T08:12:50.6569576Z                   "dir" : {
CodeQL (rust)	Initialize CodeQL	2026-09-03T08:12:50.6569993Z                     "title" : "TRAP cache directory",
CodeQL (rust)	Initialize CodeQL	2026-09-03T08:12:50.6570579Z                     "description" : "The directory of the TRAP cache to use",
CodeQL (rust)	Initialize CodeQL	2026-09-03T08:12:50.6571143Z                     "type" : "string"
CodeQL (rust)	Initialize CodeQL	2026-09-03T08:12:50.6571978Z                   },
CodeQL (rust)	Initialize CodeQL	2026-09-03T08:12:50.6572331Z                   "bound" : {
CodeQL (rust)	Initialize CodeQL	2026-09-03T08:12:50.6572738Z                     "title" : "TRAP cache bound",
CodeQL (rust)	Initialize CodeQL	2026-09-03T08:12:50.6573341Z                     "description" : "A soft limit (in MB) on the size of the TRAP cache",
CodeQL (rust)	Initialize CodeQL	2026-09-03T08:12:50.6573938Z                     "type" : "string",
CodeQL (rust)	Initialize CodeQL	2026-09-03T08:12:50.6574357Z                     "pattern" : "[0-9]+"
CodeQL (rust)	Initialize CodeQL	2026-09-03T08:12:50.6574767Z                   },
CodeQL (rust)	Initialize CodeQL	2026-09-03T08:12:50.6575098Z                   "write" : {
CodeQL (rust)	Initialize CodeQL	2026-09-03T08:12:50.6575522Z                     "title" : "TRAP cache writeable",
CodeQL (rust)	Initialize CodeQL	2026-09-03T08:12:50.6576441Z                     "description" : "Whether to write to the TRAP cache as well as reading it",
CodeQL (rust)	Initialize CodeQL	2026-09-03T08:12:50.6577085Z                     "type" : "string",
CodeQL (rust)	Initialize CodeQL	2026-09-03T08:12:50.6577522Z                     "pattern" : "(true|TRUE|false|FALSE)"
CodeQL (rust)	Initialize CodeQL	2026-09-03T08:12:50.6577984Z                   }
CodeQL (rust)	Initialize CodeQL	2026-09-03T08:12:50.6578307Z                 }
CodeQL (rust)	Initialize CodeQL	2026-09-03T08:12:50.6578624Z               }
CodeQL (rust)	Initialize CodeQL	2026-09-03T08:12:50.6578930Z             }
CodeQL (rust)	Initialize CodeQL	2026-09-03T08:12:50.6579234Z           },
CodeQL (rust)	Initialize CodeQL	2026-09-03T08:12:50.6579566Z           "skip_types" : {
CodeQL (rust)	Initialize CodeQL	2026-09-03T08:12:50.6580023Z             "title" : "Skip type extraction for TypeScript",
CodeQL (rust)	Initialize CodeQL	2026-09-03T08:12:50.6580781Z             "description" : "Whether to skip the extraction of types in a TypeScript application",
CodeQL (rust)	Initialize CodeQL	2026-09-03T08:12:50.6581749Z             "type" : "string",
CodeQL (rust)	Initialize CodeQL	2026-09-03T08:12:50.6582160Z             "pattern" : "^(false|true)$"
CodeQL (rust)	Initialize CodeQL	2026-09-03T08:12:50.6582580Z           }
CodeQL (rust)	Initialize CodeQL	2026-09-03T08:12:50.6582873Z         }
CodeQL (rust)	Initialize CodeQL	2026-09-03T08:12:50.6583158Z       }
CodeQL (rust)	Initialize CodeQL	2026-09-03T08:12:50.6583448Z     ],
CodeQL (rust)	Initialize CodeQL	2026-09-03T08:12:50.6583744Z     "cpp" : [
CodeQL (rust)	Initialize CodeQL	2026-09-03T08:12:50.6584043Z       {
CodeQL (rust)	Initialize CodeQL	2026-09-03T08:12:50.6584529Z         "extractor_root" : "/opt/hostedtoolcache/CodeQL/2.26.4/x64/codeql/cpp",
CodeQL (rust)	Initialize CodeQL	2026-09-03T08:12:50.6585152Z         "extractor_options" : {
CodeQL (rust)	Initialize CodeQL	2026-09-03T08:12:50.6585539Z           "trap" : {
CodeQL (rust)	Initialize CodeQL	2026-09-03T08:12:50.6585903Z             "title" : "TRAP options",
CodeQL (rust)	Initialize CodeQL	2026-09-03T08:12:50.6586499Z             "description" : "Options about how the extractor handles TRAP files",
CodeQL (rust)	Initialize CodeQL	2026-09-03T08:12:50.6587114Z             "type" : "object",
CodeQL (rust)	Initialize CodeQL	2026-09-03T08:12:50.6587499Z             "visibility" : 3,
CodeQL (rust)	Initialize CodeQL	2026-09-03T08:12:50.6587897Z             "properties" : {
CodeQL (rust)	Initialize CodeQL	2026-09-03T08:12:50.6588281Z               "cache" : {
CodeQL (rust)	Initialize CodeQL	2026-09-03T08:12:50.6588675Z                 "title" : "TRAP cache options",
CodeQL (rust)	Initialize CodeQL	2026-09-03T08:12:50.6589338Z                 "description" : "Options about how the extractor handles its TRAP cache",
CodeQL (rust)	Initialize CodeQL	2026-09-03T08:12:50.6589939Z                 "type" : "object",
CodeQL (rust)	Initialize CodeQL	2026-09-03T08:12:50.6590342Z                 "properties" : {
CodeQL (rust)	Initialize CodeQL	2026-09-03T08:12:50.6590724Z                   "dir" : {
CodeQL (rust)	Initialize CodeQL	2026-09-03T08:12:50.6591107Z                     "title" : "TRAP cache directory",
CodeQL (rust)	Initialize CodeQL	2026-09-03T08:12:50.6591895Z                     "description" : "The directory of the TRAP cache to use",
CodeQL (rust)	Initialize CodeQL	2026-09-03T08:12:50.6592452Z                     "type" : "string"
CodeQL (rust)	Initialize CodeQL	2026-09-03T08:12:50.6592833Z                   },
CodeQL (rust)	Initialize CodeQL	2026-09-03T08:12:50.6593161Z                   "bound" : {
CodeQL (rust)	Initialize CodeQL	2026-09-03T08:12:50.6593551Z                     "title" : "TRAP cache bound",
CodeQL (rust)	Initialize CodeQL	2026-09-03T08:12:50.6594164Z                     "description" : "A soft limit (in MB) on the size of the TRAP cache",
CodeQL (rust)	Initialize CodeQL	2026-09-03T08:12:50.6594732Z                     "type" : "string",
CodeQL (rust)	Initialize CodeQL	2026-09-03T08:12:50.6595137Z                     "pattern" : "[0-9]+"
CodeQL (rust)	Initialize CodeQL	2026-09-03T08:12:50.6595537Z                   },
CodeQL (rust)	Initialize CodeQL	2026-09-03T08:12:50.6595859Z                   "write" : {
CodeQL (rust)	Initialize CodeQL	2026-09-03T08:12:50.6596534Z                     "title" : "TRAP cache writeable",
CodeQL (rust)	Initialize CodeQL	2026-09-03T08:12:50.6597217Z                     "description" : "Whether to write to the TRAP cache as well as reading it",
CodeQL (rust)	Initialize CodeQL	2026-09-03T08:12:50.6597876Z                     "type" : "string",
CodeQL (rust)	Initialize CodeQL	2026-09-03T08:12:50.6598331Z                     "pattern" : "(true|TRUE|false|FALSE)"
CodeQL (rust)	Initialize CodeQL	2026-09-03T08:12:50.6598789Z                   }
CodeQL (rust)	Initialize CodeQL	2026-09-03T08:12:50.6599112Z                 }
CodeQL (rust)	Initialize CodeQL	2026-09-03T08:12:50.6599415Z               }
CodeQL (rust)	Initialize CodeQL	2026-09-03T08:12:50.6599714Z             }
CodeQL (rust)	Initialize CodeQL	2026-09-03T08:12:50.6599995Z           },
CodeQL (rust)	Initialize CodeQL	2026-09-03T08:12:50.6600322Z           "scale_timeouts" : {
CodeQL (rust)	Initialize CodeQL	2026-09-03T08:12:50.6600841Z             "title" : "Value to scale compiler introspection timeouts with",
CodeQL (rust)	Initialize CodeQL	2026-09-03T08:12:50.6603313Z             "description" : "The extractor attempts to determine what compiler the source code being extracted is compiled with. To this end the extractor makes additional calls to the compiler, some of which are expected to return within a certain fixed time (either 10s or 15s). On some systems that are under high load this time might be too short, and can be scaled up using this option.\n",
CodeQL (rust)	Initialize CodeQL	2026-09-03T08:12:50.6605842Z             "type" : "string",
CodeQL (rust)	Initialize CodeQL	2026-09-03T08:12:50.6606259Z             "pattern" : "[0-9]+"
CodeQL (rust)	Initialize CodeQL	2026-09-03T08:12:50.6606639Z           },
CodeQL (rust)	Initialize CodeQL	2026-09-03T08:12:50.6606963Z           "log_verbosity" : {
CodeQL (rust)	Initialize CodeQL	2026-09-03T08:12:50.6607415Z             "title" : "Verbosity of the extractor logging",
CodeQL (rust)	Initialize CodeQL	2026-09-03T08:12:50.6608427Z             "description" : "Set the verbosity of the extractor logging to 'quiet' (0), 'normal' (1), 'chatty' (2), or 'noisy' (3). The default is 'normal'.\n",
CodeQL (rust)	Initialize CodeQL	2026-09-03T08:12:50.6609361Z             "type" : "string",
CodeQL (rust)	Initialize CodeQL	2026-09-03T08:12:50.6609752Z             "pattern" : "[0-3]"
CodeQL (rust)	Initialize CodeQL	2026-09-03T08:12:50.6610110Z           },
CodeQL (rust)	Initialize CodeQL	2026-09-03T08:12:50.6610397Z           "frontend_options" : {
CodeQL (rust)	Initialize CodeQL	2026-09-03T08:12:50.6610817Z             "title" : "C/C++ extractor frontend options",
CodeQL (rust)	Initialize CodeQL	2026-09-03T08:12:50.6611939Z             "description" : "Set additional options that should be passed to the C/C++ extractor frontend.\n",
CodeQL (rust)	Initialize CodeQL	2026-09-03T08:12:50.6612682Z             "type" : "array",
CodeQL (rust)	Initialize CodeQL	2026-09-03T08:12:50.6613040Z             "visibility" : 3
CodeQL (rust)	Initialize CodeQL	2026-09-03T08:12:50.6613381Z           }
CodeQL (rust)	Initialize CodeQL	2026-09-03T08:12:50.6613660Z         }
CodeQL (rust)	Initialize CodeQL	2026-09-03T08:12:50.6613943Z       }
CodeQL (rust)	Initialize CodeQL	2026-09-03T08:12:50.6614217Z     ],
CodeQL (rust)	Initialize CodeQL	2026-09-03T08:12:50.6614496Z     "xml" : [
CodeQL (rust)	Initialize CodeQL	2026-09-03T08:12:50.6614795Z       {
CodeQL (rust)	Initialize CodeQL	2026-09-03T08:12:50.6615269Z         "extractor_root" : "/opt/hostedtoolcache/CodeQL/2.26.4/x64/codeql/xml"
CodeQL (rust)	Initialize CodeQL	2026-09-03T08:12:50.6615851Z       }
CodeQL (rust)	Initialize CodeQL	2026-09-03T08:12:50.6616128Z     ],
CodeQL (rust)	Initialize CodeQL	2026-09-03T08:12:50.6616404Z     "yaml" : [
CodeQL (rust)	Initialize CodeQL	2026-09-03T08:12:50.6616699Z       {
CodeQL (rust)	Initialize CodeQL	2026-09-03T08:12:50.6617157Z         "extractor_root" : "/opt/hostedtoolcache/CodeQL/2.26.4/x64/codeql/yaml"
CodeQL (rust)	Initialize CodeQL	2026-09-03T08:12:50.6617741Z       }
CodeQL (rust)	Initialize CodeQL	2026-09-03T08:12:50.6618030Z     ],
CodeQL (rust)	Initialize CodeQL	2026-09-03T08:12:50.6618313Z     "swift" : [
CodeQL (rust)	Initialize CodeQL	2026-09-03T08:12:50.6618618Z       {
CodeQL (rust)	Initialize CodeQL	2026-09-03T08:12:50.6619080Z         "extractor_root" : "/opt/hostedtoolcache/CodeQL/2.26.4/x64/codeql/swift"
CodeQL (rust)	Initialize CodeQL	2026-09-03T08:12:50.6619670Z       }
CodeQL (rust)	Initialize CodeQL	2026-09-03T08:12:50.6619950Z     ],
CodeQL (rust)	Initialize CodeQL	2026-09-03T08:12:50.6620230Z     "rust" : [
CodeQL (rust)	Initialize CodeQL	2026-09-03T08:12:50.6620527Z       {
CodeQL (rust)	Initialize CodeQL	2026-09-03T08:12:50.6620968Z         "extractor_root" : "/opt/hostedtoolcache/CodeQL/2.26.4/x64/codeql/rust",
CodeQL (rust)	Initialize CodeQL	2026-09-03T08:12:50.6621733Z         "extractor_options" : {
CodeQL (rust)	Initialize CodeQL	2026-09-03T08:12:50.6622113Z           "trap" : {
CodeQL (rust)	Initialize CodeQL	2026-09-03T08:12:50.6622485Z             "title" : "Options pertaining to TRAP.",
CodeQL (rust)	Initialize CodeQL	2026-09-03T08:12:50.6623030Z             "description" : "Options pertaining to TRAP.",
CodeQL (rust)	Initialize CodeQL	2026-09-03T08:12:50.6623503Z             "type" : "object",
CodeQL (rust)	Initialize CodeQL	2026-09-03T08:12:50.6623886Z             "properties" : {
CodeQL (rust)	Initialize CodeQL	2026-09-03T08:12:50.6624254Z               "compression" : {
CodeQL (rust)	Initialize CodeQL	2026-09-03T08:12:50.6624838Z                 "title" : "Controls compression for the TRAP files written by the extractor.",
CodeQL (rust)	Initialize CodeQL	2026-09-03T08:12:50.6626644Z                 "description" : "This option is only intended for use in debugging the extractor. Accepted values are 'gzip' (to write gzip-compressed TRAP) 'zstd' (the default, to write Zstandard-compressed TRAP) and 'none' (to write uncompressed TRAP).\n",
CodeQL (rust)	Initialize CodeQL	2026-09-03T08:12:50.6629929Z                 "type" : "string",
CodeQL (rust)	Initialize CodeQL	2026-09-03T08:12:50.6630350Z                 "pattern" : "^(none|gzip|zstd)$"
CodeQL (rust)	Initialize CodeQL	2026-09-03T08:12:50.6630801Z               }
CodeQL (rust)	Initialize CodeQL	2026-09-03T08:12:50.6631109Z             }
CodeQL (rust)	Initialize CodeQL	2026-09-03T08:12:50.6631396Z           },
CodeQL (rust)	Initialize CodeQL	2026-09-03T08:12:50.6631880Z           "cargo_target_dir" : {
CodeQL (rust)	Initialize CodeQL	2026-09-03T08:12:50.6632363Z             "title" : "Directory to use for cargo output files.",
CodeQL (rust)	Initialize CodeQL	2026-09-03T08:12:50.6634257Z             "description" : "This value is an optional path to use as `CARGO_TARGET_DIR` for the internal cargo commands the extractor uses. Pointing it to a persistent directory may reduce execution time of consecutive extractor runs. By default, a new scratch directory is used for each run.\n",
CodeQL (rust)	Initialize CodeQL	2026-09-03T08:12:50.6636055Z             "type" : "string"
CodeQL (rust)	Initialize CodeQL	2026-09-03T08:12:50.6636414Z           },
CodeQL (rust)	Initialize CodeQL	2026-09-03T08:12:50.6636725Z           "cargo_target" : {
CodeQL (rust)	Initialize CodeQL	2026-09-03T08:12:50.6637129Z             "title" : "Target architecture",
CodeQL (rust)	Initialize CodeQL	2026-09-03T08:12:50.6638227Z             "description" : "Target architecture to use for analysis, analogous to `cargo --target`. By default the host architecture is used.\n",
CodeQL (rust)	Initialize CodeQL	2026-09-03T08:12:50.6639183Z             "type" : "string"
CodeQL (rust)	Initialize CodeQL	2026-09-03T08:12:50.6639549Z           },
CodeQL (rust)	Initialize CodeQL	2026-09-03T08:12:50.6639874Z           "cargo_features" : {
CodeQL (rust)	Initialize CodeQL	2026-09-03T08:12:50.6640299Z             "title" : "Cargo features to turn on",
CodeQL (rust)	Initialize CodeQL	2026-09-03T08:12:50.6642442Z             "description" : "Comma-separated list of features to turn on. By default all features are enabled. If any features are specified, then only those features are enabled. The `default` feature must be explicitly specified if only default features are desired. Can be repeated.\n",
CodeQL (rust)	Initialize CodeQL	2026-09-03T08:12:50.6644195Z             "type" : "array"
CodeQL (rust)	Initialize CodeQL	2026-09-03T08:12:50.6644571Z           },
CodeQL (rust)	Initialize CodeQL	2026-09-03T08:12:50.6644902Z           "cargo_cfg_overrides" : {
CodeQL (rust)	Initialize CodeQL	2026-09-03T08:12:50.6645357Z             "title" : "Cargo cfg overrides",
CodeQL (rust)	Initialize CodeQL	2026-09-03T08:12:50.6646234Z             "description" : "Comma-separated list of cfg settings to enable, or disable if prefixed with `-`. Can be repeated.\n",
CodeQL (rust)	Initialize CodeQL	2026-09-03T08:12:50.6647146Z             "type" : "array"
CodeQL (rust)	Initialize CodeQL	2026-09-03T08:12:50.6647518Z           },
CodeQL (rust)	Initialize CodeQL	2026-09-03T08:12:50.6647836Z           "logging" : {
CodeQL (rust)	Initialize CodeQL	2026-09-03T08:12:50.6648265Z             "title" : "Options pertaining to logging.",
CodeQL (rust)	Initialize CodeQL	2026-09-03T08:12:50.6648861Z             "description" : "Options pertaining to logging.",
CodeQL (rust)	Initialize CodeQL	2026-09-03T08:12:50.6649386Z             "type" : "object",
CodeQL (rust)	Initialize CodeQL	2026-09-03T08:12:50.6649806Z             "properties" : {
CodeQL (rust)	Initialize CodeQL	2026-09-03T08:12:50.6650161Z               "verbosity" : {
CodeQL (rust)	Initialize CodeQL	2026-09-03T08:12:50.6650590Z                 "title" : "Extractor logging verbosity level.",
CodeQL (rust)	Initialize CodeQL	2026-09-03T08:12:50.6652431Z                 "description" : "Controls the level of verbosity of the extractor. The supported levels are (in order of increasing verbosity):\n  - off\n  - errors\n  - warnings\n  - info or progress\n  - debug or progress+\n  - trace or progress++\n  - progress+++\n",
CodeQL (rust)	Initialize CodeQL	2026-09-03T08:12:50.6653983Z                 "type" : "string",
CodeQL (rust)	Initialize CodeQL	2026-09-03T08:12:50.6654773Z                 "pattern" : "^(off|errors|warnings|(info|progress)|(debug|progress\\+)|(trace|progress\\+\\+)|progress\\+\\+\\+)$"
CodeQL (rust)	Initialize CodeQL	2026-09-03T08:12:50.6655596Z               },
CodeQL (rust)	Initialize CodeQL	2026-09-03T08:12:50.6655922Z               "flamegraph" : {
CodeQL (rust)	Initialize CodeQL	2026-09-03T08:12:50.6685254Z                 "title" : "[Experimental] File path for write flame graph log",
CodeQL (rust)	Initialize CodeQL	2026-09-03T08:12:50.6686846Z                 "description" : "Collect flame graph data using the `tracing-flame` crate. To render a flame graph or chart, run the `inferno-flamegraph` command. See also: https://crates.io/crates/tracing-flame\n",
CodeQL (rust)	Initialize CodeQL	2026-09-03T08:12:50.6688240Z                 "type" : "string"
CodeQL (rust)	Initialize CodeQL	2026-09-03T08:12:50.6688638Z               }
CodeQL (rust)	Initialize CodeQL	2026-09-03T08:12:50.6688946Z             }
CodeQL (rust)	Initialize CodeQL	2026-09-03T08:12:50.6689242Z           },
CodeQL (rust)	Initialize CodeQL	2026-09-03T08:12:50.6689585Z           "extract_dependencies_as_source" : {
CodeQL (rust)	Initialize CodeQL	2026-09-03T08:12:50.6690389Z             "title" : "Extract dependencies as source code",
CodeQL (rust)	Initialize CodeQL	2026-09-03T08:12:50.6691287Z             "description" : "Extract the full source code of dependencies instead of only extracting signatures.\n",
CodeQL (rust)	Initialize CodeQL	2026-09-03T08:12:50.6692267Z             "type" : "string",
CodeQL (rust)	Initialize CodeQL	2026-09-03T08:12:50.6692681Z             "pattern" : "^(false|true)$"
CodeQL (rust)	Initialize CodeQL	2026-09-03T08:12:50.6693103Z           }
CodeQL (rust)	Initialize CodeQL	2026-09-03T08:12:50.6693399Z         }
CodeQL (rust)	Initialize CodeQL	2026-09-03T08:12:50.6693683Z       }
CodeQL (rust)	Initialize CodeQL	2026-09-03T08:12:50.6693967Z     ],
CodeQL (rust)	Initialize CodeQL	2026-09-03T08:12:50.6694253Z     "actions" : [
CodeQL (rust)	Initialize CodeQL	2026-09-03T08:12:50.6694569Z       {
CodeQL (rust)	Initialize CodeQL	2026-09-03T08:12:50.6695065Z         "extractor_root" : "/opt/hostedtoolcache/CodeQL/2.26.4/x64/codeql/actions",
CodeQL (rust)	Initialize CodeQL	2026-09-03T08:12:50.6695697Z         "extractor_options" : {
CodeQL (rust)	Initialize CodeQL	2026-09-03T08:12:50.6696118Z           "trap" : {
CodeQL (rust)	Initialize CodeQL	2026-09-03T08:12:50.6696506Z             "title" : "TRAP options",
CodeQL (rust)	Initialize CodeQL	2026-09-03T08:12:50.6697132Z             "description" : "Options about how the extractor handles TRAP files",
CodeQL (rust)	Initialize CodeQL	2026-09-03T08:12:50.6697765Z             "type" : "object",
CodeQL (rust)	Initialize CodeQL	2026-09-03T08:12:50.6698357Z             "visibility" : 3,
CodeQL (rust)	Initialize CodeQL	2026-09-03T08:12:50.6698739Z             "properties" : {
CodeQL (rust)	Initialize CodeQL	2026-09-03T08:12:50.6699024Z               "cache" : {
CodeQL (rust)	Initialize CodeQL	2026-09-03T08:12:50.6699295Z                 "title" : "TRAP cache options",
CodeQL (rust)	Initialize CodeQL	2026-09-03T08:12:50.6699707Z                 "description" : "Options about how the extractor handles its TRAP cache",
CodeQL (rust)	Initialize CodeQL	2026-09-03T08:12:50.6700110Z                 "type" : "object",
CodeQL (rust)	Initialize CodeQL	2026-09-03T08:12:50.6700373Z                 "properties" : {
CodeQL (rust)	Initialize CodeQL	2026-09-03T08:12:50.6700633Z                   "dir" : {
CodeQL (rust)	Initialize CodeQL	2026-09-03T08:12:50.6700898Z                     "title" : "TRAP cache directory",
CodeQL (rust)	Initialize CodeQL	2026-09-03T08:12:50.6701269Z                     "description" : "The directory of the TRAP cache to use",
CodeQL (rust)	Initialize CodeQL	2026-09-03T08:12:50.6701847Z                     "type" : "string"
CodeQL (rust)	Initialize CodeQL	2026-09-03T08:12:50.6702101Z                   },
CodeQL (rust)	Initialize CodeQL	2026-09-03T08:12:50.6702321Z                   "bound" : {
CodeQL (rust)	Initialize CodeQL	2026-09-03T08:12:50.6702578Z                     "title" : "TRAP cache bound",
CodeQL (rust)	Initialize CodeQL	2026-09-03T08:12:50.6702973Z                     "description" : "A soft limit (in MB) on the size of the TRAP cache",
CodeQL (rust)	Initialize CodeQL	2026-09-03T08:12:50.6703370Z                     "type" : "string",
CodeQL (rust)	Initialize CodeQL	2026-09-03T08:12:50.6703652Z                     "pattern" : "[0-9]+"
CodeQL (rust)	Initialize CodeQL	2026-09-03T08:12:50.6703922Z                   },
CodeQL (rust)	Initialize CodeQL	2026-09-03T08:12:50.6704134Z                   "write" : {
CodeQL (rust)	Initialize CodeQL	2026-09-03T08:12:50.6704393Z                     "title" : "TRAP cache writeable",
CodeQL (rust)	Initialize CodeQL	2026-09-03T08:12:50.6704812Z                     "description" : "Whether to write to the TRAP cache as well as reading it",
CodeQL (rust)	Initialize CodeQL	2026-09-03T08:12:50.6705251Z                     "type" : "string",
CodeQL (rust)	Initialize CodeQL	2026-09-03T08:12:50.6705539Z                     "pattern" : "(true|TRUE|false|FALSE)"
CodeQL (rust)	Initialize CodeQL	2026-09-03T08:12:50.6705824Z                   }
CodeQL (rust)	Initialize CodeQL	2026-09-03T08:12:50.6706022Z                 }
CodeQL (rust)	Initialize CodeQL	2026-09-03T08:12:50.6706221Z               }
CodeQL (rust)	Initialize CodeQL	2026-09-03T08:12:50.6706442Z             }
CodeQL (rust)	Initialize CodeQL	2026-09-03T08:12:50.6706639Z           }
CodeQL (rust)	Initialize CodeQL	2026-09-03T08:12:50.6706842Z         }
CodeQL (rust)	Initialize CodeQL	2026-09-03T08:12:50.6707027Z       }
CodeQL (rust)	Initialize CodeQL	2026-09-03T08:12:50.6707210Z     ],
CodeQL (rust)	Initialize CodeQL	2026-09-03T08:12:50.6707407Z     "ruby" : [
CodeQL (rust)	Initialize CodeQL	2026-09-03T08:12:50.6707609Z       {
CodeQL (rust)	Initialize CodeQL	2026-09-03T08:12:50.6707915Z         "extractor_root" : "/opt/hostedtoolcache/CodeQL/2.26.4/x64/codeql/ruby",
CodeQL (rust)	Initialize CodeQL	2026-09-03T08:12:50.6708298Z         "extractor_options" : {
CodeQL (rust)	Initialize CodeQL	2026-09-03T08:12:50.6708543Z           "trap" : {
CodeQL (rust)	Initialize CodeQL	2026-09-03T08:12:50.6708789Z             "title" : "Options pertaining to TRAP.",
CodeQL (rust)	Initialize CodeQL	2026-09-03T08:12:50.6709128Z             "description" : "Options pertaining to TRAP.",
CodeQL (rust)	Initialize CodeQL	2026-09-03T08:12:50.6709436Z             "type" : "object",
CodeQL (rust)	Initialize CodeQL	2026-09-03T08:12:50.6709697Z             "properties" : {
CodeQL (rust)	Initialize CodeQL	2026-09-03T08:12:50.6710091Z               "compression" : {
CodeQL (rust)	Initialize CodeQL	2026-09-03T08:12:50.6710513Z                 "title" : "Controls compression for the TRAP files written by the extractor.",
CodeQL (rust)	Initialize CodeQL	2026-09-03T08:12:50.6711873Z                 "description" : "This option is only intended for use in debugging the extractor. Accepted values are 'gzip' (the default, to write gzip-compressed TRAP) 'zstd' (to write Zstandard-compressed TRAP) and 'none' (to write uncompressed TRAP).\n",
CodeQL (rust)	Initialize CodeQL	2026-09-03T08:12:50.6712985Z                 "type" : "string",
CodeQL (rust)	Initialize CodeQL	2026-09-03T08:12:50.6713279Z                 "pattern" : "^(none|gzip|zstd)$"
CodeQL (rust)	Initialize CodeQL	2026-09-03T08:12:50.6713569Z               }
CodeQL (rust)	Initialize CodeQL	2026-09-03T08:12:50.6713776Z             }
CodeQL (rust)	Initialize CodeQL	2026-09-03T08:12:50.6713972Z           }
CodeQL (rust)	Initialize CodeQL	2026-09-03T08:12:50.6714171Z         }
CodeQL (rust)	Initialize CodeQL	2026-09-03T08:12:50.6714357Z       }
CodeQL (rust)	Initialize CodeQL	2026-09-03T08:12:50.6714542Z     ],
CodeQL (rust)	Initialize CodeQL	2026-09-03T08:12:50.6714732Z     "csv" : [
CodeQL (rust)	Initialize CodeQL	2026-09-03T08:12:50.6714922Z       {
CodeQL (rust)	Initialize CodeQL	2026-09-03T08:12:50.6715213Z         "extractor_root" : "/opt/hostedtoolcache/CodeQL/2.26.4/x64/codeql/csv"
CodeQL (rust)	Initialize CodeQL	2026-09-03T08:12:50.6715576Z       }
CodeQL (rust)	Initialize CodeQL	2026-09-03T08:12:50.6715755Z     ],
CodeQL (rust)	Initialize CodeQL	2026-09-03T08:12:50.6715946Z     "properties" : [
CodeQL (rust)	Initialize CodeQL	2026-09-03T08:12:50.6716163Z       {
CodeQL (rust)	Initialize CodeQL	2026-09-03T08:12:50.6716475Z         "extractor_root" : "/opt/hostedtoolcache/CodeQL/2.26.4/x64/codeql/properties"
CodeQL (rust)	Initialize CodeQL	2026-09-03T08:12:50.6716879Z       }
CodeQL (rust)	Initialize CodeQL	2026-09-03T08:12:50.6717081Z     ],
CodeQL (rust)	Initialize CodeQL	2026-09-03T08:12:50.6717267Z     "html" : [
CodeQL (rust)	Initialize CodeQL	2026-09-03T08:12:50.6717468Z       {
CodeQL (rust)	Initialize CodeQL	2026-09-03T08:12:50.6717897Z         "extractor_root" : "/opt/hostedtoolcache/CodeQL/2.26.4/x64/codeql/html"
CodeQL (rust)	Initialize CodeQL	2026-09-03T08:12:50.6718262Z       }
CodeQL (rust)	Initialize CodeQL	2026-09-03T08:12:50.6718447Z     ],
CodeQL (rust)	Initialize CodeQL	2026-09-03T08:12:50.6718636Z     "python" : [
CodeQL (rust)	Initialize CodeQL	2026-09-03T08:12:50.6718845Z       {
CodeQL (rust)	Initialize CodeQL	2026-09-03T08:12:50.6719143Z         "extractor_root" : "/opt/hostedtoolcache/CodeQL/2.26.4/x64/codeql/python",
CodeQL (rust)	Initialize CodeQL	2026-09-03T08:12:50.6719531Z         "extractor_options" : {
CodeQL (rust)	Initialize CodeQL	2026-09-03T08:12:50.6719784Z           "logging" : {
CodeQL (rust)	Initialize CodeQL	2026-09-03T08:12:50.6720053Z             "title" : "Options pertaining to logging.",
CodeQL (rust)	Initialize CodeQL	2026-09-03T08:12:50.6720414Z             "description" : "Options pertaining to logging.",
CodeQL (rust)	Initialize CodeQL	2026-09-03T08:12:50.6720733Z             "type" : "object",
CodeQL (rust)	Initialize CodeQL	2026-09-03T08:12:50.6720981Z             "properties" : {
CodeQL (rust)	Initialize CodeQL	2026-09-03T08:12:50.6721225Z               "verbosity" : {
CodeQL (rust)	Initialize CodeQL	2026-09-03T08:12:50.6721716Z                 "title" : "Python extractor logging verbosity level.",
CodeQL (rust)	Initialize CodeQL	2026-09-03T08:12:50.6722771Z                 "description" : "Controls the level of verbosity of the CodeQL Python extractor.\nThe supported levels are (in order of increasing verbosity):\n\n  - off\n  - errors\n  - warnings\n  - info or progress\n  - debug or progress+\n  - trace or progress++\n  - progress+++\n",
CodeQL (rust)	Initialize CodeQL	2026-09-03T08:12:50.6723728Z                 "type" : "string",
CodeQL (rust)	Initialize CodeQL	2026-09-03T08:12:50.6724267Z                 "pattern" : "^(off|errors|warnings|(info|progress)|(debug|progress\\+)|(trace|progress\\+\\+)|progress\\+\\+\\+)$"
CodeQL (rust)	Initialize CodeQL	2026-09-03T08:12:50.6724763Z               }
CodeQL (rust)	Initialize CodeQL	2026-09-03T08:12:50.6724965Z             }
CodeQL (rust)	Initialize CodeQL	2026-09-03T08:12:50.6725228Z           },
CodeQL (rust)	Initialize CodeQL	2026-09-03T08:12:50.6725533Z           "python_executable_name" : {
CodeQL (rust)	Initialize CodeQL	2026-09-03T08:12:50.6725959Z             "title" : "Controls the name of the Python executable used by the Python extractor.",
CodeQL (rust)	Initialize CodeQL	2026-09-03T08:12:50.6727458Z             "description" : "The Python extractor uses platform-dependent heuristics to determine the name of the Python executable to use. Specifying a value for this option overrides the name of the Python executable used by the extractor. Accepted values are py, python and python3. Use this setting with caution, the Python extractor requires Python 3 to run.\n",
CodeQL (rust)	Initialize CodeQL	2026-09-03T08:12:50.6728725Z             "type" : "string",
CodeQL (rust)	Initialize CodeQL	2026-09-03T08:12:50.6728993Z             "pattern" : "^(py|python|python3)$"
CodeQL (rust)	Initialize CodeQL	2026-09-03T08:12:50.6729273Z           }
CodeQL (rust)	Initialize CodeQL	2026-09-03T08:12:50.6729522Z         }
CodeQL (rust)	Initialize CodeQL	2026-09-03T08:12:50.6729723Z       }
CodeQL (rust)	Initialize CodeQL	2026-09-03T08:12:50.6729909Z     ]
CodeQL (rust)	Initialize CodeQL	2026-09-03T08:12:50.6730108Z   }
CodeQL (rust)	Initialize CodeQL	2026-09-03T08:12:50.6730292Z }
CodeQL (rust)	Initialize CodeQL	2026-09-03T08:12:50.6735505Z Detected no issues with the code scanning workflow.
CodeQL (rust)	Initialize CodeQL	2026-09-03T08:12:50.6736226Z ##[endgroup]
CodeQL (rust)	Initialize CodeQL	2026-09-03T08:12:50.6742435Z ##[group]Load language configuration
CodeQL (rust)	Initialize CodeQL	2026-09-03T08:12:50.6750104Z [command]/opt/hostedtoolcache/CodeQL/2.26.4/x64/codeql/codeql resolve languages --format=betterjson --extractor-options-verbosity=4 --extractor-include-aliases --filter-to-languages-with-queries
CodeQL (rust)	Initialize CodeQL	2026-09-03T08:12:51.5882635Z {
CodeQL (rust)	Initialize CodeQL	2026-09-03T08:12:51.5883498Z   "aliases" : {
CodeQL (rust)	Initialize CodeQL	2026-09-03T08:12:51.5884148Z     "c" : "cpp",
CodeQL (rust)	Initialize CodeQL	2026-09-03T08:12:51.5884692Z     "c++" : "cpp",
CodeQL (rust)	Initialize CodeQL	2026-09-03T08:12:51.5885245Z     "c-c++" : "cpp",
CodeQL (rust)	Initialize CodeQL	2026-09-03T08:12:51.5885790Z     "c-cpp" : "cpp",
CodeQL (rust)	Initialize CodeQL	2026-09-03T08:12:51.5886335Z     "c#" : "csharp",
CodeQL (rust)	Initialize CodeQL	2026-09-03T08:12:51.5886884Z     "java-kotlin" : "java",
CodeQL (rust)	Initialize CodeQL	2026-09-03T08:12:51.5887461Z     "kotlin" : "java",
CodeQL (rust)	Initialize CodeQL	2026-09-03T08:12:51.5888004Z     "javascript-typescript" : "javascript",
CodeQL (rust)	Initialize CodeQL	2026-09-03T08:12:51.5888651Z     "typescript" : "javascript"
CodeQL (rust)	Initialize CodeQL	2026-09-03T08:12:51.5889198Z   },
CodeQL (rust)	Initialize CodeQL	2026-09-03T08:12:51.5889700Z   "extractors" : {
CodeQL (rust)	Initialize CodeQL	2026-09-03T08:12:51.5890234Z     "rust" : [
CodeQL (rust)	Initialize CodeQL	2026-09-03T08:12:51.5890738Z       {
CodeQL (rust)	Initialize CodeQL	2026-09-03T08:12:51.5891451Z         "extractor_root" : "/opt/hostedtoolcache/CodeQL/2.26.4/x64/codeql/rust",
CodeQL (rust)	Initialize CodeQL	2026-09-03T08:12:51.5892485Z         "extractor_options" : {
CodeQL (rust)	Initialize CodeQL	2026-09-03T08:12:51.5892999Z           "trap" : {
CodeQL (rust)	Initialize CodeQL	2026-09-03T08:12:51.5893544Z             "title" : "Options pertaining to TRAP.",
CodeQL (rust)	Initialize CodeQL	2026-09-03T08:12:51.5894347Z             "description" : "Options pertaining to TRAP.",
CodeQL (rust)	Initialize CodeQL	2026-09-03T08:12:51.5895547Z             "type" : "object",
CodeQL (rust)	Initialize CodeQL	2026-09-03T08:12:51.5896149Z             "properties" : {
CodeQL (rust)	Initialize CodeQL	2026-09-03T08:12:51.5896749Z               "compression" : {
CodeQL (rust)	Initialize CodeQL	2026-09-03T08:12:51.5897554Z                 "title" : "Controls compression for the TRAP files written by the extractor.",
CodeQL (rust)	Initialize CodeQL	2026-09-03T08:12:51.5899512Z                 "description" : "This option is only intended for use in debugging the extractor. Accepted values are 'gzip' (to write gzip-compressed TRAP) 'zstd' (the default, to write Zstandard-compressed TRAP) and 'none' (to write uncompressed TRAP).\n",
CodeQL (rust)	Initialize CodeQL	2026-09-03T08:12:51.5901352Z                 "type" : "string",
CodeQL (rust)	Initialize CodeQL	2026-09-03T08:12:51.5902333Z                 "pattern" : "^(none|gzip|zstd)$"
CodeQL (rust)	Initialize CodeQL	2026-09-03T08:12:51.5903007Z               }
CodeQL (rust)	Initialize CodeQL	2026-09-03T08:12:51.5903489Z             }
CodeQL (rust)	Initialize CodeQL	2026-09-03T08:12:51.5903960Z           },
CodeQL (rust)	Initialize CodeQL	2026-09-03T08:12:51.5904487Z           "cargo_target_dir" : {
CodeQL (rust)	Initialize CodeQL	2026-09-03T08:12:51.5905199Z             "title" : "Directory to use for cargo output files.",
CodeQL (rust)	Initialize CodeQL	2026-09-03T08:12:51.5907285Z             "description" : "This value is an optional path to use as `CARGO_TARGET_DIR` for the internal cargo commands the extractor uses. Pointing it to a persistent directory may reduce execution time of consecutive extractor runs. By default, a new scratch directory is used for each run.\n",
CodeQL (rust)	Initialize CodeQL	2026-09-03T08:12:51.5909162Z             "type" : "string"
CodeQL (rust)	Initialize CodeQL	2026-09-03T08:12:51.5909727Z           },
CodeQL (rust)	Initialize CodeQL	2026-09-03T08:12:51.5910250Z           "cargo_target" : {
CodeQL (rust)	Initialize CodeQL	2026-09-03T08:12:51.5910864Z             "title" : "Target architecture",
CodeQL (rust)	Initialize CodeQL	2026-09-03T08:12:51.5912220Z             "description" : "Target architecture to use for analysis, analogous to `cargo --target`. By default the host architecture is used.\n",
CodeQL (rust)	Initialize CodeQL	2026-09-03T08:12:51.5913397Z             "type" : "string"
CodeQL (rust)	Initialize CodeQL	2026-09-03T08:12:51.5913970Z           },
CodeQL (rust)	Initialize CodeQL	2026-09-03T08:12:51.5914489Z           "cargo_features" : {
CodeQL (rust)	Initialize CodeQL	2026-09-03T08:12:51.5917238Z             "title" : "Cargo features to turn on",
CodeQL (rust)	Initialize CodeQL	2026-09-03T08:12:51.5919262Z             "description" : "Comma-separated list of features to turn on. By default all features are enabled. If any features are specified, then only those features are enabled. The `default` feature must be explicitly specified if only default features are desired. Can be repeated.\n",
CodeQL (rust)	Initialize CodeQL	2026-09-03T08:12:51.5921254Z             "type" : "array"
CodeQL (rust)	Initialize CodeQL	2026-09-03T08:12:51.5922053Z           },
CodeQL (rust)	Initialize CodeQL	2026-09-03T08:12:51.5922571Z           "cargo_cfg_overrides" : {
CodeQL (rust)	Initialize CodeQL	2026-09-03T08:12:51.5923224Z             "title" : "Cargo cfg overrides",
CodeQL (rust)	Initialize CodeQL	2026-09-03T08:12:51.5924302Z             "description" : "Comma-separated list of cfg settings to enable, or disable if prefixed with `-`. Can be repeated.\n",
CodeQL (rust)	Initialize CodeQL	2026-09-03T08:12:51.5925371Z             "type" : "array"
CodeQL (rust)	Initialize CodeQL	2026-09-03T08:12:51.5925910Z           },
CodeQL (rust)	Initialize CodeQL	2026-09-03T08:12:51.5926406Z           "logging" : {
CodeQL (rust)	Initialize CodeQL	2026-09-03T08:12:51.5926957Z             "title" : "Options pertaining to logging.",
CodeQL (rust)	Initialize CodeQL	2026-09-03T08:12:51.5928004Z             "description" : "Options pertaining to logging.",
CodeQL (rust)	Initialize CodeQL	2026-09-03T08:12:51.5928737Z             "type" : "object",
CodeQL (rust)	Initialize CodeQL	2026-09-03T08:12:51.5929340Z             "properties" : {
CodeQL (rust)	Initialize CodeQL	2026-09-03T08:12:51.5929932Z               "verbosity" : {
CodeQL (rust)	Initialize CodeQL	2026-09-03T08:12:51.5930555Z                 "title" : "Extractor logging verbosity level.",
CodeQL (rust)	Initialize CodeQL	2026-09-03T08:12:51.5932577Z                 "description" : "Controls the level of verbosity of the extractor. The supported levels are (in order of increasing verbosity):\n  - off\n  - errors\n  - warnings\n  - info or progress\n  - debug or progress+\n  - trace or progress++\n  - progress+++\n",
CodeQL (rust)	Initialize CodeQL	2026-09-03T08:12:51.5934078Z                 "type" : "string",
CodeQL (rust)	Initialize CodeQL	2026-09-03T08:12:51.5934789Z                 "pattern" : "^(off|errors|warnings|(info|progress)|(debug|progress\\+)|(trace|progress\\+\\+)|progress\\+\\+\\+)$"
CodeQL (rust)	Initialize CodeQL	2026-09-03T08:12:51.5935480Z               },
CodeQL (rust)	Initialize CodeQL	2026-09-03T08:12:51.5935871Z               "flamegraph" : {
CodeQL (rust)	Initialize CodeQL	2026-09-03T08:12:51.5936381Z                 "title" : "[Experimental] File path for write flame graph log",
CodeQL (rust)	Initialize CodeQL	2026-09-03T08:12:51.5937504Z                 "description" : "Collect flame graph data using the `tracing-flame` crate. To render a flame graph or chart, run the `inferno-flamegraph` command. See also: https://crates.io/crates/tracing-flame\n",
CodeQL (rust)	Initialize CodeQL	2026-09-03T08:12:51.5938717Z                 "type" : "string"
CodeQL (rust)	Initialize CodeQL	2026-09-03T08:12:51.5939133Z               }
CodeQL (rust)	Initialize CodeQL	2026-09-03T08:12:51.5939500Z             }
CodeQL (rust)	Initialize CodeQL	2026-09-03T08:12:51.5939873Z           },
CodeQL (rust)	Initialize CodeQL	2026-09-03T08:12:51.5940257Z           "extract_dependencies_as_source" : {
CodeQL (rust)	Initialize CodeQL	2026-09-03T08:12:51.5940768Z             "title" : "Extract dependencies as source code",
CodeQL (rust)	Initialize CodeQL	2026-09-03T08:12:51.5941469Z             "description" : "Extract the full source code of dependencies instead of only extracting signatures.\n",
CodeQL (rust)	Initialize CodeQL	2026-09-03T08:12:51.5942550Z             "type" : "string",
CodeQL (rust)	Initialize CodeQL	2026-09-03T08:12:51.5942952Z             "pattern" : "^(false|true)$"
CodeQL (rust)	Initialize CodeQL	2026-09-03T08:12:51.5943359Z           }
CodeQL (rust)	Initialize CodeQL	2026-09-03T08:12:51.5943644Z         }
CodeQL (rust)	Initialize CodeQL	2026-09-03T08:12:51.5943921Z       }
CodeQL (rust)	Initialize CodeQL	2026-09-03T08:12:51.5944181Z     ],
CodeQL (rust)	Initialize CodeQL	2026-09-03T08:12:51.5944452Z     "csharp" : [
CodeQL (rust)	Initialize CodeQL	2026-09-03T08:12:51.5944746Z       {
CodeQL (rust)	Initialize CodeQL	2026-09-03T08:12:51.5945210Z         "extractor_root" : "/opt/hostedtoolcache/CodeQL/2.26.4/x64/codeql/csharp",
CodeQL (rust)	Initialize CodeQL	2026-09-03T08:12:51.5945898Z         "extractor_options" : {
CodeQL (rust)	Initialize CodeQL	2026-09-03T08:12:51.5946298Z           "trap" : {
CodeQL (rust)	Initialize CodeQL	2026-09-03T08:12:51.5946657Z             "title" : "Options pertaining to TRAP.",
CodeQL (rust)	Initialize CodeQL	2026-09-03T08:12:51.5947177Z             "description" : "Options pertaining to TRAP.",
CodeQL (rust)	Initialize CodeQL	2026-09-03T08:12:51.5947653Z             "type" : "object",
CodeQL (rust)	Initialize CodeQL	2026-09-03T08:12:51.5948001Z             "properties" : {
CodeQL (rust)	Initialize CodeQL	2026-09-03T08:12:51.5948246Z               "compression" : {
CodeQL (rust)	Initialize CodeQL	2026-09-03T08:12:51.5948636Z                 "title" : "Controls compression for the TRAP files written by the extractor.",
CodeQL (rust)	Initialize CodeQL	2026-09-03T08:12:51.5949582Z                 "description" : "This option is only intended for use in debugging the extractor. Accepted values are 'brotli' (the default, to write brotli-compressed TRAP), 'gzip', and 'none' (to write uncompressed TRAP).\n",
CodeQL (rust)	Initialize CodeQL	2026-09-03T08:12:51.5950411Z                 "type" : "string",
CodeQL (rust)	Initialize CodeQL	2026-09-03T08:12:51.5950689Z                 "pattern" : "^(none|gzip|brotli)$"
CodeQL (rust)	Initialize CodeQL	2026-09-03T08:12:51.5950972Z               }
CodeQL (rust)	Initialize CodeQL	2026-09-03T08:12:51.5951172Z             }
CodeQL (rust)	Initialize CodeQL	2026-09-03T08:12:51.5951358Z           },
CodeQL (rust)	Initialize CodeQL	2026-09-03T08:12:51.5951837Z           "buildless" : {
CodeQL (rust)	Initialize CodeQL	2026-09-03T08:12:51.5952386Z             "title" : "DEPRECATED - Whether to use buildless (standalone) extraction.",
CodeQL (rust)	Initialize CodeQL	2026-09-03T08:12:51.5954510Z             "description" : "DEPRECATED: Use `--build-mode none` instead.\nA value indicating, which type of extraction the autobuilder should perform. If 'true', then the standalone extractor will be used, otherwise tracing extraction will be performed. The default is 'false'. Note that buildless extraction will generally yield less accurate analysis results, and should only be used in cases where it is not possible to build the code (for example if it uses inaccessible dependencies).\n",
CodeQL (rust)	Initialize CodeQL	2026-09-03T08:12:51.5956371Z             "type" : "string",
CodeQL (rust)	Initialize CodeQL	2026-09-03T08:12:51.5956631Z             "pattern" : "^(false|true)$"
CodeQL (rust)	Initialize CodeQL	2026-09-03T08:12:51.5956888Z           },
CodeQL (rust)	Initialize CodeQL	2026-09-03T08:12:51.5957085Z           "logging" : {
CodeQL (rust)	Initialize CodeQL	2026-09-03T08:12:51.5957337Z             "title" : "Options pertaining to logging.",
CodeQL (rust)	Initialize CodeQL	2026-09-03T08:12:51.5957693Z             "description" : "Options pertaining to logging.",
CodeQL (rust)	Initialize CodeQL	2026-09-03T08:12:51.5958007Z             "type" : "object",
CodeQL (rust)	Initialize CodeQL	2026-09-03T08:12:51.5958244Z             "properties" : {
CodeQL (rust)	Initialize CodeQL	2026-09-03T08:12:51.5958481Z               "verbosity" : {
CodeQL (rust)	Initialize CodeQL	2026-09-03T08:12:51.5958755Z                 "title" : "Extractor logging verbosity level.",
CodeQL (rust)	Initialize CodeQL	2026-09-03T08:12:51.5959708Z                 "description" : "Controls the level of verbosity of the extractor. The supported levels are (in order of increasing verbosity):\n  - off\n  - errors\n  - warnings\n  - info or progress\n  - debug or progress+\n  - trace or progress++\n  - progress+++\n",
CodeQL (rust)	Initialize CodeQL	2026-09-03T08:12:51.5960612Z                 "type" : "string",
CodeQL (rust)	Initialize CodeQL	2026-09-03T08:12:51.5961102Z                 "pattern" : "^(off|errors|warnings|(info|progress)|(debug|progress\\+)|(trace|progress\\+\\+)|progress\\+\\+\\+)$"
CodeQL (rust)	Initialize CodeQL	2026-09-03T08:12:51.5961894Z               }
CodeQL (rust)	Initialize CodeQL	2026-09-03T08:12:51.5962094Z             }
CodeQL (rust)	Initialize CodeQL	2026-09-03T08:12:51.5962284Z           },
CodeQL (rust)	Initialize CodeQL	2026-09-03T08:12:51.5962473Z           "binlog" : {
CodeQL (rust)	Initialize CodeQL	2026-09-03T08:12:51.5962695Z             "title" : "Binlog",
CodeQL (rust)	Initialize CodeQL	2026-09-03T08:12:51.5963363Z             "description" : "[EXPERIMENTAL] The value is a path to the MsBuild binary log file that should be extracted. This option only works when `--build-mode none` is also specified.\n",
CodeQL (rust)	Initialize CodeQL	2026-09-03T08:12:51.5964044Z             "type" : "array"
CodeQL (rust)	Initialize CodeQL	2026-09-03T08:12:51.5964263Z           },
CodeQL (rust)	Initialize CodeQL	2026-09-03T08:12:51.5964480Z           "buildless_dependency_dir" : {
CodeQL (rust)	Initialize CodeQL	2026-09-03T08:12:51.5964918Z             "title" : "The path where buildless (standalone) extraction should keep dependencies.",
CodeQL (rust)	Initialize CodeQL	2026-09-03T08:12:51.5965572Z             "description" : "If set, the buildless (standalone) extractor will store dependencies in this directory.\n",
CodeQL (rust)	Initialize CodeQL	2026-09-03T08:12:51.5966073Z             "type" : "string"
CodeQL (rust)	Initialize CodeQL	2026-09-03T08:12:51.5966303Z           }
CodeQL (rust)	Initialize CodeQL	2026-09-03T08:12:51.5966494Z         }
CodeQL (rust)	Initialize CodeQL	2026-09-03T08:12:51.5966682Z       }
CodeQL (rust)	Initialize CodeQL	2026-09-03T08:12:51.5966861Z     ],
CodeQL (rust)	Initialize CodeQL	2026-09-03T08:12:51.5967054Z     "cpp" : [
CodeQL (rust)	Initialize CodeQL	2026-09-03T08:12:51.5967247Z       {
CodeQL (rust)	Initialize CodeQL	2026-09-03T08:12:51.5967546Z         "extractor_root" : "/opt/hostedtoolcache/CodeQL/2.26.4/x64/codeql/cpp",
CodeQL (rust)	Initialize CodeQL	2026-09-03T08:12:51.5967929Z         "extractor_options" : {
CodeQL (rust)	Initialize CodeQL	2026-09-03T08:12:51.5968179Z           "trap" : {
CodeQL (rust)	Initialize CodeQL	2026-09-03T08:12:51.5968411Z             "title" : "TRAP options",
CodeQL (rust)	Initialize CodeQL	2026-09-03T08:12:51.5968781Z             "description" : "Options about how the extractor handles TRAP files",
CodeQL (rust)	Initialize CodeQL	2026-09-03T08:12:51.5969155Z             "type" : "object",
CodeQL (rust)	Initialize CodeQL	2026-09-03T08:12:51.5969402Z             "visibility" : 3,
CodeQL (rust)	Initialize CodeQL	2026-09-03T08:12:51.5969640Z             "properties" : {
CodeQL (rust)	Initialize CodeQL	2026-09-03T08:12:51.5969876Z               "cache" : {
CodeQL (rust)	Initialize CodeQL	2026-09-03T08:12:51.5970130Z                 "title" : "TRAP cache options",
CodeQL (rust)	Initialize CodeQL	2026-09-03T08:12:51.5970528Z                 "description" : "Options about how the extractor handles its TRAP cache",
CodeQL (rust)	Initialize CodeQL	2026-09-03T08:12:51.5970930Z                 "type" : "object",
CodeQL (rust)	Initialize CodeQL	2026-09-03T08:12:51.5971188Z                 "properties" : {
CodeQL (rust)	Initialize CodeQL	2026-09-03T08:12:51.5971429Z                   "dir" : {
CodeQL (rust)	Initialize CodeQL	2026-09-03T08:12:51.5972163Z                     "title" : "TRAP cache directory",
CodeQL (rust)	Initialize CodeQL	2026-09-03T08:12:51.5972625Z                     "description" : "The directory of the TRAP cache to use",
CodeQL (rust)	Initialize CodeQL	2026-09-03T08:12:51.5972975Z                     "type" : "string"
CodeQL (rust)	Initialize CodeQL	2026-09-03T08:12:51.5973217Z                   },
CodeQL (rust)	Initialize CodeQL	2026-09-03T08:12:51.5973427Z                   "bound" : {
CodeQL (rust)	Initialize CodeQL	2026-09-03T08:12:51.5973682Z                     "title" : "TRAP cache bound",
CodeQL (rust)	Initialize CodeQL	2026-09-03T08:12:51.5974053Z                     "description" : "A soft limit (in MB) on the size of the TRAP cache",
CodeQL (rust)	Initialize CodeQL	2026-09-03T08:12:51.5974425Z                     "type" : "string",
CodeQL (rust)	Initialize CodeQL	2026-09-03T08:12:51.5974698Z                     "pattern" : "[0-9]+"
CodeQL (rust)	Initialize CodeQL	2026-09-03T08:12:51.5975106Z                   },
CodeQL (rust)	Initialize CodeQL	2026-09-03T08:12:51.5975320Z                   "write" : {
CodeQL (rust)	Initialize CodeQL	2026-09-03T08:12:51.5975566Z                     "title" : "TRAP cache writeable",
CodeQL (rust)	Initialize CodeQL	2026-09-03T08:12:51.5975974Z                     "description" : "Whether to write to the TRAP cache as well as reading it",
CodeQL (rust)	Initialize CodeQL	2026-09-03T08:12:51.5976367Z                     "type" : "string",
CodeQL (rust)	Initialize CodeQL	2026-09-03T08:12:51.5976644Z                     "pattern" : "(true|TRUE|false|FALSE)"
CodeQL (rust)	Initialize CodeQL	2026-09-03T08:12:51.5976922Z                   }
CodeQL (rust)	Initialize CodeQL	2026-09-03T08:12:51.5977121Z                 }
CodeQL (rust)	Initialize CodeQL	2026-09-03T08:12:51.5977314Z               }
CodeQL (rust)	Initialize CodeQL	2026-09-03T08:12:51.5977515Z             }
CodeQL (rust)	Initialize CodeQL	2026-09-03T08:12:51.5977702Z           },
CodeQL (rust)	Initialize CodeQL	2026-09-03T08:12:51.5977904Z           "scale_timeouts" : {
CodeQL (rust)	Initialize CodeQL	2026-09-03T08:12:51.5978229Z             "title" : "Value to scale compiler introspection timeouts with",
CodeQL (rust)	Initialize CodeQL	2026-09-03T08:12:51.5979626Z             "description" : "The extractor attempts to determine what compiler the source code being extracted is compiled with. To this end the extractor makes additional calls to the compiler, some of which are expected to return within a certain fixed time (either 10s or 15s). On some systems that are under high load this time might be too short, and can be scaled up using this option.\n",
CodeQL (rust)	Initialize CodeQL	2026-09-03T08:12:51.5981051Z             "type" : "string",
CodeQL (rust)	Initialize CodeQL	2026-09-03T08:12:51.5981309Z             "pattern" : "[0-9]+"
CodeQL (rust)	Initialize CodeQL	2026-09-03T08:12:51.5981734Z           },
CodeQL (rust)	Initialize CodeQL	2026-09-03T08:12:51.5981955Z           "log_verbosity" : {
CodeQL (rust)	Initialize CodeQL	2026-09-03T08:12:51.5982246Z             "title" : "Verbosity of the extractor logging",
CodeQL (rust)	Initialize CodeQL	2026-09-03T08:12:51.5982868Z             "description" : "Set the verbosity of the extractor logging to 'quiet' (0), 'normal' (1), 'chatty' (2), or 'noisy' (3). The default is 'normal'.\n",
CodeQL (rust)	Initialize CodeQL	2026-09-03T08:12:51.5983436Z             "type" : "string",
CodeQL (rust)	Initialize CodeQL	2026-09-03T08:12:51.5983685Z             "pattern" : "[0-3]"
CodeQL (rust)	Initialize CodeQL	2026-09-03T08:12:51.5983920Z           },
CodeQL (rust)	Initialize CodeQL	2026-09-03T08:12:51.5984129Z           "frontend_options" : {
CodeQL (rust)	Initialize CodeQL	2026-09-03T08:12:51.5984419Z             "title" : "C/C++ extractor frontend options",
CodeQL (rust)	Initialize CodeQL	2026-09-03T08:12:51.5984927Z             "description" : "Set additional options that should be passed to the C/C++ extractor frontend.\n",
CodeQL (rust)	Initialize CodeQL	2026-09-03T08:12:51.5985387Z             "type" : "array",
CodeQL (rust)	Initialize CodeQL	2026-09-03T08:12:51.5985642Z             "visibility" : 3
CodeQL (rust)	Initialize CodeQL	2026-09-03T08:12:51.5985872Z           }
CodeQL (rust)	Initialize CodeQL	2026-09-03T08:12:51.5986059Z         }
CodeQL (rust)	Initialize CodeQL	2026-09-03T08:12:51.5986245Z       }
CodeQL (rust)	Initialize CodeQL	2026-09-03T08:12:51.5986429Z     ],
CodeQL (rust)	Initialize CodeQL	2026-09-03T08:12:51.5986621Z     "python" : [
CodeQL (rust)	Initialize CodeQL	2026-09-03T08:12:51.5986822Z       {
CodeQL (rust)	Initialize CodeQL	2026-09-03T08:12:51.5987127Z         "extractor_root" : "/opt/hostedtoolcache/CodeQL/2.26.4/x64/codeql/python",
CodeQL (rust)	Initialize CodeQL	2026-09-03T08:12:51.5987513Z         "extractor_options" : {
CodeQL (rust)	Initialize CodeQL	2026-09-03T08:12:51.5987767Z           "logging" : {
CodeQL (rust)	Initialize CodeQL	2026-09-03T08:12:51.5988023Z             "title" : "Options pertaining to logging.",
CodeQL (rust)	Initialize CodeQL	2026-09-03T08:12:51.5988367Z             "description" : "Options pertaining to logging.",
CodeQL (rust)	Initialize CodeQL	2026-09-03T08:12:51.5988681Z             "type" : "object",
CodeQL (rust)	Initialize CodeQL	2026-09-03T08:12:51.5988923Z             "properties" : {
CodeQL (rust)	Initialize CodeQL	2026-09-03T08:12:51.5989159Z               "verbosity" : {
CodeQL (rust)	Initialize CodeQL	2026-09-03T08:12:51.5989459Z                 "title" : "Python extractor logging verbosity level.",
CodeQL (rust)	Initialize CodeQL	2026-09-03T08:12:51.5990494Z                 "description" : "Controls the level of verbosity of the CodeQL Python extractor.\nThe supported levels are (in order of increasing verbosity):\n\n  - off\n  - errors\n  - warnings\n  - info or progress\n  - debug or progress+\n  - trace or progress++\n  - progress+++\n",
CodeQL (rust)	Initialize CodeQL	2026-09-03T08:12:51.5991436Z                 "type" : "string",
CodeQL (rust)	Initialize CodeQL	2026-09-03T08:12:51.5992313Z                 "pattern" : "^(off|errors|warnings|(info|progress)|(debug|progress\\+)|(trace|progress\\+\\+)|progress\\+\\+\\+)$"
CodeQL (rust)	Initialize CodeQL	2026-09-03T08:12:51.5992895Z               }
CodeQL (rust)	Initialize CodeQL	2026-09-03T08:12:51.5993187Z             }
CodeQL (rust)	Initialize CodeQL	2026-09-03T08:12:51.5993473Z           },
CodeQL (rust)	Initialize CodeQL	2026-09-03T08:12:51.5993784Z           "python_executable_name" : {
CodeQL (rust)	Initialize CodeQL	2026-09-03T08:12:51.5994461Z             "title" : "Controls the name of the Python executable used by the Python extractor.",
CodeQL (rust)	Initialize CodeQL	2026-09-03T08:12:51.5996443Z             "description" : "The Python extractor uses platform-dependent heuristics to determine the name of the Python executable to use. Specifying a value for this option overrides the name of the Python executable used by the extractor. Accepted values are py, python and python3. Use this setting with caution, the Python extractor requires Python 3 to run.\n",
CodeQL (rust)	Initialize CodeQL	2026-09-03T08:12:51.5997682Z             "type" : "string",
CodeQL (rust)	Initialize CodeQL	2026-09-03T08:12:51.5997953Z             "pattern" : "^(py|python|python3)$"
CodeQL (rust)	Initialize CodeQL	2026-09-03T08:12:51.5998229Z           }
CodeQL (rust)	Initialize CodeQL	2026-09-03T08:12:51.5998412Z         }
CodeQL (rust)	Initialize CodeQL	2026-09-03T08:12:51.5998593Z       }
CodeQL (rust)	Initialize CodeQL	2026-09-03T08:12:51.5998775Z     ],
CodeQL (rust)	Initialize CodeQL	2026-09-03T08:12:51.5998962Z     "java" : [
CodeQL (rust)	Initialize CodeQL	2026-09-03T08:12:51.5999157Z       {
CodeQL (rust)	Initialize CodeQL	2026-09-03T08:12:51.5999448Z         "extractor_root" : "/opt/hostedtoolcache/CodeQL/2.26.4/x64/codeql/java",
CodeQL (rust)	Initialize CodeQL	2026-09-03T08:12:51.5999835Z         "extractor_options" : {
CodeQL (rust)	Initialize CodeQL	2026-09-03T08:12:51.6000085Z           "exclude" : {
CodeQL (rust)	Initialize CodeQL	2026-09-03T08:12:51.6000351Z             "title" : "A glob excluding files from analysis.",
CodeQL (rust)	Initialize CodeQL	2026-09-03T08:12:51.6001225Z             "description" : "A glob indicating what files to exclude from the analysis. This accepts glob patterns that are supported by Java's 'getPathMatcher' implementation.\n",
CodeQL (rust)	Initialize CodeQL	2026-09-03T08:12:51.6002141Z             "type" : "string"
CodeQL (rust)	Initialize CodeQL	2026-09-03T08:12:51.6002370Z           },
CodeQL (rust)	Initialize CodeQL	2026-09-03T08:12:51.6002574Z           "add_prefer_source" : {
CodeQL (rust)	Initialize CodeQL	2026-09-03T08:12:51.6002917Z             "title" : "Whether to always prefer source files over class files.",
CodeQL (rust)	Initialize CodeQL	2026-09-03T08:12:51.6004027Z             "description" : "A value indicating whether source files should be preferred over class files. If set to 'true', the extraction adds '-Xprefer:source' to the javac command line. If set to 'false', the extraction uses the default javac behavior ('-Xprefer:newer'). The default is 'true'.\n",
CodeQL (rust)	Initialize CodeQL	2026-09-03T08:12:51.6005127Z             "type" : "string",
CodeQL (rust)	Initialize CodeQL	2026-09-03T08:12:51.6005416Z             "pattern" : "^(false|true)$"
CodeQL (rust)	Initialize CodeQL	2026-09-03T08:12:51.6005680Z           },
CodeQL (rust)	Initialize CodeQL	2026-09-03T08:12:51.6005882Z           "buildless" : {
CodeQL (rust)	Initialize CodeQL	2026-09-03T08:12:51.6006234Z             "title" : "Whether to use buildless (standalone) extraction (experimental).",
CodeQL (rust)	Initialize CodeQL	2026-09-03T08:12:51.6007853Z             "description" : "A value indicating, which type of extraction the autobuilder should perform. If 'true', then the standalone extractor will be used, otherwise tracing extraction will be performed. The default is 'false'. Note that buildless extraction will generally yield less accurate analysis results, and should only be used in cases where it is not possible to build the code (for example if it uses inaccessible dependencies).\n",
CodeQL (rust)	Initialize CodeQL	2026-09-03T08:12:51.6009284Z             "type" : "string",
CodeQL (rust)	Initialize CodeQL	2026-09-03T08:12:51.6009539Z             "pattern" : "^(false|true)$"
CodeQL (rust)	Initialize CodeQL	2026-09-03T08:12:51.6009794Z           },
CodeQL (rust)	Initialize CodeQL	2026-09-03T08:12:51.6010013Z           "buildless_dependency_dir" : {
CodeQL (rust)	Initialize CodeQL	2026-09-03T08:12:51.6010438Z             "title" : "The path where buildless (standalone) extraction should keep dependencies.",
CodeQL (rust)	Initialize CodeQL	2026-09-03T08:12:51.6011086Z             "description" : "If set, the buildless (standalone) extractor will store dependencies in this directory.\n",
CodeQL (rust)	Initialize CodeQL	2026-09-03T08:12:51.6011747Z             "type" : "string"
CodeQL (rust)	Initialize CodeQL	2026-09-03T08:12:51.6011981Z           },
CodeQL (rust)	Initialize CodeQL	2026-09-03T08:12:51.6012188Z           "minimize_dependency_jars" : {
CodeQL (rust)	Initialize CodeQL	2026-09-03T08:12:51.6012612Z             "title" : "Whether to rewrite and minimize downloaded JAR dependencies (experimental).",
CodeQL (rust)	Initialize CodeQL	2026-09-03T08:12:51.6013467Z             "description" : "If 'true', JAR dependencies downloaded during extraction will be rewritten to remove unneeded data, such as method bodies. The default is 'false'.\n",
CodeQL (rust)	Initialize CodeQL	2026-09-03T08:12:51.6014134Z             "type" : "string",
CodeQL (rust)	Initialize CodeQL	2026-09-03T08:12:51.6014374Z             "pattern" : "^(false|true)$"
CodeQL (rust)	Initialize CodeQL	2026-09-03T08:12:51.6014618Z           }
CodeQL (rust)	Initialize CodeQL	2026-09-03T08:12:51.6014814Z         }
CodeQL (rust)	Initialize CodeQL	2026-09-03T08:12:51.6014996Z       }
CodeQL (rust)	Initialize CodeQL	2026-09-03T08:12:51.6015338Z     ],
CodeQL (rust)	Initialize CodeQL	2026-09-03T08:12:51.6015522Z     "go" : [
CodeQL (rust)	Initialize CodeQL	2026-09-03T08:12:51.6015708Z       {
CodeQL (rust)	Initialize CodeQL	2026-09-03T08:12:51.6016006Z         "extractor_root" : "/opt/hostedtoolcache/CodeQL/2.26.4/x64/codeql/go",
CodeQL (rust)	Initialize CodeQL	2026-09-03T08:12:51.6016375Z         "extractor_options" : {
CodeQL (rust)	Initialize CodeQL	2026-09-03T08:12:51.6016621Z           "extract_tests" : {
CodeQL (rust)	Initialize CodeQL	2026-09-03T08:12:51.6016956Z             "title" : "Whether to include Go test files in the CodeQL database.",
CodeQL (rust)	Initialize CodeQL	2026-09-03T08:12:51.6017608Z             "description" : "A value indicating whether Go test files should be included in the CodeQL database. The default is 'false'.\n",
CodeQL (rust)	Initialize CodeQL	2026-09-03T08:12:51.6018144Z             "type" : "string",
CodeQL (rust)	Initialize CodeQL	2026-09-03T08:12:51.6018377Z             "pattern" : "^(false|true)$"
CodeQL (rust)	Initialize CodeQL	2026-09-03T08:12:51.6018622Z           },
CodeQL (rust)	Initialize CodeQL	2026-09-03T08:12:51.6018826Z           "extract_vendor_dirs" : {
CodeQL (rust)	Initialize CodeQL	2026-09-03T08:12:51.6019216Z             "title" : "Whether to include Go vendor directories in the CodeQL database.",
CodeQL (rust)	Initialize CodeQL	2026-09-03T08:12:51.6019897Z             "description" : "A value indicating whether Go vendor directories should be included in the CodeQL database. The default is 'false'.\n",
CodeQL (rust)	Initialize CodeQL	2026-09-03T08:12:51.6020630Z             "type" : "string",
CodeQL (rust)	Initialize CodeQL	2026-09-03T08:12:51.6020877Z             "pattern" : "^(false|true)$"
CodeQL (rust)	Initialize CodeQL	2026-09-03T08:12:51.6021127Z           }
CodeQL (rust)	Initialize CodeQL	2026-09-03T08:12:51.6021309Z         }
CodeQL (rust)	Initialize CodeQL	2026-09-03T08:12:51.6021489Z       }
CodeQL (rust)	Initialize CodeQL	2026-09-03T08:12:51.6021829Z     ],
CodeQL (rust)	Initialize CodeQL	2026-09-03T08:12:51.6022016Z     "actions" : [
CodeQL (rust)	Initialize CodeQL	2026-09-03T08:12:51.6022213Z       {
CodeQL (rust)	Initialize CodeQL	2026-09-03T08:12:51.6022514Z         "extractor_root" : "/opt/hostedtoolcache/CodeQL/2.26.4/x64/codeql/actions",
CodeQL (rust)	Initialize CodeQL	2026-09-03T08:12:51.6022896Z         "extractor_options" : {
CodeQL (rust)	Initialize CodeQL	2026-09-03T08:12:51.6023140Z           "trap" : {
CodeQL (rust)	Initialize CodeQL	2026-09-03T08:12:51.6023366Z             "title" : "TRAP options",
CodeQL (rust)	Initialize CodeQL	2026-09-03T08:12:51.6023731Z             "description" : "Options about how the extractor handles TRAP files",
CodeQL (rust)	Initialize CodeQL	2026-09-03T08:12:51.6024090Z             "type" : "object",
CodeQL (rust)	Initialize CodeQL	2026-09-03T08:12:51.6024324Z             "visibility" : 3,
CodeQL (rust)	Initialize CodeQL	2026-09-03T08:12:51.6024572Z             "properties" : {
CodeQL (rust)	Initialize CodeQL	2026-09-03T08:12:51.6024805Z               "cache" : {
CodeQL (rust)	Initialize CodeQL	2026-09-03T08:12:51.6025054Z                 "title" : "TRAP cache options",
CodeQL (rust)	Initialize CodeQL	2026-09-03T08:12:51.6025445Z                 "description" : "Options about how the extractor handles its TRAP cache",
CodeQL (rust)	Initialize CodeQL	2026-09-03T08:12:51.6025832Z                 "type" : "object",
CodeQL (rust)	Initialize CodeQL	2026-09-03T08:12:51.6026084Z                 "properties" : {
CodeQL (rust)	Initialize CodeQL	2026-09-03T08:12:51.6026326Z                   "dir" : {
CodeQL (rust)	Initialize CodeQL	2026-09-03T08:12:51.6026588Z                     "title" : "TRAP cache directory",
CodeQL (rust)	Initialize CodeQL	2026-09-03T08:12:51.6026946Z                     "description" : "The directory of the TRAP cache to use",
CodeQL (rust)	Initialize CodeQL	2026-09-03T08:12:51.6027294Z                     "type" : "string"
CodeQL (rust)	Initialize CodeQL	2026-09-03T08:12:51.6027551Z                   },
CodeQL (rust)	Initialize CodeQL	2026-09-03T08:12:51.6027776Z                   "bound" : {
CodeQL (rust)	Initialize CodeQL	2026-09-03T08:12:51.6028026Z                     "title" : "TRAP cache bound",
CodeQL (rust)	Initialize CodeQL	2026-09-03T08:12:51.6028407Z                     "description" : "A soft limit (in MB) on the size of the TRAP cache",
CodeQL (rust)	Initialize CodeQL	2026-09-03T08:12:51.6028786Z                     "type" : "string",
CodeQL (rust)	Initialize CodeQL	2026-09-03T08:12:51.6029051Z                     "pattern" : "[0-9]+"
CodeQL (rust)	Initialize CodeQL	2026-09-03T08:12:51.6029301Z                   },
CodeQL (rust)	Initialize CodeQL	2026-09-03T08:12:51.6029515Z                   "write" : {
CodeQL (rust)	Initialize CodeQL	2026-09-03T08:12:51.6029771Z                     "title" : "TRAP cache writeable",
CodeQL (rust)	Initialize CodeQL	2026-09-03T08:12:51.6030184Z                     "description" : "Whether to write to the TRAP cache as well as reading it",
CodeQL (rust)	Initialize CodeQL	2026-09-03T08:12:51.6030582Z                     "type" : "string",
CodeQL (rust)	Initialize CodeQL	2026-09-03T08:12:51.6030863Z                     "pattern" : "(true|TRUE|false|FALSE)"
CodeQL (rust)	Initialize CodeQL	2026-09-03T08:12:51.6031135Z                   }
CodeQL (rust)	Initialize CodeQL	2026-09-03T08:12:51.6031339Z                 }
CodeQL (rust)	Initialize CodeQL	2026-09-03T08:12:51.6031671Z               }
CodeQL (rust)	Initialize CodeQL	2026-09-03T08:12:51.6031876Z             }
CodeQL (rust)	Initialize CodeQL	2026-09-03T08:12:51.6032068Z           }
CodeQL (rust)	Initialize CodeQL	2026-09-03T08:12:51.6032260Z         }
CodeQL (rust)	Initialize CodeQL	2026-09-03T08:12:51.6032440Z       }
CodeQL (rust)	Initialize CodeQL	2026-09-03T08:12:51.6032618Z     ],
CodeQL (rust)	Initialize CodeQL	2026-09-03T08:12:51.6032808Z     "javascript" : [
CodeQL (rust)	Initialize CodeQL	2026-09-03T08:12:51.6033174Z       {
CodeQL (rust)	Initialize CodeQL	2026-09-03T08:12:51.6033485Z         "extractor_root" : "/opt/hostedtoolcache/CodeQL/2.26.4/x64/codeql/javascript",
CodeQL (rust)	Initialize CodeQL	2026-09-03T08:12:51.6033897Z         "extractor_options" : {
CodeQL (rust)	Initialize CodeQL	2026-09-03T08:12:51.6034137Z           "trap" : {
CodeQL (rust)	Initialize CodeQL	2026-09-03T08:12:51.6034352Z             "title" : "TRAP options",
CodeQL (rust)	Initialize CodeQL	2026-09-03T08:12:51.6034709Z             "description" : "Options about how the extractor handles TRAP files",
CodeQL (rust)	Initialize CodeQL	2026-09-03T08:12:51.6035074Z             "type" : "object",
CodeQL (rust)	Initialize CodeQL	2026-09-03T08:12:51.6035321Z             "visibility" : 3,
CodeQL (rust)	Initialize CodeQL	2026-09-03T08:12:51.6035556Z             "properties" : {
CodeQL (rust)	Initialize CodeQL	2026-09-03T08:12:51.6035788Z               "cache" : {
CodeQL (rust)	Initialize CodeQL	2026-09-03T08:12:51.6036029Z                 "title" : "TRAP cache options",
CodeQL (rust)	Initialize CodeQL	2026-09-03T08:12:51.6036415Z                 "description" : "Options about how the extractor handles its TRAP cache",
CodeQL (rust)	Initialize CodeQL	2026-09-03T08:12:51.6036796Z                 "type" : "object",
CodeQL (rust)	Initialize CodeQL	2026-09-03T08:12:51.6037049Z                 "properties" : {
CodeQL (rust)	Initialize CodeQL	2026-09-03T08:12:51.6037286Z                   "dir" : {
CodeQL (rust)	Initialize CodeQL	2026-09-03T08:12:51.6037540Z                     "title" : "TRAP cache directory",
CodeQL (rust)	Initialize CodeQL	2026-09-03T08:12:51.6038025Z                     "description" : "The directory of the TRAP cache to use",
CodeQL (rust)	Initialize CodeQL	2026-09-03T08:12:51.6038370Z                     "type" : "string"
CodeQL (rust)	Initialize CodeQL	2026-09-03T08:12:51.6038611Z                   },
CodeQL (rust)	Initialize CodeQL	2026-09-03T08:12:51.6038814Z                   "bound" : {
CodeQL (rust)	Initialize CodeQL	2026-09-03T08:12:51.6039056Z                     "title" : "TRAP cache bound",
CodeQL (rust)	Initialize CodeQL	2026-09-03T08:12:51.6039422Z                     "description" : "A soft limit (in MB) on the size of the TRAP cache",
CodeQL (rust)	Initialize CodeQL	2026-09-03T08:12:51.6039788Z                     "type" : "string",
CodeQL (rust)	Initialize CodeQL	2026-09-03T08:12:51.6040051Z                     "pattern" : "[0-9]+"
CodeQL (rust)	Initialize CodeQL	2026-09-03T08:12:51.6040301Z                   },
CodeQL (rust)	Initialize CodeQL	2026-09-03T08:12:51.6040518Z                   "write" : {
CodeQL (rust)	Initialize CodeQL	2026-09-03T08:12:51.6040776Z                     "title" : "TRAP cache writeable",
CodeQL (rust)	Initialize CodeQL	2026-09-03T08:12:51.6041191Z                     "description" : "Whether to write to the TRAP cache as well as reading it",
CodeQL (rust)	Initialize CodeQL	2026-09-03T08:12:51.6041778Z                     "type" : "string",
CodeQL (rust)	Initialize CodeQL	2026-09-03T08:12:51.6042069Z                     "pattern" : "(true|TRUE|false|FALSE)"
CodeQL (rust)	Initialize CodeQL	2026-09-03T08:12:51.6042355Z                   }
CodeQL (rust)	Initialize CodeQL	2026-09-03T08:12:51.6042556Z                 }
CodeQL (rust)	Initialize CodeQL	2026-09-03T08:12:51.6042756Z               }
CodeQL (rust)	Initialize CodeQL	2026-09-03T08:12:51.6042949Z             }
CodeQL (rust)	Initialize CodeQL	2026-09-03T08:12:51.6043139Z           },
CodeQL (rust)	Initialize CodeQL	2026-09-03T08:12:51.6043336Z           "skip_types" : {
CodeQL (rust)	Initialize CodeQL	2026-09-03T08:12:51.6043620Z             "title" : "Skip type extraction for TypeScript",
CodeQL (rust)	Initialize CodeQL	2026-09-03T08:12:51.6044082Z             "description" : "Whether to skip the extraction of types in a TypeScript application",
CodeQL (rust)	Initialize CodeQL	2026-09-03T08:12:51.6044511Z             "type" : "string",
CodeQL (rust)	Initialize CodeQL	2026-09-03T08:12:51.6044778Z             "pattern" : "^(false|true)$"
CodeQL (rust)	Initialize CodeQL	2026-09-03T08:12:51.6045029Z           }
CodeQL (rust)	Initialize CodeQL	2026-09-03T08:12:51.6045217Z         }
CodeQL (rust)	Initialize CodeQL	2026-09-03T08:12:51.6045408Z       }
CodeQL (rust)	Initialize CodeQL	2026-09-03T08:12:51.6045591Z     ],
CodeQL (rust)	Initialize CodeQL	2026-09-03T08:12:51.6045782Z     "swift" : [
CodeQL (rust)	Initialize CodeQL	2026-09-03T08:12:51.6045984Z       {
CodeQL (rust)	Initialize CodeQL	2026-09-03T08:12:51.6046289Z         "extractor_root" : "/opt/hostedtoolcache/CodeQL/2.26.4/x64/codeql/swift"
CodeQL (rust)	Initialize CodeQL	2026-09-03T08:12:51.6046662Z       }
CodeQL (rust)	Initialize CodeQL	2026-09-03T08:12:51.6046844Z     ],
CodeQL (rust)	Initialize CodeQL	2026-09-03T08:12:51.6047035Z     "ruby" : [
CodeQL (rust)	Initialize CodeQL	2026-09-03T08:12:51.6047232Z       {
CodeQL (rust)	Initialize CodeQL	2026-09-03T08:12:51.6047506Z         "extractor_root" : "/opt/hostedtoolcache/CodeQL/2.26.4/x64/codeql/ruby",
CodeQL (rust)	Initialize CodeQL	2026-09-03T08:12:51.6047879Z         "extractor_options" : {
CodeQL (rust)	Initialize CodeQL	2026-09-03T08:12:51.6048125Z           "trap" : {
CodeQL (rust)	Initialize CodeQL	2026-09-03T08:12:51.6048371Z             "title" : "Options pertaining to TRAP.",
CodeQL (rust)	Initialize CodeQL	2026-09-03T08:12:51.6048707Z             "description" : "Options pertaining to TRAP.",
CodeQL (rust)	Initialize CodeQL	2026-09-03T08:12:51.6049015Z             "type" : "object",
CodeQL (rust)	Initialize CodeQL	2026-09-03T08:12:51.6049258Z             "properties" : {
CodeQL (rust)	Initialize CodeQL	2026-09-03T08:12:51.6049495Z               "compression" : {
CodeQL (rust)	Initialize CodeQL	2026-09-03T08:12:51.6049875Z                 "title" : "Controls compression for the TRAP files written by the extractor.",
CodeQL (rust)	Initialize CodeQL	2026-09-03T08:12:51.6050934Z                 "description" : "This option is only intended for use in debugging the extractor. Accepted values are 'gzip' (the default, to write gzip-compressed TRAP) 'zstd' (to write Zstandard-compressed TRAP) and 'none' (to write uncompressed TRAP).\n",
CodeQL (rust)	Initialize CodeQL	2026-09-03T08:12:51.6052210Z                 "type" : "string",
CodeQL (rust)	Initialize CodeQL	2026-09-03T08:12:51.6052493Z                 "pattern" : "^(none|gzip|zstd)$"
CodeQL (rust)	Initialize CodeQL	2026-09-03T08:12:51.6052770Z               }
CodeQL (rust)	Initialize CodeQL	2026-09-03T08:12:51.6052967Z             }
CodeQL (rust)	Initialize CodeQL	2026-09-03T08:12:51.6053156Z           }
CodeQL (rust)	Initialize CodeQL	2026-09-03T08:12:51.6053339Z         }
CodeQL (rust)	Initialize CodeQL	2026-09-03T08:12:51.6053525Z       }
CodeQL (rust)	Initialize CodeQL	2026-09-03T08:12:51.6053705Z     ]
CodeQL (rust)	Initialize CodeQL	2026-09-03T08:12:51.6053888Z   }
CodeQL (rust)	Initialize CodeQL	2026-09-03T08:12:51.6054071Z }
CodeQL (rust)	Initialize CodeQL	2026-09-03T08:12:51.6174543Z Languages from configuration: rust
CodeQL (rust)	Initialize CodeQL	2026-09-03T08:12:51.6231325Z Using Git version 2.55.0
CodeQL (rust)	Initialize CodeQL	2026-09-03T08:12:51.6236247Z Using overlay database mode: none without caching.
CodeQL (rust)	Initialize CodeQL	2026-09-03T08:12:51.6242025Z Computing PR diff ranges...
CodeQL (rust)	Initialize CodeQL	2026-09-03T08:12:52.1785742Z Persisted 150 diff range(s) across 78 file(s).
CodeQL (rust)	Initialize CodeQL	2026-09-03T08:12:52.1787091Z [command]/opt/hostedtoolcache/CodeQL/2.26.4/x64/codeql/codeql resolve languages --format=betterjson --extractor-options-verbosity=4 --extractor-include-aliases
CodeQL (rust)	Initialize CodeQL	2026-09-03T08:12:53.0322665Z {
CodeQL (rust)	Initialize CodeQL	2026-09-03T08:12:53.0332486Z   "aliases" : {
CodeQL (rust)	Initialize CodeQL	2026-09-03T08:12:53.0360184Z     "c" : "cpp",
CodeQL (rust)	Initialize CodeQL	2026-09-03T08:12:53.0360987Z     "c++" : "cpp",
CodeQL (rust)	Initialize CodeQL	2026-09-03T08:12:53.0361744Z     "c-c++" : "cpp",
CodeQL (rust)	Initialize CodeQL	2026-09-03T08:12:53.0362309Z     "c-cpp" : "cpp",
CodeQL (rust)	Initialize CodeQL	2026-09-03T08:12:53.0362912Z     "c#" : "csharp",
CodeQL (rust)	Initialize CodeQL	2026-09-03T08:12:53.0363477Z     "java-kotlin" : "java",
CodeQL (rust)	Initialize CodeQL	2026-09-03T08:12:53.0364070Z     "kotlin" : "java",
CodeQL (rust)	Initialize CodeQL	2026-09-03T08:12:53.0364682Z     "javascript-typescript" : "javascript",
CodeQL (rust)	Initialize CodeQL	2026-09-03T08:12:53.0365367Z     "typescript" : "javascript"
CodeQL (rust)	Initialize CodeQL	2026-09-03T08:12:53.0365955Z   },
CodeQL (rust)	Initialize CodeQL	2026-09-03T08:12:53.0366459Z   "extractors" : {
CodeQL (rust)	Initialize CodeQL	2026-09-03T08:12:53.0367061Z     "java" : [
CodeQL (rust)	Initialize CodeQL	2026-09-03T08:12:53.0369800Z       {
CodeQL (rust)	Initialize CodeQL	2026-09-03T08:12:53.0370610Z         "extractor_root" : "/opt/hostedtoolcache/CodeQL/2.26.4/x64/codeql/java",
CodeQL (rust)	Initialize CodeQL	2026-09-03T08:12:53.0371740Z         "extractor_options" : {
CodeQL (rust)	Initialize CodeQL	2026-09-03T08:12:53.0372362Z           "exclude" : {
CodeQL (rust)	Initialize CodeQL	2026-09-03T08:12:53.0373030Z             "title" : "A glob excluding files from analysis.",
CodeQL (rust)	Initialize CodeQL	2026-09-03T08:12:53.0374493Z             "description" : "A glob indicating what files to exclude from the analysis. This accepts glob patterns that are supported by Java's 'getPathMatcher' implementation.\n",
CodeQL (rust)	Initialize CodeQL	2026-09-03T08:12:53.0375944Z             "type" : "string"
CodeQL (rust)	Initialize CodeQL	2026-09-03T08:12:53.0376534Z           },
CodeQL (rust)	Initialize CodeQL	2026-09-03T08:12:53.0377073Z           "add_prefer_source" : {
CodeQL (rust)	Initialize CodeQL	2026-09-03T08:12:53.0377854Z             "title" : "Whether to always prefer source files over class files.",
CodeQL (rust)	Initialize CodeQL	2026-09-03T08:12:53.0380045Z             "description" : "A value indicating whether source files should be preferred over class files. If set to 'true', the extraction adds '-Xprefer:source' to the javac command line. If set to 'false', the extraction uses the default javac behavior ('-Xprefer:newer'). The default is 'true'.\n",
CodeQL (rust)	Initialize CodeQL	2026-09-03T08:12:53.0382921Z             "type" : "string",
CodeQL (rust)	Initialize CodeQL	2026-09-03T08:12:53.0383548Z             "pattern" : "^(false|true)$"
CodeQL (rust)	Initialize CodeQL	2026-09-03T08:12:53.0384202Z           },
CodeQL (rust)	Initialize CodeQL	2026-09-03T08:12:53.0384785Z           "buildless" : {
CodeQL (rust)	Initialize CodeQL	2026-09-03T08:12:53.0385569Z             "title" : "Whether to use buildless (standalone) extraction (experimental).",
CodeQL (rust)	Initialize CodeQL	2026-09-03T08:12:53.0388655Z             "description" : "A value indicating, which type of extraction the autobuilder should perform. If 'true', then the standalone extractor will be used, otherwise tracing extraction will be performed. The default is 'false'. Note that buildless extraction will generally yield less accurate analysis results, and should only be used in cases where it is not possible to build the code (for example if it uses inaccessible dependencies).\n",
CodeQL (rust)	Initialize CodeQL	2026-09-03T08:12:53.0391781Z             "type" : "string",
CodeQL (rust)	Initialize CodeQL	2026-09-03T08:12:53.0392434Z             "pattern" : "^(false|true)$"
CodeQL (rust)	Initialize CodeQL	2026-09-03T08:12:53.0393060Z           },
CodeQL (rust)	Initialize CodeQL	2026-09-03T08:12:53.0393602Z           "buildless_dependency_dir" : {
CodeQL (rust)	Initialize CodeQL	2026-09-03T08:12:53.0394745Z             "title" : "The path where buildless (standalone) extraction should keep dependencies.",
CodeQL (rust)	Initialize CodeQL	2026-09-03T08:12:53.0395597Z             "description" : "If set, the buildless (standalone) extractor will store dependencies in this directory.\n",
CodeQL (rust)	Initialize CodeQL	2026-09-03T08:12:53.0396267Z             "type" : "string"
CodeQL (rust)	Initialize CodeQL	2026-09-03T08:12:53.0396674Z           },
CodeQL (rust)	Initialize CodeQL	2026-09-03T08:12:53.0397073Z           "minimize_dependency_jars" : {
CodeQL (rust)	Initialize CodeQL	2026-09-03T08:12:53.0397688Z             "title" : "Whether to rewrite and minimize downloaded JAR dependencies (experimental).",
CodeQL (rust)	Initialize CodeQL	2026-09-03T08:12:53.0398703Z             "description" : "If 'true', JAR dependencies downloaded during extraction will be rewritten to remove unneeded data, such as method bodies. The default is 'false'.\n",
CodeQL (rust)	Initialize CodeQL	2026-09-03T08:12:53.0399547Z             "type" : "string",
CodeQL (rust)	Initialize CodeQL	2026-09-03T08:12:53.0399980Z             "pattern" : "^(false|true)$"
CodeQL (rust)	Initialize CodeQL	2026-09-03T08:12:53.0400416Z           }
CodeQL (rust)	Initialize CodeQL	2026-09-03T08:12:53.0400784Z         }
CodeQL (rust)	Initialize CodeQL	2026-09-03T08:12:53.0401145Z       }
CodeQL (rust)	Initialize CodeQL	2026-09-03T08:12:53.0401499Z     ],
CodeQL (rust)	Initialize CodeQL	2026-09-03T08:12:53.0402302Z     "go" : [
CodeQL (rust)	Initialize CodeQL	2026-09-03T08:12:53.0402603Z       {
CodeQL (rust)	Initialize CodeQL	2026-09-03T08:12:53.0403084Z         "extractor_root" : "/opt/hostedtoolcache/CodeQL/2.26.4/x64/codeql/go",
CodeQL (rust)	Initialize CodeQL	2026-09-03T08:12:53.0403696Z         "extractor_options" : {
CodeQL (rust)	Initialize CodeQL	2026-09-03T08:12:53.0404075Z           "extract_tests" : {
CodeQL (rust)	Initialize CodeQL	2026-09-03T08:12:53.0404593Z             "title" : "Whether to include Go test files in the CodeQL database.",
CodeQL (rust)	Initialize CodeQL	2026-09-03T08:12:53.0405266Z             "description" : "A value indicating whether Go test files should be included in the CodeQL database. The default is 'false'.\n",
CodeQL (rust)	Initialize CodeQL	2026-09-03T08:12:53.0405819Z             "type" : "string",
CodeQL (rust)	Initialize CodeQL	2026-09-03T08:12:53.0406078Z             "pattern" : "^(false|true)$"
CodeQL (rust)	Initialize CodeQL	2026-09-03T08:12:53.0406340Z           },
CodeQL (rust)	Initialize CodeQL	2026-09-03T08:12:53.0406552Z           "extract_vendor_dirs" : {
CodeQL (rust)	Initialize CodeQL	2026-09-03T08:12:53.0406929Z             "title" : "Whether to include Go vendor directories in the CodeQL database.",
CodeQL (rust)	Initialize CodeQL	2026-09-03T08:12:53.0407641Z             "description" : "A value indicating whether Go vendor directories should be included in the CodeQL database. The default is 'false'.\n",
CodeQL (rust)	Initialize CodeQL	2026-09-03T08:12:53.0408218Z             "type" : "string",
CodeQL (rust)	Initialize CodeQL	2026-09-03T08:12:53.0408530Z             "pattern" : "^(false|true)$"
CodeQL (rust)	Initialize CodeQL	2026-09-03T08:12:53.0408786Z           }
CodeQL (rust)	Initialize CodeQL	2026-09-03T08:12:53.0408976Z         }
CodeQL (rust)	Initialize CodeQL	2026-09-03T08:12:53.0409164Z       }
CodeQL (rust)	Initialize CodeQL	2026-09-03T08:12:53.0409348Z     ],
CodeQL (rust)	Initialize CodeQL	2026-09-03T08:12:53.0409543Z     "csharp" : [
CodeQL (rust)	Initialize CodeQL	2026-09-03T08:12:53.0409753Z       {
CodeQL (rust)	Initialize CodeQL	2026-09-03T08:12:53.0410065Z         "extractor_root" : "/opt/hostedtoolcache/CodeQL/2.26.4/x64/codeql/csharp",
CodeQL (rust)	Initialize CodeQL	2026-09-03T08:12:53.0410455Z         "extractor_options" : {
CodeQL (rust)	Initialize CodeQL	2026-09-03T08:12:53.0410704Z           "trap" : {
CodeQL (rust)	Initialize CodeQL	2026-09-03T08:12:53.0410955Z             "title" : "Options pertaining to TRAP.",
CodeQL (rust)	Initialize CodeQL	2026-09-03T08:12:53.0411300Z             "description" : "Options pertaining to TRAP.",
CodeQL (rust)	Initialize CodeQL	2026-09-03T08:12:53.0411848Z             "type" : "object",
CodeQL (rust)	Initialize CodeQL	2026-09-03T08:12:53.0412094Z             "properties" : {
CodeQL (rust)	Initialize CodeQL	2026-09-03T08:12:53.0412343Z               "compression" : {
CodeQL (rust)	Initialize CodeQL	2026-09-03T08:12:53.0412733Z                 "title" : "Controls compression for the TRAP files written by the extractor.",
CodeQL (rust)	Initialize CodeQL	2026-09-03T08:12:53.0413693Z                 "description" : "This option is only intended for use in debugging the extractor. Accepted values are 'brotli' (the default, to write brotli-compressed TRAP), 'gzip', and 'none' (to write uncompressed TRAP).\n",
CodeQL (rust)	Initialize CodeQL	2026-09-03T08:12:53.0414499Z                 "type" : "string",
CodeQL (rust)	Initialize CodeQL	2026-09-03T08:12:53.0414777Z                 "pattern" : "^(none|gzip|brotli)$"
CodeQL (rust)	Initialize CodeQL	2026-09-03T08:12:53.0415066Z               }
CodeQL (rust)	Initialize CodeQL	2026-09-03T08:12:53.0415267Z             }
CodeQL (rust)	Initialize CodeQL	2026-09-03T08:12:53.0415464Z           },
CodeQL (rust)	Initialize CodeQL	2026-09-03T08:12:53.0415688Z           "buildless" : {
CodeQL (rust)	Initialize CodeQL	2026-09-03T08:12:53.0416059Z             "title" : "DEPRECATED - Whether to use buildless (standalone) extraction.",
CodeQL (rust)	Initialize CodeQL	2026-09-03T08:12:53.0417824Z             "description" : "DEPRECATED: Use `--build-mode none` instead.\nA value indicating, which type of extraction the autobuilder should perform. If 'true', then the standalone extractor will be used, otherwise tracing extraction will be performed. The default is 'false'. Note that buildless extraction will generally yield less accurate analysis results, and should only be used in cases where it is not possible to build the code (for example if it uses inaccessible dependencies).\n",
CodeQL (rust)	Initialize CodeQL	2026-09-03T08:12:53.0419674Z             "type" : "string",
CodeQL (rust)	Initialize CodeQL	2026-09-03T08:12:53.0419946Z             "pattern" : "^(false|true)$"
CodeQL (rust)	Initialize CodeQL	2026-09-03T08:12:53.0420216Z           },
CodeQL (rust)	Initialize CodeQL	2026-09-03T08:12:53.0420415Z           "logging" : {
CodeQL (rust)	Initialize CodeQL	2026-09-03T08:12:53.0420673Z             "title" : "Options pertaining to logging.",
CodeQL (rust)	Initialize CodeQL	2026-09-03T08:12:53.0421028Z             "description" : "Options pertaining to logging.",
CodeQL (rust)	Initialize CodeQL	2026-09-03T08:12:53.0421348Z             "type" : "object",
CodeQL (rust)	Initialize CodeQL	2026-09-03T08:12:53.0421763Z             "properties" : {
CodeQL (rust)	Initialize CodeQL	2026-09-03T08:12:53.0422003Z               "verbosity" : {
CodeQL (rust)	Initialize CodeQL	2026-09-03T08:12:53.0422281Z                 "title" : "Extractor logging verbosity level.",
CodeQL (rust)	Initialize CodeQL	2026-09-03T08:12:53.0423262Z                 "description" : "Controls the level of verbosity of the extractor. The supported levels are (in order of increasing verbosity):\n  - off\n  - errors\n  - warnings\n  - info or progress\n  - debug or progress+\n  - trace or progress++\n  - progress+++\n",
CodeQL (rust)	Initialize CodeQL	2026-09-03T08:12:53.0424316Z                 "type" : "string",
CodeQL (rust)	Initialize CodeQL	2026-09-03T08:12:53.0424820Z                 "pattern" : "^(off|errors|warnings|(info|progress)|(debug|progress\\+)|(trace|progress\\+\\+)|progress\\+\\+\\+)$"
CodeQL (rust)	Initialize CodeQL	2026-09-03T08:12:53.0425315Z               }
CodeQL (rust)	Initialize CodeQL	2026-09-03T08:12:53.0425521Z             }
CodeQL (rust)	Initialize CodeQL	2026-09-03T08:12:53.0425715Z           },
CodeQL (rust)	Initialize CodeQL	2026-09-03T08:12:53.0425912Z           "binlog" : {
CodeQL (rust)	Initialize CodeQL	2026-09-03T08:12:53.0426135Z             "title" : "Binlog",
CodeQL (rust)	Initialize CodeQL	2026-09-03T08:12:53.0426807Z             "description" : "[EXPERIMENTAL] The value is a path to the MsBuild binary log file that should be extracted. This option only works when `--build-mode none` is also specified.\n",
CodeQL (rust)	Initialize CodeQL	2026-09-03T08:12:53.0427506Z             "type" : "array"
CodeQL (rust)	Initialize CodeQL	2026-09-03T08:12:53.0427734Z           },
CodeQL (rust)	Initialize CodeQL	2026-09-03T08:12:53.0427957Z           "buildless_dependency_dir" : {
CodeQL (rust)	Initialize CodeQL	2026-09-03T08:12:53.0428388Z             "title" : "The path where buildless (standalone) extraction should keep dependencies.",
CodeQL (rust)	Initialize CodeQL	2026-09-03T08:12:53.0429041Z             "description" : "If set, the buildless (standalone) extractor will store dependencies in this directory.\n",
CodeQL (rust)	Initialize CodeQL	2026-09-03T08:12:53.0429532Z             "type" : "string"
CodeQL (rust)	Initialize CodeQL	2026-09-03T08:12:53.0429765Z           }
CodeQL (rust)	Initialize CodeQL	2026-09-03T08:12:53.0429957Z         }
CodeQL (rust)	Initialize CodeQL	2026-09-03T08:12:53.0430143Z       }
CodeQL (rust)	Initialize CodeQL	2026-09-03T08:12:53.0430332Z     ],
CodeQL (rust)	Initialize CodeQL	2026-09-03T08:12:53.0430529Z     "javascript" : [
CodeQL (rust)	Initialize CodeQL	2026-09-03T08:12:53.0430746Z       {
CodeQL (rust)	Initialize CodeQL	2026-09-03T08:12:53.0431064Z         "extractor_root" : "/opt/hostedtoolcache/CodeQL/2.26.4/x64/codeql/javascript",
CodeQL (rust)	Initialize CodeQL	2026-09-03T08:12:53.0431464Z         "extractor_options" : {
CodeQL (rust)	Initialize CodeQL	2026-09-03T08:12:53.0431887Z           "trap" : {
CodeQL (rust)	Initialize CodeQL	2026-09-03T08:12:53.0432131Z             "title" : "TRAP options",
CodeQL (rust)	Initialize CodeQL	2026-09-03T08:12:53.0432519Z             "description" : "Options about how the extractor handles TRAP files",
CodeQL (rust)	Initialize CodeQL	2026-09-03T08:12:53.0432903Z             "type" : "object",
CodeQL (rust)	Initialize CodeQL	2026-09-03T08:12:53.0433152Z             "visibility" : 3,
CodeQL (rust)	Initialize CodeQL	2026-09-03T08:12:53.0433403Z             "properties" : {
CodeQL (rust)	Initialize CodeQL	2026-09-03T08:12:53.0433649Z               "cache" : {
CodeQL (rust)	Initialize CodeQL	2026-09-03T08:12:53.0433913Z                 "title" : "TRAP cache options",
CodeQL (rust)	Initialize CodeQL	2026-09-03T08:12:53.0434317Z                 "description" : "Options about how the extractor handles its TRAP cache",
CodeQL (rust)	Initialize CodeQL	2026-09-03T08:12:53.0434713Z                 "type" : "object",
CodeQL (rust)	Initialize CodeQL	2026-09-03T08:12:53.0434975Z                 "properties" : {
CodeQL (rust)	Initialize CodeQL	2026-09-03T08:12:53.0435226Z                   "dir" : {
CodeQL (rust)	Initialize CodeQL	2026-09-03T08:12:53.0435486Z                     "title" : "TRAP cache directory",
CodeQL (rust)	Initialize CodeQL	2026-09-03T08:12:53.0435850Z                     "description" : "The directory of the TRAP cache to use",
CodeQL (rust)	Initialize CodeQL	2026-09-03T08:12:53.0436202Z                     "type" : "string"
CodeQL (rust)	Initialize CodeQL	2026-09-03T08:12:53.0436603Z                   },
CodeQL (rust)	Initialize CodeQL	2026-09-03T08:12:53.0436825Z                   "bound" : {
CodeQL (rust)	Initialize CodeQL	2026-09-03T08:12:53.0437092Z                     "title" : "TRAP cache bound",
CodeQL (rust)	Initialize CodeQL	2026-09-03T08:12:53.0437485Z                     "description" : "A soft limit (in MB) on the size of the TRAP cache",
CodeQL (rust)	Initialize CodeQL	2026-09-03T08:12:53.0437860Z                     "type" : "string",
CodeQL (rust)	Initialize CodeQL	2026-09-03T08:12:53.0438129Z                     "pattern" : "[0-9]+"
CodeQL (rust)	Initialize CodeQL	2026-09-03T08:12:53.0438387Z                   },
CodeQL (rust)	Initialize CodeQL	2026-09-03T08:12:53.0438596Z                   "write" : {
CodeQL (rust)	Initialize CodeQL	2026-09-03T08:12:53.0438850Z                     "title" : "TRAP cache writeable",
CodeQL (rust)	Initialize CodeQL	2026-09-03T08:12:53.0439263Z                     "description" : "Whether to write to the TRAP cache as well as reading it",
CodeQL (rust)	Initialize CodeQL	2026-09-03T08:12:53.0439663Z                     "type" : "string",
CodeQL (rust)	Initialize CodeQL	2026-09-03T08:12:53.0439945Z                     "pattern" : "(true|TRUE|false|FALSE)"
CodeQL (rust)	Initialize CodeQL	2026-09-03T08:12:53.0440223Z                   }
CodeQL (rust)	Initialize CodeQL	2026-09-03T08:12:53.0440426Z                 }
CodeQL (rust)	Initialize CodeQL	2026-09-03T08:12:53.0440631Z               }
CodeQL (rust)	Initialize CodeQL	2026-09-03T08:12:53.0440829Z             }
CodeQL (rust)	Initialize CodeQL	2026-09-03T08:12:53.0441164Z           },
CodeQL (rust)	Initialize CodeQL	2026-09-03T08:12:53.0441370Z           "skip_types" : {
CodeQL (rust)	Initialize CodeQL	2026-09-03T08:12:53.0441802Z             "title" : "Skip type extraction for TypeScript",
CodeQL (rust)	Initialize CodeQL	2026-09-03T08:12:53.0442272Z             "description" : "Whether to skip the extraction of types in a TypeScript application",
CodeQL (rust)	Initialize CodeQL	2026-09-03T08:12:53.0442696Z             "type" : "string",
CodeQL (rust)	Initialize CodeQL	2026-09-03T08:12:53.0442953Z             "pattern" : "^(false|true)$"
CodeQL (rust)	Initialize CodeQL	2026-09-03T08:12:53.0443210Z           }
CodeQL (rust)	Initialize CodeQL	2026-09-03T08:12:53.0443398Z         }
CodeQL (rust)	Initialize CodeQL	2026-09-03T08:12:53.0443585Z       }
CodeQL (rust)	Initialize CodeQL	2026-09-03T08:12:53.0443772Z     ],
CodeQL (rust)	Initialize CodeQL	2026-09-03T08:12:53.0443965Z     "cpp" : [
CodeQL (rust)	Initialize CodeQL	2026-09-03T08:12:53.0444159Z       {
CodeQL (rust)	Initialize CodeQL	2026-09-03T08:12:53.0444449Z         "extractor_root" : "/opt/hostedtoolcache/CodeQL/2.26.4/x64/codeql/cpp",
CodeQL (rust)	Initialize CodeQL	2026-09-03T08:12:53.0444824Z         "extractor_options" : {
CodeQL (rust)	Initialize CodeQL	2026-09-03T08:12:53.0445067Z           "trap" : {
CodeQL (rust)	Initialize CodeQL	2026-09-03T08:12:53.0445291Z             "title" : "TRAP options",
CodeQL (rust)	Initialize CodeQL	2026-09-03T08:12:53.0445661Z             "description" : "Options about how the extractor handles TRAP files",
CodeQL (rust)	Initialize CodeQL	2026-09-03T08:12:53.0446035Z             "type" : "object",
CodeQL (rust)	Initialize CodeQL	2026-09-03T08:12:53.0446273Z             "visibility" : 3,
CodeQL (rust)	Initialize CodeQL	2026-09-03T08:12:53.0446515Z             "properties" : {
CodeQL (rust)	Initialize CodeQL	2026-09-03T08:12:53.0446751Z               "cache" : {
CodeQL (rust)	Initialize CodeQL	2026-09-03T08:12:53.0447000Z                 "title" : "TRAP cache options",
CodeQL (rust)	Initialize CodeQL	2026-09-03T08:12:53.0447391Z                 "description" : "Options about how the extractor handles its TRAP cache",
CodeQL (rust)	Initialize CodeQL	2026-09-03T08:12:53.0447781Z                 "type" : "object",
CodeQL (rust)	Initialize CodeQL	2026-09-03T08:12:53.0448037Z                 "properties" : {
CodeQL (rust)	Initialize CodeQL	2026-09-03T08:12:53.0448284Z                   "dir" : {
CodeQL (rust)	Initialize CodeQL	2026-09-03T08:12:53.0448539Z                     "title" : "TRAP cache directory",
CodeQL (rust)	Initialize CodeQL	2026-09-03T08:12:53.0448898Z                     "description" : "The directory of the TRAP cache to use",
CodeQL (rust)	Initialize CodeQL	2026-09-03T08:12:53.0449243Z                     "type" : "string"
CodeQL (rust)	Initialize CodeQL	2026-09-03T08:12:53.0449493Z                   },
CodeQL (rust)	Initialize CodeQL	2026-09-03T08:12:53.0449705Z                   "bound" : {
CodeQL (rust)	Initialize CodeQL	2026-09-03T08:12:53.0449961Z                     "title" : "TRAP cache bound",
CodeQL (rust)	Initialize CodeQL	2026-09-03T08:12:53.0450333Z                     "description" : "A soft limit (in MB) on the size of the TRAP cache",
CodeQL (rust)	Initialize CodeQL	2026-09-03T08:12:53.0450699Z                     "type" : "string",
CodeQL (rust)	Initialize CodeQL	2026-09-03T08:12:53.0450963Z                     "pattern" : "[0-9]+"
CodeQL (rust)	Initialize CodeQL	2026-09-03T08:12:53.0451215Z                   },
CodeQL (rust)	Initialize CodeQL	2026-09-03T08:12:53.0451427Z                   "write" : {
CodeQL (rust)	Initialize CodeQL	2026-09-03T08:12:53.0451854Z                     "title" : "TRAP cache writeable",
CodeQL (rust)	Initialize CodeQL	2026-09-03T08:12:53.0452258Z                     "description" : "Whether to write to the TRAP cache as well as reading it",
CodeQL (rust)	Initialize CodeQL	2026-09-03T08:12:53.0452652Z                     "type" : "string",
CodeQL (rust)	Initialize CodeQL	2026-09-03T08:12:53.0452936Z                     "pattern" : "(true|TRUE|false|FALSE)"
CodeQL (rust)	Initialize CodeQL	2026-09-03T08:12:53.0453216Z                   }
CodeQL (rust)	Initialize CodeQL	2026-09-03T08:12:53.0453419Z                 }
CodeQL (rust)	Initialize CodeQL	2026-09-03T08:12:53.0453618Z               }
CodeQL (rust)	Initialize CodeQL	2026-09-03T08:12:53.0453955Z             }
CodeQL (rust)	Initialize CodeQL	2026-09-03T08:12:53.0454142Z           },
CodeQL (rust)	Initialize CodeQL	2026-09-03T08:12:53.0454351Z           "scale_timeouts" : {
CodeQL (rust)	Initialize CodeQL	2026-09-03T08:12:53.0454680Z             "title" : "Value to scale compiler introspection timeouts with",
CodeQL (rust)	Initialize CodeQL	2026-09-03T08:12:53.0456080Z             "description" : "The extractor attempts to determine what compiler the source code being extracted is compiled with. To this end the extractor makes additional calls to the compiler, some of which are expected to return within a certain fixed time (either 10s or 15s). On some systems that are under high load this time might be too short, and can be scaled up using this option.\n",
CodeQL (rust)	Initialize CodeQL	2026-09-03T08:12:53.0457373Z             "type" : "string",
CodeQL (rust)	Initialize CodeQL	2026-09-03T08:12:53.0457617Z             "pattern" : "[0-9]+"
CodeQL (rust)	Initialize CodeQL	2026-09-03T08:12:53.0457853Z           },
CodeQL (rust)	Initialize CodeQL	2026-09-03T08:12:53.0458059Z           "log_verbosity" : {
CodeQL (rust)	Initialize CodeQL	2026-09-03T08:12:53.0458335Z             "title" : "Verbosity of the extractor logging",
CodeQL (rust)	Initialize CodeQL	2026-09-03T08:12:53.0458952Z             "description" : "Set the verbosity of the extractor logging to 'quiet' (0), 'normal' (1), 'chatty' (2), or 'noisy' (3). The default is 'normal'.\n",
CodeQL (rust)	Initialize CodeQL	2026-09-03T08:12:53.0459644Z             "type" : "string",
CodeQL (rust)	Initialize CodeQL	2026-09-03T08:12:53.0459887Z             "pattern" : "[0-3]"
CodeQL (rust)	Initialize CodeQL	2026-09-03T08:12:53.0460122Z           },
CodeQL (rust)	Initialize CodeQL	2026-09-03T08:12:53.0460339Z           "frontend_options" : {
CodeQL (rust)	Initialize CodeQL	2026-09-03T08:12:53.0460625Z             "title" : "C/C++ extractor frontend options",
CodeQL (rust)	Initialize CodeQL	2026-09-03T08:12:53.0461129Z             "description" : "Set additional options that should be passed to the C/C++ extractor frontend.\n",
CodeQL (rust)	Initialize CodeQL	2026-09-03T08:12:53.0461744Z             "type" : "array",
CodeQL (rust)	Initialize CodeQL	2026-09-03T08:12:53.0461992Z             "visibility" : 3
CodeQL (rust)	Initialize CodeQL	2026-09-03T08:12:53.0462219Z           }
CodeQL (rust)	Initialize CodeQL	2026-09-03T08:12:53.0462406Z         }
CodeQL (rust)	Initialize CodeQL	2026-09-03T08:12:53.0462588Z       }
CodeQL (rust)	Initialize CodeQL	2026-09-03T08:12:53.0462768Z     ],
CodeQL (rust)	Initialize CodeQL	2026-09-03T08:12:53.0462951Z     "xml" : [
CodeQL (rust)	Initialize CodeQL	2026-09-03T08:12:53.0463142Z       {
CodeQL (rust)	Initialize CodeQL	2026-09-03T08:12:53.0463435Z         "extractor_root" : "/opt/hostedtoolcache/CodeQL/2.26.4/x64/codeql/xml"
CodeQL (rust)	Initialize CodeQL	2026-09-03T08:12:53.0463815Z       }
CodeQL (rust)	Initialize CodeQL	2026-09-03T08:12:53.0464009Z     ],
CodeQL (rust)	Initialize CodeQL	2026-09-03T08:12:53.0464198Z     "yaml" : [
CodeQL (rust)	Initialize CodeQL	2026-09-03T08:12:53.0464394Z       {
CodeQL (rust)	Initialize CodeQL	2026-09-03T08:12:53.0464682Z         "extractor_root" : "/opt/hostedtoolcache/CodeQL/2.26.4/x64/codeql/yaml"
CodeQL (rust)	Initialize CodeQL	2026-09-03T08:12:53.0465043Z       }
CodeQL (rust)	Initialize CodeQL	2026-09-03T08:12:53.0465214Z     ],
CodeQL (rust)	Initialize CodeQL	2026-09-03T08:12:53.0465398Z     "swift" : [
CodeQL (rust)	Initialize CodeQL	2026-09-03T08:12:53.0465596Z       {
CodeQL (rust)	Initialize CodeQL	2026-09-03T08:12:53.0465884Z         "extractor_root" : "/opt/hostedtoolcache/CodeQL/2.26.4/x64/codeql/swift"
CodeQL (rust)	Initialize CodeQL	2026-09-03T08:12:53.0466237Z       }
CodeQL (rust)	Initialize CodeQL	2026-09-03T08:12:53.0466418Z     ],
CodeQL (rust)	Initialize CodeQL	2026-09-03T08:12:53.0466596Z     "rust" : [
CodeQL (rust)	Initialize CodeQL	2026-09-03T08:12:53.0466787Z       {
CodeQL (rust)	Initialize CodeQL	2026-09-03T08:12:53.0467091Z         "extractor_root" : "/opt/hostedtoolcache/CodeQL/2.26.4/x64/codeql/rust",
CodeQL (rust)	Initialize CodeQL	2026-09-03T08:12:53.0467457Z         "extractor_options" : {
CodeQL (rust)	Initialize CodeQL	2026-09-03T08:12:53.0467703Z           "trap" : {
CodeQL (rust)	Initialize CodeQL	2026-09-03T08:12:53.0467948Z             "title" : "Options pertaining to TRAP.",
CodeQL (rust)	Initialize CodeQL	2026-09-03T08:12:53.0468288Z             "description" : "Options pertaining to TRAP.",
CodeQL (rust)	Initialize CodeQL	2026-09-03T08:12:53.0468595Z             "type" : "object",
CodeQL (rust)	Initialize CodeQL	2026-09-03T08:12:53.0468835Z             "properties" : {
CodeQL (rust)	Initialize CodeQL	2026-09-03T08:12:53.0469073Z               "compression" : {
CodeQL (rust)	Initialize CodeQL	2026-09-03T08:12:53.0469459Z                 "title" : "Controls compression for the TRAP files written by the extractor.",
CodeQL (rust)	Initialize CodeQL	2026-09-03T08:12:53.0470513Z                 "description" : "This option is only intended for use in debugging the extractor. Accepted values are 'gzip' (to write gzip-compressed TRAP) 'zstd' (the default, to write Zstandard-compressed TRAP) and 'none' (to write uncompressed TRAP).\n",
CodeQL (rust)	Initialize CodeQL	2026-09-03T08:12:53.0471401Z                 "type" : "string",
CodeQL (rust)	Initialize CodeQL	2026-09-03T08:12:53.0471843Z                 "pattern" : "^(none|gzip|zstd)$"
CodeQL (rust)	Initialize CodeQL	2026-09-03T08:12:53.0472117Z               }
CodeQL (rust)	Initialize CodeQL	2026-09-03T08:12:53.0472315Z             }
CodeQL (rust)	Initialize CodeQL	2026-09-03T08:12:53.0472508Z           },
CodeQL (rust)	Initialize CodeQL	2026-09-03T08:12:53.0472709Z           "cargo_target_dir" : {
CodeQL (rust)	Initialize CodeQL	2026-09-03T08:12:53.0473152Z             "title" : "Directory to use for cargo output files.",
CodeQL (rust)	Initialize CodeQL	2026-09-03T08:12:53.0474243Z             "description" : "This value is an optional path to use as `CARGO_TARGET_DIR` for the internal cargo commands the extractor uses. Pointing it to a persistent directory may reduce execution time of consecutive extractor runs. By default, a new scratch directory is used for each run.\n",
CodeQL (rust)	Initialize CodeQL	2026-09-03T08:12:53.0475246Z             "type" : "string"
CodeQL (rust)	Initialize CodeQL	2026-09-03T08:12:53.0475477Z           },
CodeQL (rust)	Initialize CodeQL	2026-09-03T08:12:53.0475674Z           "cargo_target" : {
CodeQL (rust)	Initialize CodeQL	2026-09-03T08:12:53.0475918Z             "title" : "Target architecture",
CodeQL (rust)	Initialize CodeQL	2026-09-03T08:12:53.0476501Z             "description" : "Target architecture to use for analysis, analogous to `cargo --target`. By default the host architecture is used.\n",
CodeQL (rust)	Initialize CodeQL	2026-09-03T08:12:53.0477062Z             "type" : "string"
CodeQL (rust)	Initialize CodeQL	2026-09-03T08:12:53.0477306Z           },
CodeQL (rust)	Initialize CodeQL	2026-09-03T08:12:53.0477505Z           "cargo_features" : {
CodeQL (rust)	Initialize CodeQL	2026-09-03T08:12:53.0477765Z             "title" : "Cargo features to turn on",
CodeQL (rust)	Initialize CodeQL	2026-09-03T08:12:53.0478783Z             "description" : "Comma-separated list of features to turn on. By default all features are enabled. If any features are specified, then only those features are enabled. The `default` feature must be explicitly specified if only default features are desired. Can be repeated.\n",
CodeQL (rust)	Initialize CodeQL	2026-09-03T08:12:53.0479948Z             "type" : "array"
CodeQL (rust)	Initialize CodeQL	2026-09-03T08:12:53.0480178Z           },
CodeQL (rust)	Initialize CodeQL	2026-09-03T08:12:53.0480384Z           "cargo_cfg_overrides" : {
CodeQL (rust)	Initialize CodeQL	2026-09-03T08:12:53.0480653Z             "title" : "Cargo cfg overrides",
CodeQL (rust)	Initialize CodeQL	2026-09-03T08:12:53.0481177Z             "description" : "Comma-separated list of cfg settings to enable, or disable if prefixed with `-`. Can be repeated.\n",
CodeQL (rust)	Initialize CodeQL	2026-09-03T08:12:53.0481847Z             "type" : "array"
CodeQL (rust)	Initialize CodeQL	2026-09-03T08:12:53.0482070Z           },
CodeQL (rust)	Initialize CodeQL	2026-09-03T08:12:53.0482260Z           "logging" : {
CodeQL (rust)	Initialize CodeQL	2026-09-03T08:12:53.0482510Z             "title" : "Options pertaining to logging.",
CodeQL (rust)	Initialize CodeQL	2026-09-03T08:12:53.0482863Z             "description" : "Options pertaining to logging.",
CodeQL (rust)	Initialize CodeQL	2026-09-03T08:12:53.0483173Z             "type" : "object",
CodeQL (rust)	Initialize CodeQL	2026-09-03T08:12:53.0483414Z             "properties" : {
CodeQL (rust)	Initialize CodeQL	2026-09-03T08:12:53.0483643Z               "verbosity" : {
CodeQL (rust)	Initialize CodeQL	2026-09-03T08:12:53.0483920Z                 "title" : "Extractor logging verbosity level.",
CodeQL (rust)	Initialize CodeQL	2026-09-03T08:12:53.0484876Z                 "description" : "Controls the level of verbosity of the extractor. The supported levels are (in order of increasing verbosity):\n  - off\n  - errors\n  - warnings\n  - info or progress\n  - debug or progress+\n  - trace or progress++\n  - progress+++\n",
CodeQL (rust)	Initialize CodeQL	2026-09-03T08:12:53.0485767Z                 "type" : "string",
CodeQL (rust)	Initialize CodeQL	2026-09-03T08:12:53.0486254Z                 "pattern" : "^(off|errors|warnings|(info|progress)|(debug|progress\\+)|(trace|progress\\+\\+)|progress\\+\\+\\+)$"
CodeQL (rust)	Initialize CodeQL	2026-09-03T08:12:53.0486740Z               },
CodeQL (rust)	Initialize CodeQL	2026-09-03T08:12:53.0486949Z               "flamegraph" : {
CodeQL (rust)	Initialize CodeQL	2026-09-03T08:12:53.0487877Z                 "title" : "[Experimental] File path for write flame graph log",
CodeQL (rust)	Initialize CodeQL	2026-09-03T08:12:53.0488892Z                 "description" : "Collect flame graph data using the `tracing-flame` crate. To render a flame graph or chart, run the `inferno-flamegraph` command. See also: https://crates.io/crates/tracing-flame\n",
CodeQL (rust)	Initialize CodeQL	2026-09-03T08:12:53.0489670Z                 "type" : "string"
CodeQL (rust)	Initialize CodeQL	2026-09-03T08:12:53.0489909Z               }
CodeQL (rust)	Initialize CodeQL	2026-09-03T08:12:53.0490104Z             }
CodeQL (rust)	Initialize CodeQL	2026-09-03T08:12:53.0490299Z           },
CodeQL (rust)	Initialize CodeQL	2026-09-03T08:12:53.0490519Z           "extract_dependencies_as_source" : {
CodeQL (rust)	Initialize CodeQL	2026-09-03T08:12:53.0490845Z             "title" : "Extract dependencies as source code",
CodeQL (rust)	Initialize CodeQL	2026-09-03T08:12:53.0491371Z             "description" : "Extract the full source code of dependencies instead of only extracting signatures.\n",
CodeQL (rust)	Initialize CodeQL	2026-09-03T08:12:53.0492145Z             "type" : "string",
CodeQL (rust)	Initialize CodeQL	2026-09-03T08:12:53.0492496Z             "pattern" : "^(false|true)$"
CodeQL (rust)	Initialize CodeQL	2026-09-03T08:12:53.0492849Z           }
CodeQL (rust)	Initialize CodeQL	2026-09-03T08:12:53.0493098Z         }
CodeQL (rust)	Initialize CodeQL	2026-09-03T08:12:53.0493599Z       }
CodeQL (rust)	Initialize CodeQL	2026-09-03T08:12:53.0493836Z     ],
CodeQL (rust)	Initialize CodeQL	2026-09-03T08:12:53.0494098Z     "actions" : [
CodeQL (rust)	Initialize CodeQL	2026-09-03T08:12:53.0494389Z       {
CodeQL (rust)	Initialize CodeQL	2026-09-03T08:12:53.0494822Z         "extractor_root" : "/opt/hostedtoolcache/CodeQL/2.26.4/x64/codeql/actions",
CodeQL (rust)	Initialize CodeQL	2026-09-03T08:12:53.0495372Z         "extractor_options" : {
CodeQL (rust)	Initialize CodeQL	2026-09-03T08:12:53.0495695Z           "trap" : {
CodeQL (rust)	Initialize CodeQL	2026-09-03T08:12:53.0496012Z             "title" : "TRAP options",
CodeQL (rust)	Initialize CodeQL	2026-09-03T08:12:53.0496523Z             "description" : "Options about how the extractor handles TRAP files",
CodeQL (rust)	Initialize CodeQL	2026-09-03T08:12:53.0497049Z             "type" : "object",
CodeQL (rust)	Initialize CodeQL	2026-09-03T08:12:53.0497386Z             "visibility" : 3,
CodeQL (rust)	Initialize CodeQL	2026-09-03T08:12:53.0497734Z             "properties" : {
CodeQL (rust)	Initialize CodeQL	2026-09-03T08:12:53.0498078Z               "cache" : {
CodeQL (rust)	Initialize CodeQL	2026-09-03T08:12:53.0498419Z                 "title" : "TRAP cache options",
CodeQL (rust)	Initialize CodeQL	2026-09-03T08:12:53.0498990Z                 "description" : "Options about how the extractor handles its TRAP cache",
CodeQL (rust)	Initialize CodeQL	2026-09-03T08:12:53.0499566Z                 "type" : "object",
CodeQL (rust)	Initialize CodeQL	2026-09-03T08:12:53.0499925Z                 "properties" : {
CodeQL (rust)	Initialize CodeQL	2026-09-03T08:12:53.0500423Z                   "dir" : {
CodeQL (rust)	Initialize CodeQL	2026-09-03T08:12:53.0500778Z                     "title" : "TRAP cache directory",
CodeQL (rust)	Initialize CodeQL	2026-09-03T08:12:53.0501295Z                     "description" : "The directory of the TRAP cache to use",
CodeQL (rust)	Initialize CodeQL	2026-09-03T08:12:53.0501966Z                     "type" : "string"
CodeQL (rust)	Initialize CodeQL	2026-09-03T08:12:53.0502327Z                   },
CodeQL (rust)	Initialize CodeQL	2026-09-03T08:12:53.0502626Z                   "bound" : {
CodeQL (rust)	Initialize CodeQL	2026-09-03T08:12:53.0502978Z                     "title" : "TRAP cache bound",
CodeQL (rust)	Initialize CodeQL	2026-09-03T08:12:53.0503542Z                     "description" : "A soft limit (in MB) on the size of the TRAP cache",
CodeQL (rust)	Initialize CodeQL	2026-09-03T08:12:53.0504094Z                     "type" : "string",
CodeQL (rust)	Initialize CodeQL	2026-09-03T08:12:53.0504472Z                     "pattern" : "[0-9]+"
CodeQL (rust)	Initialize CodeQL	2026-09-03T08:12:53.0504839Z                   },
CodeQL (rust)	Initialize CodeQL	2026-09-03T08:12:53.0505124Z                   "write" : {
CodeQL (rust)	Initialize CodeQL	2026-09-03T08:12:53.0505477Z                     "title" : "TRAP cache writeable",
CodeQL (rust)	Initialize CodeQL	2026-09-03T08:12:53.0506066Z                     "description" : "Whether to write to the TRAP cache as well as reading it",
CodeQL (rust)	Initialize CodeQL	2026-09-03T08:12:53.0506660Z                     "type" : "string",
CodeQL (rust)	Initialize CodeQL	2026-09-03T08:12:53.0507060Z                     "pattern" : "(true|TRUE|false|FALSE)"
CodeQL (rust)	Initialize CodeQL	2026-09-03T08:12:53.0507460Z                   }
CodeQL (rust)	Initialize CodeQL	2026-09-03T08:12:53.0507739Z                 }
CodeQL (rust)	Initialize CodeQL	2026-09-03T08:12:53.0508022Z               }
CodeQL (rust)	Initialize CodeQL	2026-09-03T08:12:53.0508297Z             }
CodeQL (rust)	Initialize CodeQL	2026-09-03T08:12:53.0508561Z           }
CodeQL (rust)	Initialize CodeQL	2026-09-03T08:12:53.0508815Z         }
CodeQL (rust)	Initialize CodeQL	2026-09-03T08:12:53.0509062Z       }
CodeQL (rust)	Initialize CodeQL	2026-09-03T08:12:53.0509314Z     ],
CodeQL (rust)	Initialize CodeQL	2026-09-03T08:12:53.0509565Z     "ruby" : [
CodeQL (rust)	Initialize CodeQL	2026-09-03T08:12:53.0509846Z       {
CodeQL (rust)	Initialize CodeQL	2026-09-03T08:12:53.0510275Z         "extractor_root" : "/opt/hostedtoolcache/CodeQL/2.26.4/x64/codeql/ruby",
CodeQL (rust)	Initialize CodeQL	2026-09-03T08:12:53.0510843Z         "extractor_options" : {
CodeQL (rust)	Initialize CodeQL	2026-09-03T08:12:53.0511191Z           "trap" : {
CodeQL (rust)	Initialize CodeQL	2026-09-03T08:12:53.0511685Z             "title" : "Options pertaining to TRAP.",
CodeQL (rust)	Initialize CodeQL	2026-09-03T08:12:53.0512203Z             "description" : "Options pertaining to TRAP.",
CodeQL (rust)	Initialize CodeQL	2026-09-03T08:12:53.0512676Z             "type" : "object",
CodeQL (rust)	Initialize CodeQL	2026-09-03T08:12:53.0513036Z             "properties" : {
CodeQL (rust)	Initialize CodeQL	2026-09-03T08:12:53.0513391Z               "compression" : {
CodeQL (rust)	Initialize CodeQL	2026-09-03T08:12:53.0514010Z                 "title" : "Controls compression for the TRAP files written by the extractor.",
CodeQL (rust)	Initialize CodeQL	2026-09-03T08:12:53.0515818Z                 "description" : "This option is only intended for use in debugging the extractor. Accepted values are 'gzip' (the default, to write gzip-compressed TRAP) 'zstd' (to write Zstandard-compressed TRAP) and 'none' (to write uncompressed TRAP).\n",
CodeQL (rust)	Initialize CodeQL	2026-09-03T08:12:53.0517357Z                 "type" : "string",
CodeQL (rust)	Initialize CodeQL	2026-09-03T08:12:53.0517778Z                 "pattern" : "^(none|gzip|zstd)$"
CodeQL (rust)	Initialize CodeQL	2026-09-03T08:12:53.0518202Z               }
CodeQL (rust)	Initialize CodeQL	2026-09-03T08:12:53.0518493Z             }
CodeQL (rust)	Initialize CodeQL	2026-09-03T08:12:53.0518775Z           }
CodeQL (rust)	Initialize CodeQL	2026-09-03T08:12:53.0519045Z         }
CodeQL (rust)	Initialize CodeQL	2026-09-03T08:12:53.0519313Z       }
CodeQL (rust)	Initialize CodeQL	2026-09-03T08:12:53.0519749Z     ],
CodeQL (rust)	Initialize CodeQL	2026-09-03T08:12:53.0520021Z     "csv" : [
CodeQL (rust)	Initialize CodeQL	2026-09-03T08:12:53.0520326Z       {
CodeQL (rust)	Initialize CodeQL	2026-09-03T08:12:53.0520783Z         "extractor_root" : "/opt/hostedtoolcache/CodeQL/2.26.4/x64/codeql/csv"
CodeQL (rust)	Initialize CodeQL	2026-09-03T08:12:53.0521353Z       }
CodeQL (rust)	Initialize CodeQL	2026-09-03T08:12:53.0521749Z     ],
CodeQL (rust)	Initialize CodeQL	2026-09-03T08:12:53.0522046Z     "properties" : [
CodeQL (rust)	Initialize CodeQL	2026-09-03T08:12:53.0522375Z       {
CodeQL (rust)	Initialize CodeQL	2026-09-03T08:12:53.0522861Z         "extractor_root" : "/opt/hostedtoolcache/CodeQL/2.26.4/x64/codeql/properties"
CodeQL (rust)	Initialize CodeQL	2026-09-03T08:12:53.0523479Z       }
CodeQL (rust)	Initialize CodeQL	2026-09-03T08:12:53.0523739Z     ],
CodeQL (rust)	Initialize CodeQL	2026-09-03T08:12:53.0524011Z     "html" : [
CodeQL (rust)	Initialize CodeQL	2026-09-03T08:12:53.0524296Z       {
CodeQL (rust)	Initialize CodeQL	2026-09-03T08:12:53.0524738Z         "extractor_root" : "/opt/hostedtoolcache/CodeQL/2.26.4/x64/codeql/html"
CodeQL (rust)	Initialize CodeQL	2026-09-03T08:12:53.0525315Z       }
CodeQL (rust)	Initialize CodeQL	2026-09-03T08:12:53.0525574Z     ],
CodeQL (rust)	Initialize CodeQL	2026-09-03T08:12:53.0525844Z     "python" : [
CodeQL (rust)	Initialize CodeQL	2026-09-03T08:12:53.0526145Z       {
CodeQL (rust)	Initialize CodeQL	2026-09-03T08:12:53.0526611Z         "extractor_root" : "/opt/hostedtoolcache/CodeQL/2.26.4/x64/codeql/python",
CodeQL (rust)	Initialize CodeQL	2026-09-03T08:12:53.0527233Z         "extractor_options" : {
CodeQL (rust)	Initialize CodeQL	2026-09-03T08:12:53.0527608Z           "logging" : {
CodeQL (rust)	Initialize CodeQL	2026-09-03T08:12:53.0528171Z             "title" : "Options pertaining to logging.",
CodeQL (rust)	Initialize CodeQL	2026-09-03T08:12:53.0528730Z             "description" : "Options pertaining to logging.",
CodeQL (rust)	Initialize CodeQL	2026-09-03T08:12:53.0529226Z             "type" : "object",
CodeQL (rust)	Initialize CodeQL	2026-09-03T08:12:53.0529607Z             "properties" : {
CodeQL (rust)	Initialize CodeQL	2026-09-03T08:12:53.0529969Z               "verbosity" : {
CodeQL (rust)	Initialize CodeQL	2026-09-03T08:12:53.0530431Z                 "title" : "Python extractor logging verbosity level.",
CodeQL (rust)	Initialize CodeQL	2026-09-03T08:12:53.0532286Z                 "description" : "Controls the level of verbosity of the CodeQL Python extractor.\nThe supported levels are (in order of increasing verbosity):\n\n  - off\n  - errors\n  - warnings\n  - info or progress\n  - debug or progress+\n  - trace or progress++\n  - progress+++\n",
CodeQL (rust)	Initialize CodeQL	2026-09-03T08:12:53.0533854Z                 "type" : "string",
CodeQL (rust)	Initialize CodeQL	2026-09-03T08:12:53.0534640Z                 "pattern" : "^(off|errors|warnings|(info|progress)|(debug|progress\\+)|(trace|progress\\+\\+)|progress\\+\\+\\+)$"
CodeQL (rust)	Initialize CodeQL	2026-09-03T08:12:53.0535467Z               }
CodeQL (rust)	Initialize CodeQL	2026-09-03T08:12:53.0535759Z             }
CodeQL (rust)	Initialize CodeQL	2026-09-03T08:12:53.0536047Z           },
CodeQL (rust)	Initialize CodeQL	2026-09-03T08:12:53.0536354Z           "python_executable_name" : {
CodeQL (rust)	Initialize CodeQL	2026-09-03T08:12:53.0536981Z             "title" : "Controls the name of the Python executable used by the Python extractor.",
CodeQL (rust)	Initialize CodeQL	2026-09-03T08:12:53.0539312Z             "description" : "The Python extractor uses platform-dependent heuristics to determine the name of the Python executable to use. Specifying a value for this option overrides the name of the Python executable used by the extractor. Accepted values are py, python and python3. Use this setting with caution, the Python extractor requires Python 3 to run.\n",
CodeQL (rust)	Initialize CodeQL	2026-09-03T08:12:53.0541383Z             "type" : "string",
CodeQL (rust)	Initialize CodeQL	2026-09-03T08:12:53.0541926Z             "pattern" : "^(py|python|python3)$"
CodeQL (rust)	Initialize CodeQL	2026-09-03T08:12:53.0542348Z           }
CodeQL (rust)	Initialize CodeQL	2026-09-03T08:12:53.0542610Z         }
CodeQL (rust)	Initialize CodeQL	2026-09-03T08:12:53.0542889Z       }
CodeQL (rust)	Initialize CodeQL	2026-09-03T08:12:53.0543149Z     ]
CodeQL (rust)	Initialize CodeQL	2026-09-03T08:12:53.0543407Z   }
CodeQL (rust)	Initialize CodeQL	2026-09-03T08:12:53.0543674Z }
CodeQL (rust)	Initialize CodeQL	2026-09-03T08:12:53.0582478Z rust does not support TRAP caching (missing option group)
CodeQL (rust)	Initialize CodeQL	2026-09-03T08:12:53.0582937Z Found 0 languages that support TRAP caching
CodeQL (rust)	Initialize CodeQL	2026-09-03T08:12:53.0584644Z ##[endgroup]
CodeQL (rust)	Initialize CodeQL	2026-09-03T08:12:53.0598955Z While resolving threads, found a cgroup CPUs file with 4 CPUs in /sys/fs/cgroup/cpuset.cpus.effective.
CodeQL (rust)	Initialize CodeQL	2026-09-03T08:12:53.9396003Z Writing augmented user configuration file to /home/runner/work/_temp/user-config.yaml
CodeQL (rust)	Initialize CodeQL	2026-09-03T08:12:53.9397945Z ##[group]Augmented user configuration file contents
CodeQL (rust)	Initialize CodeQL	2026-09-03T08:12:53.9422923Z query-filters:
CodeQL (rust)	Initialize CodeQL	2026-09-03T08:12:53.9423630Z   - exclude:
CodeQL (rust)	Initialize CodeQL	2026-09-03T08:12:53.9424103Z       tags: exclude-from-incremental
CodeQL (rust)	Initialize CodeQL	2026-09-03T08:12:53.9424429Z 
CodeQL (rust)	Initialize CodeQL	2026-09-03T08:12:53.9426824Z ##[endgroup]
CodeQL (rust)	Initialize CodeQL	2026-09-03T08:12:53.9428774Z [command]/opt/hostedtoolcache/CodeQL/2.26.4/x64/codeql/codeql database init --force-overwrite --db-cluster /home/runner/work/_temp/codeql_databases --source-root=/home/runner/work/start/start --no-calculate-baseline --extractor-include-aliases --language=rust --codescanning-config=/home/runner/work/_temp/user-config.yaml
CodeQL (rust)	Initialize CodeQL	2026-09-03T08:12:55.1864200Z Package install location: /home/runner/.codeql/packages
CodeQL (rust)	Initialize CodeQL	2026-09-03T08:12:55.1865047Z Nothing downloaded.
CodeQL (rust)	Initialize CodeQL	2026-09-03T08:12:56.1670279Z Resolving extractor rust.
CodeQL (rust)	Initialize CodeQL	2026-09-03T08:12:56.1732462Z Successfully loaded extractor Rust (rust) from /opt/hostedtoolcache/CodeQL/2.26.4/x64/codeql/rust.
CodeQL (rust)	Initialize CodeQL	2026-09-03T08:12:56.2013325Z Created skeleton CodeQL database at /home/runner/work/_temp/codeql_databases/rust. This in-progress database is ready to be populated by an extractor.
CodeQL (rust)	Autobuild	﻿2026-09-03T08:12:57.3308831Z ##[group]Run github/codeql-action/autobuild@v4
CodeQL (rust)	Autobuild	2026-09-03T08:12:57.3309170Z with:
CodeQL (rust)	Autobuild	2026-09-03T08:12:57.3312175Z   token: ***
CodeQL (rust)	Autobuild	2026-09-03T08:12:57.3312423Z   matrix: {
CodeQL (rust)	Autobuild	  "language": "rust"
CodeQL (rust)	Autobuild	}
CodeQL (rust)	Autobuild	2026-09-03T08:12:57.3312697Z env:
CodeQL (rust)	Autobuild	2026-09-03T08:12:57.3312900Z   GIT_CONFIG_COUNT: 1
CodeQL (rust)	Autobuild	2026-09-03T08:12:57.3313169Z   GIT_CONFIG_KEY_0: init.defaultBranch
CodeQL (rust)	Autobuild	2026-09-03T08:12:57.3313454Z   GIT_CONFIG_VALUE_0: main
CodeQL (rust)	Autobuild	2026-09-03T08:12:57.3313785Z   CODEQL_ACTION_JOB_RUN_UUID: faab0432-e263-494e-b38d-c6ac954a5942
CodeQL (rust)	Autobuild	2026-09-03T08:12:57.3314181Z   CODEQL_ACTION_FEATURE_MULTI_LANGUAGE: false
CodeQL (rust)	Autobuild	2026-09-03T08:12:57.3314486Z   CODEQL_ACTION_FEATURE_SANDWICH: false
CodeQL (rust)	Autobuild	2026-09-03T08:12:57.3314791Z   CODEQL_ACTION_FEATURE_SARIF_COMBINE: true
CodeQL (rust)	Autobuild	2026-09-03T08:12:57.3315094Z   CODEQL_ACTION_FEATURE_WILL_UPLOAD: true
CodeQL (rust)	Autobuild	2026-09-03T08:12:57.3315378Z   CODEQL_ACTION_VERSION: 4.37.9
CodeQL (rust)	Autobuild	2026-09-03T08:12:57.3315642Z   CODEQL_ACTION_INIT_HAS_RUN: true
CodeQL (rust)	Autobuild	2026-09-03T08:12:57.3315991Z   CODEQL_ACTION_ANALYSIS_KEY: .github/workflows/security.yml:codeql
CodeQL (rust)	Autobuild	2026-09-03T08:12:57.3316429Z   CODEQL_WORKFLOW_STARTED_AT: 2026-09-03T08:12:47.624Z
CodeQL (rust)	Autobuild	2026-09-03T08:12:57.3316743Z   CODEQL_RAM: 14575
CodeQL (rust)	Autobuild	2026-09-03T08:12:57.3316959Z   CODEQL_THREADS: 4
CodeQL (rust)	Autobuild	2026-09-03T08:12:57.3317164Z ##[endgroup]
CodeQL (rust)	Autobuild	2026-09-03T08:12:57.5754988Z Existing job run UUID is faab0432-e263-494e-b38d-c6ac954a5942.
CodeQL (rust)	Autobuild	2026-09-03T08:12:58.7344770Z None of the languages in this project require extra build steps
CodeQL (rust)	Analyze	﻿2026-09-03T08:12:59.8165638Z ##[group]Run github/codeql-action/analyze@v4
CodeQL (rust)	Analyze	2026-09-03T08:12:59.8165970Z with:
CodeQL (rust)	Analyze	2026-09-03T08:12:59.8166180Z   output: ../results
CodeQL (rust)	Analyze	2026-09-03T08:12:59.8166398Z   upload: always
CodeQL (rust)	Analyze	2026-09-03T08:12:59.8166611Z   skip-queries: false
CodeQL (rust)	Analyze	2026-09-03T08:12:59.8166872Z   checkout_path: /home/runner/work/start/start
CodeQL (rust)	Analyze	2026-09-03T08:12:59.8167172Z   upload-database: true
CodeQL (rust)	Analyze	2026-09-03T08:12:59.8167411Z   wait-for-processing: true
CodeQL (rust)	Analyze	2026-09-03T08:12:59.8170050Z   token: ***
CodeQL (rust)	Analyze	2026-09-03T08:12:59.8170276Z   matrix: {
CodeQL (rust)	Analyze	  "language": "rust"
CodeQL (rust)	Analyze	}
CodeQL (rust)	Analyze	2026-09-03T08:12:59.8170548Z   expect-error: false
CodeQL (rust)	Analyze	2026-09-03T08:12:59.8170771Z env:
CodeQL (rust)	Analyze	2026-09-03T08:12:59.8170971Z   GIT_CONFIG_COUNT: 1
CodeQL (rust)	Analyze	2026-09-03T08:12:59.8171208Z   GIT_CONFIG_KEY_0: init.defaultBranch
CodeQL (rust)	Analyze	2026-09-03T08:12:59.8171482Z   GIT_CONFIG_VALUE_0: main
CodeQL (rust)	Analyze	2026-09-03T08:12:59.8171919Z   CODEQL_ACTION_JOB_RUN_UUID: faab0432-e263-494e-b38d-c6ac954a5942
CodeQL (rust)	Analyze	2026-09-03T08:12:59.8172314Z   CODEQL_ACTION_FEATURE_MULTI_LANGUAGE: false
CodeQL (rust)	Analyze	2026-09-03T08:12:59.8172622Z   CODEQL_ACTION_FEATURE_SANDWICH: false
CodeQL (rust)	Analyze	2026-09-03T08:12:59.8172952Z   CODEQL_ACTION_FEATURE_SARIF_COMBINE: true
CodeQL (rust)	Analyze	2026-09-03T08:12:59.8173252Z   CODEQL_ACTION_FEATURE_WILL_UPLOAD: true
CodeQL (rust)	Analyze	2026-09-03T08:12:59.8173533Z   CODEQL_ACTION_VERSION: 4.37.9
CodeQL (rust)	Analyze	2026-09-03T08:12:59.8173793Z   CODEQL_ACTION_INIT_HAS_RUN: true
CodeQL (rust)	Analyze	2026-09-03T08:12:59.8174129Z   CODEQL_ACTION_ANALYSIS_KEY: .github/workflows/security.yml:codeql
CodeQL (rust)	Analyze	2026-09-03T08:12:59.8174521Z   CODEQL_WORKFLOW_STARTED_AT: 2026-09-03T08:12:47.624Z
CodeQL (rust)	Analyze	2026-09-03T08:12:59.8174832Z   CODEQL_RAM: 14575
CodeQL (rust)	Analyze	2026-09-03T08:12:59.8175041Z   CODEQL_THREADS: 4
CodeQL (rust)	Analyze	2026-09-03T08:12:59.8175308Z   CODEQL_ACTION_AUTOBUILD_DID_COMPLETE_SUCCESSFULLY: true
CodeQL (rust)	Analyze	2026-09-03T08:12:59.8175628Z ##[endgroup]
CodeQL (rust)	Analyze	2026-09-03T08:13:00.0611765Z Existing job run UUID is faab0432-e263-494e-b38d-c6ac954a5942.
CodeQL (rust)	Analyze	2026-09-03T08:13:00.3340733Z While resolving threads, found a cgroup CPUs file with 4 CPUs in /sys/fs/cgroup/cpuset.cpus.effective.
CodeQL (rust)	Analyze	2026-09-03T08:13:00.3380774Z ##[group]Generating diff range extension pack
CodeQL (rust)	Analyze	2026-09-03T08:13:00.3473962Z Successfully created diff range extension pack at /home/runner/work/_temp/pr-diff-range.
CodeQL (rust)	Analyze	2026-09-03T08:13:00.3475171Z ##[endgroup]
CodeQL (rust)	Analyze	2026-09-03T08:13:01.2672503Z ##[group]Extracting rust
CodeQL (rust)	Analyze	2026-09-03T08:13:01.2675445Z [command]/opt/hostedtoolcache/CodeQL/2.26.4/x64/codeql/codeql database trace-command --index-traceless-dbs /home/runner/work/_temp/codeql_databases/rust
CodeQL (rust)	Analyze	2026-09-03T08:13:02.0822262Z Running command in /home/runner/work/start/start: [/opt/hostedtoolcache/CodeQL/2.26.4/x64/codeql/rust/tools/autobuild.sh]
CodeQL (rust)	Analyze	2026-09-03T08:13:03.0842241Z [2026-09-03 08:13:03] [build-stderr] Scanning for files in /home/runner/work/start/start...
CodeQL (rust)	Analyze	2026-09-03T08:13:03.1873413Z [2026-09-03 08:13:03] [build-stderr] /home/runner/work/_temp/codeql_databases/rust: Indexing files in in /home/runner/work/start/start...
CodeQL (rust)	Analyze	2026-09-03T08:13:03.2173357Z [2026-09-03 08:13:03] [build-stderr] Running command in /home/runner/work/start/start: [/opt/hostedtoolcache/CodeQL/2.26.4/x64/codeql/rust/tools/index-files.sh, /home/runner/work/_temp/codeql_databases/rust/working/files-to-index10290266519737441166.list]
CodeQL (rust)	Analyze	2026-09-03T08:13:04.0647126Z [2026-09-03 08:13:04] [build-stdout] [2026-09-03 08:13:04] [build-stdout] ^[[32m INFO^[[0m configuration: {
CodeQL (rust)	Analyze	2026-09-03T08:13:04.0667499Z [2026-09-03 08:13:04] [build-stdout] [2026-09-03 08:13:04] [build-stdout]     scratch_dir: "/home/runner/work/_temp/codeql_databases/rust/working",
CodeQL (rust)	Analyze	2026-09-03T08:13:04.0668627Z [2026-09-03 08:13:04] [build-stdout] [2026-09-03 08:13:04] [build-stdout]     trap_dir: "/home/runner/work/_temp/codeql_databases/rust/trap/rust",
CodeQL (rust)	Analyze	2026-09-03T08:13:04.0669527Z [2026-09-03 08:13:04] [build-stdout] [2026-09-03 08:13:04] [build-stdout]     source_archive_dir: "/home/runner/work/_temp/codeql_databases/rust/src",
CodeQL (rust)	Analyze	2026-09-03T08:13:04.0670476Z [2026-09-03 08:13:04] [build-stdout] [2026-09-03 08:13:04] [build-stdout]     diagnostic_dir: "/home/runner/work/_temp/codeql_databases/rust/diagnostic/extractors/rust",
CodeQL (rust)	Analyze	2026-09-03T08:13:04.0671275Z [2026-09-03 08:13:04] [build-stdout] [2026-09-03 08:13:04] [build-stdout]     cargo_target_dir: None,
CodeQL (rust)	Analyze	2026-09-03T08:13:04.0672265Z [2026-09-03 08:13:04] [build-stdout] [2026-09-03 08:13:04] [build-stdout]     cargo_target: None,
CodeQL (rust)	Analyze	2026-09-03T08:13:04.0672791Z [2026-09-03 08:13:04] [build-stdout] [2026-09-03 08:13:04] [build-stdout]     cargo_features: [],
CodeQL (rust)	Analyze	2026-09-03T08:13:04.0673322Z [2026-09-03 08:13:04] [build-stdout] [2026-09-03 08:13:04] [build-stdout]     cargo_cfg_overrides: [],
CodeQL (rust)	Analyze	2026-09-03T08:13:04.0673860Z [2026-09-03 08:13:04] [build-stdout] [2026-09-03 08:13:04] [build-stdout]     cargo_extra_env: {},
CodeQL (rust)	Analyze	2026-09-03T08:13:04.0674397Z [2026-09-03 08:13:04] [build-stdout] [2026-09-03 08:13:04] [build-stdout]     cargo_extra_args: [],
CodeQL (rust)	Analyze	2026-09-03T08:13:04.0674991Z [2026-09-03 08:13:04] [build-stdout] [2026-09-03 08:13:04] [build-stdout]     cargo_all_targets: false,
CodeQL (rust)	Analyze	2026-09-03T08:13:04.0675559Z [2026-09-03 08:13:04] [build-stdout] [2026-09-03 08:13:04] [build-stdout]     logging_flamegraph: None,
CodeQL (rust)	Analyze	2026-09-03T08:13:04.0676114Z [2026-09-03 08:13:04] [build-stdout] [2026-09-03 08:13:04] [build-stdout]     logging_verbosity: Some(
CodeQL (rust)	Analyze	2026-09-03T08:13:04.0676648Z [2026-09-03 08:13:04] [build-stdout] [2026-09-03 08:13:04] [build-stdout]         "progress",
CodeQL (rust)	Analyze	2026-09-03T08:13:04.0677128Z [2026-09-03 08:13:04] [build-stdout] [2026-09-03 08:13:04] [build-stdout]     ),
CodeQL (rust)	Analyze	2026-09-03T08:13:04.0677635Z [2026-09-03 08:13:04] [build-stdout] [2026-09-03 08:13:04] [build-stdout]     trap_compression: Zstd,
CodeQL (rust)	Analyze	2026-09-03T08:13:04.0678214Z [2026-09-03 08:13:04] [build-stdout] [2026-09-03 08:13:04] [build-stdout]     number of inputs: 68,
CodeQL (rust)	Analyze	2026-09-03T08:13:04.0678743Z [2026-09-03 08:13:04] [build-stdout] [2026-09-03 08:13:04] [build-stdout]     qltest: false,
CodeQL (rust)	Analyze	2026-09-03T08:13:04.0679291Z [2026-09-03 08:13:04] [build-stdout] [2026-09-03 08:13:04] [build-stdout]     qltest_cargo_check: false,
CodeQL (rust)	Analyze	2026-09-03T08:13:04.0679858Z [2026-09-03 08:13:04] [build-stdout] [2026-09-03 08:13:04] [build-stdout]     qltest_dependencies: [],
CodeQL (rust)	Analyze	2026-09-03T08:13:04.0680588Z [2026-09-03 08:13:04] [build-stdout] [2026-09-03 08:13:04] [build-stdout]     qltest_use_nightly: false,
CodeQL (rust)	Analyze	2026-09-03T08:13:04.0681169Z [2026-09-03 08:13:04] [build-stdout] [2026-09-03 08:13:04] [build-stdout]     sysroot: None,
CodeQL (rust)	Analyze	2026-09-03T08:13:04.0681829Z [2026-09-03 08:13:04] [build-stdout] [2026-09-03 08:13:04] [build-stdout]     sysroot_src: None,
CodeQL (rust)	Analyze	2026-09-03T08:13:04.0682354Z [2026-09-03 08:13:04] [build-stdout] [2026-09-03 08:13:04] [build-stdout]     rustc_src: None,
CodeQL (rust)	Analyze	2026-09-03T08:13:04.0682895Z [2026-09-03 08:13:04] [build-stdout] [2026-09-03 08:13:04] [build-stdout]     build_script_command: [],
CodeQL (rust)	Analyze	2026-09-03T08:13:04.0683431Z [2026-09-03 08:13:04] [build-stdout] [2026-09-03 08:13:04] [build-stdout]     extra_includes: [],
CodeQL (rust)	Analyze	2026-09-03T08:13:04.0683991Z [2026-09-03 08:13:04] [build-stdout] [2026-09-03 08:13:04] [build-stdout]     proc_macro_server: None,
CodeQL (rust)	Analyze	2026-09-03T08:13:04.0684598Z [2026-09-03 08:13:04] [build-stdout] [2026-09-03 08:13:04] [build-stdout]     extract_dependencies_as_source: false,
CodeQL (rust)	Analyze	2026-09-03T08:13:04.0685206Z [2026-09-03 08:13:04] [build-stdout] [2026-09-03 08:13:04] [build-stdout]     force_library_mode: false,
CodeQL (rust)	Analyze	2026-09-03T08:13:04.0685699Z [2026-09-03 08:13:04] [build-stdout] [2026-09-03 08:13:04] [build-stdout] }
CodeQL (rust)	Analyze	2026-09-03T08:13:04.1375264Z [2026-09-03 08:13:04] [build-stdout] [2026-09-03 08:13:04] [build-stdout] ^[[32m INFO^[[0m found manifests:
CodeQL (rust)	Analyze	2026-09-03T08:13:04.1376413Z [2026-09-03 08:13:04] [build-stdout] [2026-09-03 08:13:04] [build-stdout]   /home/runner/work/start/start/rust/Cargo.toml
CodeQL (rust)	Analyze	2026-09-03T08:13:04.1377213Z [2026-09-03 08:13:04] [build-stdout] [2026-09-03 08:13:04] [build-stdout]   /home/runner/work/start/start/lib/lino-objects-codec/Cargo.toml
CodeQL (rust)	Analyze	2026-09-03T08:13:04.2434651Z [2026-09-03 08:13:04] [build-stdout] [2026-09-03 08:13:04] [build-stdout] ^[[33m WARN^[[0m /home/runner/work/start/start/docs/case-studies/issue-122/templates/rust-create-github-release.rs:1:1: semantic analyzer unavailable (no manifest found): macro expansion will be skipped.
CodeQL (rust)	Analyze	2026-09-03T08:13:04.2771894Z [2026-09-03 08:13:04] [build-stdout] [2026-09-03 08:13:04] [build-stdout] ^[[33m WARN^[[0m /home/runner/work/start/start/docs/case-studies/issue-122/templates/rust-publish-crate.rs:1:1: semantic analyzer unavailable (no manifest found): macro expansion will be skipped.
CodeQL (rust)	Analyze	2026-09-03T08:13:04.2804125Z [2026-09-03 08:13:04] [build-stdout] [2026-09-03 08:13:04] [build-stdout] ^[[33m WARN^[[0m /home/runner/work/start/start/docs/case-studies/issue-160/data/pre-fix-rust-d959632.rs:1:1: semantic analyzer unavailable (no manifest found): macro expansion will be skipped.
CodeQL (rust)	Analyze	2026-09-03T08:14:00.7182910Z [2026-09-03 08:14:00] [build-stdout] [2026-09-03 08:14:00] [build-stdout] ^[[32m INFO^[[0m total duration (LoadSource): 8.461s
CodeQL (rust)	Analyze	2026-09-03T08:14:00.7197779Z [2026-09-03 08:14:00] [build-stdout] [2026-09-03 08:14:00] [build-stdout] ^[[32m INFO^[[0m total duration (ExtractLibrary): 21.762s
CodeQL (rust)	Analyze	2026-09-03T08:14:00.7198904Z [2026-09-03 08:14:00] [build-stdout] [2026-09-03 08:14:00] [build-stdout] ^[[32m INFO^[[0m total duration (Extract): 2.042s
CodeQL (rust)	Analyze	2026-09-03T08:14:00.7199742Z [2026-09-03 08:14:00] [build-stdout] [2026-09-03 08:14:00] [build-stdout] ^[[32m INFO^[[0m total duration (ParseLibrary): 3.144s
CodeQL (rust)	Analyze	2026-09-03T08:14:00.7201002Z [2026-09-03 08:14:00] [build-stdout] [2026-09-03 08:14:00] [build-stdout] ^[[32m INFO^[[0m total duration (Parse): 0.101s
CodeQL (rust)	Analyze	2026-09-03T08:14:00.7202210Z [2026-09-03 08:14:00] [build-stdout] [2026-09-03 08:14:00] [build-stdout] ^[[32m INFO^[[0m total duration (FindManifests): 0.074s
CodeQL (rust)	Analyze	2026-09-03T08:14:00.7203330Z [2026-09-03 08:14:00] [build-stdout] [2026-09-03 08:14:00] [build-stdout] ^[[32m INFO^[[0m total duration (CrateGraph): 0.021s
CodeQL (rust)	Analyze	2026-09-03T08:14:00.7204464Z [2026-09-03 08:14:00] [build-stdout] [2026-09-03 08:14:00] [build-stdout] ^[[32m INFO^[[0m total duration (LoadManifest): 10.783s
CodeQL (rust)	Analyze	2026-09-03T08:14:00.7205613Z [2026-09-03 08:14:00] [build-stdout] [2026-09-03 08:14:00] [build-stdout] ^[[32m INFO^[[0m total duration: 56.787s
CodeQL (rust)	Analyze	2026-09-03T08:14:00.9574562Z ##[endgroup]
CodeQL (rust)	Analyze	2026-09-03T08:14:00.9580796Z ##[group]Finalizing rust
CodeQL (rust)	Analyze	2026-09-03T08:14:00.9585851Z [command]/opt/hostedtoolcache/CodeQL/2.26.4/x64/codeql/codeql database finalize --finalize-dataset --threads=4 --ram=14575 /home/runner/work/_temp/codeql_databases/rust
CodeQL (rust)	Analyze	2026-09-03T08:14:01.7147637Z Running TRAP import for CodeQL database at /home/runner/work/_temp/codeql_databases/rust...
CodeQL (rust)	Analyze	2026-09-03T08:14:02.6889846Z Importing TRAP files
CodeQL (rust)	Analyze	2026-09-03T08:14:13.3586279Z Merging relations
CodeQL (rust)	Analyze	2026-09-03T08:14:19.8858099Z Finished writing database (relations: 112.88 MiB; string pool: 22.03 MiB).
CodeQL (rust)	Analyze	2026-09-03T08:14:19.9401490Z TRAP import complete (18.2s).
CodeQL (rust)	Analyze	2026-09-03T08:14:23.3179858Z Finished zipping source archive (17.45 MiB).
CodeQL (rust)	Analyze	2026-09-03T08:14:23.3302327Z ##[endgroup]
CodeQL (rust)	Analyze	2026-09-03T08:14:23.3317955Z ##[group]Running queries for rust
CodeQL (rust)	Analyze	2026-09-03T08:14:23.3319240Z [command]/opt/hostedtoolcache/CodeQL/2.26.4/x64/codeql/codeql database run-queries --ram=14575 --threads=4 --expect-discarded-cache --additional-packs=/home/runner/work/_temp/pr-diff-range --extension-packs=codeql-action/pr-diff-range /home/runner/work/_temp/codeql_databases/rust --min-disk-free=1024 -v
CodeQL (rust)	Analyze	2026-09-03T08:14:24.0996109Z Writing logs to /home/runner/work/_temp/codeql_databases/rust/log/database-run-queries-20260903.081424.096.log.
CodeQL (rust)	Analyze	2026-09-03T08:14:24.7629473Z Writing logs to /home/runner/work/_temp/codeql_databases/rust/log/execute-queries-20260903.081424.759.log.
CodeQL (rust)	Analyze	2026-09-03T08:14:25.0936692Z Recording pack reference codeql/rust-queries at /opt/hostedtoolcache/CodeQL/2.26.4/x64/codeql/qlpacks/codeql/rust-queries/0.1.41.
CodeQL (rust)	Analyze	2026-09-03T08:14:25.2932750Z Resolving data extensions.
CodeQL (rust)	Analyze	2026-09-03T08:14:26.2972830Z Finished resolving data extensions.
CodeQL (rust)	Analyze	2026-09-03T08:14:26.3673284Z Loading data extensions.
CodeQL (rust)	Analyze	2026-09-03T08:14:26.6667984Z Finished loading data extensions.
CodeQL (rust)	Analyze	2026-09-03T08:14:28.3893330Z [1/36] Loaded /opt/hostedtoolcache/CodeQL/2.26.4/x64/codeql/qlpacks/codeql/rust-queries/0.1.41/queries/security/CWE-327/BrokenCryptoAlgorithm.qlx.
CodeQL (rust)	Analyze	2026-09-03T08:14:28.4593209Z [2/36] Loaded /opt/hostedtoolcache/CodeQL/2.26.4/x64/codeql/qlpacks/codeql/rust-queries/0.1.41/queries/security/CWE-022/TaintedPath.qlx.
CodeQL (rust)	Analyze	2026-09-03T08:14:28.4653019Z [3/36] Loaded /opt/hostedtoolcache/CodeQL/2.26.4/x64/codeql/qlpacks/codeql/rust-queries/0.1.41/queries/security/CWE-312/CleartextLogging.qlx.
CodeQL (rust)	Analyze	2026-09-03T08:14:28.4974728Z [4/36] Loaded /opt/hostedtoolcache/CodeQL/2.26.4/x64/codeql/qlpacks/codeql/rust-queries/0.1.41/queries/security/CWE-312/CleartextStorageDatabase.qlx.
CodeQL (rust)	Analyze	2026-09-03T08:14:28.6013289Z [5/36] Loaded /opt/hostedtoolcache/CodeQL/2.26.4/x64/codeql/qlpacks/codeql/rust-queries/0.1.41/queries/security/CWE-089/SqlInjection.qlx.
CodeQL (rust)	Analyze	2026-09-03T08:14:28.6833259Z [6/36] Loaded /opt/hostedtoolcache/CodeQL/2.26.4/x64/codeql/qlpacks/codeql/rust-queries/0.1.41/queries/security/CWE-918/RequestForgery.qlx.
CodeQL (rust)	Analyze	2026-09-03T08:14:28.7122421Z [7/36] Loaded /opt/hostedtoolcache/CodeQL/2.26.4/x64/codeql/qlpacks/codeql/rust-queries/0.1.41/queries/security/CWE-770/UncontrolledAllocationSize.qlx.
CodeQL (rust)	Analyze	2026-09-03T08:14:28.7226128Z [8/36] Loaded /opt/hostedtoolcache/CodeQL/2.26.4/x64/codeql/qlpacks/codeql/rust-queries/0.1.41/queries/security/CWE-327/WeakSensitiveDataHashing.qlx.
CodeQL (rust)	Analyze	2026-09-03T08:14:28.7742939Z [9/36] Loaded /opt/hostedtoolcache/CodeQL/2.26.4/x64/codeql/qlpacks/codeql/rust-queries/0.1.41/queries/security/CWE-020/RegexInjection.qlx.
CodeQL (rust)	Analyze	2026-09-03T08:14:28.9193343Z [10/36] Loaded /opt/hostedtoolcache/CodeQL/2.26.4/x64/codeql/qlpacks/codeql/rust-queries/0.1.41/queries/security/CWE-311/CleartextTransmission.qlx.
CodeQL (rust)	Analyze	2026-09-03T08:14:28.9212616Z [11/36] Loaded /opt/hostedtoolcache/CodeQL/2.26.4/x64/codeql/qlpacks/codeql/rust-queries/0.1.41/queries/security/CWE-825/AccessInvalidPointer.qlx.
CodeQL (rust)	Analyze	2026-09-03T08:14:29.0213395Z [12/36] Loaded /opt/hostedtoolcache/CodeQL/2.26.4/x64/codeql/qlpacks/codeql/rust-queries/0.1.41/queries/security/CWE-798/HardcodedCryptographicValue.qlx.
CodeQL (rust)	Analyze	2026-09-03T08:14:29.0603243Z [13/36] Loaded /opt/hostedtoolcache/CodeQL/2.26.4/x64/codeql/qlpacks/codeql/rust-queries/0.1.41/queries/security/CWE-614/InsecureCookie.qlx.
CodeQL (rust)	Analyze	2026-09-03T08:14:29.0693023Z [14/36] Loaded /opt/hostedtoolcache/CodeQL/2.26.4/x64/codeql/qlpacks/codeql/rust-queries/0.1.41/queries/security/CWE-079/XSS.qlx.
CodeQL (rust)	Analyze	2026-09-03T08:14:29.0783057Z [15/36] Loaded /opt/hostedtoolcache/CodeQL/2.26.4/x64/codeql/qlpacks/codeql/rust-queries/0.1.41/queries/diagnostics/ExtractionWarnings.qlx.
CodeQL (rust)	Analyze	2026-09-03T08:14:29.0842927Z [16/36] Loaded /opt/hostedtoolcache/CodeQL/2.26.4/x64/codeql/qlpacks/codeql/rust-queries/0.1.41/queries/diagnostics/ExtractionErrors.qlx.
CodeQL (rust)	Analyze	2026-09-03T08:14:29.0963371Z [17/36] Loaded /opt/hostedtoolcache/CodeQL/2.26.4/x64/codeql/qlpacks/codeql/rust-queries/0.1.41/queries/security/CWE-295/DisabledCertificateCheck.qlx.
CodeQL (rust)	Analyze	2026-09-03T08:14:29.1053260Z [18/36] Loaded /opt/hostedtoolcache/CodeQL/2.26.4/x64/codeql/qlpacks/codeql/rust-queries/0.1.41/queries/diagnostics/ExtractedFiles.qlx.
CodeQL (rust)	Analyze	2026-09-03T08:14:29.1110397Z [19/36] Loaded /opt/hostedtoolcache/CodeQL/2.26.4/x64/codeql/qlpacks/codeql/rust-queries/0.1.41/queries/diagnostics/AstConsistencyCounts.qlx.
CodeQL (rust)	Analyze	2026-09-03T08:14:29.1188847Z [20/36] Loaded /opt/hostedtoolcache/CodeQL/2.26.4/x64/codeql/qlpacks/codeql/rust-queries/0.1.41/queries/diagnostics/UnresolvedMacroCalls.qlx.
CodeQL (rust)	Analyze	2026-09-03T08:14:29.1262984Z [21/36] Loaded /opt/hostedtoolcache/CodeQL/2.26.4/x64/codeql/qlpacks/codeql/rust-queries/0.1.41/queries/diagnostics/SsaConsistencyCounts.qlx.
CodeQL (rust)	Analyze	2026-09-03T08:14:29.1354774Z [22/36] Loaded /opt/hostedtoolcache/CodeQL/2.26.4/x64/codeql/qlpacks/codeql/rust-queries/0.1.41/queries/diagnostics/UnextractedElements.qlx.
CodeQL (rust)	Analyze	2026-09-03T08:14:29.1893243Z [23/36] Loaded /opt/hostedtoolcache/CodeQL/2.26.4/x64/codeql/qlpacks/codeql/rust-queries/0.1.41/queries/security/CWE-319/UseOfHttp.qlx.
CodeQL (rust)	Analyze	2026-09-03T08:14:29.1983148Z [24/36] Loaded /opt/hostedtoolcache/CodeQL/2.26.4/x64/codeql/qlpacks/codeql/rust-queries/0.1.41/queries/diagnostics/DataFlowConsistencyCounts.qlx.
CodeQL (rust)	Analyze	2026-09-03T08:14:29.2042910Z [25/36] Loaded /opt/hostedtoolcache/CodeQL/2.26.4/x64/codeql/qlpacks/codeql/rust-queries/0.1.41/queries/diagnostics/CfgConsistencyCounts.qlx.
CodeQL (rust)	Analyze	2026-09-03T08:14:29.2565707Z [26/36] Loaded /opt/hostedtoolcache/CodeQL/2.26.4/x64/codeql/qlpacks/codeql/rust-queries/0.1.41/queries/summary/LinesOfUserCode.qlx.
CodeQL (rust)	Analyze	2026-09-03T08:14:29.2773037Z [27/36] Loaded /opt/hostedtoolcache/CodeQL/2.26.4/x64/codeql/qlpacks/codeql/rust-queries/0.1.41/queries/summary/NumberOfSuccessfullyExtractedFiles.qlx.
CodeQL (rust)	Analyze	2026-09-03T08:14:29.2893050Z [28/36] Loaded /opt/hostedtoolcache/CodeQL/2.26.4/x64/codeql/qlpacks/codeql/rust-queries/0.1.41/queries/telemetry/ExtractorInformation.qlx.
CodeQL (rust)	Analyze	2026-09-03T08:14:29.2952880Z [29/36] Loaded /opt/hostedtoolcache/CodeQL/2.26.4/x64/codeql/qlpacks/codeql/rust-queries/0.1.41/queries/summary/LinesOfCode.qlx.
CodeQL (rust)	Analyze	2026-09-03T08:14:29.3013047Z [30/36] Loaded /opt/hostedtoolcache/CodeQL/2.26.4/x64/codeql/qlpacks/codeql/rust-queries/0.1.41/queries/diagnostics/TypeInferenceConsistencyCounts.qlx.
CodeQL (rust)	Analyze	2026-09-03T08:14:29.3133641Z [31/36] Loaded /opt/hostedtoolcache/CodeQL/2.26.4/x64/codeql/qlpacks/codeql/rust-queries/0.1.41/queries/telemetry/DatabaseQualityDiagnostics.qlx.
CodeQL (rust)	Analyze	2026-09-03T08:14:29.3162815Z [32/36] Loaded /opt/hostedtoolcache/CodeQL/2.26.4/x64/codeql/qlpacks/codeql/rust-queries/0.1.41/queries/summary/NodesWithTypeAtLengthLimit.qlx.
CodeQL (rust)	Analyze	2026-09-03T08:14:29.3243207Z [33/36] Loaded /opt/hostedtoolcache/CodeQL/2.26.4/x64/codeql/qlpacks/codeql/rust-queries/0.1.41/queries/summary/NumberOfFilesExtractedWithErrors.qlx.
CodeQL (rust)	Analyze	2026-09-03T08:14:29.3593276Z [34/36] Loaded /opt/hostedtoolcache/CodeQL/2.26.4/x64/codeql/qlpacks/codeql/rust-queries/0.1.41/queries/summary/QuerySinkCounts.qlx.
CodeQL (rust)	Analyze	2026-09-03T08:14:29.4044205Z [35/36] Loaded /opt/hostedtoolcache/CodeQL/2.26.4/x64/codeql/qlpacks/codeql/rust-queries/0.1.41/queries/summary/SummaryStatsReduced.qlx.
CodeQL (rust)	Analyze	2026-09-03T08:14:29.4662987Z [36/36] Loaded /opt/hostedtoolcache/CodeQL/2.26.4/x64/codeql/qlpacks/codeql/rust-queries/0.1.41/queries/summary/SummaryStats.qlx.
CodeQL (rust)	Analyze	2026-09-03T08:14:29.7324555Z Starting evaluation of codeql/rust-queries/queries/diagnostics/CfgConsistencyCounts.ql.
CodeQL (rust)	Analyze	2026-09-03T08:14:29.7343590Z Starting evaluation of codeql/rust-queries/queries/diagnostics/ExtractedFiles.ql.
CodeQL (rust)	Analyze	2026-09-03T08:14:29.7375622Z Starting evaluation of codeql/rust-queries/queries/diagnostics/DataFlowConsistencyCounts.ql.
CodeQL (rust)	Analyze	2026-09-03T08:14:29.7376968Z Starting evaluation of codeql/rust-queries/queries/diagnostics/AstConsistencyCounts.ql.
CodeQL (rust)	Analyze	2026-09-03T08:14:29.7378110Z Starting evaluation of codeql/rust-queries/queries/diagnostics/ExtractionErrors.ql.
CodeQL (rust)	Analyze	2026-09-03T08:14:33.3727035Z Starting evaluation of codeql/rust-queries/queries/diagnostics/ExtractionWarnings.ql.
CodeQL (rust)	Analyze	2026-09-03T08:14:33.3752912Z Starting evaluation of codeql/rust-queries/queries/diagnostics/SsaConsistencyCounts.ql.
CodeQL (rust)	Analyze	2026-09-03T08:14:33.4022955Z Starting evaluation of codeql/rust-queries/queries/diagnostics/TypeInferenceConsistencyCounts.ql.
CodeQL (rust)	Analyze	2026-09-03T08:14:34.5372967Z Starting evaluation of codeql/rust-queries/queries/diagnostics/UnextractedElements.ql.
CodeQL (rust)	Analyze	2026-09-03T08:14:34.5442833Z Starting evaluation of codeql/rust-queries/queries/diagnostics/UnresolvedMacroCalls.ql.
CodeQL (rust)	Analyze	2026-09-03T08:14:34.5502796Z Starting evaluation of codeql/rust-queries/queries/security/CWE-020/RegexInjection.ql.
CodeQL (rust)	Analyze	2026-09-03T08:14:34.6162831Z Starting evaluation of codeql/rust-queries/queries/security/CWE-022/TaintedPath.ql.
CodeQL (rust)	Analyze	2026-09-03T08:14:34.6339764Z Starting evaluation of codeql/rust-queries/queries/security/CWE-079/XSS.ql.
CodeQL (rust)	Analyze	2026-09-03T08:14:34.6499328Z Starting evaluation of codeql/rust-queries/queries/security/CWE-089/SqlInjection.ql.
CodeQL (rust)	Analyze	2026-09-03T08:14:34.6658195Z Starting evaluation of codeql/rust-queries/queries/security/CWE-295/DisabledCertificateCheck.ql.
CodeQL (rust)	Analyze	2026-09-03T08:14:34.6862889Z Starting evaluation of codeql/rust-queries/queries/security/CWE-311/CleartextTransmission.ql.
CodeQL (rust)	Analyze	2026-09-03T08:14:34.7042811Z Starting evaluation of codeql/rust-queries/queries/security/CWE-312/CleartextLogging.ql.
CodeQL (rust)	Analyze	2026-09-03T08:14:34.7109157Z Starting evaluation of codeql/rust-queries/queries/security/CWE-312/CleartextStorageDatabase.ql.
CodeQL (rust)	Analyze	2026-09-03T08:14:34.7273122Z Starting evaluation of codeql/rust-queries/queries/security/CWE-319/UseOfHttp.ql.
CodeQL (rust)	Analyze	2026-09-03T08:14:34.7413137Z Starting evaluation of codeql/rust-queries/queries/security/CWE-327/BrokenCryptoAlgorithm.ql.
CodeQL (rust)	Analyze	2026-09-03T08:14:34.7554804Z Starting evaluation of codeql/rust-queries/queries/security/CWE-327/WeakSensitiveDataHashing.ql.
CodeQL (rust)	Analyze	2026-09-03T08:14:34.7643679Z Starting evaluation of codeql/rust-queries/queries/security/CWE-614/InsecureCookie.ql.
CodeQL (rust)	Analyze	2026-09-03T08:14:34.7936814Z Starting evaluation of codeql/rust-queries/queries/security/CWE-770/UncontrolledAllocationSize.ql.
CodeQL (rust)	Analyze	2026-09-03T08:14:34.8143004Z Starting evaluation of codeql/rust-queries/queries/security/CWE-798/HardcodedCryptographicValue.ql.
CodeQL (rust)	Analyze	2026-09-03T08:14:34.8413277Z [1/36 eval 1.4s] Evaluation done; writing results to codeql/rust-queries/queries/diagnostics/ExtractionWarnings.bqrs.
CodeQL (rust)	Analyze	2026-09-03T08:14:34.8442574Z Starting evaluation of codeql/rust-queries/queries/summary/LinesOfCode.ql.
CodeQL (rust)	Analyze	2026-09-03T08:14:34.8472343Z Starting evaluation of codeql/rust-queries/queries/summary/LinesOfUserCode.ql.
CodeQL (rust)	Analyze	2026-09-03T08:14:34.8492539Z Starting evaluation of codeql/rust-queries/queries/summary/NodesWithTypeAtLengthLimit.ql.
CodeQL (rust)	Analyze	2026-09-03T08:14:34.8522503Z Starting evaluation of codeql/rust-queries/queries/summary/NumberOfFilesExtractedWithErrors.ql.
CodeQL (rust)	Analyze	2026-09-03T08:14:34.8554446Z Starting evaluation of codeql/rust-queries/queries/summary/NumberOfSuccessfullyExtractedFiles.ql.
CodeQL (rust)	Analyze	2026-09-03T08:14:34.8582359Z Starting evaluation of codeql/rust-queries/queries/summary/QuerySinkCounts.ql.
CodeQL (rust)	Analyze	2026-09-03T08:14:34.8612479Z Starting evaluation of codeql/rust-queries/queries/security/CWE-918/RequestForgery.ql.
CodeQL (rust)	Analyze	2026-09-03T08:14:34.8622448Z Starting evaluation of codeql/rust-queries/queries/security/CWE-825/AccessInvalidPointer.ql.
CodeQL (rust)	Analyze	2026-09-03T08:14:34.8644728Z Starting evaluation of codeql/rust-queries/queries/summary/SummaryStats.ql.
CodeQL (rust)	Analyze	2026-09-03T08:14:34.9192804Z Starting evaluation of codeql/rust-queries/queries/summary/SummaryStatsReduced.ql.
CodeQL (rust)	Analyze	2026-09-03T08:14:34.9212692Z Starting evaluation of codeql/rust-queries/queries/telemetry/DatabaseQualityDiagnostics.ql.
CodeQL (rust)	Analyze	2026-09-03T08:14:34.9232435Z Starting evaluation of codeql/rust-queries/queries/telemetry/ExtractorInformation.ql.
CodeQL (rust)	Analyze	2026-09-03T08:14:39.4683045Z [2/36 eval 9.7s] Evaluation done; writing results to codeql/rust-queries/queries/diagnostics/ExtractionErrors.bqrs.
CodeQL (rust)	Analyze	2026-09-03T08:14:39.4712873Z [3/36 eval 4.9s] Evaluation done; writing results to codeql/rust-queries/queries/diagnostics/UnextractedElements.bqrs.
CodeQL (rust)	Analyze	2026-09-03T08:14:41.4955389Z [4/36 eval 11.8s] Evaluation done; writing results to codeql/rust-queries/queries/diagnostics/ExtractedFiles.bqrs.
CodeQL (rust)	Analyze	2026-09-03T08:14:56.1083110Z [5/36 eval 21.3s] Evaluation done; writing results to codeql/rust-queries/queries/summary/NumberOfFilesExtractedWithErrors.bqrs.
CodeQL (rust)	Analyze	2026-09-03T08:14:56.1112895Z [6/36 eval 21.3s] Evaluation done; writing results to codeql/rust-queries/queries/summary/NumberOfSuccessfullyExtractedFiles.bqrs.
CodeQL (rust)	Analyze	2026-09-03T08:15:02.2574357Z [7/36 eval 27.7s] Evaluation done; writing results to codeql/rust-queries/queries/diagnostics/UnresolvedMacroCalls.bqrs.
CodeQL (rust)	Analyze	2026-09-03T08:15:08.3583073Z [8/36 eval 33.5s] Evaluation done; writing results to codeql/rust-queries/queries/summary/LinesOfCode.bqrs.
CodeQL (rust)	Analyze	2026-09-03T08:15:08.3584468Z [9/36 eval 33.5s] Evaluation done; writing results to codeql/rust-queries/queries/summary/LinesOfUserCode.bqrs.
CodeQL (rust)	Analyze	2026-09-03T08:15:26.3183136Z [10/36 eval 56.6s] Evaluation done; writing results to codeql/rust-queries/queries/diagnostics/AstConsistencyCounts.bqrs.
CodeQL (rust)	Analyze	2026-09-03T08:15:32.3939348Z [11/36 eval 1m3s] Evaluation done; writing results to codeql/rust-queries/queries/diagnostics/CfgConsistencyCounts.bqrs.
CodeQL (rust)	Analyze	2026-09-03T08:15:32.4522973Z [12/36 eval 59.1s] Evaluation done; writing results to codeql/rust-queries/queries/diagnostics/SsaConsistencyCounts.bqrs.
CodeQL (rust)	Analyze	2026-09-03T08:15:39.7643068Z [13/36 eval 1m6s] Evaluation done; writing results to codeql/rust-queries/queries/diagnostics/TypeInferenceConsistencyCounts.bqrs.
CodeQL (rust)	Analyze	2026-09-03T08:15:52.2180765Z [14/36 eval 1m17s] Evaluation done; writing results to codeql/rust-queries/queries/summary/NodesWithTypeAtLengthLimit.bqrs.
CodeQL (rust)	Analyze	2026-09-03T08:15:53.1404191Z [15/36 eval 1m18s] Evaluation done; writing results to codeql/rust-queries/queries/security/CWE-311/CleartextTransmission.bqrs.
CodeQL (rust)	Analyze	2026-09-03T08:15:53.1588076Z [16/36 eval 1m18s] Evaluation done; writing results to codeql/rust-queries/queries/security/CWE-312/CleartextStorageDatabase.bqrs.
CodeQL (rust)	Analyze	2026-09-03T08:15:53.7856744Z [17/36 eval 1m24s] Evaluation done; writing results to codeql/rust-queries/queries/diagnostics/DataFlowConsistencyCounts.bqrs.
CodeQL (rust)	Analyze	2026-09-03T08:15:54.2052839Z [18/36 eval 1m20s] Evaluation done; writing results to codeql/rust-queries/queries/security/CWE-079/XSS.bqrs.
CodeQL (rust)	Analyze	2026-09-03T08:15:54.3183178Z [19/36 eval 1m20s] Evaluation done; writing results to codeql/rust-queries/queries/security/CWE-022/TaintedPath.bqrs.
CodeQL (rust)	Analyze	2026-09-03T08:15:54.3212689Z [20/36 eval 1m20s] Evaluation done; writing results to codeql/rust-queries/queries/security/CWE-020/RegexInjection.bqrs.
CodeQL (rust)	Analyze	2026-09-03T08:15:54.4593160Z [21/36 eval 1m20s] Evaluation done; writing results to codeql/rust-queries/queries/security/CWE-089/SqlInjection.bqrs.
CodeQL (rust)	Analyze	2026-09-03T08:15:54.7061386Z [22/36 eval 1m20s] Evaluation done; writing results to codeql/rust-queries/queries/security/CWE-327/BrokenCryptoAlgorithm.bqrs.
CodeQL (rust)	Analyze	2026-09-03T08:15:54.8433674Z [23/36 eval 1m20s] Evaluation done; writing results to codeql/rust-queries/queries/security/CWE-319/UseOfHttp.bqrs.
CodeQL (rust)	Analyze	2026-09-03T08:15:54.8714257Z [24/36 eval 1m20s] Evaluation done; writing results to codeql/rust-queries/queries/security/CWE-614/InsecureCookie.bqrs.
CodeQL (rust)	Analyze	2026-09-03T08:15:54.9653377Z [25/36 eval 1m20s] Evaluation done; writing results to codeql/rust-queries/queries/security/CWE-770/UncontrolledAllocationSize.bqrs.
CodeQL (rust)	Analyze	2026-09-03T08:15:54.9773104Z [26/36 eval 1m20s] Evaluation done; writing results to codeql/rust-queries/queries/security/CWE-295/DisabledCertificateCheck.bqrs.
CodeQL (rust)	Analyze	2026-09-03T08:15:55.1843120Z [27/36 eval 1m20s] Evaluation done; writing results to codeql/rust-queries/queries/security/CWE-798/HardcodedCryptographicValue.bqrs.
CodeQL (rust)	Analyze	2026-09-03T08:15:55.3052972Z [28/36 eval 1m20s] Evaluation done; writing results to codeql/rust-queries/queries/security/CWE-825/AccessInvalidPointer.bqrs.
CodeQL (rust)	Analyze	2026-09-03T08:15:55.3923106Z [29/36 eval 1m21s] Evaluation done; writing results to codeql/rust-queries/queries/security/CWE-918/RequestForgery.bqrs.
CodeQL (rust)	Analyze	2026-09-03T08:15:55.4923055Z [30/36 eval 1m21s] Evaluation done; writing results to codeql/rust-queries/queries/summary/SummaryStatsReduced.bqrs.
CodeQL (rust)	Analyze	2026-09-03T08:15:55.9191880Z [31/36 eval 1m21s] Evaluation done; writing results to codeql/rust-queries/queries/security/CWE-327/WeakSensitiveDataHashing.bqrs.
CodeQL (rust)	Analyze	2026-09-03T08:15:55.9936149Z [32/36 eval 1m21s] Evaluation done; writing results to codeql/rust-queries/queries/telemetry/DatabaseQualityDiagnostics.bqrs.
CodeQL (rust)	Analyze	2026-09-03T08:15:55.9963633Z [33/36 eval 1m21s] Evaluation done; writing results to codeql/rust-queries/queries/summary/QuerySinkCounts.bqrs.
CodeQL (rust)	Analyze	2026-09-03T08:15:56.1142939Z [34/36 eval 1m21s] Evaluation done; writing results to codeql/rust-queries/queries/telemetry/ExtractorInformation.bqrs.
CodeQL (rust)	Analyze	2026-09-03T08:15:56.5919166Z [35/36 eval 1m22s] Evaluation done; writing results to codeql/rust-queries/queries/summary/SummaryStats.bqrs.
CodeQL (rust)	Analyze	2026-09-03T08:15:57.5854878Z [36/36 eval 1m23s] Evaluation done; writing results to codeql/rust-queries/queries/security/CWE-312/CleartextLogging.bqrs.
CodeQL (rust)	Analyze	2026-09-03T08:15:57.5882297Z Shutting down query evaluator.
CodeQL (rust)	Analyze	2026-09-03T08:15:57.7035495Z Interpreting code scanning results for rust
CodeQL (rust)	Analyze	2026-09-03T08:15:58.4047537Z Writing logs to /home/runner/work/_temp/codeql_databases/rust/log/database-interpret-results-20260903.081558.401.log.
CodeQL (rust)	Analyze	2026-09-03T08:15:58.5538464Z Recording pack reference codeql/rust-queries at /opt/hostedtoolcache/CodeQL/2.26.4/x64/codeql/qlpacks/codeql/rust-queries/0.1.41.
CodeQL (rust)	Analyze	2026-09-03T08:15:58.5942982Z Resolving extensions
CodeQL (rust)	Analyze	2026-09-03T08:15:59.3774019Z Interpreting /opt/hostedtoolcache/CodeQL/2.26.4/x64/codeql/qlpacks/codeql/rust-queries/0.1.41/queries/security/CWE-312/CleartextStorageDatabase.ql...
CodeQL (rust)	Analyze	2026-09-03T08:15:59.4005774Z  ... found results file at /home/runner/work/_temp/codeql_databases/rust/results/codeql/rust-queries/queries/security/CWE-312/CleartextStorageDatabase.bqrs.
CodeQL (rust)	Analyze	2026-09-03T08:15:59.4203592Z Interpreting /opt/hostedtoolcache/CodeQL/2.26.4/x64/codeql/qlpacks/codeql/rust-queries/0.1.41/queries/security/CWE-312/CleartextLogging.ql...
CodeQL (rust)	Analyze	2026-09-03T08:15:59.4307046Z  ... found results file at /home/runner/work/_temp/codeql_databases/rust/results/codeql/rust-queries/queries/security/CWE-312/CleartextLogging.bqrs.
CodeQL (rust)	Analyze	2026-09-03T08:15:59.4327635Z Interpreting /opt/hostedtoolcache/CodeQL/2.26.4/x64/codeql/qlpacks/codeql/rust-queries/0.1.41/queries/security/CWE-022/TaintedPath.ql...
CodeQL (rust)	Analyze	2026-09-03T08:15:59.4422668Z  ... found results file at /home/runner/work/_temp/codeql_databases/rust/results/codeql/rust-queries/queries/security/CWE-022/TaintedPath.bqrs.
CodeQL (rust)	Analyze	2026-09-03T08:15:59.4453713Z Interpreting /opt/hostedtoolcache/CodeQL/2.26.4/x64/codeql/qlpacks/codeql/rust-queries/0.1.41/queries/security/CWE-327/BrokenCryptoAlgorithm.ql...
CodeQL (rust)	Analyze	2026-09-03T08:15:59.4535995Z  ... found results file at /home/runner/work/_temp/codeql_databases/rust/results/codeql/rust-queries/queries/security/CWE-327/BrokenCryptoAlgorithm.bqrs.
CodeQL (rust)	Analyze	2026-09-03T08:15:59.4562807Z Interpreting /opt/hostedtoolcache/CodeQL/2.26.4/x64/codeql/qlpacks/codeql/rust-queries/0.1.41/queries/security/CWE-327/WeakSensitiveDataHashing.ql...
CodeQL (rust)	Analyze	2026-09-03T08:15:59.4632857Z  ... found results file at /home/runner/work/_temp/codeql_databases/rust/results/codeql/rust-queries/queries/security/CWE-327/WeakSensitiveDataHashing.bqrs.
CodeQL (rust)	Analyze	2026-09-03T08:15:59.4664231Z Interpreting /opt/hostedtoolcache/CodeQL/2.26.4/x64/codeql/qlpacks/codeql/rust-queries/0.1.41/queries/security/CWE-918/RequestForgery.ql...
CodeQL (rust)	Analyze	2026-09-03T08:15:59.4730812Z  ... found results file at /home/runner/work/_temp/codeql_databases/rust/results/codeql/rust-queries/queries/security/CWE-918/RequestForgery.bqrs.
CodeQL (rust)	Analyze	2026-09-03T08:15:59.4772880Z Interpreting /opt/hostedtoolcache/CodeQL/2.26.4/x64/codeql/qlpacks/codeql/rust-queries/0.1.41/queries/security/CWE-089/SqlInjection.ql...
CodeQL (rust)	Analyze	2026-09-03T08:15:59.4824957Z  ... found results file at /home/runner/work/_temp/codeql_databases/rust/results/codeql/rust-queries/queries/security/CWE-089/SqlInjection.bqrs.
CodeQL (rust)	Analyze	2026-09-03T08:15:59.4830131Z Interpreting /opt/hostedtoolcache/CodeQL/2.26.4/x64/codeql/qlpacks/codeql/rust-queries/0.1.41/queries/security/CWE-770/UncontrolledAllocationSize.ql...
CodeQL (rust)	Analyze	2026-09-03T08:15:59.4912728Z  ... found results file at /home/runner/work/_temp/codeql_databases/rust/results/codeql/rust-queries/queries/security/CWE-770/UncontrolledAllocationSize.bqrs.
CodeQL (rust)	Analyze	2026-09-03T08:15:59.4952506Z Interpreting /opt/hostedtoolcache/CodeQL/2.26.4/x64/codeql/qlpacks/codeql/rust-queries/0.1.41/queries/security/CWE-020/RegexInjection.ql...
CodeQL (rust)	Analyze	2026-09-03T08:15:59.5000298Z  ... found results file at /home/runner/work/_temp/codeql_databases/rust/results/codeql/rust-queries/queries/security/CWE-020/RegexInjection.bqrs.
CodeQL (rust)	Analyze	2026-09-03T08:15:59.5033415Z Interpreting /opt/hostedtoolcache/CodeQL/2.26.4/x64/codeql/qlpacks/codeql/rust-queries/0.1.41/queries/security/CWE-825/AccessInvalidPointer.ql...
CodeQL (rust)	Analyze	2026-09-03T08:15:59.5112736Z  ... found results file at /home/runner/work/_temp/codeql_databases/rust/results/codeql/rust-queries/queries/security/CWE-825/AccessInvalidPointer.bqrs.
CodeQL (rust)	Analyze	2026-09-03T08:15:59.5132853Z Interpreting /opt/hostedtoolcache/CodeQL/2.26.4/x64/codeql/qlpacks/codeql/rust-queries/0.1.41/queries/security/CWE-614/InsecureCookie.ql...
CodeQL (rust)	Analyze	2026-09-03T08:15:59.5172809Z  ... found results file at /home/runner/work/_temp/codeql_databases/rust/results/codeql/rust-queries/queries/security/CWE-614/InsecureCookie.bqrs.
CodeQL (rust)	Analyze	2026-09-03T08:15:59.5180048Z Interpreting /opt/hostedtoolcache/CodeQL/2.26.4/x64/codeql/qlpacks/codeql/rust-queries/0.1.41/queries/security/CWE-311/CleartextTransmission.ql...
CodeQL (rust)	Analyze	2026-09-03T08:15:59.5262928Z  ... found results file at /home/runner/work/_temp/codeql_databases/rust/results/codeql/rust-queries/queries/security/CWE-311/CleartextTransmission.bqrs.
CodeQL (rust)	Analyze	2026-09-03T08:15:59.5283827Z Interpreting /opt/hostedtoolcache/CodeQL/2.26.4/x64/codeql/qlpacks/codeql/rust-queries/0.1.41/queries/security/CWE-798/HardcodedCryptographicValue.ql...
CodeQL (rust)	Analyze	2026-09-03T08:15:59.5334954Z  ... found results file at /home/runner/work/_temp/codeql_databases/rust/results/codeql/rust-queries/queries/security/CWE-798/HardcodedCryptographicValue.bqrs.
CodeQL (rust)	Analyze	2026-09-03T08:15:59.5342444Z Interpreting /opt/hostedtoolcache/CodeQL/2.26.4/x64/codeql/qlpacks/codeql/rust-queries/0.1.41/queries/security/CWE-079/XSS.ql...
CodeQL (rust)	Analyze	2026-09-03T08:15:59.5413106Z  ... found results file at /home/runner/work/_temp/codeql_databases/rust/results/codeql/rust-queries/queries/security/CWE-079/XSS.bqrs.
CodeQL (rust)	Analyze	2026-09-03T08:15:59.5425889Z Interpreting /opt/hostedtoolcache/CodeQL/2.26.4/x64/codeql/qlpacks/codeql/rust-queries/0.1.41/queries/security/CWE-295/DisabledCertificateCheck.ql...
CodeQL (rust)	Analyze	2026-09-03T08:15:59.5482302Z  ... found results file at /home/runner/work/_temp/codeql_databases/rust/results/codeql/rust-queries/queries/security/CWE-295/DisabledCertificateCheck.bqrs.
CodeQL (rust)	Analyze	2026-09-03T08:15:59.5501910Z Interpreting /opt/hostedtoolcache/CodeQL/2.26.4/x64/codeql/qlpacks/codeql/rust-queries/0.1.41/queries/security/CWE-319/UseOfHttp.ql...
CodeQL (rust)	Analyze	2026-09-03T08:15:59.5549828Z  ... found results file at /home/runner/work/_temp/codeql_databases/rust/results/codeql/rust-queries/queries/security/CWE-319/UseOfHttp.bqrs.
CodeQL (rust)	Analyze	2026-09-03T08:15:59.5556913Z Interpreting /opt/hostedtoolcache/CodeQL/2.26.4/x64/codeql/qlpacks/codeql/rust-queries/0.1.41/queries/diagnostics/ExtractionErrors.ql...
CodeQL (rust)	Analyze	2026-09-03T08:15:59.5620366Z  ... found results file at /home/runner/work/_temp/codeql_databases/rust/results/codeql/rust-queries/queries/diagnostics/ExtractionErrors.bqrs.
CodeQL (rust)	Analyze	2026-09-03T08:15:59.5625773Z Interpreting /opt/hostedtoolcache/CodeQL/2.26.4/x64/codeql/qlpacks/codeql/rust-queries/0.1.41/queries/diagnostics/ExtractionWarnings.ql...
CodeQL (rust)	Analyze	2026-09-03T08:15:59.5687668Z  ... found results file at /home/runner/work/_temp/codeql_databases/rust/results/codeql/rust-queries/queries/diagnostics/ExtractionWarnings.bqrs.
CodeQL (rust)	Analyze	2026-09-03T08:15:59.5704407Z Interpreting /opt/hostedtoolcache/CodeQL/2.26.4/x64/codeql/qlpacks/codeql/rust-queries/0.1.41/queries/diagnostics/AstConsistencyCounts.ql...
CodeQL (rust)	Analyze	2026-09-03T08:15:59.5783148Z  ... found results file at /home/runner/work/_temp/codeql_databases/rust/results/codeql/rust-queries/queries/diagnostics/AstConsistencyCounts.bqrs.
CodeQL (rust)	Analyze	2026-09-03T08:15:59.5786718Z Interpreting /opt/hostedtoolcache/CodeQL/2.26.4/x64/codeql/qlpacks/codeql/rust-queries/0.1.41/queries/diagnostics/SsaConsistencyCounts.ql...
CodeQL (rust)	Analyze	2026-09-03T08:15:59.5831071Z  ... found results file at /home/runner/work/_temp/codeql_databases/rust/results/codeql/rust-queries/queries/diagnostics/SsaConsistencyCounts.bqrs.
CodeQL (rust)	Analyze	2026-09-03T08:15:59.5869790Z Interpreting /opt/hostedtoolcache/CodeQL/2.26.4/x64/codeql/qlpacks/codeql/rust-queries/0.1.41/queries/diagnostics/ExtractedFiles.ql...
CodeQL (rust)	Analyze	2026-09-03T08:15:59.5899385Z  ... found results file at /home/runner/work/_temp/codeql_databases/rust/results/codeql/rust-queries/queries/diagnostics/ExtractedFiles.bqrs.
CodeQL (rust)	Analyze	2026-09-03T08:15:59.5943024Z Interpreting /opt/hostedtoolcache/CodeQL/2.26.4/x64/codeql/qlpacks/codeql/rust-queries/0.1.41/queries/diagnostics/UnresolvedMacroCalls.ql...
CodeQL (rust)	Analyze	2026-09-03T08:15:59.5968083Z  ... found results file at /home/runner/work/_temp/codeql_databases/rust/results/codeql/rust-queries/queries/diagnostics/UnresolvedMacroCalls.bqrs.
CodeQL (rust)	Analyze	2026-09-03T08:15:59.5982967Z Interpreting /opt/hostedtoolcache/CodeQL/2.26.4/x64/codeql/qlpacks/codeql/rust-queries/0.1.41/queries/diagnostics/DataFlowConsistencyCounts.ql...
CodeQL (rust)	Analyze	2026-09-03T08:15:59.6034771Z  ... found results file at /home/runner/work/_temp/codeql_databases/rust/results/codeql/rust-queries/queries/diagnostics/DataFlowConsistencyCounts.bqrs.
CodeQL (rust)	Analyze	2026-09-03T08:15:59.6039101Z Interpreting /opt/hostedtoolcache/CodeQL/2.26.4/x64/codeql/qlpacks/codeql/rust-queries/0.1.41/queries/diagnostics/CfgConsistencyCounts.ql...
CodeQL (rust)	Analyze	2026-09-03T08:15:59.6094844Z  ... found results file at /home/runner/work/_temp/codeql_databases/rust/results/codeql/rust-queries/queries/diagnostics/CfgConsistencyCounts.bqrs.
CodeQL (rust)	Analyze	2026-09-03T08:15:59.6110298Z Interpreting /opt/hostedtoolcache/CodeQL/2.26.4/x64/codeql/qlpacks/codeql/rust-queries/0.1.41/queries/diagnostics/UnextractedElements.ql...
CodeQL (rust)	Analyze	2026-09-03T08:15:59.6159603Z  ... found results file at /home/runner/work/_temp/codeql_databases/rust/results/codeql/rust-queries/queries/diagnostics/UnextractedElements.bqrs.
CodeQL (rust)	Analyze	2026-09-03T08:15:59.6168451Z Interpreting /opt/hostedtoolcache/CodeQL/2.26.4/x64/codeql/qlpacks/codeql/rust-queries/0.1.41/queries/diagnostics/TypeInferenceConsistencyCounts.ql...
CodeQL (rust)	Analyze	2026-09-03T08:15:59.6225930Z  ... found results file at /home/runner/work/_temp/codeql_databases/rust/results/codeql/rust-queries/queries/diagnostics/TypeInferenceConsistencyCounts.bqrs.
CodeQL (rust)	Analyze	2026-09-03T08:15:59.6259418Z Interpreting /opt/hostedtoolcache/CodeQL/2.26.4/x64/codeql/qlpacks/codeql/rust-queries/0.1.41/queries/telemetry/DatabaseQualityDiagnostics.ql...
CodeQL (rust)	Analyze	2026-09-03T08:15:59.6299082Z  ... found results file at /home/runner/work/_temp/codeql_databases/rust/results/codeql/rust-queries/queries/telemetry/DatabaseQualityDiagnostics.bqrs.
CodeQL (rust)	Analyze	2026-09-03T08:15:59.6303241Z Interpreting /opt/hostedtoolcache/CodeQL/2.26.4/x64/codeql/qlpacks/codeql/rust-queries/0.1.41/queries/telemetry/ExtractorInformation.ql...
CodeQL (rust)	Analyze	2026-09-03T08:15:59.6372951Z  ... found results file at /home/runner/work/_temp/codeql_databases/rust/results/codeql/rust-queries/queries/telemetry/ExtractorInformation.bqrs.
CodeQL (rust)	Analyze	2026-09-03T08:15:59.6398645Z Interpreting /opt/hostedtoolcache/CodeQL/2.26.4/x64/codeql/qlpacks/codeql/rust-queries/0.1.41/queries/summary/LinesOfUserCode.ql...
CodeQL (rust)	Analyze	2026-09-03T08:15:59.6419786Z  ... found results file at /home/runner/work/_temp/codeql_databases/rust/results/codeql/rust-queries/queries/summary/LinesOfUserCode.bqrs.
CodeQL (rust)	Analyze	2026-09-03T08:15:59.6444001Z Interpreting /opt/hostedtoolcache/CodeQL/2.26.4/x64/codeql/qlpacks/codeql/rust-queries/0.1.41/queries/summary/NumberOfSuccessfullyExtractedFiles.ql...
CodeQL (rust)	Analyze	2026-09-03T08:15:59.6487522Z  ... found results file at /home/runner/work/_temp/codeql_databases/rust/results/codeql/rust-queries/queries/summary/NumberOfSuccessfullyExtractedFiles.bqrs.
CodeQL (rust)	Analyze	2026-09-03T08:15:59.6494325Z Interpreting /opt/hostedtoolcache/CodeQL/2.26.4/x64/codeql/qlpacks/codeql/rust-queries/0.1.41/queries/summary/LinesOfCode.ql...
CodeQL (rust)	Analyze	2026-09-03T08:15:59.6547598Z  ... found results file at /home/runner/work/_temp/codeql_databases/rust/results/codeql/rust-queries/queries/summary/LinesOfCode.bqrs.
CodeQL (rust)	Analyze	2026-09-03T08:15:59.6554357Z Interpreting /opt/hostedtoolcache/CodeQL/2.26.4/x64/codeql/qlpacks/codeql/rust-queries/0.1.41/queries/summary/SummaryStatsReduced.ql...
CodeQL (rust)	Analyze	2026-09-03T08:15:59.6642214Z  ... found results file at /home/runner/work/_temp/codeql_databases/rust/results/codeql/rust-queries/queries/summary/SummaryStatsReduced.bqrs.
CodeQL (rust)	Analyze	2026-09-03T08:15:59.6645394Z Interpreting /opt/hostedtoolcache/CodeQL/2.26.4/x64/codeql/qlpacks/codeql/rust-queries/0.1.41/queries/summary/QuerySinkCounts.ql...
CodeQL (rust)	Analyze	2026-09-03T08:15:59.6703815Z  ... found results file at /home/runner/work/_temp/codeql_databases/rust/results/codeql/rust-queries/queries/summary/QuerySinkCounts.bqrs.
CodeQL (rust)	Analyze	2026-09-03T08:15:59.6751854Z Interpreting /opt/hostedtoolcache/CodeQL/2.26.4/x64/codeql/qlpacks/codeql/rust-queries/0.1.41/queries/summary/NodesWithTypeAtLengthLimit.ql...
CodeQL (rust)	Analyze	2026-09-03T08:15:59.6777975Z  ... found results file at /home/runner/work/_temp/codeql_databases/rust/results/codeql/rust-queries/queries/summary/NodesWithTypeAtLengthLimit.bqrs.
CodeQL (rust)	Analyze	2026-09-03T08:15:59.6803165Z Interpreting /opt/hostedtoolcache/CodeQL/2.26.4/x64/codeql/qlpacks/codeql/rust-queries/0.1.41/queries/summary/SummaryStats.ql...
CodeQL (rust)	Analyze	2026-09-03T08:15:59.6826100Z  ... found results file at /home/runner/work/_temp/codeql_databases/rust/results/codeql/rust-queries/queries/summary/SummaryStats.bqrs.
CodeQL (rust)	Analyze	2026-09-03T08:15:59.6830195Z Interpreting /opt/hostedtoolcache/CodeQL/2.26.4/x64/codeql/qlpacks/codeql/rust-queries/0.1.41/queries/summary/NumberOfFilesExtractedWithErrors.ql...
CodeQL (rust)	Analyze	2026-09-03T08:15:59.6884727Z  ... found results file at /home/runner/work/_temp/codeql_databases/rust/results/codeql/rust-queries/queries/summary/NumberOfFilesExtractedWithErrors.bqrs.
CodeQL (rust)	Analyze	2026-09-03T08:15:59.7337348Z Interpreted pathproblem query "Cleartext storage of sensitive information in a database" (rust/cleartext-storage-database) at path /home/runner/work/_temp/codeql_databases/rust/results/codeql/rust-queries/queries/security/CWE-312/CleartextStorageDatabase.bqrs.
CodeQL (rust)	Analyze	2026-09-03T08:15:59.7354721Z Interpreted pathproblem query "Cleartext logging of sensitive information" (rust/cleartext-logging) at path /home/runner/work/_temp/codeql_databases/rust/results/codeql/rust-queries/queries/security/CWE-312/CleartextLogging.bqrs.
CodeQL (rust)	Analyze	2026-09-03T08:15:59.7372011Z Interpreted pathproblem query "Uncontrolled data used in path expression" (rust/path-injection) at path /home/runner/work/_temp/codeql_databases/rust/results/codeql/rust-queries/queries/security/CWE-022/TaintedPath.bqrs.
CodeQL (rust)	Analyze	2026-09-03T08:15:59.7374839Z Interpreted problem query "Use of a broken or weak cryptographic algorithm" (rust/weak-cryptographic-algorithm) at path /home/runner/work/_temp/codeql_databases/rust/results/codeql/rust-queries/queries/security/CWE-327/BrokenCryptoAlgorithm.bqrs.
CodeQL (rust)	Analyze	2026-09-03T08:15:59.7377691Z Interpreted pathproblem query "Use of a broken or weak cryptographic hashing algorithm on sensitive data" (rust/weak-sensitive-data-hashing) at path /home/runner/work/_temp/codeql_databases/rust/results/codeql/rust-queries/queries/security/CWE-327/WeakSensitiveDataHashing.bqrs.
CodeQL (rust)	Analyze	2026-09-03T08:15:59.7380466Z Interpreted pathproblem query "Server-side request forgery" (rust/request-forgery) at path /home/runner/work/_temp/codeql_databases/rust/results/codeql/rust-queries/queries/security/CWE-918/RequestForgery.bqrs.
CodeQL (rust)	Analyze	2026-09-03T08:15:59.7391499Z Interpreted pathproblem query "Database query built from user-controlled sources" (rust/sql-injection) at path /home/runner/work/_temp/codeql_databases/rust/results/codeql/rust-queries/queries/security/CWE-089/SqlInjection.bqrs.
CodeQL (rust)	Analyze	2026-09-03T08:15:59.7405486Z Interpreted pathproblem query "Uncontrolled allocation size" (rust/uncontrolled-allocation-size) at path /home/runner/work/_temp/codeql_databases/rust/results/codeql/rust-queries/queries/security/CWE-770/UncontrolledAllocationSize.bqrs.
CodeQL (rust)	Analyze	2026-09-03T08:15:59.7423378Z Interpreted pathproblem query "Regular expression injection" (rust/regex-injection) at path /home/runner/work/_temp/codeql_databases/rust/results/codeql/rust-queries/queries/security/CWE-020/RegexInjection.bqrs.
CodeQL (rust)	Analyze	2026-09-03T08:15:59.7426474Z Interpreted pathproblem query "Access of invalid pointer" (rust/access-invalid-pointer) at path /home/runner/work/_temp/codeql_databases/rust/results/codeql/rust-queries/queries/security/CWE-825/AccessInvalidPointer.bqrs.
CodeQL (rust)	Analyze	2026-09-03T08:15:59.7452207Z Interpreted pathproblem query "'Secure' attribute is not set to true" (rust/insecure-cookie) at path /home/runner/work/_temp/codeql_databases/rust/results/codeql/rust-queries/queries/security/CWE-614/InsecureCookie.bqrs.
CodeQL (rust)	Analyze	2026-09-03T08:15:59.7455291Z Interpreted pathproblem query "Cleartext transmission of sensitive information" (rust/cleartext-transmission) at path /home/runner/work/_temp/codeql_databases/rust/results/codeql/rust-queries/queries/security/CWE-311/CleartextTransmission.bqrs.
CodeQL (rust)	Analyze	2026-09-03T08:15:59.7459799Z Interpreted pathproblem query "Hard-coded cryptographic value" (rust/hard-coded-cryptographic-value) at path /home/runner/work/_temp/codeql_databases/rust/results/codeql/rust-queries/queries/security/CWE-798/HardcodedCryptographicValue.bqrs.
CodeQL (rust)	Analyze	2026-09-03T08:15:59.7466305Z Interpreted pathproblem query "Cross-site scripting" (rust/xss) at path /home/runner/work/_temp/codeql_databases/rust/results/codeql/rust-queries/queries/security/CWE-079/XSS.bqrs.
CodeQL (rust)	Analyze	2026-09-03T08:15:59.7468988Z Interpreted pathproblem query "Disabled TLS certificate check" (rust/disabled-certificate-check) at path /home/runner/work/_temp/codeql_databases/rust/results/codeql/rust-queries/queries/security/CWE-295/DisabledCertificateCheck.bqrs.
CodeQL (rust)	Analyze	2026-09-03T08:15:59.7471884Z Interpreted pathproblem query "Failure to use HTTPS URLs" (rust/non-https-url) at path /home/runner/work/_temp/codeql_databases/rust/results/codeql/rust-queries/queries/security/CWE-319/UseOfHttp.bqrs.
CodeQL (rust)	Analyze	2026-09-03T08:15:59.7474399Z Interpreted diagnostic query "Extraction errors" (rust/diagnostics/extraction-errors) at path /home/runner/work/_temp/codeql_databases/rust/results/codeql/rust-queries/queries/diagnostics/ExtractionErrors.bqrs.
CodeQL (rust)	Analyze	2026-09-03T08:15:59.7477337Z Interpreted diagnostic query "Extraction warnings" (rust/diagnostics/extraction-warnings) at path /home/runner/work/_temp/codeql_databases/rust/results/codeql/rust-queries/queries/diagnostics/ExtractionWarnings.bqrs.
CodeQL (rust)	Analyze	2026-09-03T08:15:59.7485215Z Interpreted diagnostic query "Abstract syntax tree inconsistency counts" (rust/diagnostics/ast-consistency-counts) at path /home/runner/work/_temp/codeql_databases/rust/results/codeql/rust-queries/queries/diagnostics/AstConsistencyCounts.bqrs.
CodeQL (rust)	Analyze	2026-09-03T08:15:59.7488360Z Interpreted diagnostic query "Static single assignment inconsistency counts" (rust/diagnostics/ssa-consistency-counts) at path /home/runner/work/_temp/codeql_databases/rust/results/codeql/rust-queries/queries/diagnostics/SsaConsistencyCounts.bqrs.
CodeQL (rust)	Analyze	2026-09-03T08:15:59.7505216Z Interpreted diagnostic query "Extracted files" (rust/diagnostics/successfully-extracted-files) at path /home/runner/work/_temp/codeql_databases/rust/results/codeql/rust-queries/queries/diagnostics/ExtractedFiles.bqrs.
CodeQL (rust)	Analyze	2026-09-03T08:15:59.7508048Z Interpreted diagnostic query "Unresolved Macro Calls" (rust/diagnostics/unresolved-macro-calls) at path /home/runner/work/_temp/codeql_databases/rust/results/codeql/rust-queries/queries/diagnostics/UnresolvedMacroCalls.bqrs.
CodeQL (rust)	Analyze	2026-09-03T08:15:59.7511454Z Interpreted diagnostic query "Data flow inconsistency counts" (rust/diagnostics/data-flow-consistency-counts) at path /home/runner/work/_temp/codeql_databases/rust/results/codeql/rust-queries/queries/diagnostics/DataFlowConsistencyCounts.bqrs.
CodeQL (rust)	Analyze	2026-09-03T08:15:59.7514787Z Interpreted diagnostic query "Control flow graph inconsistency counts" (rust/diagnostics/cfg-consistency-counts) at path /home/runner/work/_temp/codeql_databases/rust/results/codeql/rust-queries/queries/diagnostics/CfgConsistencyCounts.bqrs.
CodeQL (rust)	Analyze	2026-09-03T08:15:59.7517951Z Interpreted diagnostic query "Unextracted Elements" (rust/diagnostics/unextracted-elements) at path /home/runner/work/_temp/codeql_databases/rust/results/codeql/rust-queries/queries/diagnostics/UnextractedElements.bqrs.
CodeQL (rust)	Analyze	2026-09-03T08:15:59.7520864Z Interpreted diagnostic query "Type inference inconsistency counts" (rust/diagnostics/type-inference-consistency-counts) at path /home/runner/work/_temp/codeql_databases/rust/results/codeql/rust-queries/queries/diagnostics/TypeInferenceConsistencyCounts.bqrs.
CodeQL (rust)	Analyze	2026-09-03T08:15:59.7524186Z Interpreted diagnostic query "Low Rust analysis quality" (rust/diagnostic/database-quality) at path /home/runner/work/_temp/codeql_databases/rust/results/codeql/rust-queries/queries/telemetry/DatabaseQualityDiagnostics.bqrs.
CodeQL (rust)	Analyze	2026-09-03T08:15:59.7528060Z Interpreted metric query "Rust extraction information" (rust/telemetry/extraction-information) at path /home/runner/work/_temp/codeql_databases/rust/results/codeql/rust-queries/queries/telemetry/ExtractorInformation.bqrs.
CodeQL (rust)	Analyze	2026-09-03T08:15:59.7531347Z Interpreted metric query "Total lines of user written Rust code in the database" (rust/summary/lines-of-user-code) at path /home/runner/work/_temp/codeql_databases/rust/results/codeql/rust-queries/queries/summary/LinesOfUserCode.bqrs.
CodeQL (rust)	Analyze	2026-09-03T08:15:59.7534758Z Interpreted metric query "Total number of Rust files that were extracted without error" (rust/summary/number-of-successfully-extracted-files) at path /home/runner/work/_temp/codeql_databases/rust/results/codeql/rust-queries/queries/summary/NumberOfSuccessfullyExtractedFiles.bqrs.
CodeQL (rust)	Analyze	2026-09-03T08:15:59.7537844Z Interpreted metric query "Total lines of Rust code in the database" (rust/summary/lines-of-code) at path /home/runner/work/_temp/codeql_databases/rust/results/codeql/rust-queries/queries/summary/LinesOfCode.bqrs.
CodeQL (rust)	Analyze	2026-09-03T08:15:59.7540535Z Interpreted metric query "Summary Statistics Reduced" (rust/summary/reduced-summary-statistics) at path /home/runner/work/_temp/codeql_databases/rust/results/codeql/rust-queries/queries/summary/SummaryStatsReduced.bqrs.
CodeQL (rust)	Analyze	2026-09-03T08:15:59.7543454Z Interpreted metric query "Query Sink Counts" (rust/summary/query-sink-counts) at path /home/runner/work/_temp/codeql_databases/rust/results/codeql/rust-queries/queries/summary/QuerySinkCounts.bqrs.
CodeQL (rust)	Analyze	2026-09-03T08:15:59.7546586Z Interpreted metric query "Nodes With Type At Length Limit" (rust/summary/nodes-at-type-path-length-limit) at path /home/runner/work/_temp/codeql_databases/rust/results/codeql/rust-queries/queries/summary/NodesWithTypeAtLengthLimit.bqrs.
CodeQL (rust)	Analyze	2026-09-03T08:15:59.7549267Z Interpreted metric query "Summary Statistics" (rust/summary/summary-statistics) at path /home/runner/work/_temp/codeql_databases/rust/results/codeql/rust-queries/queries/summary/SummaryStats.bqrs.
CodeQL (rust)	Analyze	2026-09-03T08:15:59.7552373Z Interpreted metric query "Total number of Rust files that were extracted with errors" (rust/summary/number-of-files-extracted-with-errors) at path /home/runner/work/_temp/codeql_databases/rust/results/codeql/rust-queries/queries/summary/NumberOfFilesExtractedWithErrors.bqrs.
CodeQL (rust)	Analyze	2026-09-03T08:15:59.7581088Z Reading source archive /home/runner/work/_temp/codeql_databases/rust/src.zip
CodeQL (rust)	Analyze	2026-09-03T08:16:00.0296797Z Interpreting diagnostic messages...
CodeQL (rust)	Analyze	2026-09-03T08:16:00.0564465Z Found 2 raw diagnostic messages.
CodeQL (rust)	Analyze	2026-09-03T08:16:00.0646558Z Processed diagnostic messages (removed 0 due to limits, created 0 summary diagnostics for status page).
CodeQL (rust)	Analyze	2026-09-03T08:16:00.0666791Z Interpreted diagnostic messages (35ms).
CodeQL (rust)	Analyze	2026-09-03T08:16:00.2421923Z Exporting results to SARIF...
CodeQL (rust)	Analyze	2026-09-03T08:16:00.4831431Z Exported results to SARIF (240ms).
CodeQL (rust)	Analyze	2026-09-03T08:16:00.5164492Z ##[endgroup]
CodeQL (rust)	Analyze	2026-09-03T08:16:00.5164920Z Analysis produced the following metric data:
CodeQL (rust)	Analyze	2026-09-03T08:16:00.5165236Z 
CodeQL (rust)	Analyze	2026-09-03T08:16:00.5165422Z |                            Metric                            | Value |
CodeQL (rust)	Analyze	2026-09-03T08:16:00.5165975Z +--------------------------------------------------------------+-------+
CodeQL (rust)	Analyze	2026-09-03T08:16:00.5166607Z | Total number of Rust files that were extracted without error |    65 |
CodeQL (rust)	Analyze	2026-09-03T08:16:00.5167607Z | Total number of Rust files that were extracted with errors   |     3 |
CodeQL (rust)	Analyze	2026-09-03T08:16:00.5168047Z 
CodeQL (rust)	Analyze	2026-09-03T08:16:00.5168055Z 
CodeQL (rust)	Analyze	2026-09-03T08:16:00.5168658Z To speed up pull request analysis, file coverage information is only enabled when analyzing the default branch and protected branches.
CodeQL (rust)	Analyze	2026-09-03T08:16:00.5176791Z Post-processing sarif files: ["/home/runner/work/start/results/rust.sarif"]
CodeQL (rust)	Analyze	2026-09-03T08:16:00.5214453Z Adding fingerprints to SARIF file. See https://docs.github.com/en/code-security/reference/code-scanning/sarif-support-for-code-scanning#data-for-preventing-duplicated-alerts for more information.
CodeQL (rust)	Analyze	2026-09-03T08:16:00.5588446Z ##[group]Uploading code scanning results
CodeQL (rust)	Analyze	2026-09-03T08:16:00.5793027Z Uploading results
CodeQL (rust)	Analyze	2026-09-03T08:16:00.9984398Z Successfully uploaded results
CodeQL (rust)	Analyze	2026-09-03T08:16:00.9985019Z ##[endgroup]
CodeQL (rust)	Analyze	2026-09-03T08:16:01.0097377Z ##[group]Waiting for processing to finish
CodeQL (rust)	Analyze	2026-09-03T08:16:06.1700966Z Analysis upload status is complete.
CodeQL (rust)	Analyze	2026-09-03T08:16:06.1702013Z ##[endgroup]
CodeQL (rust)	Post Analyze	﻿2026-09-03T08:16:06.3271984Z Post job cleanup.
CodeQL (rust)	Post Initialize CodeQL	﻿2026-09-03T08:16:06.5993303Z Post job cleanup.
CodeQL (rust)	Post Initialize CodeQL	2026-09-03T08:16:06.8637439Z CodeQL job status was success.
CodeQL (rust)	Post Initialize CodeQL	2026-09-03T08:16:06.8701189Z Sending status report for init-post step.
CodeQL (rust)	Post Initialize CodeQL	2026-09-03T08:16:07.1037803Z Status report sent for init-post step.
CodeQL (rust)	Post Run actions/checkout@v6	﻿2026-09-03T08:16:07.1497539Z Post job cleanup.
CodeQL (rust)	Post Run actions/checkout@v6	2026-09-03T08:16:07.2392644Z [command]/usr/bin/git version
CodeQL (rust)	Post Run actions/checkout@v6	2026-09-03T08:16:07.2442710Z git version 2.55.0
CodeQL (rust)	Post Run actions/checkout@v6	2026-09-03T08:16:07.2489067Z Temporarily overriding HOME='/home/runner/work/_temp/cdb8854d-fda5-44ad-87f6-64686fd13c55' before making global git config changes
CodeQL (rust)	Post Run actions/checkout@v6	2026-09-03T08:16:07.2490639Z Adding repository directory to the temporary git global config as a safe directory
CodeQL (rust)	Post Run actions/checkout@v6	2026-09-03T08:16:07.2496419Z [command]/usr/bin/git config --global --add safe.directory /home/runner/work/start/start
CodeQL (rust)	Post Run actions/checkout@v6	2026-09-03T08:16:07.2533397Z Removing SSH command configuration
CodeQL (rust)	Post Run actions/checkout@v6	2026-09-03T08:16:07.2540920Z [command]/usr/bin/git config --local --name-only --get-regexp core\.sshCommand
CodeQL (rust)	Post Run actions/checkout@v6	2026-09-03T08:16:07.2582907Z [command]/usr/bin/git submodule foreach --recursive sh -c "git config --local --name-only --get-regexp 'core\.sshCommand' && git config --local --unset-all 'core.sshCommand' || :"
CodeQL (rust)	Post Run actions/checkout@v6	2026-09-03T08:16:07.2851321Z Removing HTTP extra header
CodeQL (rust)	Post Run actions/checkout@v6	2026-09-03T08:16:07.2858948Z [command]/usr/bin/git config --local --name-only --get-regexp http\.https\:\/\/github\.com\/\.extraheader
CodeQL (rust)	Post Run actions/checkout@v6	2026-09-03T08:16:07.2906677Z [command]/usr/bin/git submodule foreach --recursive sh -c "git config --local --name-only --get-regexp 'http\.https\:\/\/github\.com\/\.extraheader' && git config --local --unset-all 'http.https://github.com/.extraheader' || :"
CodeQL (rust)	Post Run actions/checkout@v6	2026-09-03T08:16:07.3176017Z Removing includeIf entries pointing to credentials config files
CodeQL (rust)	Post Run actions/checkout@v6	2026-09-03T08:16:07.3188758Z [command]/usr/bin/git config --local --name-only --get-regexp ^includeIf\.gitdir:
CodeQL (rust)	Post Run actions/checkout@v6	2026-09-03T08:16:07.3223607Z includeif.gitdir:/home/runner/work/start/start/.git.path
CodeQL (rust)	Post Run actions/checkout@v6	2026-09-03T08:16:07.3224567Z includeif.gitdir:/home/runner/work/start/start/.git/worktrees/*.path
CodeQL (rust)	Post Run actions/checkout@v6	2026-09-03T08:16:07.3225354Z includeif.gitdir:/github/workspace/.git.path
CodeQL (rust)	Post Run actions/checkout@v6	2026-09-03T08:16:07.3225913Z includeif.gitdir:/github/workspace/.git/worktrees/*.path
CodeQL (rust)	Post Run actions/checkout@v6	2026-09-03T08:16:07.3237371Z [command]/usr/bin/git config --local --get-all includeif.gitdir:/home/runner/work/start/start/.git.path
CodeQL (rust)	Post Run actions/checkout@v6	2026-09-03T08:16:07.3271869Z /home/runner/work/_temp/git-credentials-51226a5a-f3d3-45d5-9f1a-0274a129c6b8.config
CodeQL (rust)	Post Run actions/checkout@v6	2026-09-03T08:16:07.3286162Z [command]/usr/bin/git config --local --unset includeif.gitdir:/home/runner/work/start/start/.git.path /home/runner/work/_temp/git-credentials-51226a5a-f3d3-45d5-9f1a-0274a129c6b8.config
CodeQL (rust)	Post Run actions/checkout@v6	2026-09-03T08:16:07.3332252Z [command]/usr/bin/git config --local --get-all includeif.gitdir:/home/runner/work/start/start/.git/worktrees/*.path
CodeQL (rust)	Post Run actions/checkout@v6	2026-09-03T08:16:07.3363435Z /home/runner/work/_temp/git-credentials-51226a5a-f3d3-45d5-9f1a-0274a129c6b8.config
CodeQL (rust)	Post Run actions/checkout@v6	2026-09-03T08:16:07.3378164Z [command]/usr/bin/git config --local --unset includeif.gitdir:/home/runner/work/start/start/.git/worktrees/*.path /home/runner/work/_temp/git-credentials-51226a5a-f3d3-45d5-9f1a-0274a129c6b8.config
CodeQL (rust)	Post Run actions/checkout@v6	2026-09-03T08:16:07.3421234Z [command]/usr/bin/git config --local --get-all includeif.gitdir:/github/workspace/.git.path
CodeQL (rust)	Post Run actions/checkout@v6	2026-09-03T08:16:07.3450405Z /github/runner_temp/git-credentials-51226a5a-f3d3-45d5-9f1a-0274a129c6b8.config
CodeQL (rust)	Post Run actions/checkout@v6	2026-09-03T08:16:07.3472835Z [command]/usr/bin/git config --local --unset includeif.gitdir:/github/workspace/.git.path /github/runner_temp/git-credentials-51226a5a-f3d3-45d5-9f1a-0274a129c6b8.config
CodeQL (rust)	Post Run actions/checkout@v6	2026-09-03T08:16:07.3504681Z [command]/usr/bin/git config --local --get-all includeif.gitdir:/github/workspace/.git/worktrees/*.path
CodeQL (rust)	Post Run actions/checkout@v6	2026-09-03T08:16:07.3543555Z /github/runner_temp/git-credentials-51226a5a-f3d3-45d5-9f1a-0274a129c6b8.config
CodeQL (rust)	Post Run actions/checkout@v6	2026-09-03T08:16:07.3592171Z [command]/usr/bin/git config --local --unset includeif.gitdir:/github/workspace/.git/worktrees/*.path /github/runner_temp/git-credentials-51226a5a-f3d3-45d5-9f1a-0274a129c6b8.config
CodeQL (rust)	Post Run actions/checkout@v6	2026-09-03T08:16:07.3637253Z [command]/usr/bin/git submodule foreach --recursive git config --local --show-origin --name-only --get-regexp remote.origin.url
CodeQL (rust)	Post Run actions/checkout@v6	2026-09-03T08:16:07.3896132Z Removing credentials config '/home/runner/work/_temp/git-credentials-51226a5a-f3d3-45d5-9f1a-0274a129c6b8.config'
CodeQL (rust)	Complete job	﻿2026-09-03T08:16:07.4046201Z Cleaning up orphan processes
CodeQL (actions)	Set up job	﻿2026-09-03T08:12:46.4957890Z Current runner version: '2.337.0'
CodeQL (actions)	Set up job	2026-09-03T08:12:46.4981675Z ##[group]Runner Image Provisioner
CodeQL (actions)	Set up job	2026-09-03T08:12:46.4982723Z Hosted Compute Agent
CodeQL (actions)	Set up job	2026-09-03T08:12:46.4983303Z Version: 20260828.587
CodeQL (actions)	Set up job	2026-09-03T08:12:46.4983933Z Commit: abac92662cab4cc7352de4f9f9d2e2419aad9c29
CodeQL (actions)	Set up job	2026-09-03T08:12:46.4984653Z Build Date: 2026-08-28T16:44:25Z
CodeQL (actions)	Set up job	2026-09-03T08:12:46.4985326Z Worker ID: {d032981c-5e6c-4a19-bf10-50f757bde7e3}
CodeQL (actions)	Set up job	2026-09-03T08:12:46.4986175Z Azure Region: westus3
CodeQL (actions)	Set up job	2026-09-03T08:12:46.4986762Z ##[endgroup]
CodeQL (actions)	Set up job	2026-09-03T08:12:46.4988047Z ##[group]Operating System
CodeQL (actions)	Set up job	2026-09-03T08:12:46.4988838Z Ubuntu
CodeQL (actions)	Set up job	2026-09-03T08:12:46.4989393Z 24.04.4
CodeQL (actions)	Set up job	2026-09-03T08:12:46.4989943Z LTS
CodeQL (actions)	Set up job	2026-09-03T08:12:46.4990446Z ##[endgroup]
CodeQL (actions)	Set up job	2026-09-03T08:12:46.4990975Z ##[group]Runner Image
CodeQL (actions)	Set up job	2026-09-03T08:12:46.4991642Z Image: ubuntu-24.04
CodeQL (actions)	Set up job	2026-09-03T08:12:46.4992203Z Version: 20260831.293.1
CodeQL (actions)	Set up job	2026-09-03T08:12:46.4993287Z Included Software: https://github.com/actions/runner-images/blob/ubuntu24/20260831.293/images/ubuntu/Ubuntu2404-Readme.md
CodeQL (actions)	Set up job	2026-09-03T08:12:46.4994884Z Image Release: https://github.com/actions/runner-images/releases/tag/ubuntu24%2F20260831.293
CodeQL (actions)	Set up job	2026-09-03T08:12:46.4995909Z ##[endgroup]
CodeQL (actions)	Set up job	2026-09-03T08:12:46.4997151Z ##[group]GITHUB_TOKEN Permissions
CodeQL (actions)	Set up job	2026-09-03T08:12:46.4999373Z Actions: read
CodeQL (actions)	Set up job	2026-09-03T08:12:46.4999955Z Contents: read
CodeQL (actions)	Set up job	2026-09-03T08:12:46.5000533Z Metadata: read
CodeQL (actions)	Set up job	2026-09-03T08:12:46.5001083Z SecurityEvents: write
CodeQL (actions)	Set up job	2026-09-03T08:12:46.5001638Z ##[endgroup]
CodeQL (actions)	Set up job	2026-09-03T08:12:46.5003617Z Secret source: Actions
CodeQL (actions)	Set up job	2026-09-03T08:12:46.5004612Z Prepare workflow directory
CodeQL (actions)	Set up job	2026-09-03T08:12:46.5370674Z Prepare all required actions
CodeQL (actions)	Set up job	2026-09-03T08:12:46.5421876Z Getting action download info
CodeQL (actions)	Set up job	2026-09-03T08:12:46.8764778Z Download action repository 'actions/checkout@v6' (SHA:d23441a48e516b6c34aea4fa41551a30e30af803)
CodeQL (actions)	Set up job	2026-09-03T08:12:47.0854312Z Download action repository 'github/codeql-action@v4' (SHA:cdf488f595d80d6e07e03d4674febd5ab45fa938)
CodeQL (actions)	Set up job	2026-09-03T08:12:47.5859476Z Complete job name: CodeQL (actions)
CodeQL (actions)	Run actions/checkout@v6	﻿2026-09-03T08:12:47.6616789Z ##[group]Run actions/checkout@v6
CodeQL (actions)	Run actions/checkout@v6	2026-09-03T08:12:47.6618094Z with:
CodeQL (actions)	Run actions/checkout@v6	2026-09-03T08:12:47.6618996Z   repository: link-foundation/start
CodeQL (actions)	Run actions/checkout@v6	2026-09-03T08:12:47.6623542Z   token: ***
CodeQL (actions)	Run actions/checkout@v6	2026-09-03T08:12:47.6624135Z   ssh-strict: true
CodeQL (actions)	Run actions/checkout@v6	2026-09-03T08:12:47.6624715Z   ssh-user: git
CodeQL (actions)	Run actions/checkout@v6	2026-09-03T08:12:47.6625290Z   persist-credentials: true
CodeQL (actions)	Run actions/checkout@v6	2026-09-03T08:12:47.6625944Z   clean: true
CodeQL (actions)	Run actions/checkout@v6	2026-09-03T08:12:47.6626537Z   sparse-checkout-cone-mode: true
CodeQL (actions)	Run actions/checkout@v6	2026-09-03T08:12:47.6627225Z   fetch-depth: 1
CodeQL (actions)	Run actions/checkout@v6	2026-09-03T08:12:47.6627803Z   fetch-tags: false
CodeQL (actions)	Run actions/checkout@v6	2026-09-03T08:12:47.6628388Z   show-progress: true
CodeQL (actions)	Run actions/checkout@v6	2026-09-03T08:12:47.6629147Z   lfs: false
CodeQL (actions)	Run actions/checkout@v6	2026-09-03T08:12:47.6629740Z   submodules: false
CodeQL (actions)	Run actions/checkout@v6	2026-09-03T08:12:47.6630361Z   set-safe-directory: true
CodeQL (actions)	Run actions/checkout@v6	2026-09-03T08:12:47.6631019Z   allow-unsafe-pr-checkout: false
CodeQL (actions)	Run actions/checkout@v6	2026-09-03T08:12:47.6631914Z env:
CodeQL (actions)	Run actions/checkout@v6	2026-09-03T08:12:47.6632472Z   GIT_CONFIG_COUNT: 1
CodeQL (actions)	Run actions/checkout@v6	2026-09-03T08:12:47.6633089Z   GIT_CONFIG_KEY_0: init.defaultBranch
CodeQL (actions)	Run actions/checkout@v6	2026-09-03T08:12:47.6633796Z   GIT_CONFIG_VALUE_0: main
CodeQL (actions)	Run actions/checkout@v6	2026-09-03T08:12:47.6634581Z ##[endgroup]
CodeQL (actions)	Run actions/checkout@v6	2026-09-03T08:12:47.7660252Z Syncing repository: link-foundation/start
CodeQL (actions)	Run actions/checkout@v6	2026-09-03T08:12:47.7662573Z ##[group]Getting Git version info
CodeQL (actions)	Run actions/checkout@v6	2026-09-03T08:12:47.7663428Z Working directory is '/home/runner/work/start/start'
CodeQL (actions)	Run actions/checkout@v6	2026-09-03T08:12:47.7664724Z [command]/usr/bin/git version
CodeQL (actions)	Run actions/checkout@v6	2026-09-03T08:12:47.7845926Z git version 2.55.0
CodeQL (actions)	Run actions/checkout@v6	2026-09-03T08:12:47.7870871Z ##[endgroup]
CodeQL (actions)	Run actions/checkout@v6	2026-09-03T08:12:47.7887505Z Temporarily overriding HOME='/home/runner/work/_temp/f34d2fdf-817a-4662-97aa-c0ac814cf7e2' before making global git config changes
CodeQL (actions)	Run actions/checkout@v6	2026-09-03T08:12:47.7889718Z Adding repository directory to the temporary git global config as a safe directory
CodeQL (actions)	Run actions/checkout@v6	2026-09-03T08:12:47.7894950Z [command]/usr/bin/git config --global --add safe.directory /home/runner/work/start/start
CodeQL (actions)	Run actions/checkout@v6	2026-09-03T08:12:47.7947636Z Deleting the contents of '/home/runner/work/start/start'
CodeQL (actions)	Run actions/checkout@v6	2026-09-03T08:12:47.7952061Z ##[group]Determining repository object format
CodeQL (actions)	Run actions/checkout@v6	2026-09-03T08:12:47.7954333Z ##[endgroup]
CodeQL (actions)	Run actions/checkout@v6	2026-09-03T08:12:47.7955347Z ##[group]Initializing the repository
CodeQL (actions)	Run actions/checkout@v6	2026-09-03T08:12:47.7959750Z [command]/usr/bin/git init /home/runner/work/start/start
CodeQL (actions)	Run actions/checkout@v6	2026-09-03T08:12:47.8141117Z Initialized empty Git repository in /home/runner/work/start/start/.git/
CodeQL (actions)	Run actions/checkout@v6	2026-09-03T08:12:47.8152326Z [command]/usr/bin/git remote add origin https://github.com/link-foundation/start
CodeQL (actions)	Run actions/checkout@v6	2026-09-03T08:12:47.8273948Z ##[endgroup]
CodeQL (actions)	Run actions/checkout@v6	2026-09-03T08:12:47.8274998Z ##[group]Disabling automatic garbage collection
CodeQL (actions)	Run actions/checkout@v6	2026-09-03T08:12:47.8278130Z [command]/usr/bin/git config --local gc.auto 0
CodeQL (actions)	Run actions/checkout@v6	2026-09-03T08:12:47.8321174Z ##[endgroup]
CodeQL (actions)	Run actions/checkout@v6	2026-09-03T08:12:47.8322424Z ##[group]Setting up auth
CodeQL (actions)	Run actions/checkout@v6	2026-09-03T08:12:47.8323662Z Removing SSH command configuration
CodeQL (actions)	Run actions/checkout@v6	2026-09-03T08:12:47.8329897Z [command]/usr/bin/git config --local --name-only --get-regexp core\.sshCommand
CodeQL (actions)	Run actions/checkout@v6	2026-09-03T08:12:47.8368202Z [command]/usr/bin/git submodule foreach --recursive sh -c "git config --local --name-only --get-regexp 'core\.sshCommand' && git config --local --unset-all 'core.sshCommand' || :"
CodeQL (actions)	Run actions/checkout@v6	2026-09-03T08:12:47.8818020Z Removing HTTP extra header
CodeQL (actions)	Run actions/checkout@v6	2026-09-03T08:12:47.8825891Z [command]/usr/bin/git config --local --name-only --get-regexp http\.https\:\/\/github\.com\/\.extraheader
CodeQL (actions)	Run actions/checkout@v6	2026-09-03T08:12:47.8859283Z [command]/usr/bin/git submodule foreach --recursive sh -c "git config --local --name-only --get-regexp 'http\.https\:\/\/github\.com\/\.extraheader' && git config --local --unset-all 'http.https://github.com/.extraheader' || :"
CodeQL (actions)	Run actions/checkout@v6	2026-09-03T08:12:47.9042327Z Removing includeIf entries pointing to credentials config files
CodeQL (actions)	Run actions/checkout@v6	2026-09-03T08:12:47.9048790Z [command]/usr/bin/git config --local --name-only --get-regexp ^includeIf\.gitdir:
CodeQL (actions)	Run actions/checkout@v6	2026-09-03T08:12:47.9078495Z [command]/usr/bin/git submodule foreach --recursive git config --local --show-origin --name-only --get-regexp remote.origin.url
CodeQL (actions)	Run actions/checkout@v6	2026-09-03T08:12:47.9268780Z [command]/usr/bin/git config --file /home/runner/work/_temp/git-credentials-70e0e085-de5d-4edf-8274-6eae68abba59.config http.https://github.com/.extraheader AUTHORIZATION: basic ***
CodeQL (actions)	Run actions/checkout@v6	2026-09-03T08:12:47.9306098Z [command]/usr/bin/git config --local includeIf.gitdir:/home/runner/work/start/start/.git.path /home/runner/work/_temp/git-credentials-70e0e085-de5d-4edf-8274-6eae68abba59.config
CodeQL (actions)	Run actions/checkout@v6	2026-09-03T08:12:47.9343868Z [command]/usr/bin/git config --local includeIf.gitdir:/home/runner/work/start/start/.git/worktrees/*.path /home/runner/work/_temp/git-credentials-70e0e085-de5d-4edf-8274-6eae68abba59.config
CodeQL (actions)	Run actions/checkout@v6	2026-09-03T08:12:47.9374217Z [command]/usr/bin/git config --local includeIf.gitdir:/github/workspace/.git.path /github/runner_temp/git-credentials-70e0e085-de5d-4edf-8274-6eae68abba59.config
CodeQL (actions)	Run actions/checkout@v6	2026-09-03T08:12:47.9400135Z [command]/usr/bin/git config --local includeIf.gitdir:/github/workspace/.git/worktrees/*.path /github/runner_temp/git-credentials-70e0e085-de5d-4edf-8274-6eae68abba59.config
CodeQL (actions)	Run actions/checkout@v6	2026-09-03T08:12:47.9422688Z ##[endgroup]
CodeQL (actions)	Run actions/checkout@v6	2026-09-03T08:12:47.9430224Z ##[group]Fetching the repository
CodeQL (actions)	Run actions/checkout@v6	2026-09-03T08:12:47.9432260Z [command]/usr/bin/git -c protocol.version=2 fetch --no-tags --prune --no-recurse-submodules --depth=1 origin +f8b77fcf8a07ec7eb2cd99b9f4f3d57436e90f74:refs/remotes/pull/163/merge
CodeQL (actions)	Run actions/checkout@v6	2026-09-03T08:12:49.3916266Z From https://github.com/link-foundation/start
CodeQL (actions)	Run actions/checkout@v6	2026-09-03T08:12:49.3920145Z  * [new ref]         f8b77fcf8a07ec7eb2cd99b9f4f3d57436e90f74 -> pull/163/merge
CodeQL (actions)	Run actions/checkout@v6	2026-09-03T08:12:49.3926048Z ##[endgroup]
CodeQL (actions)	Run actions/checkout@v6	2026-09-03T08:12:49.3928269Z ##[group]Determining the checkout info
CodeQL (actions)	Run actions/checkout@v6	2026-09-03T08:12:49.3930579Z ##[endgroup]
CodeQL (actions)	Run actions/checkout@v6	2026-09-03T08:12:49.3931792Z [command]/usr/bin/git sparse-checkout disable
CodeQL (actions)	Run actions/checkout@v6	2026-09-03T08:12:49.3980125Z [command]/usr/bin/git config --local --unset-all extensions.worktreeConfig
CodeQL (actions)	Run actions/checkout@v6	2026-09-03T08:12:49.4010215Z ##[group]Checking out the ref
CodeQL (actions)	Run actions/checkout@v6	2026-09-03T08:12:49.4012788Z [command]/usr/bin/git checkout --progress --force refs/remotes/pull/163/merge
CodeQL (actions)	Run actions/checkout@v6	2026-09-03T08:12:49.4800810Z Note: switching to 'refs/remotes/pull/163/merge'.
CodeQL (actions)	Run actions/checkout@v6	2026-09-03T08:12:49.4802541Z 
CodeQL (actions)	Run actions/checkout@v6	2026-09-03T08:12:49.4803798Z You are in 'detached HEAD' state. You can look around, make experimental
CodeQL (actions)	Run actions/checkout@v6	2026-09-03T08:12:49.4807160Z changes and commit them, and you can discard any commits you make in this
CodeQL (actions)	Run actions/checkout@v6	2026-09-03T08:12:49.4810765Z state without impacting any branches by switching back to a branch.
CodeQL (actions)	Run actions/checkout@v6	2026-09-03T08:12:49.4812778Z 
CodeQL (actions)	Run actions/checkout@v6	2026-09-03T08:12:49.4814281Z If you want to create a new branch to retain commits you create, you may
CodeQL (actions)	Run actions/checkout@v6	2026-09-03T08:12:49.4816952Z do so (now or later) by using -c with the switch command. Example:
CodeQL (actions)	Run actions/checkout@v6	2026-09-03T08:12:49.4818453Z 
CodeQL (actions)	Run actions/checkout@v6	2026-09-03T08:12:49.4819282Z   git switch -c <new-branch-name>
CodeQL (actions)	Run actions/checkout@v6	2026-09-03T08:12:49.4820469Z 
CodeQL (actions)	Run actions/checkout@v6	2026-09-03T08:12:49.4821100Z Or undo this operation with:
CodeQL (actions)	Run actions/checkout@v6	2026-09-03T08:12:49.4822059Z 
CodeQL (actions)	Run actions/checkout@v6	2026-09-03T08:12:49.4822662Z   git switch -
CodeQL (actions)	Run actions/checkout@v6	2026-09-03T08:12:49.4823390Z 
CodeQL (actions)	Run actions/checkout@v6	2026-09-03T08:12:49.4824591Z Turn off this advice by setting config variable advice.detachedHead to false
CodeQL (actions)	Run actions/checkout@v6	2026-09-03T08:12:49.4826212Z 
CodeQL (actions)	Run actions/checkout@v6	2026-09-03T08:12:49.4828729Z HEAD is now at f8b77fc Merge e82435a34e19ae7049d05a841b846a38fab8632d into 013a4c8486439e0c74d07ac4f30cd17236705100
CodeQL (actions)	Run actions/checkout@v6	2026-09-03T08:12:49.4836276Z ##[endgroup]
CodeQL (actions)	Run actions/checkout@v6	2026-09-03T08:12:49.4900378Z [command]/usr/bin/git log -1 --format=%H
CodeQL (actions)	Run actions/checkout@v6	2026-09-03T08:12:49.4923922Z f8b77fcf8a07ec7eb2cd99b9f4f3d57436e90f74
CodeQL (actions)	Initialize CodeQL	﻿2026-09-03T08:12:49.5348941Z ##[group]Run github/codeql-action/init@v4
CodeQL (actions)	Initialize CodeQL	2026-09-03T08:12:49.5350259Z with:
CodeQL (actions)	Initialize CodeQL	2026-09-03T08:12:49.5351180Z   languages: actions
CodeQL (actions)	Initialize CodeQL	2026-09-03T08:12:49.5352235Z   analysis-kinds: code-scanning
CodeQL (actions)	Initialize CodeQL	2026-09-03T08:12:49.5360584Z   token: ***
CodeQL (actions)	Initialize CodeQL	2026-09-03T08:12:49.5361841Z   matrix: {
CodeQL (actions)	Initialize CodeQL	  "language": "actions"
CodeQL (actions)	Initialize CodeQL	}
CodeQL (actions)	Initialize CodeQL	2026-09-03T08:12:49.5363080Z   debug: false
CodeQL (actions)	Initialize CodeQL	2026-09-03T08:12:49.5364088Z   check-run-id: 100574270170
CodeQL (actions)	Initialize CodeQL	2026-09-03T08:12:49.5365147Z env:
CodeQL (actions)	Initialize CodeQL	2026-09-03T08:12:49.5366114Z   GIT_CONFIG_COUNT: 1
CodeQL (actions)	Initialize CodeQL	2026-09-03T08:12:49.5367179Z   GIT_CONFIG_KEY_0: init.defaultBranch
CodeQL (actions)	Initialize CodeQL	2026-09-03T08:12:49.5368399Z   GIT_CONFIG_VALUE_0: main
CodeQL (actions)	Initialize CodeQL	2026-09-03T08:12:49.5369517Z ##[endgroup]
CodeQL (actions)	Initialize CodeQL	2026-09-03T08:12:49.7706839Z Job run UUID is 7795851c-6801-4f8d-9f7a-437f1f605c6e.
CodeQL (actions)	Initialize CodeQL	2026-09-03T08:12:51.2571573Z ##[group]Setup CodeQL tools
CodeQL (actions)	Initialize CodeQL	2026-09-03T08:12:51.2601910Z [command]/usr/bin/tar --version
CodeQL (actions)	Initialize CodeQL	2026-09-03T08:12:51.2629003Z tar (GNU tar) 1.35
CodeQL (actions)	Initialize CodeQL	2026-09-03T08:12:51.2629626Z Copyright (C) 2023 Free Software Foundation, Inc.
CodeQL (actions)	Initialize CodeQL	2026-09-03T08:12:51.2630268Z License GPLv3+: GNU GPL version 3 or later <https://gnu.org/licenses/gpl.html>.
CodeQL (actions)	Initialize CodeQL	2026-09-03T08:12:51.2631005Z This is free software: you are free to change and redistribute it.
CodeQL (actions)	Initialize CodeQL	2026-09-03T08:12:51.2631529Z There is NO WARRANTY, to the extent permitted by law.
CodeQL (actions)	Initialize CodeQL	2026-09-03T08:12:51.2631942Z 
CodeQL (actions)	Initialize CodeQL	2026-09-03T08:12:51.2632139Z Written by John Gilmore and Jay Fenlason.
CodeQL (actions)	Initialize CodeQL	2026-09-03T08:12:51.2632599Z Found gnu tar version 1.35.
CodeQL (actions)	Initialize CodeQL	2026-09-03T08:12:51.4729000Z No overlay-base databases found in Actions cache.
CodeQL (actions)	Initialize CodeQL	2026-09-03T08:12:51.4742949Z Found CodeQL tools version 2.26.4 in the toolcache.
CodeQL (actions)	Initialize CodeQL	2026-09-03T08:12:51.4743644Z Using CodeQL CLI version 2.26.4 from toolcache at /opt/hostedtoolcache/CodeQL/2.26.4/x64
CodeQL (actions)	Initialize CodeQL	2026-09-03T08:12:53.5630392Z {
CodeQL (actions)	Initialize CodeQL	2026-09-03T08:12:53.5631177Z   "productName": "CodeQL",
CodeQL (actions)	Initialize CodeQL	2026-09-03T08:12:53.5631638Z   "vendor": "GitHub",
CodeQL (actions)	Initialize CodeQL	2026-09-03T08:12:53.5632127Z   "version": "2.26.4",
CodeQL (actions)	Initialize CodeQL	2026-09-03T08:12:53.5632599Z   "sha": "6b1e4dee94adb20f90a671f3fc9e04be32eecf65",
CodeQL (actions)	Initialize CodeQL	2026-09-03T08:12:53.5633247Z   "branches": [
CodeQL (actions)	Initialize CodeQL	2026-09-03T08:12:53.5633703Z     "codeql-cli-2.26.4"
CodeQL (actions)	Initialize CodeQL	2026-09-03T08:12:53.5634139Z   ],
CodeQL (actions)	Initialize CodeQL	2026-09-03T08:12:53.5634545Z   "copyright": "Copyright (C) 2019-2026 GitHub, Inc.",
CodeQL (actions)	Initialize CodeQL	2026-09-03T08:12:53.5635301Z   "unpackedLocation": "/opt/hostedtoolcache/CodeQL/2.26.4/x64/codeql",
CodeQL (actions)	Initialize CodeQL	2026-09-03T08:12:53.5636004Z   "configFileLocation": "/home/runner/.config/codeql/config",
CodeQL (actions)	Initialize CodeQL	2026-09-03T08:12:53.5636468Z   "configFileFound": false,
CodeQL (actions)	Initialize CodeQL	2026-09-03T08:12:53.5636797Z   "overlayVersion": 4,
CodeQL (actions)	Initialize CodeQL	2026-09-03T08:12:53.5637084Z   "features": {
CodeQL (actions)	Initialize CodeQL	2026-09-03T08:12:53.5637437Z     "analysisSummaryV2Default": true,
CodeQL (actions)	Initialize CodeQL	2026-09-03T08:12:53.5637834Z     "buildModeOption": true,
CodeQL (actions)	Initialize CodeQL	2026-09-03T08:12:53.5638198Z     "bundleSupportsIncludeDiagnostics": true,
CodeQL (actions)	Initialize CodeQL	2026-09-03T08:12:53.5639159Z     "bundleSupportsIncludeLogs": true,
CodeQL (actions)	Initialize CodeQL	2026-09-03T08:12:53.5639545Z     "bundleSupportsOverlay": true,
CodeQL (actions)	Initialize CodeQL	2026-09-03T08:12:53.5640046Z     "databaseInterpretResultsSupportsSarifRunProperty": true,
CodeQL (actions)	Initialize CodeQL	2026-09-03T08:12:53.5640750Z     "featuresInVersionResult": true,
CodeQL (actions)	Initialize CodeQL	2026-09-03T08:12:53.5641148Z     "indirectTracingSupportsStaticBinaries": false,
CodeQL (actions)	Initialize CodeQL	2026-09-03T08:12:53.5641611Z     "informsAboutUnsupportedPathFilters": true,
CodeQL (actions)	Initialize CodeQL	2026-09-03T08:12:53.5642001Z     "supportsPython312": true,
CodeQL (actions)	Initialize CodeQL	2026-09-03T08:12:53.5642358Z     "mrvaPackCreate": true,
CodeQL (actions)	Initialize CodeQL	2026-09-03T08:12:53.5642715Z     "threatModelOption": true,
CodeQL (actions)	Initialize CodeQL	2026-09-03T08:12:53.5643524Z     "traceCommandUseBuildMode": true,
CodeQL (actions)	Initialize CodeQL	2026-09-03T08:12:53.5643939Z     "v2ramSizing": true,
CodeQL (actions)	Initialize CodeQL	2026-09-03T08:12:53.5644321Z     "mrvaPackCreateMultipleQueries": true,
CodeQL (actions)	Initialize CodeQL	2026-09-03T08:12:53.5644737Z     "setsCodeqlRunnerEnvVar": true,
CodeQL (actions)	Initialize CodeQL	2026-09-03T08:12:53.5645110Z     "sarifMergeRunsFromEqualCategory": true,
CodeQL (actions)	Initialize CodeQL	2026-09-03T08:12:53.5645470Z     "forceOverwrite": true,
CodeQL (actions)	Initialize CodeQL	2026-09-03T08:12:53.5645833Z     "generateSummarySymbolMap": true,
CodeQL (actions)	Initialize CodeQL	2026-09-03T08:12:53.5646218Z     "pythonDefaultIsToNotExtractStdlib": true,
CodeQL (actions)	Initialize CodeQL	2026-09-03T08:12:53.5646778Z     "queryServerRunQueries": true,
CodeQL (actions)	Initialize CodeQL	2026-09-03T08:12:53.5647314Z     "queryServerTrimCacheWithMode": true,
CodeQL (actions)	Initialize CodeQL	2026-09-03T08:12:53.5647895Z     "builtinExtractorsSpecifyDefaultQueries": true,
CodeQL (actions)	Initialize CodeQL	2026-09-03T08:12:53.5648516Z     "bqrsDiffResultSets": true,
CodeQL (actions)	Initialize CodeQL	2026-09-03T08:12:53.5649471Z     "bundleSupportsIncludeOption": true,
CodeQL (actions)	Initialize CodeQL	2026-09-03T08:12:53.5649923Z     "suppressesMissingFileBaselineWarning": true
CodeQL (actions)	Initialize CodeQL	2026-09-03T08:12:53.5650315Z   }
CodeQL (actions)	Initialize CodeQL	2026-09-03T08:12:53.5650584Z }
CodeQL (actions)	Initialize CodeQL	2026-09-03T08:12:53.5651292Z ##[endgroup]
CodeQL (actions)	Initialize CodeQL	2026-09-03T08:12:53.5651799Z ##[group]Validating workflow
CodeQL (actions)	Initialize CodeQL	2026-09-03T08:12:53.9810683Z [command]/opt/hostedtoolcache/CodeQL/2.26.4/x64/codeql/codeql resolve languages --format=betterjson --extractor-options-verbosity=4 --extractor-include-aliases
CodeQL (actions)	Initialize CodeQL	2026-09-03T08:12:55.7082957Z {
CodeQL (actions)	Initialize CodeQL	2026-09-03T08:12:55.7084136Z   "aliases" : {
CodeQL (actions)	Initialize CodeQL	2026-09-03T08:12:55.7085021Z     "c" : "cpp",
CodeQL (actions)	Initialize CodeQL	2026-09-03T08:12:55.7088207Z     "c++" : "cpp",
CodeQL (actions)	Initialize CodeQL	2026-09-03T08:12:55.7096705Z     "c-c++" : "cpp",
CodeQL (actions)	Initialize CodeQL	2026-09-03T08:12:55.7097558Z     "c-cpp" : "cpp",
CodeQL (actions)	Initialize CodeQL	2026-09-03T08:12:55.7098203Z     "c#" : "csharp",
CodeQL (actions)	Initialize CodeQL	2026-09-03T08:12:55.7098943Z     "java-kotlin" : "java",
CodeQL (actions)	Initialize CodeQL	2026-09-03T08:12:55.7099565Z     "kotlin" : "java",
CodeQL (actions)	Initialize CodeQL	2026-09-03T08:12:55.7100253Z     "javascript-typescript" : "javascript",
CodeQL (actions)	Initialize CodeQL	2026-09-03T08:12:55.7100967Z     "typescript" : "javascript"
CodeQL (actions)	Initialize CodeQL	2026-09-03T08:12:55.7101584Z   },
CodeQL (actions)	Initialize CodeQL	2026-09-03T08:12:55.7102060Z   "extractors" : {
CodeQL (actions)	Initialize CodeQL	2026-09-03T08:12:55.7102650Z     "java" : [
CodeQL (actions)	Initialize CodeQL	2026-09-03T08:12:55.7103234Z       {
CodeQL (actions)	Initialize CodeQL	2026-09-03T08:12:55.7103891Z         "extractor_root" : "/opt/hostedtoolcache/CodeQL/2.26.4/x64/codeql/java",
CodeQL (actions)	Initialize CodeQL	2026-09-03T08:12:55.7104750Z         "extractor_options" : {
CodeQL (actions)	Initialize CodeQL	2026-09-03T08:12:55.7105327Z           "exclude" : {
CodeQL (actions)	Initialize CodeQL	2026-09-03T08:12:55.7105951Z             "title" : "A glob excluding files from analysis.",
CodeQL (actions)	Initialize CodeQL	2026-09-03T08:12:55.7107379Z             "description" : "A glob indicating what files to exclude from the analysis. This accepts glob patterns that are supported by Java's 'getPathMatcher' implementation.\n",
CodeQL (actions)	Initialize CodeQL	2026-09-03T08:12:55.7108820Z             "type" : "string"
CodeQL (actions)	Initialize CodeQL	2026-09-03T08:12:55.7109437Z           },
CodeQL (actions)	Initialize CodeQL	2026-09-03T08:12:55.7109985Z           "add_prefer_source" : {
CodeQL (actions)	Initialize CodeQL	2026-09-03T08:12:55.7110672Z             "title" : "Whether to always prefer source files over class files.",
CodeQL (actions)	Initialize CodeQL	2026-09-03T08:12:55.7112578Z             "description" : "A value indicating whether source files should be preferred over class files. If set to 'true', the extraction adds '-Xprefer:source' to the javac command line. If set to 'false', the extraction uses the default javac behavior ('-Xprefer:newer'). The default is 'true'.\n",
CodeQL (actions)	Initialize CodeQL	2026-09-03T08:12:55.7114474Z             "type" : "string",
CodeQL (actions)	Initialize CodeQL	2026-09-03T08:12:55.7115136Z             "pattern" : "^(false|true)$"
CodeQL (actions)	Initialize CodeQL	2026-09-03T08:12:55.7115582Z           },
CodeQL (actions)	Initialize CodeQL	2026-09-03T08:12:55.7115989Z           "buildless" : {
CodeQL (actions)	Initialize CodeQL	2026-09-03T08:12:55.7116573Z             "title" : "Whether to use buildless (standalone) extraction (experimental).",
CodeQL (actions)	Initialize CodeQL	2026-09-03T08:12:55.7118359Z             "description" : "A value indicating, which type of extraction the autobuilder should perform. If 'true', then the standalone extractor will be used, otherwise tracing extraction will be performed. The default is 'false'. Note that buildless extraction will generally yield less accurate analysis results, and should only be used in cases where it is not possible to build the code (for example if it uses inaccessible dependencies).\n",
CodeQL (actions)	Initialize CodeQL	2026-09-03T08:12:55.7121452Z             "type" : "string",
CodeQL (actions)	Initialize CodeQL	2026-09-03T08:12:55.7122077Z             "pattern" : "^(false|true)$"
CodeQL (actions)	Initialize CodeQL	2026-09-03T08:12:55.7122760Z           },
CodeQL (actions)	Initialize CodeQL	2026-09-03T08:12:55.7123200Z           "buildless_dependency_dir" : {
CodeQL (actions)	Initialize CodeQL	2026-09-03T08:12:55.7123951Z             "title" : "The path where buildless (standalone) extraction should keep dependencies.",
CodeQL (actions)	Initialize CodeQL	2026-09-03T08:12:55.7125076Z             "description" : "If set, the buildless (standalone) extractor will store dependencies in this directory.\n",
CodeQL (actions)	Initialize CodeQL	2026-09-03T08:12:55.7125906Z             "type" : "string"
CodeQL (actions)	Initialize CodeQL	2026-09-03T08:12:55.7126355Z           },
CodeQL (actions)	Initialize CodeQL	2026-09-03T08:12:55.7126752Z           "minimize_dependency_jars" : {
CodeQL (actions)	Initialize CodeQL	2026-09-03T08:12:55.7127554Z             "title" : "Whether to rewrite and minimize downloaded JAR dependencies (experimental).",
CodeQL (actions)	Initialize CodeQL	2026-09-03T08:12:55.7129025Z             "description" : "If 'true', JAR dependencies downloaded during extraction will be rewritten to remove unneeded data, such as method bodies. The default is 'false'.\n",
CodeQL (actions)	Initialize CodeQL	2026-09-03T08:12:55.7130053Z             "type" : "string",
CodeQL (actions)	Initialize CodeQL	2026-09-03T08:12:55.7130553Z             "pattern" : "^(false|true)$"
CodeQL (actions)	Initialize CodeQL	2026-09-03T08:12:55.7130984Z           }
CodeQL (actions)	Initialize CodeQL	2026-09-03T08:12:55.7131303Z         }
CodeQL (actions)	Initialize CodeQL	2026-09-03T08:12:55.7131607Z       }
CodeQL (actions)	Initialize CodeQL	2026-09-03T08:12:55.7131871Z     ],
CodeQL (actions)	Initialize CodeQL	2026-09-03T08:12:55.7132160Z     "go" : [
CodeQL (actions)	Initialize CodeQL	2026-09-03T08:12:55.7132432Z       {
CodeQL (actions)	Initialize CodeQL	2026-09-03T08:12:55.7132851Z         "extractor_root" : "/opt/hostedtoolcache/CodeQL/2.26.4/x64/codeql/go",
CodeQL (actions)	Initialize CodeQL	2026-09-03T08:12:55.7133339Z         "extractor_options" : {
CodeQL (actions)	Initialize CodeQL	2026-09-03T08:12:55.7133676Z           "extract_tests" : {
CodeQL (actions)	Initialize CodeQL	2026-09-03T08:12:55.7134114Z             "title" : "Whether to include Go test files in the CodeQL database.",
CodeQL (actions)	Initialize CodeQL	2026-09-03T08:12:55.7134817Z             "description" : "A value indicating whether Go test files should be included in the CodeQL database. The default is 'false'.\n",
CodeQL (actions)	Initialize CodeQL	2026-09-03T08:12:55.7135458Z             "type" : "string",
CodeQL (actions)	Initialize CodeQL	2026-09-03T08:12:55.7135844Z             "pattern" : "^(false|true)$"
CodeQL (actions)	Initialize CodeQL	2026-09-03T08:12:55.7136176Z           },
CodeQL (actions)	Initialize CodeQL	2026-09-03T08:12:55.7136514Z           "extract_vendor_dirs" : {
CodeQL (actions)	Initialize CodeQL	2026-09-03T08:12:55.7136968Z             "title" : "Whether to include Go vendor directories in the CodeQL database.",
CodeQL (actions)	Initialize CodeQL	2026-09-03T08:12:55.7137710Z             "description" : "A value indicating whether Go vendor directories should be included in the CodeQL database. The default is 'false'.\n",
CodeQL (actions)	Initialize CodeQL	2026-09-03T08:12:55.7138705Z             "type" : "string",
CodeQL (actions)	Initialize CodeQL	2026-09-03T08:12:55.7139175Z             "pattern" : "^(false|true)$"
CodeQL (actions)	Initialize CodeQL	2026-09-03T08:12:55.7139697Z           }
CodeQL (actions)	Initialize CodeQL	2026-09-03T08:12:55.7140063Z         }
CodeQL (actions)	Initialize CodeQL	2026-09-03T08:12:55.7140489Z       }
CodeQL (actions)	Initialize CodeQL	2026-09-03T08:12:55.7140930Z     ],
CodeQL (actions)	Initialize CodeQL	2026-09-03T08:12:55.7141211Z     "csharp" : [
CodeQL (actions)	Initialize CodeQL	2026-09-03T08:12:55.7141517Z       {
CodeQL (actions)	Initialize CodeQL	2026-09-03T08:12:55.7141918Z         "extractor_root" : "/opt/hostedtoolcache/CodeQL/2.26.4/x64/codeql/csharp",
CodeQL (actions)	Initialize CodeQL	2026-09-03T08:12:55.7142415Z         "extractor_options" : {
CodeQL (actions)	Initialize CodeQL	2026-09-03T08:12:55.7142761Z           "trap" : {
CodeQL (actions)	Initialize CodeQL	2026-09-03T08:12:55.7143098Z             "title" : "Options pertaining to TRAP.",
CodeQL (actions)	Initialize CodeQL	2026-09-03T08:12:55.7143499Z             "description" : "Options pertaining to TRAP.",
CodeQL (actions)	Initialize CodeQL	2026-09-03T08:12:55.7143951Z             "type" : "object",
CodeQL (actions)	Initialize CodeQL	2026-09-03T08:12:55.7144302Z             "properties" : {
CodeQL (actions)	Initialize CodeQL	2026-09-03T08:12:55.7144650Z               "compression" : {
CodeQL (actions)	Initialize CodeQL	2026-09-03T08:12:55.7145113Z                 "title" : "Controls compression for the TRAP files written by the extractor.",
CodeQL (actions)	Initialize CodeQL	2026-09-03T08:12:55.7146100Z                 "description" : "This option is only intended for use in debugging the extractor. Accepted values are 'brotli' (the default, to write brotli-compressed TRAP), 'gzip', and 'none' (to write uncompressed TRAP).\n",
CodeQL (actions)	Initialize CodeQL	2026-09-03T08:12:55.7147011Z                 "type" : "string",
CodeQL (actions)	Initialize CodeQL	2026-09-03T08:12:55.7147904Z                 "pattern" : "^(none|gzip|brotli)$"
CodeQL (actions)	Initialize CodeQL	2026-09-03T08:12:55.7148460Z               }
CodeQL (actions)	Initialize CodeQL	2026-09-03T08:12:55.7149044Z             }
CodeQL (actions)	Initialize CodeQL	2026-09-03T08:12:55.7149400Z           },
CodeQL (actions)	Initialize CodeQL	2026-09-03T08:12:55.7149805Z           "buildless" : {
CodeQL (actions)	Initialize CodeQL	2026-09-03T08:12:55.7150432Z             "title" : "DEPRECATED - Whether to use buildless (standalone) extraction.",
CodeQL (actions)	Initialize CodeQL	2026-09-03T08:12:55.7152255Z             "description" : "DEPRECATED: Use `--build-mode none` instead.\nA value indicating, which type of extraction the autobuilder should perform. If 'true', then the standalone extractor will be used, otherwise tracing extraction will be performed. The default is 'false'. Note that buildless extraction will generally yield less accurate analysis results, and should only be used in cases where it is not possible to build the code (for example if it uses inaccessible dependencies).\n",
CodeQL (actions)	Initialize CodeQL	2026-09-03T08:12:55.7154016Z             "type" : "string",
CodeQL (actions)	Initialize CodeQL	2026-09-03T08:12:55.7154340Z             "pattern" : "^(false|true)$"
CodeQL (actions)	Initialize CodeQL	2026-09-03T08:12:55.7154716Z           },
CodeQL (actions)	Initialize CodeQL	2026-09-03T08:12:55.7155020Z           "logging" : {
CodeQL (actions)	Initialize CodeQL	2026-09-03T08:12:55.7155513Z             "title" : "Options pertaining to logging.",
CodeQL (actions)	Initialize CodeQL	2026-09-03T08:12:55.7155958Z             "description" : "Options pertaining to logging.",
CodeQL (actions)	Initialize CodeQL	2026-09-03T08:12:55.7156361Z             "type" : "object",
CodeQL (actions)	Initialize CodeQL	2026-09-03T08:12:55.7156699Z             "properties" : {
CodeQL (actions)	Initialize CodeQL	2026-09-03T08:12:55.7157091Z               "verbosity" : {
CodeQL (actions)	Initialize CodeQL	2026-09-03T08:12:55.7157454Z                 "title" : "Extractor logging verbosity level.",
CodeQL (actions)	Initialize CodeQL	2026-09-03T08:12:55.7159377Z                 "description" : "Controls the level of verbosity of the extractor. The supported levels are (in order of increasing verbosity):\n  - off\n  - errors\n  - warnings\n  - info or progress\n  - debug or progress+\n  - trace or progress++\n  - progress+++\n",
CodeQL (actions)	Initialize CodeQL	2026-09-03T08:12:55.7160768Z                 "type" : "string",
CodeQL (actions)	Initialize CodeQL	2026-09-03T08:12:55.7161692Z                 "pattern" : "^(off|errors|warnings|(info|progress)|(debug|progress\\+)|(trace|progress\\+\\+)|progress\\+\\+\\+)$"
CodeQL (actions)	Initialize CodeQL	2026-09-03T08:12:55.7162544Z               }
CodeQL (actions)	Initialize CodeQL	2026-09-03T08:12:55.7162906Z             }
CodeQL (actions)	Initialize CodeQL	2026-09-03T08:12:55.7163403Z           },
CodeQL (actions)	Initialize CodeQL	2026-09-03T08:12:55.7163761Z           "binlog" : {
CodeQL (actions)	Initialize CodeQL	2026-09-03T08:12:55.7164278Z             "title" : "Binlog",
CodeQL (actions)	Initialize CodeQL	2026-09-03T08:12:55.7165048Z             "description" : "[EXPERIMENTAL] The value is a path to the MsBuild binary log file that should be extracted. This option only works when `--build-mode none` is also specified.\n",
CodeQL (actions)	Initialize CodeQL	2026-09-03T08:12:55.7165809Z             "type" : "array"
CodeQL (actions)	Initialize CodeQL	2026-09-03T08:12:55.7166149Z           },
CodeQL (actions)	Initialize CodeQL	2026-09-03T08:12:55.7166454Z           "buildless_dependency_dir" : {
CodeQL (actions)	Initialize CodeQL	2026-09-03T08:12:55.7166968Z             "title" : "The path where buildless (standalone) extraction should keep dependencies.",
CodeQL (actions)	Initialize CodeQL	2026-09-03T08:12:55.7167766Z             "description" : "If set, the buildless (standalone) extractor will store dependencies in this directory.\n",
CodeQL (actions)	Initialize CodeQL	2026-09-03T08:12:55.7168312Z             "type" : "string"
CodeQL (actions)	Initialize CodeQL	2026-09-03T08:12:55.7168873Z           }
CodeQL (actions)	Initialize CodeQL	2026-09-03T08:12:55.7169201Z         }
CodeQL (actions)	Initialize CodeQL	2026-09-03T08:12:55.7169564Z       }
CodeQL (actions)	Initialize CodeQL	2026-09-03T08:12:55.7169883Z     ],
CodeQL (actions)	Initialize CodeQL	2026-09-03T08:12:55.7170200Z     "javascript" : [
CodeQL (actions)	Initialize CodeQL	2026-09-03T08:12:55.7170512Z       {
CodeQL (actions)	Initialize CodeQL	2026-09-03T08:12:55.7170909Z         "extractor_root" : "/opt/hostedtoolcache/CodeQL/2.26.4/x64/codeql/javascript",
CodeQL (actions)	Initialize CodeQL	2026-09-03T08:12:55.7171370Z         "extractor_options" : {
CodeQL (actions)	Initialize CodeQL	2026-09-03T08:12:55.7171773Z           "trap" : {
CodeQL (actions)	Initialize CodeQL	2026-09-03T08:12:55.7172084Z             "title" : "TRAP options",
CodeQL (actions)	Initialize CodeQL	2026-09-03T08:12:55.7172653Z             "description" : "Options about how the extractor handles TRAP files",
CodeQL (actions)	Initialize CodeQL	2026-09-03T08:12:55.7173105Z             "type" : "object",
CodeQL (actions)	Initialize CodeQL	2026-09-03T08:12:55.7173444Z             "visibility" : 3,
CodeQL (actions)	Initialize CodeQL	2026-09-03T08:12:55.7173796Z             "properties" : {
CodeQL (actions)	Initialize CodeQL	2026-09-03T08:12:55.7174112Z               "cache" : {
CodeQL (actions)	Initialize CodeQL	2026-09-03T08:12:55.7174446Z                 "title" : "TRAP cache options",
CodeQL (actions)	Initialize CodeQL	2026-09-03T08:12:55.7174931Z                 "description" : "Options about how the extractor handles its TRAP cache",
CodeQL (actions)	Initialize CodeQL	2026-09-03T08:12:55.7175650Z                 "type" : "object",
CodeQL (actions)	Initialize CodeQL	2026-09-03T08:12:55.7176032Z                 "properties" : {
CodeQL (actions)	Initialize CodeQL	2026-09-03T08:12:55.7176363Z                   "dir" : {
CodeQL (actions)	Initialize CodeQL	2026-09-03T08:12:55.7176707Z                     "title" : "TRAP cache directory",
CodeQL (actions)	Initialize CodeQL	2026-09-03T08:12:55.7177160Z                     "description" : "The directory of the TRAP cache to use",
CodeQL (actions)	Initialize CodeQL	2026-09-03T08:12:55.7177610Z                     "type" : "string"
CodeQL (actions)	Initialize CodeQL	2026-09-03T08:12:55.7177953Z                   },
CodeQL (actions)	Initialize CodeQL	2026-09-03T08:12:55.7178251Z                   "bound" : {
CodeQL (actions)	Initialize CodeQL	2026-09-03T08:12:55.7179216Z                     "title" : "TRAP cache bound",
CodeQL (actions)	Initialize CodeQL	2026-09-03T08:12:55.7179708Z                     "description" : "A soft limit (in MB) on the size of the TRAP cache",
CodeQL (actions)	Initialize CodeQL	2026-09-03T08:12:55.7180192Z                     "type" : "string",
CodeQL (actions)	Initialize CodeQL	2026-09-03T08:12:55.7180562Z                     "pattern" : "[0-9]+"
CodeQL (actions)	Initialize CodeQL	2026-09-03T08:12:55.7180900Z                   },
CodeQL (actions)	Initialize CodeQL	2026-09-03T08:12:55.7181181Z                   "write" : {
CodeQL (actions)	Initialize CodeQL	2026-09-03T08:12:55.7181562Z                     "title" : "TRAP cache writeable",
CodeQL (actions)	Initialize CodeQL	2026-09-03T08:12:55.7182159Z                     "description" : "Whether to write to the TRAP cache as well as reading it",
CodeQL (actions)	Initialize CodeQL	2026-09-03T08:12:55.7182635Z                     "type" : "string",
CodeQL (actions)	Initialize CodeQL	2026-09-03T08:12:55.7183048Z                     "pattern" : "(true|TRUE|false|FALSE)"
CodeQL (actions)	Initialize CodeQL	2026-09-03T08:12:55.7183394Z                   }
CodeQL (actions)	Initialize CodeQL	2026-09-03T08:12:55.7183730Z                 }
CodeQL (actions)	Initialize CodeQL	2026-09-03T08:12:55.7184016Z               }
CodeQL (actions)	Initialize CodeQL	2026-09-03T08:12:55.7184295Z             }
CodeQL (actions)	Initialize CodeQL	2026-09-03T08:12:55.7184579Z           },
CodeQL (actions)	Initialize CodeQL	2026-09-03T08:12:55.7184867Z           "skip_types" : {
CodeQL (actions)	Initialize CodeQL	2026-09-03T08:12:55.7185262Z             "title" : "Skip type extraction for TypeScript",
CodeQL (actions)	Initialize CodeQL	2026-09-03T08:12:55.7185820Z             "description" : "Whether to skip the extraction of types in a TypeScript application",
CodeQL (actions)	Initialize CodeQL	2026-09-03T08:12:55.7186362Z             "type" : "string",
CodeQL (actions)	Initialize CodeQL	2026-09-03T08:12:55.7186709Z             "pattern" : "^(false|true)$"
CodeQL (actions)	Initialize CodeQL	2026-09-03T08:12:55.7187047Z           }
CodeQL (actions)	Initialize CodeQL	2026-09-03T08:12:55.7187353Z         }
CodeQL (actions)	Initialize CodeQL	2026-09-03T08:12:55.7187620Z       }
CodeQL (actions)	Initialize CodeQL	2026-09-03T08:12:55.7187868Z     ],
CodeQL (actions)	Initialize CodeQL	2026-09-03T08:12:55.7188169Z     "cpp" : [
CodeQL (actions)	Initialize CodeQL	2026-09-03T08:12:55.7188440Z       {
CodeQL (actions)	Initialize CodeQL	2026-09-03T08:12:55.7189000Z         "extractor_root" : "/opt/hostedtoolcache/CodeQL/2.26.4/x64/codeql/cpp",
CodeQL (actions)	Initialize CodeQL	2026-09-03T08:12:55.7189508Z         "extractor_options" : {
CodeQL (actions)	Initialize CodeQL	2026-09-03T08:12:55.7189835Z           "trap" : {
CodeQL (actions)	Initialize CodeQL	2026-09-03T08:12:55.7190187Z             "title" : "TRAP options",
CodeQL (actions)	Initialize CodeQL	2026-09-03T08:12:55.7190625Z             "description" : "Options about how the extractor handles TRAP files",
CodeQL (actions)	Initialize CodeQL	2026-09-03T08:12:55.7191083Z             "type" : "object",
CodeQL (actions)	Initialize CodeQL	2026-09-03T08:12:55.7191445Z             "visibility" : 3,
CodeQL (actions)	Initialize CodeQL	2026-09-03T08:12:55.7191772Z             "properties" : {
CodeQL (actions)	Initialize CodeQL	2026-09-03T08:12:55.7192103Z               "cache" : {
CodeQL (actions)	Initialize CodeQL	2026-09-03T08:12:55.7192432Z                 "title" : "TRAP cache options",
CodeQL (actions)	Initialize CodeQL	2026-09-03T08:12:55.7192887Z                 "description" : "Options about how the extractor handles its TRAP cache",
CodeQL (actions)	Initialize CodeQL	2026-09-03T08:12:55.7193443Z                 "type" : "object",
CodeQL (actions)	Initialize CodeQL	2026-09-03T08:12:55.7193783Z                 "properties" : {
CodeQL (actions)	Initialize CodeQL	2026-09-03T08:12:55.7194117Z                   "dir" : {
CodeQL (actions)	Initialize CodeQL	2026-09-03T08:12:55.7194455Z                     "title" : "TRAP cache directory",
CodeQL (actions)	Initialize CodeQL	2026-09-03T08:12:55.7194875Z                     "description" : "The directory of the TRAP cache to use",
CodeQL (actions)	Initialize CodeQL	2026-09-03T08:12:55.7195345Z                     "type" : "string"
CodeQL (actions)	Initialize CodeQL	2026-09-03T08:12:55.7195668Z                   },
CodeQL (actions)	Initialize CodeQL	2026-09-03T08:12:55.7195977Z                   "bound" : {
CodeQL (actions)	Initialize CodeQL	2026-09-03T08:12:55.7196328Z                     "title" : "TRAP cache bound",
CodeQL (actions)	Initialize CodeQL	2026-09-03T08:12:55.7196783Z                     "description" : "A soft limit (in MB) on the size of the TRAP cache",
CodeQL (actions)	Initialize CodeQL	2026-09-03T08:12:55.7197304Z                     "type" : "string",
CodeQL (actions)	Initialize CodeQL	2026-09-03T08:12:55.7197644Z                     "pattern" : "[0-9]+"
CodeQL (actions)	Initialize CodeQL	2026-09-03T08:12:55.7197976Z                   },
CodeQL (actions)	Initialize CodeQL	2026-09-03T08:12:55.7198278Z                   "write" : {
CodeQL (actions)	Initialize CodeQL	2026-09-03T08:12:55.7198876Z                     "title" : "TRAP cache writeable",
CodeQL (actions)	Initialize CodeQL	2026-09-03T08:12:55.7199390Z                     "description" : "Whether to write to the TRAP cache as well as reading it",
CodeQL (actions)	Initialize CodeQL	2026-09-03T08:12:55.7199867Z                     "type" : "string",
CodeQL (actions)	Initialize CodeQL	2026-09-03T08:12:55.7200221Z                     "pattern" : "(true|TRUE|false|FALSE)"
CodeQL (actions)	Initialize CodeQL	2026-09-03T08:12:55.7200641Z                   }
CodeQL (actions)	Initialize CodeQL	2026-09-03T08:12:55.7200986Z                 }
CodeQL (actions)	Initialize CodeQL	2026-09-03T08:12:55.7201291Z               }
CodeQL (actions)	Initialize CodeQL	2026-09-03T08:12:55.7201571Z             }
CodeQL (actions)	Initialize CodeQL	2026-09-03T08:12:55.7201828Z           },
CodeQL (actions)	Initialize CodeQL	2026-09-03T08:12:55.7202192Z           "scale_timeouts" : {
CodeQL (actions)	Initialize CodeQL	2026-09-03T08:12:55.7202630Z             "title" : "Value to scale compiler introspection timeouts with",
CodeQL (actions)	Initialize CodeQL	2026-09-03T08:12:55.7204087Z             "description" : "The extractor attempts to determine what compiler the source code being extracted is compiled with. To this end the extractor makes additional calls to the compiler, some of which are expected to return within a certain fixed time (either 10s or 15s). On some systems that are under high load this time might be too short, and can be scaled up using this option.\n",
CodeQL (actions)	Initialize CodeQL	2026-09-03T08:12:55.7205498Z             "type" : "string",
CodeQL (actions)	Initialize CodeQL	2026-09-03T08:12:55.7205810Z             "pattern" : "[0-9]+"
CodeQL (actions)	Initialize CodeQL	2026-09-03T08:12:55.7206362Z           },
CodeQL (actions)	Initialize CodeQL	2026-09-03T08:12:55.7206672Z           "log_verbosity" : {
CodeQL (actions)	Initialize CodeQL	2026-09-03T08:12:55.7207083Z             "title" : "Verbosity of the extractor logging",
CodeQL (actions)	Initialize CodeQL	2026-09-03T08:12:55.7207772Z             "description" : "Set the verbosity of the extractor logging to 'quiet' (0), 'normal' (1), 'chatty' (2), or 'noisy' (3). The default is 'normal'.\n",
CodeQL (actions)	Initialize CodeQL	2026-09-03T08:12:55.7208396Z             "type" : "string",
CodeQL (actions)	Initialize CodeQL	2026-09-03T08:12:55.7208895Z             "pattern" : "[0-3]"
CodeQL (actions)	Initialize CodeQL	2026-09-03T08:12:55.7209216Z           },
CodeQL (actions)	Initialize CodeQL	2026-09-03T08:12:55.7209507Z           "frontend_options" : {
CodeQL (actions)	Initialize CodeQL	2026-09-03T08:12:55.7209888Z             "title" : "C/C++ extractor frontend options",
CodeQL (actions)	Initialize CodeQL	2026-09-03T08:12:55.7210454Z             "description" : "Set additional options that should be passed to the C/C++ extractor frontend.\n",
CodeQL (actions)	Initialize CodeQL	2026-09-03T08:12:55.7211064Z             "type" : "array",
CodeQL (actions)	Initialize CodeQL	2026-09-03T08:12:55.7211385Z             "visibility" : 3
CodeQL (actions)	Initialize CodeQL	2026-09-03T08:12:55.7211695Z           }
CodeQL (actions)	Initialize CodeQL	2026-09-03T08:12:55.7211977Z         }
CodeQL (actions)	Initialize CodeQL	2026-09-03T08:12:55.7212244Z       }
CodeQL (actions)	Initialize CodeQL	2026-09-03T08:12:55.7212543Z     ],
CodeQL (actions)	Initialize CodeQL	2026-09-03T08:12:55.7212810Z     "xml" : [
CodeQL (actions)	Initialize CodeQL	2026-09-03T08:12:55.7213077Z       {
CodeQL (actions)	Initialize CodeQL	2026-09-03T08:12:55.7213481Z         "extractor_root" : "/opt/hostedtoolcache/CodeQL/2.26.4/x64/codeql/xml"
CodeQL (actions)	Initialize CodeQL	2026-09-03T08:12:55.7213914Z       }
CodeQL (actions)	Initialize CodeQL	2026-09-03T08:12:55.7214246Z     ],
CodeQL (actions)	Initialize CodeQL	2026-09-03T08:12:55.7214511Z     "yaml" : [
CodeQL (actions)	Initialize CodeQL	2026-09-03T08:12:55.7214771Z       {
CodeQL (actions)	Initialize CodeQL	2026-09-03T08:12:55.7215154Z         "extractor_root" : "/opt/hostedtoolcache/CodeQL/2.26.4/x64/codeql/yaml"
CodeQL (actions)	Initialize CodeQL	2026-09-03T08:12:55.7215579Z       }
CodeQL (actions)	Initialize CodeQL	2026-09-03T08:12:55.7215842Z     ],
CodeQL (actions)	Initialize CodeQL	2026-09-03T08:12:55.7216139Z     "swift" : [
CodeQL (actions)	Initialize CodeQL	2026-09-03T08:12:55.7216417Z       {
CodeQL (actions)	Initialize CodeQL	2026-09-03T08:12:55.7216795Z         "extractor_root" : "/opt/hostedtoolcache/CodeQL/2.26.4/x64/codeql/swift"
CodeQL (actions)	Initialize CodeQL	2026-09-03T08:12:55.7217224Z       }
CodeQL (actions)	Initialize CodeQL	2026-09-03T08:12:55.7217544Z     ],
CodeQL (actions)	Initialize CodeQL	2026-09-03T08:12:55.7217819Z     "rust" : [
CodeQL (actions)	Initialize CodeQL	2026-09-03T08:12:55.7218093Z       {
CodeQL (actions)	Initialize CodeQL	2026-09-03T08:12:55.7218463Z         "extractor_root" : "/opt/hostedtoolcache/CodeQL/2.26.4/x64/codeql/rust",
CodeQL (actions)	Initialize CodeQL	2026-09-03T08:12:55.7219031Z         "extractor_options" : {
CodeQL (actions)	Initialize CodeQL	2026-09-03T08:12:55.7219345Z           "trap" : {
CodeQL (actions)	Initialize CodeQL	2026-09-03T08:12:55.7219744Z             "title" : "Options pertaining to TRAP.",
CodeQL (actions)	Initialize CodeQL	2026-09-03T08:12:55.7220158Z             "description" : "Options pertaining to TRAP.",
CodeQL (actions)	Initialize CodeQL	2026-09-03T08:12:55.7220542Z             "type" : "object",
CodeQL (actions)	Initialize CodeQL	2026-09-03T08:12:55.7220878Z             "properties" : {
CodeQL (actions)	Initialize CodeQL	2026-09-03T08:12:55.7221246Z               "compression" : {
CodeQL (actions)	Initialize CodeQL	2026-09-03T08:12:55.7221733Z                 "title" : "Controls compression for the TRAP files written by the extractor.",
CodeQL (actions)	Initialize CodeQL	2026-09-03T08:12:55.7222849Z                 "description" : "This option is only intended for use in debugging the extractor. Accepted values are 'gzip' (to write gzip-compressed TRAP) 'zstd' (the default, to write Zstandard-compressed TRAP) and 'none' (to write uncompressed TRAP).\n",
CodeQL (actions)	Initialize CodeQL	2026-09-03T08:12:55.7223916Z                 "type" : "string",
CodeQL (actions)	Initialize CodeQL	2026-09-03T08:12:55.7224286Z                 "pattern" : "^(none|gzip|zstd)$"
CodeQL (actions)	Initialize CodeQL	2026-09-03T08:12:55.7224673Z               }
CodeQL (actions)	Initialize CodeQL	2026-09-03T08:12:55.7224973Z             }
CodeQL (actions)	Initialize CodeQL	2026-09-03T08:12:55.7225285Z           },
CodeQL (actions)	Initialize CodeQL	2026-09-03T08:12:55.7225577Z           "cargo_target_dir" : {
CodeQL (actions)	Initialize CodeQL	2026-09-03T08:12:55.7225971Z             "title" : "Directory to use for cargo output files.",
CodeQL (actions)	Initialize CodeQL	2026-09-03T08:12:55.7227115Z             "description" : "This value is an optional path to use as `CARGO_TARGET_DIR` for the internal cargo commands the extractor uses. Pointing it to a persistent directory may reduce execution time of consecutive extractor runs. By default, a new scratch directory is used for each run.\n",
CodeQL (actions)	Initialize CodeQL	2026-09-03T08:12:55.7228192Z             "type" : "string"
CodeQL (actions)	Initialize CodeQL	2026-09-03T08:12:55.7228499Z           },
CodeQL (actions)	Initialize CodeQL	2026-09-03T08:12:55.7228940Z           "cargo_target" : {
CodeQL (actions)	Initialize CodeQL	2026-09-03T08:12:55.7229357Z             "title" : "Target architecture",
CodeQL (actions)	Initialize CodeQL	2026-09-03T08:12:55.7230154Z             "description" : "Target architecture to use for analysis, analogous to `cargo --target`. By default the host architecture is used.\n",
CodeQL (actions)	Initialize CodeQL	2026-09-03T08:12:55.7230797Z             "type" : "string"
CodeQL (actions)	Initialize CodeQL	2026-09-03T08:12:55.7231101Z           },
CodeQL (actions)	Initialize CodeQL	2026-09-03T08:12:55.7231371Z           "cargo_features" : {
CodeQL (actions)	Initialize CodeQL	2026-09-03T08:12:55.7231747Z             "title" : "Cargo features to turn on",
CodeQL (actions)	Initialize CodeQL	2026-09-03T08:12:55.7232856Z             "description" : "Comma-separated list of features to turn on. By default all features are enabled. If any features are specified, then only those features are enabled. The `default` feature must be explicitly specified if only default features are desired. Can be repeated.\n",
CodeQL (actions)	Initialize CodeQL	2026-09-03T08:12:55.7233908Z             "type" : "array"
CodeQL (actions)	Initialize CodeQL	2026-09-03T08:12:55.7234260Z           },
CodeQL (actions)	Initialize CodeQL	2026-09-03T08:12:55.7234536Z           "cargo_cfg_overrides" : {
CodeQL (actions)	Initialize CodeQL	2026-09-03T08:12:55.7234944Z             "title" : "Cargo cfg overrides",
CodeQL (actions)	Initialize CodeQL	2026-09-03T08:12:55.7235540Z             "description" : "Comma-separated list of cfg settings to enable, or disable if prefixed with `-`. Can be repeated.\n",
CodeQL (actions)	Initialize CodeQL	2026-09-03T08:12:55.7236116Z             "type" : "array"
CodeQL (actions)	Initialize CodeQL	2026-09-03T08:12:55.7236438Z           },
CodeQL (actions)	Initialize CodeQL	2026-09-03T08:12:55.7236713Z           "logging" : {
CodeQL (actions)	Initialize CodeQL	2026-09-03T08:12:55.7237068Z             "title" : "Options pertaining to logging.",
CodeQL (actions)	Initialize CodeQL	2026-09-03T08:12:55.7237516Z             "description" : "Options pertaining to logging.",
CodeQL (actions)	Initialize CodeQL	2026-09-03T08:12:55.7237943Z             "type" : "object",
CodeQL (actions)	Initialize CodeQL	2026-09-03T08:12:55.7238276Z             "properties" : {
CodeQL (actions)	Initialize CodeQL	2026-09-03T08:12:55.7238748Z               "verbosity" : {
CodeQL (actions)	Initialize CodeQL	2026-09-03T08:12:55.7239162Z                 "title" : "Extractor logging verbosity level.",
CodeQL (actions)	Initialize CodeQL	2026-09-03T08:12:55.7240182Z                 "description" : "Controls the level of verbosity of the extractor. The supported levels are (in order of increasing verbosity):\n  - off\n  - errors\n  - warnings\n  - info or progress\n  - debug or progress+\n  - trace or progress++\n  - progress+++\n",
CodeQL (actions)	Initialize CodeQL	2026-09-03T08:12:55.7241131Z                 "type" : "string",
CodeQL (actions)	Initialize CodeQL	2026-09-03T08:12:55.7241725Z                 "pattern" : "^(off|errors|warnings|(info|progress)|(debug|progress\\+)|(trace|progress\\+\\+)|progress\\+\\+\\+)$"
CodeQL (actions)	Initialize CodeQL	2026-09-03T08:12:55.7242323Z               },
CodeQL (actions)	Initialize CodeQL	2026-09-03T08:12:55.7242663Z               "flamegraph" : {
CodeQL (actions)	Initialize CodeQL	2026-09-03T08:12:55.7243068Z                 "title" : "[Experimental] File path for write flame graph log",
CodeQL (actions)	Initialize CodeQL	2026-09-03T08:12:55.7243996Z                 "description" : "Collect flame graph data using the `tracing-flame` crate. To render a flame graph or chart, run the `inferno-flamegraph` command. See also: https://crates.io/crates/tracing-flame\n",
CodeQL (actions)	Initialize CodeQL	2026-09-03T08:12:55.7244860Z                 "type" : "string"
CodeQL (actions)	Initialize CodeQL	2026-09-03T08:12:55.7245180Z               }
CodeQL (actions)	Initialize CodeQL	2026-09-03T08:12:55.7245457Z             }
CodeQL (actions)	Initialize CodeQL	2026-09-03T08:12:55.7245772Z           },
CodeQL (actions)	Initialize CodeQL	2026-09-03T08:12:55.7246077Z           "extract_dependencies_as_source" : {
CodeQL (actions)	Initialize CodeQL	2026-09-03T08:12:55.7246602Z             "title" : "Extract dependencies as source code",
CodeQL (actions)	Initialize CodeQL	2026-09-03T08:12:55.7247190Z             "description" : "Extract the full source code of dependencies instead of only extracting signatures.\n",
CodeQL (actions)	Initialize CodeQL	2026-09-03T08:12:55.7247771Z             "type" : "string",
CodeQL (actions)	Initialize CodeQL	2026-09-03T08:12:55.7248122Z             "pattern" : "^(false|true)$"
CodeQL (actions)	Initialize CodeQL	2026-09-03T08:12:55.7248464Z           }
CodeQL (actions)	Initialize CodeQL	2026-09-03T08:12:55.7248865Z         }
CodeQL (actions)	Initialize CodeQL	2026-09-03T08:12:55.7249139Z       }
CodeQL (actions)	Initialize CodeQL	2026-09-03T08:12:55.7249410Z     ],
CodeQL (actions)	Initialize CodeQL	2026-09-03T08:12:55.7249714Z     "actions" : [
CodeQL (actions)	Initialize CodeQL	2026-09-03T08:12:55.7250032Z       {
CodeQL (actions)	Initialize CodeQL	2026-09-03T08:12:55.7250446Z         "extractor_root" : "/opt/hostedtoolcache/CodeQL/2.26.4/x64/codeql/actions",
CodeQL (actions)	Initialize CodeQL	2026-09-03T08:12:55.7250911Z         "extractor_options" : {
CodeQL (actions)	Initialize CodeQL	2026-09-03T08:12:55.7251233Z           "trap" : {
CodeQL (actions)	Initialize CodeQL	2026-09-03T08:12:55.7251694Z             "title" : "TRAP options",
CodeQL (actions)	Initialize CodeQL	2026-09-03T08:12:55.7252138Z             "description" : "Options about how the extractor handles TRAP files",
CodeQL (actions)	Initialize CodeQL	2026-09-03T08:12:55.7252594Z             "type" : "object",
CodeQL (actions)	Initialize CodeQL	2026-09-03T08:12:55.7253002Z             "visibility" : 3,
CodeQL (actions)	Initialize CodeQL	2026-09-03T08:12:55.7253357Z             "properties" : {
CodeQL (actions)	Initialize CodeQL	2026-09-03T08:12:55.7253727Z               "cache" : {
CodeQL (actions)	Initialize CodeQL	2026-09-03T08:12:55.7254063Z                 "title" : "TRAP cache options",
CodeQL (actions)	Initialize CodeQL	2026-09-03T08:12:55.7254553Z                 "description" : "Options about how the extractor handles its TRAP cache",
CodeQL (actions)	Initialize CodeQL	2026-09-03T08:12:55.7255054Z                 "type" : "object",
CodeQL (actions)	Initialize CodeQL	2026-09-03T08:12:55.7255397Z                 "properties" : {
CodeQL (actions)	Initialize CodeQL	2026-09-03T08:12:55.7255736Z                   "dir" : {
CodeQL (actions)	Initialize CodeQL	2026-09-03T08:12:55.7256080Z                     "title" : "TRAP cache directory",
CodeQL (actions)	Initialize CodeQL	2026-09-03T08:12:55.7256504Z                     "description" : "The directory of the TRAP cache to use",
CodeQL (actions)	Initialize CodeQL	2026-09-03T08:12:55.7257007Z                     "type" : "string"
CodeQL (actions)	Initialize CodeQL	2026-09-03T08:12:55.7257335Z                   },
CodeQL (actions)	Initialize CodeQL	2026-09-03T08:12:55.7257646Z                   "bound" : {
CodeQL (actions)	Initialize CodeQL	2026-09-03T08:12:55.7257983Z                     "title" : "TRAP cache bound",
CodeQL (actions)	Initialize CodeQL	2026-09-03T08:12:55.7258425Z                     "description" : "A soft limit (in MB) on the size of the TRAP cache",
CodeQL (actions)	Initialize CodeQL	2026-09-03T08:12:55.7259070Z                     "type" : "string",
CodeQL (actions)	Initialize CodeQL	2026-09-03T08:12:55.7259429Z                     "pattern" : "[0-9]+"
CodeQL (actions)	Initialize CodeQL	2026-09-03T08:12:55.7259773Z                   },
CodeQL (actions)	Initialize CodeQL	2026-09-03T08:12:55.7260084Z                   "write" : {
CodeQL (actions)	Initialize CodeQL	2026-09-03T08:12:55.7260431Z                     "title" : "TRAP cache writeable",
CodeQL (actions)	Initialize CodeQL	2026-09-03T08:12:55.7260989Z                     "description" : "Whether to write to the TRAP cache as well as reading it",
CodeQL (actions)	Initialize CodeQL	2026-09-03T08:12:55.7261470Z                     "type" : "string",
CodeQL (actions)	Initialize CodeQL	2026-09-03T08:12:55.7261839Z                     "pattern" : "(true|TRUE|false|FALSE)"
CodeQL (actions)	Initialize CodeQL	2026-09-03T08:12:55.7262207Z                   }
CodeQL (actions)	Initialize CodeQL	2026-09-03T08:12:55.7262489Z                 }
CodeQL (actions)	Initialize CodeQL	2026-09-03T08:12:55.7262815Z               }
CodeQL (actions)	Initialize CodeQL	2026-09-03T08:12:55.7263087Z             }
CodeQL (actions)	Initialize CodeQL	2026-09-03T08:12:55.7263345Z           }
CodeQL (actions)	Initialize CodeQL	2026-09-03T08:12:55.7263646Z         }
CodeQL (actions)	Initialize CodeQL	2026-09-03T08:12:55.7263947Z       }
CodeQL (actions)	Initialize CodeQL	2026-09-03T08:12:55.7264246Z     ],
CodeQL (actions)	Initialize CodeQL	2026-09-03T08:12:55.7264520Z     "ruby" : [
CodeQL (actions)	Initialize CodeQL	2026-09-03T08:12:55.7264779Z       {
CodeQL (actions)	Initialize CodeQL	2026-09-03T08:12:55.7265181Z         "extractor_root" : "/opt/hostedtoolcache/CodeQL/2.26.4/x64/codeql/ruby",
CodeQL (actions)	Initialize CodeQL	2026-09-03T08:12:55.7265636Z         "extractor_options" : {
CodeQL (actions)	Initialize CodeQL	2026-09-03T08:12:55.7265958Z           "trap" : {
CodeQL (actions)	Initialize CodeQL	2026-09-03T08:12:55.7266319Z             "title" : "Options pertaining to TRAP.",
CodeQL (actions)	Initialize CodeQL	2026-09-03T08:12:55.7266733Z             "description" : "Options pertaining to TRAP.",
CodeQL (actions)	Initialize CodeQL	2026-09-03T08:12:55.7267130Z             "type" : "object",
CodeQL (actions)	Initialize CodeQL	2026-09-03T08:12:55.7267487Z             "properties" : {
CodeQL (actions)	Initialize CodeQL	2026-09-03T08:12:55.7267837Z               "compression" : {
CodeQL (actions)	Initialize CodeQL	2026-09-03T08:12:55.7268298Z                 "title" : "Controls compression for the TRAP files written by the extractor.",
CodeQL (actions)	Initialize CodeQL	2026-09-03T08:12:55.7269527Z                 "description" : "This option is only intended for use in debugging the extractor. Accepted values are 'gzip' (the default, to write gzip-compressed TRAP) 'zstd' (to write Zstandard-compressed TRAP) and 'none' (to write uncompressed TRAP).\n",
CodeQL (actions)	Initialize CodeQL	2026-09-03T08:12:55.7271058Z                 "type" : "string",
CodeQL (actions)	Initialize CodeQL	2026-09-03T08:12:55.7271547Z                 "pattern" : "^(none|gzip|zstd)$"
CodeQL (actions)	Initialize CodeQL	2026-09-03T08:12:55.7272514Z               }
CodeQL (actions)	Initialize CodeQL	2026-09-03T08:12:55.7272922Z             }
CodeQL (actions)	Initialize CodeQL	2026-09-03T08:12:55.7273208Z           }
CodeQL (actions)	Initialize CodeQL	2026-09-03T08:12:55.7273517Z         }
CodeQL (actions)	Initialize CodeQL	2026-09-03T08:12:55.7273786Z       }
CodeQL (actions)	Initialize CodeQL	2026-09-03T08:12:55.7274065Z     ],
CodeQL (actions)	Initialize CodeQL	2026-09-03T08:12:55.7274383Z     "csv" : [
CodeQL (actions)	Initialize CodeQL	2026-09-03T08:12:55.7274663Z       {
CodeQL (actions)	Initialize CodeQL	2026-09-03T08:12:55.7275040Z         "extractor_root" : "/opt/hostedtoolcache/CodeQL/2.26.4/x64/codeql/csv"
CodeQL (actions)	Initialize CodeQL	2026-09-03T08:12:55.7275478Z       }
CodeQL (actions)	Initialize CodeQL	2026-09-03T08:12:55.7275759Z     ],
CodeQL (actions)	Initialize CodeQL	2026-09-03T08:12:55.7276047Z     "properties" : [
CodeQL (actions)	Initialize CodeQL	2026-09-03T08:12:55.7276787Z       {
CodeQL (actions)	Initialize CodeQL	2026-09-03T08:12:55.7277184Z         "extractor_root" : "/opt/hostedtoolcache/CodeQL/2.26.4/x64/codeql/properties"
CodeQL (actions)	Initialize CodeQL	2026-09-03T08:12:55.7277648Z       }
CodeQL (actions)	Initialize CodeQL	2026-09-03T08:12:55.7277948Z     ],
CodeQL (actions)	Initialize CodeQL	2026-09-03T08:12:55.7278228Z     "html" : [
CodeQL (actions)	Initialize CodeQL	2026-09-03T08:12:55.7279265Z       {
CodeQL (actions)	Initialize CodeQL	2026-09-03T08:12:55.7279616Z         "extractor_root" : "/opt/hostedtoolcache/CodeQL/2.26.4/x64/codeql/html"
CodeQL (actions)	Initialize CodeQL	2026-09-03T08:12:55.7280077Z       }
CodeQL (actions)	Initialize CodeQL	2026-09-03T08:12:55.7280359Z     ],
CodeQL (actions)	Initialize CodeQL	2026-09-03T08:12:55.7280628Z     "python" : [
CodeQL (actions)	Initialize CodeQL	2026-09-03T08:12:55.7280954Z       {
CodeQL (actions)	Initialize CodeQL	2026-09-03T08:12:55.7281311Z         "extractor_root" : "/opt/hostedtoolcache/CodeQL/2.26.4/x64/codeql/python",
CodeQL (actions)	Initialize CodeQL	2026-09-03T08:12:55.7281793Z         "extractor_options" : {
CodeQL (actions)	Initialize CodeQL	2026-09-03T08:12:55.7282149Z           "logging" : {
CodeQL (actions)	Initialize CodeQL	2026-09-03T08:12:55.7282491Z             "title" : "Options pertaining to logging.",
CodeQL (actions)	Initialize CodeQL	2026-09-03T08:12:55.7282934Z             "description" : "Options pertaining to logging.",
CodeQL (actions)	Initialize CodeQL	2026-09-03T08:12:55.7283328Z             "type" : "object",
CodeQL (actions)	Initialize CodeQL	2026-09-03T08:12:55.7283678Z             "properties" : {
CodeQL (actions)	Initialize CodeQL	2026-09-03T08:12:55.7284024Z               "verbosity" : {
CodeQL (actions)	Initialize CodeQL	2026-09-03T08:12:55.7284443Z                 "title" : "Python extractor logging verbosity level.",
CodeQL (actions)	Initialize CodeQL	2026-09-03T08:12:55.7285561Z                 "description" : "Controls the level of verbosity of the CodeQL Python extractor.\nThe supported levels are (in order of increasing verbosity):\n\n  - off\n  - errors\n  - warnings\n  - info or progress\n  - debug or progress+\n  - trace or progress++\n  - progress+++\n",
CodeQL (actions)	Initialize CodeQL	2026-09-03T08:12:55.7286600Z                 "type" : "string",
CodeQL (actions)	Initialize CodeQL	2026-09-03T08:12:55.7287193Z                 "pattern" : "^(off|errors|warnings|(info|progress)|(debug|progress\\+)|(trace|progress\\+\\+)|progress\\+\\+\\+)$"
CodeQL (actions)	Initialize CodeQL	2026-09-03T08:12:55.7287774Z               }
CodeQL (actions)	Initialize CodeQL	2026-09-03T08:12:55.7288041Z             }
CodeQL (actions)	Initialize CodeQL	2026-09-03T08:12:55.7288341Z           },
CodeQL (actions)	Initialize CodeQL	2026-09-03T08:12:55.7288779Z           "python_executable_name" : {
CodeQL (actions)	Initialize CodeQL	2026-09-03T08:12:55.7289361Z             "title" : "Controls the name of the Python executable used by the Python extractor.",
CodeQL (actions)	Initialize CodeQL	2026-09-03T08:12:55.7290798Z             "description" : "The Python extractor uses platform-dependent heuristics to determine the name of the Python executable to use. Specifying a value for this option overrides the name of the Python executable used by the extractor. Accepted values are py, python and python3. Use this setting with caution, the Python extractor requires Python 3 to run.\n",
CodeQL (actions)	Initialize CodeQL	2026-09-03T08:12:55.7292102Z             "type" : "string",
CodeQL (actions)	Initialize CodeQL	2026-09-03T08:12:55.7292479Z             "pattern" : "^(py|python|python3)$"
CodeQL (actions)	Initialize CodeQL	2026-09-03T08:12:55.7292837Z           }
CodeQL (actions)	Initialize CodeQL	2026-09-03T08:12:55.7293109Z         }
CodeQL (actions)	Initialize CodeQL	2026-09-03T08:12:55.7293454Z       }
CodeQL (actions)	Initialize CodeQL	2026-09-03T08:12:55.7293703Z     ]
CodeQL (actions)	Initialize CodeQL	2026-09-03T08:12:55.7294012Z   }
CodeQL (actions)	Initialize CodeQL	2026-09-03T08:12:55.7294284Z }
CodeQL (actions)	Initialize CodeQL	2026-09-03T08:12:55.7352681Z Detected no issues with the code scanning workflow.
CodeQL (actions)	Initialize CodeQL	2026-09-03T08:12:55.7354090Z ##[endgroup]
CodeQL (actions)	Initialize CodeQL	2026-09-03T08:12:55.7356652Z ##[group]Load language configuration
CodeQL (actions)	Initialize CodeQL	2026-09-03T08:12:55.7363171Z [command]/opt/hostedtoolcache/CodeQL/2.26.4/x64/codeql/codeql resolve languages --format=betterjson --extractor-options-verbosity=4 --extractor-include-aliases --filter-to-languages-with-queries
CodeQL (actions)	Initialize CodeQL	2026-09-03T08:12:56.6320257Z {
CodeQL (actions)	Initialize CodeQL	2026-09-03T08:12:56.6329618Z   "aliases" : {
CodeQL (actions)	Initialize CodeQL	2026-09-03T08:12:56.6330274Z     "c" : "cpp",
CodeQL (actions)	Initialize CodeQL	2026-09-03T08:12:56.6330992Z     "c++" : "cpp",
CodeQL (actions)	Initialize CodeQL	2026-09-03T08:12:56.6331641Z     "c-c++" : "cpp",
CodeQL (actions)	Initialize CodeQL	2026-09-03T08:12:56.6332302Z     "c-cpp" : "cpp",
CodeQL (actions)	Initialize CodeQL	2026-09-03T08:12:56.6332923Z     "c#" : "csharp",
CodeQL (actions)	Initialize CodeQL	2026-09-03T08:12:56.6333460Z     "java-kotlin" : "java",
CodeQL (actions)	Initialize CodeQL	2026-09-03T08:12:56.6334134Z     "kotlin" : "java",
CodeQL (actions)	Initialize CodeQL	2026-09-03T08:12:56.6334798Z     "javascript-typescript" : "javascript",
CodeQL (actions)	Initialize CodeQL	2026-09-03T08:12:56.6335563Z     "typescript" : "javascript"
CodeQL (actions)	Initialize CodeQL	2026-09-03T08:12:56.6336164Z   },
CodeQL (actions)	Initialize CodeQL	2026-09-03T08:12:56.6336675Z   "extractors" : {
CodeQL (actions)	Initialize CodeQL	2026-09-03T08:12:56.6337285Z     "rust" : [
CodeQL (actions)	Initialize CodeQL	2026-09-03T08:12:56.6337810Z       {
CodeQL (actions)	Initialize CodeQL	2026-09-03T08:12:56.6338542Z         "extractor_root" : "/opt/hostedtoolcache/CodeQL/2.26.4/x64/codeql/rust",
CodeQL (actions)	Initialize CodeQL	2026-09-03T08:12:56.6339646Z         "extractor_options" : {
CodeQL (actions)	Initialize CodeQL	2026-09-03T08:12:56.6340250Z           "trap" : {
CodeQL (actions)	Initialize CodeQL	2026-09-03T08:12:56.6340872Z             "title" : "Options pertaining to TRAP.",
CodeQL (actions)	Initialize CodeQL	2026-09-03T08:12:56.6341710Z             "description" : "Options pertaining to TRAP.",
CodeQL (actions)	Initialize CodeQL	2026-09-03T08:12:56.6342985Z             "type" : "object",
CodeQL (actions)	Initialize CodeQL	2026-09-03T08:12:56.6343623Z             "properties" : {
CodeQL (actions)	Initialize CodeQL	2026-09-03T08:12:56.6344237Z               "compression" : {
CodeQL (actions)	Initialize CodeQL	2026-09-03T08:12:56.6345146Z                 "title" : "Controls compression for the TRAP files written by the extractor.",
CodeQL (actions)	Initialize CodeQL	2026-09-03T08:12:56.6347114Z                 "description" : "This option is only intended for use in debugging the extractor. Accepted values are 'gzip' (to write gzip-compressed TRAP) 'zstd' (the default, to write Zstandard-compressed TRAP) and 'none' (to write uncompressed TRAP).\n",
CodeQL (actions)	Initialize CodeQL	2026-09-03T08:12:56.6349028Z                 "type" : "string",
CodeQL (actions)	Initialize CodeQL	2026-09-03T08:12:56.6349708Z                 "pattern" : "^(none|gzip|zstd)$"
CodeQL (actions)	Initialize CodeQL	2026-09-03T08:12:56.6350316Z               }
CodeQL (actions)	Initialize CodeQL	2026-09-03T08:12:56.6350864Z             }
CodeQL (actions)	Initialize CodeQL	2026-09-03T08:12:56.6351393Z           },
CodeQL (actions)	Initialize CodeQL	2026-09-03T08:12:56.6351954Z           "cargo_target_dir" : {
CodeQL (actions)	Initialize CodeQL	2026-09-03T08:12:56.6352694Z             "title" : "Directory to use for cargo output files.",
CodeQL (actions)	Initialize CodeQL	2026-09-03T08:12:56.6354591Z             "description" : "This value is an optional path to use as `CARGO_TARGET_DIR` for the internal cargo commands the extractor uses. Pointing it to a persistent directory may reduce execution time of consecutive extractor runs. By default, a new scratch directory is used for each run.\n",
CodeQL (actions)	Initialize CodeQL	2026-09-03T08:12:56.6356316Z             "type" : "string"
CodeQL (actions)	Initialize CodeQL	2026-09-03T08:12:56.6356918Z           },
CodeQL (actions)	Initialize CodeQL	2026-09-03T08:12:56.6357479Z           "cargo_target" : {
CodeQL (actions)	Initialize CodeQL	2026-09-03T08:12:56.6358121Z             "title" : "Target architecture",
CodeQL (actions)	Initialize CodeQL	2026-09-03T08:12:56.6359447Z             "description" : "Target architecture to use for analysis, analogous to `cargo --target`. By default the host architecture is used.\n",
CodeQL (actions)	Initialize CodeQL	2026-09-03T08:12:56.6360788Z             "type" : "string"
CodeQL (actions)	Initialize CodeQL	2026-09-03T08:12:56.6361403Z           },
CodeQL (actions)	Initialize CodeQL	2026-09-03T08:12:56.6361942Z           "cargo_features" : {
CodeQL (actions)	Initialize CodeQL	2026-09-03T08:12:56.6362619Z             "title" : "Cargo features to turn on",
CodeQL (actions)	Initialize CodeQL	2026-09-03T08:12:56.6364494Z             "description" : "Comma-separated list of features to turn on. By default all features are enabled. If any features are specified, then only those features are enabled. The `default` feature must be explicitly specified if only default features are desired. Can be repeated.\n",
CodeQL (actions)	Initialize CodeQL	2026-09-03T08:12:56.6366409Z             "type" : "array"
CodeQL (actions)	Initialize CodeQL	2026-09-03T08:12:56.6367085Z           },
CodeQL (actions)	Initialize CodeQL	2026-09-03T08:12:56.6367656Z           "cargo_cfg_overrides" : {
CodeQL (actions)	Initialize CodeQL	2026-09-03T08:12:56.6368344Z             "title" : "Cargo cfg overrides",
CodeQL (actions)	Initialize CodeQL	2026-09-03T08:12:56.6369708Z             "description" : "Comma-separated list of cfg settings to enable, or disable if prefixed with `-`. Can be repeated.\n",
CodeQL (actions)	Initialize CodeQL	2026-09-03T08:12:56.6370923Z             "type" : "array"
CodeQL (actions)	Initialize CodeQL	2026-09-03T08:12:56.6371727Z           },
CodeQL (actions)	Initialize CodeQL	2026-09-03T08:12:56.6372822Z           "logging" : {
CodeQL (actions)	Initialize CodeQL	2026-09-03T08:12:56.6373530Z             "title" : "Options pertaining to logging.",
CodeQL (actions)	Initialize CodeQL	2026-09-03T08:12:56.6374580Z             "description" : "Options pertaining to logging.",
CodeQL (actions)	Initialize CodeQL	2026-09-03T08:12:56.6375393Z             "type" : "object",
CodeQL (actions)	Initialize CodeQL	2026-09-03T08:12:56.6376013Z             "properties" : {
CodeQL (actions)	Initialize CodeQL	2026-09-03T08:12:56.6376669Z               "verbosity" : {
CodeQL (actions)	Initialize CodeQL	2026-09-03T08:12:56.6377491Z                 "title" : "Extractor logging verbosity level.",
CodeQL (actions)	Initialize CodeQL	2026-09-03T08:12:56.6379470Z                 "description" : "Controls the level of verbosity of the extractor. The supported levels are (in order of increasing verbosity):\n  - off\n  - errors\n  - warnings\n  - info or progress\n  - debug or progress+\n  - trace or progress++\n  - progress+++\n",
CodeQL (actions)	Initialize CodeQL	2026-09-03T08:12:56.6381383Z                 "type" : "string",
CodeQL (actions)	Initialize CodeQL	2026-09-03T08:12:56.6382394Z                 "pattern" : "^(off|errors|warnings|(info|progress)|(debug|progress\\+)|(trace|progress\\+\\+)|progress\\+\\+\\+)$"
CodeQL (actions)	Initialize CodeQL	2026-09-03T08:12:56.6383406Z               },
CodeQL (actions)	Initialize CodeQL	2026-09-03T08:12:56.6384051Z               "flamegraph" : {
CodeQL (actions)	Initialize CodeQL	2026-09-03T08:12:56.6384838Z                 "title" : "[Experimental] File path for write flame graph log",
CodeQL (actions)	Initialize CodeQL	2026-09-03T08:12:56.6386590Z                 "description" : "Collect flame graph data using the `tracing-flame` crate. To render a flame graph or chart, run the `inferno-flamegraph` command. See also: https://crates.io/crates/tracing-flame\n",
CodeQL (actions)	Initialize CodeQL	2026-09-03T08:12:56.6388466Z                 "type" : "string"
CodeQL (actions)	Initialize CodeQL	2026-09-03T08:12:56.6389315Z               }
CodeQL (actions)	Initialize CodeQL	2026-09-03T08:12:56.6389903Z             }
CodeQL (actions)	Initialize CodeQL	2026-09-03T08:12:56.6390469Z           },
CodeQL (actions)	Initialize CodeQL	2026-09-03T08:12:56.6391117Z           "extract_dependencies_as_source" : {
CodeQL (actions)	Initialize CodeQL	2026-09-03T08:12:56.6392067Z             "title" : "Extract dependencies as source code",
CodeQL (actions)	Initialize CodeQL	2026-09-03T08:12:56.6393156Z             "description" : "Extract the full source code of dependencies instead of only extracting signatures.\n",
CodeQL (actions)	Initialize CodeQL	2026-09-03T08:12:56.6394236Z             "type" : "string",
CodeQL (actions)	Initialize CodeQL	2026-09-03T08:12:56.6394892Z             "pattern" : "^(false|true)$"
CodeQL (actions)	Initialize CodeQL	2026-09-03T08:12:56.6395610Z           }
CodeQL (actions)	Initialize CodeQL	2026-09-03T08:12:56.6396131Z         }
CodeQL (actions)	Initialize CodeQL	2026-09-03T08:12:56.6396752Z       }
CodeQL (actions)	Initialize CodeQL	2026-09-03T08:12:56.6397259Z     ],
CodeQL (actions)	Initialize CodeQL	2026-09-03T08:12:56.6398052Z     "csharp" : [
CodeQL (actions)	Initialize CodeQL	2026-09-03T08:12:56.6398784Z       {
CodeQL (actions)	Initialize CodeQL	2026-09-03T08:12:56.6399476Z         "extractor_root" : "/opt/hostedtoolcache/CodeQL/2.26.4/x64/codeql/csharp",
CodeQL (actions)	Initialize CodeQL	2026-09-03T08:12:56.6400408Z         "extractor_options" : {
CodeQL (actions)	Initialize CodeQL	2026-09-03T08:12:56.6401148Z           "trap" : {
CodeQL (actions)	Initialize CodeQL	2026-09-03T08:12:56.6401789Z             "title" : "Options pertaining to TRAP.",
CodeQL (actions)	Initialize CodeQL	2026-09-03T08:12:56.6402667Z             "description" : "Options pertaining to TRAP.",
CodeQL (actions)	Initialize CodeQL	2026-09-03T08:12:56.6403377Z             "type" : "object",
CodeQL (actions)	Initialize CodeQL	2026-09-03T08:12:56.6404030Z             "properties" : {
CodeQL (actions)	Initialize CodeQL	2026-09-03T08:12:56.6404676Z               "compression" : {
CodeQL (actions)	Initialize CodeQL	2026-09-03T08:12:56.6405662Z                 "title" : "Controls compression for the TRAP files written by the extractor.",
CodeQL (actions)	Initialize CodeQL	2026-09-03T08:12:56.6407477Z                 "description" : "This option is only intended for use in debugging the extractor. Accepted values are 'brotli' (the default, to write brotli-compressed TRAP), 'gzip', and 'none' (to write uncompressed TRAP).\n",
CodeQL (actions)	Initialize CodeQL	2026-09-03T08:12:56.6409376Z                 "type" : "string",
CodeQL (actions)	Initialize CodeQL	2026-09-03T08:12:56.6410019Z                 "pattern" : "^(none|gzip|brotli)$"
CodeQL (actions)	Initialize CodeQL	2026-09-03T08:12:56.6410786Z               }
CodeQL (actions)	Initialize CodeQL	2026-09-03T08:12:56.6411354Z             }
CodeQL (actions)	Initialize CodeQL	2026-09-03T08:12:56.6411945Z           },
CodeQL (actions)	Initialize CodeQL	2026-09-03T08:12:56.6412493Z           "buildless" : {
CodeQL (actions)	Initialize CodeQL	2026-09-03T08:12:56.6413361Z             "title" : "DEPRECATED - Whether to use buildless (standalone) extraction.",
CodeQL (actions)	Initialize CodeQL	2026-09-03T08:12:56.6416067Z             "description" : "DEPRECATED: Use `--build-mode none` instead.\nA value indicating, which type of extraction the autobuilder should perform. If 'true', then the standalone extractor will be used, otherwise tracing extraction will be performed. The default is 'false'. Note that buildless extraction will generally yield less accurate analysis results, and should only be used in cases where it is not possible to build the code (for example if it uses inaccessible dependencies).\n",
CodeQL (actions)	Initialize CodeQL	2026-09-03T08:12:56.6418088Z             "type" : "string",
CodeQL (actions)	Initialize CodeQL	2026-09-03T08:12:56.6418760Z             "pattern" : "^(false|true)$"
CodeQL (actions)	Initialize CodeQL	2026-09-03T08:12:56.6419429Z           },
CodeQL (actions)	Initialize CodeQL	2026-09-03T08:12:56.6419851Z           "logging" : {
CodeQL (actions)	Initialize CodeQL	2026-09-03T08:12:56.6420444Z             "title" : "Options pertaining to logging.",
CodeQL (actions)	Initialize CodeQL	2026-09-03T08:12:56.6420924Z             "description" : "Options pertaining to logging.",
CodeQL (actions)	Initialize CodeQL	2026-09-03T08:12:56.6421394Z             "type" : "object",
CodeQL (actions)	Initialize CodeQL	2026-09-03T08:12:56.6421909Z             "properties" : {
CodeQL (actions)	Initialize CodeQL	2026-09-03T08:12:56.6422354Z               "verbosity" : {
CodeQL (actions)	Initialize CodeQL	2026-09-03T08:12:56.6423031Z                 "title" : "Extractor logging verbosity level.",
CodeQL (actions)	Initialize CodeQL	2026-09-03T08:12:56.6424564Z                 "description" : "Controls the level of verbosity of the extractor. The supported levels are (in order of increasing verbosity):\n  - off\n  - errors\n  - warnings\n  - info or progress\n  - debug or progress+\n  - trace or progress++\n  - progress+++\n",
CodeQL (actions)	Initialize CodeQL	2026-09-03T08:12:56.6425635Z                 "type" : "string",
CodeQL (actions)	Initialize CodeQL	2026-09-03T08:12:56.6426214Z                 "pattern" : "^(off|errors|warnings|(info|progress)|(debug|progress\\+)|(trace|progress\\+\\+)|progress\\+\\+\\+)$"
CodeQL (actions)	Initialize CodeQL	2026-09-03T08:12:56.6427011Z               }
CodeQL (actions)	Initialize CodeQL	2026-09-03T08:12:56.6427313Z             }
CodeQL (actions)	Initialize CodeQL	2026-09-03T08:12:56.6427598Z           },
CodeQL (actions)	Initialize CodeQL	2026-09-03T08:12:56.6427896Z           "binlog" : {
CodeQL (actions)	Initialize CodeQL	2026-09-03T08:12:56.6428210Z             "title" : "Binlog",
CodeQL (actions)	Initialize CodeQL	2026-09-03T08:12:56.6429260Z             "description" : "[EXPERIMENTAL] The value is a path to the MsBuild binary log file that should be extracted. This option only works when `--build-mode none` is also specified.\n",
CodeQL (actions)	Initialize CodeQL	2026-09-03T08:12:56.6430041Z             "type" : "array"
CodeQL (actions)	Initialize CodeQL	2026-09-03T08:12:56.6430361Z           },
CodeQL (actions)	Initialize CodeQL	2026-09-03T08:12:56.6430686Z           "buildless_dependency_dir" : {
CodeQL (actions)	Initialize CodeQL	2026-09-03T08:12:56.6431194Z             "title" : "The path where buildless (standalone) extraction should keep dependencies.",
CodeQL (actions)	Initialize CodeQL	2026-09-03T08:12:56.6431927Z             "description" : "If set, the buildless (standalone) extractor will store dependencies in this directory.\n",
CodeQL (actions)	Initialize CodeQL	2026-09-03T08:12:56.6432528Z             "type" : "string"
CodeQL (actions)	Initialize CodeQL	2026-09-03T08:12:56.6432846Z           }
CodeQL (actions)	Initialize CodeQL	2026-09-03T08:12:56.6433170Z         }
CodeQL (actions)	Initialize CodeQL	2026-09-03T08:12:56.6433437Z       }
CodeQL (actions)	Initialize CodeQL	2026-09-03T08:12:56.6433711Z     ],
CodeQL (actions)	Initialize CodeQL	2026-09-03T08:12:56.6434012Z     "cpp" : [
CodeQL (actions)	Initialize CodeQL	2026-09-03T08:12:56.6434286Z       {
CodeQL (actions)	Initialize CodeQL	2026-09-03T08:12:56.6434681Z         "extractor_root" : "/opt/hostedtoolcache/CodeQL/2.26.4/x64/codeql/cpp",
CodeQL (actions)	Initialize CodeQL	2026-09-03T08:12:56.6435153Z         "extractor_options" : {
CodeQL (actions)	Initialize CodeQL	2026-09-03T08:12:56.6435502Z           "trap" : {
CodeQL (actions)	Initialize CodeQL	2026-09-03T08:12:56.6435838Z             "title" : "TRAP options",
CodeQL (actions)	Initialize CodeQL	2026-09-03T08:12:56.6436284Z             "description" : "Options about how the extractor handles TRAP files",
CodeQL (actions)	Initialize CodeQL	2026-09-03T08:12:56.6436768Z             "type" : "object",
CodeQL (actions)	Initialize CodeQL	2026-09-03T08:12:56.6437169Z             "visibility" : 3,
CodeQL (actions)	Initialize CodeQL	2026-09-03T08:12:56.6437520Z             "properties" : {
CodeQL (actions)	Initialize CodeQL	2026-09-03T08:12:56.6437847Z               "cache" : {
CodeQL (actions)	Initialize CodeQL	2026-09-03T08:12:56.6438218Z                 "title" : "TRAP cache options",
CodeQL (actions)	Initialize CodeQL	2026-09-03T08:12:56.6438840Z                 "description" : "Options about how the extractor handles its TRAP cache",
CodeQL (actions)	Initialize CodeQL	2026-09-03T08:12:56.6439337Z                 "type" : "object",
CodeQL (actions)	Initialize CodeQL	2026-09-03T08:12:56.6439707Z                 "properties" : {
CodeQL (actions)	Initialize CodeQL	2026-09-03T08:12:56.6440055Z                   "dir" : {
CodeQL (actions)	Initialize CodeQL	2026-09-03T08:12:56.6440400Z                     "title" : "TRAP cache directory",
CodeQL (actions)	Initialize CodeQL	2026-09-03T08:12:56.6440832Z                     "description" : "The directory of the TRAP cache to use",
CodeQL (actions)	Initialize CodeQL	2026-09-03T08:12:56.6441293Z                     "type" : "string"
CodeQL (actions)	Initialize CodeQL	2026-09-03T08:12:56.6441656Z                   },
CodeQL (actions)	Initialize CodeQL	2026-09-03T08:12:56.6442001Z                   "bound" : {
CodeQL (actions)	Initialize CodeQL	2026-09-03T08:12:56.6442361Z                     "title" : "TRAP cache bound",
CodeQL (actions)	Initialize CodeQL	2026-09-03T08:12:56.6442809Z                     "description" : "A soft limit (in MB) on the size of the TRAP cache",
CodeQL (actions)	Initialize CodeQL	2026-09-03T08:12:56.6443304Z                     "type" : "string",
CodeQL (actions)	Initialize CodeQL	2026-09-03T08:12:56.6443802Z                     "pattern" : "[0-9]+"
CodeQL (actions)	Initialize CodeQL	2026-09-03T08:12:56.6444151Z                   },
CodeQL (actions)	Initialize CodeQL	2026-09-03T08:12:56.6444468Z                   "write" : {
CodeQL (actions)	Initialize CodeQL	2026-09-03T08:12:56.6444815Z                     "title" : "TRAP cache writeable",
CodeQL (actions)	Initialize CodeQL	2026-09-03T08:12:56.6445312Z                     "description" : "Whether to write to the TRAP cache as well as reading it",
CodeQL (actions)	Initialize CodeQL	2026-09-03T08:12:56.6445846Z                     "type" : "string",
CodeQL (actions)	Initialize CodeQL	2026-09-03T08:12:56.6446210Z                     "pattern" : "(true|TRUE|false|FALSE)"
CodeQL (actions)	Initialize CodeQL	2026-09-03T08:12:56.6446605Z                   }
CodeQL (actions)	Initialize CodeQL	2026-09-03T08:12:56.6446889Z                 }
CodeQL (actions)	Initialize CodeQL	2026-09-03T08:12:56.6447210Z               }
CodeQL (actions)	Initialize CodeQL	2026-09-03T08:12:56.6447484Z             }
CodeQL (actions)	Initialize CodeQL	2026-09-03T08:12:56.6447744Z           },
CodeQL (actions)	Initialize CodeQL	2026-09-03T08:12:56.6448063Z           "scale_timeouts" : {
CodeQL (actions)	Initialize CodeQL	2026-09-03T08:12:56.6448480Z             "title" : "Value to scale compiler introspection timeouts with",
CodeQL (actions)	Initialize CodeQL	2026-09-03T08:12:56.6450294Z             "description" : "The extractor attempts to determine what compiler the source code being extracted is compiled with. To this end the extractor makes additional calls to the compiler, some of which are expected to return within a certain fixed time (either 10s or 15s). On some systems that are under high load this time might be too short, and can be scaled up using this option.\n",
CodeQL (actions)	Initialize CodeQL	2026-09-03T08:12:56.6451740Z             "type" : "string",
CodeQL (actions)	Initialize CodeQL	2026-09-03T08:12:56.6452060Z             "pattern" : "[0-9]+"
CodeQL (actions)	Initialize CodeQL	2026-09-03T08:12:56.6452410Z           },
CodeQL (actions)	Initialize CodeQL	2026-09-03T08:12:56.6452696Z           "log_verbosity" : {
CodeQL (actions)	Initialize CodeQL	2026-09-03T08:12:56.6453094Z             "title" : "Verbosity of the extractor logging",
CodeQL (actions)	Initialize CodeQL	2026-09-03T08:12:56.6453790Z             "description" : "Set the verbosity of the extractor logging to 'quiet' (0), 'normal' (1), 'chatty' (2), or 'noisy' (3). The default is 'normal'.\n",
CodeQL (actions)	Initialize CodeQL	2026-09-03T08:12:56.6454436Z             "type" : "string",
CodeQL (actions)	Initialize CodeQL	2026-09-03T08:12:56.6454789Z             "pattern" : "[0-3]"
CodeQL (actions)	Initialize CodeQL	2026-09-03T08:12:56.6455105Z           },
CodeQL (actions)	Initialize CodeQL	2026-09-03T08:12:56.6455420Z           "frontend_options" : {
CodeQL (actions)	Initialize CodeQL	2026-09-03T08:12:56.6455799Z             "title" : "C/C++ extractor frontend options",
CodeQL (actions)	Initialize CodeQL	2026-09-03T08:12:56.6456387Z             "description" : "Set additional options that should be passed to the C/C++ extractor frontend.\n",
CodeQL (actions)	Initialize CodeQL	2026-09-03T08:12:56.6456933Z             "type" : "array",
CodeQL (actions)	Initialize CodeQL	2026-09-03T08:12:56.6457255Z             "visibility" : 3
CodeQL (actions)	Initialize CodeQL	2026-09-03T08:12:56.6457623Z           }
CodeQL (actions)	Initialize CodeQL	2026-09-03T08:12:56.6457902Z         }
CodeQL (actions)	Initialize CodeQL	2026-09-03T08:12:56.6458171Z       }
CodeQL (actions)	Initialize CodeQL	2026-09-03T08:12:56.6458445Z     ],
CodeQL (actions)	Initialize CodeQL	2026-09-03T08:12:56.6458878Z     "python" : [
CodeQL (actions)	Initialize CodeQL	2026-09-03T08:12:56.6459183Z       {
CodeQL (actions)	Initialize CodeQL	2026-09-03T08:12:56.6459597Z         "extractor_root" : "/opt/hostedtoolcache/CodeQL/2.26.4/x64/codeql/python",
CodeQL (actions)	Initialize CodeQL	2026-09-03T08:12:56.6460057Z         "extractor_options" : {
CodeQL (actions)	Initialize CodeQL	2026-09-03T08:12:56.6460443Z           "logging" : {
CodeQL (actions)	Initialize CodeQL	2026-09-03T08:12:56.6460801Z             "title" : "Options pertaining to logging.",
CodeQL (actions)	Initialize CodeQL	2026-09-03T08:12:56.6461266Z             "description" : "Options pertaining to logging.",
CodeQL (actions)	Initialize CodeQL	2026-09-03T08:12:56.6461689Z             "type" : "object",
CodeQL (actions)	Initialize CodeQL	2026-09-03T08:12:56.6462017Z             "properties" : {
CodeQL (actions)	Initialize CodeQL	2026-09-03T08:12:56.6462357Z               "verbosity" : {
CodeQL (actions)	Initialize CodeQL	2026-09-03T08:12:56.6462746Z                 "title" : "Python extractor logging verbosity level.",
CodeQL (actions)	Initialize CodeQL	2026-09-03T08:12:56.6463860Z                 "description" : "Controls the level of verbosity of the CodeQL Python extractor.\nThe supported levels are (in order of increasing verbosity):\n\n  - off\n  - errors\n  - warnings\n  - info or progress\n  - debug or progress+\n  - trace or progress++\n  - progress+++\n",
CodeQL (actions)	Initialize CodeQL	2026-09-03T08:12:56.6464888Z                 "type" : "string",
CodeQL (actions)	Initialize CodeQL	2026-09-03T08:12:56.6465489Z                 "pattern" : "^(off|errors|warnings|(info|progress)|(debug|progress\\+)|(trace|progress\\+\\+)|progress\\+\\+\\+)$"
CodeQL (actions)	Initialize CodeQL	2026-09-03T08:12:56.6466056Z               }
CodeQL (actions)	Initialize CodeQL	2026-09-03T08:12:56.6466349Z             }
CodeQL (actions)	Initialize CodeQL	2026-09-03T08:12:56.6466652Z           },
CodeQL (actions)	Initialize CodeQL	2026-09-03T08:12:56.6466964Z           "python_executable_name" : {
CodeQL (actions)	Initialize CodeQL	2026-09-03T08:12:56.6467446Z             "title" : "Controls the name of the Python executable used by the Python extractor.",
CodeQL (actions)	Initialize CodeQL	2026-09-03T08:12:56.6469214Z             "description" : "The Python extractor uses platform-dependent heuristics to determine the name of the Python executable to use. Specifying a value for this option overrides the name of the Python executable used by the extractor. Accepted values are py, python and python3. Use this setting with caution, the Python extractor requires Python 3 to run.\n",
CodeQL (actions)	Initialize CodeQL	2026-09-03T08:12:56.6470587Z             "type" : "string",
CodeQL (actions)	Initialize CodeQL	2026-09-03T08:12:56.6470939Z             "pattern" : "^(py|python|python3)$"
CodeQL (actions)	Initialize CodeQL	2026-09-03T08:12:56.6471311Z           }
CodeQL (actions)	Initialize CodeQL	2026-09-03T08:12:56.6471652Z         }
CodeQL (actions)	Initialize CodeQL	2026-09-03T08:12:56.6471909Z       }
CodeQL (actions)	Initialize CodeQL	2026-09-03T08:12:56.6472270Z     ],
CodeQL (actions)	Initialize CodeQL	2026-09-03T08:12:56.6472543Z     "java" : [
CodeQL (actions)	Initialize CodeQL	2026-09-03T08:12:56.6472926Z       {
CodeQL (actions)	Initialize CodeQL	2026-09-03T08:12:56.6473314Z         "extractor_root" : "/opt/hostedtoolcache/CodeQL/2.26.4/x64/codeql/java",
CodeQL (actions)	Initialize CodeQL	2026-09-03T08:12:56.6473777Z         "extractor_options" : {
CodeQL (actions)	Initialize CodeQL	2026-09-03T08:12:56.6474179Z           "exclude" : {
CodeQL (actions)	Initialize CodeQL	2026-09-03T08:12:56.6474535Z             "title" : "A glob excluding files from analysis.",
CodeQL (actions)	Initialize CodeQL	2026-09-03T08:12:56.6475398Z             "description" : "A glob indicating what files to exclude from the analysis. This accepts glob patterns that are supported by Java's 'getPathMatcher' implementation.\n",
CodeQL (actions)	Initialize CodeQL	2026-09-03T08:12:56.6476153Z             "type" : "string"
CodeQL (actions)	Initialize CodeQL	2026-09-03T08:12:56.6476462Z           },
CodeQL (actions)	Initialize CodeQL	2026-09-03T08:12:56.6476789Z           "add_prefer_source" : {
CodeQL (actions)	Initialize CodeQL	2026-09-03T08:12:56.6477209Z             "title" : "Whether to always prefer source files over class files.",
CodeQL (actions)	Initialize CodeQL	2026-09-03T08:12:56.6478364Z             "description" : "A value indicating whether source files should be preferred over class files. If set to 'true', the extraction adds '-Xprefer:source' to the javac command line. If set to 'false', the extraction uses the default javac behavior ('-Xprefer:newer'). The default is 'true'.\n",
CodeQL (actions)	Initialize CodeQL	2026-09-03T08:12:56.6479614Z             "type" : "string",
CodeQL (actions)	Initialize CodeQL	2026-09-03T08:12:56.6479967Z             "pattern" : "^(false|true)$"
CodeQL (actions)	Initialize CodeQL	2026-09-03T08:12:56.6480342Z           },
CodeQL (actions)	Initialize CodeQL	2026-09-03T08:12:56.6480633Z           "buildless" : {
CodeQL (actions)	Initialize CodeQL	2026-09-03T08:12:56.6481042Z             "title" : "Whether to use buildless (standalone) extraction (experimental).",
CodeQL (actions)	Initialize CodeQL	2026-09-03T08:12:56.6482738Z             "description" : "A value indicating, which type of extraction the autobuilder should perform. If 'true', then the standalone extractor will be used, otherwise tracing extraction will be performed. The default is 'false'. Note that buildless extraction will generally yield less accurate analysis results, and should only be used in cases where it is not possible to build the code (for example if it uses inaccessible dependencies).\n",
CodeQL (actions)	Initialize CodeQL	2026-09-03T08:12:56.6484264Z             "type" : "string",
CodeQL (actions)	Initialize CodeQL	2026-09-03T08:12:56.6484640Z             "pattern" : "^(false|true)$"
CodeQL (actions)	Initialize CodeQL	2026-09-03T08:12:56.6484973Z           },
CodeQL (actions)	Initialize CodeQL	2026-09-03T08:12:56.6485258Z           "buildless_dependency_dir" : {
CodeQL (actions)	Initialize CodeQL	2026-09-03T08:12:56.6485799Z             "title" : "The path where buildless (standalone) extraction should keep dependencies.",
CodeQL (actions)	Initialize CodeQL	2026-09-03T08:12:56.6486511Z             "description" : "If set, the buildless (standalone) extractor will store dependencies in this directory.\n",
CodeQL (actions)	Initialize CodeQL	2026-09-03T08:12:56.6487093Z             "type" : "string"
CodeQL (actions)	Initialize CodeQL	2026-09-03T08:12:56.6487449Z           },
CodeQL (actions)	Initialize CodeQL	2026-09-03T08:12:56.6487731Z           "minimize_dependency_jars" : {
CodeQL (actions)	Initialize CodeQL	2026-09-03T08:12:56.6488259Z             "title" : "Whether to rewrite and minimize downloaded JAR dependencies (experimental).",
CodeQL (actions)	Initialize CodeQL	2026-09-03T08:12:56.6489416Z             "description" : "If 'true', JAR dependencies downloaded during extraction will be rewritten to remove unneeded data, such as method bodies. The default is 'false'.\n",
CodeQL (actions)	Initialize CodeQL	2026-09-03T08:12:56.6490189Z             "type" : "string",
CodeQL (actions)	Initialize CodeQL	2026-09-03T08:12:56.6490534Z             "pattern" : "^(false|true)$"
CodeQL (actions)	Initialize CodeQL	2026-09-03T08:12:56.6490873Z           }
CodeQL (actions)	Initialize CodeQL	2026-09-03T08:12:56.6491165Z         }
CodeQL (actions)	Initialize CodeQL	2026-09-03T08:12:56.6491490Z       }
CodeQL (actions)	Initialize CodeQL	2026-09-03T08:12:56.6491837Z     ],
CodeQL (actions)	Initialize CodeQL	2026-09-03T08:12:56.6492111Z     "go" : [
CodeQL (actions)	Initialize CodeQL	2026-09-03T08:12:56.6492383Z       {
CodeQL (actions)	Initialize CodeQL	2026-09-03T08:12:56.6492878Z         "extractor_root" : "/opt/hostedtoolcache/CodeQL/2.26.4/x64/codeql/go",
CodeQL (actions)	Initialize CodeQL	2026-09-03T08:12:56.6493353Z         "extractor_options" : {
CodeQL (actions)	Initialize CodeQL	2026-09-03T08:12:56.6493671Z           "extract_tests" : {
CodeQL (actions)	Initialize CodeQL	2026-09-03T08:12:56.6494116Z             "title" : "Whether to include Go test files in the CodeQL database.",
CodeQL (actions)	Initialize CodeQL	2026-09-03T08:12:56.6494827Z             "description" : "A value indicating whether Go test files should be included in the CodeQL database. The default is 'false'.\n",
CodeQL (actions)	Initialize CodeQL	2026-09-03T08:12:56.6495485Z             "type" : "string",
CodeQL (actions)	Initialize CodeQL	2026-09-03T08:12:56.6495843Z             "pattern" : "^(false|true)$"
CodeQL (actions)	Initialize CodeQL	2026-09-03T08:12:56.6496162Z           },
CodeQL (actions)	Initialize CodeQL	2026-09-03T08:12:56.6496487Z           "extract_vendor_dirs" : {
CodeQL (actions)	Initialize CodeQL	2026-09-03T08:12:56.6496941Z             "title" : "Whether to include Go vendor directories in the CodeQL database.",
CodeQL (actions)	Initialize CodeQL	2026-09-03T08:12:56.6497694Z             "description" : "A value indicating whether Go vendor directories should be included in the CodeQL database. The default is 'false'.\n",
CodeQL (actions)	Initialize CodeQL	2026-09-03T08:12:56.6498509Z             "type" : "string",
CodeQL (actions)	Initialize CodeQL	2026-09-03T08:12:56.6498947Z             "pattern" : "^(false|true)$"
CodeQL (actions)	Initialize CodeQL	2026-09-03T08:12:56.6499349Z           }
CodeQL (actions)	Initialize CodeQL	2026-09-03T08:12:56.6499620Z         }
CodeQL (actions)	Initialize CodeQL	2026-09-03T08:12:56.6499922Z       }
CodeQL (actions)	Initialize CodeQL	2026-09-03T08:12:56.6500272Z     ],
CodeQL (actions)	Initialize CodeQL	2026-09-03T08:12:56.6500536Z     "actions" : [
CodeQL (actions)	Initialize CodeQL	2026-09-03T08:12:56.6500856Z       {
CodeQL (actions)	Initialize CodeQL	2026-09-03T08:12:56.6501240Z         "extractor_root" : "/opt/hostedtoolcache/CodeQL/2.26.4/x64/codeql/actions",
CodeQL (actions)	Initialize CodeQL	2026-09-03T08:12:56.6502645Z         "extractor_options" : {
CodeQL (actions)	Initialize CodeQL	2026-09-03T08:12:56.6503012Z           "trap" : {
CodeQL (actions)	Initialize CodeQL	2026-09-03T08:12:56.6503329Z             "title" : "TRAP options",
CodeQL (actions)	Initialize CodeQL	2026-09-03T08:12:56.6503818Z             "description" : "Options about how the extractor handles TRAP files",
CodeQL (actions)	Initialize CodeQL	2026-09-03T08:12:56.6504271Z             "type" : "object",
CodeQL (actions)	Initialize CodeQL	2026-09-03T08:12:56.6504597Z             "visibility" : 3,
CodeQL (actions)	Initialize CodeQL	2026-09-03T08:12:56.6504971Z             "properties" : {
CodeQL (actions)	Initialize CodeQL	2026-09-03T08:12:56.6505291Z               "cache" : {
CodeQL (actions)	Initialize CodeQL	2026-09-03T08:12:56.6505688Z                 "title" : "TRAP cache options",
CodeQL (actions)	Initialize CodeQL	2026-09-03T08:12:56.6506175Z                 "description" : "Options about how the extractor handles its TRAP cache",
CodeQL (actions)	Initialize CodeQL	2026-09-03T08:12:56.6506626Z                 "type" : "object",
CodeQL (actions)	Initialize CodeQL	2026-09-03T08:12:56.6507022Z                 "properties" : {
CodeQL (actions)	Initialize CodeQL	2026-09-03T08:12:56.6507379Z                   "dir" : {
CodeQL (actions)	Initialize CodeQL	2026-09-03T08:12:56.6507736Z                     "title" : "TRAP cache directory",
CodeQL (actions)	Initialize CodeQL	2026-09-03T08:12:56.6508175Z                     "description" : "The directory of the TRAP cache to use",
CodeQL (actions)	Initialize CodeQL	2026-09-03T08:12:56.6508740Z                     "type" : "string"
CodeQL (actions)	Initialize CodeQL	2026-09-03T08:12:56.6509140Z                   },
CodeQL (actions)	Initialize CodeQL	2026-09-03T08:12:56.6509436Z                   "bound" : {
CodeQL (actions)	Initialize CodeQL	2026-09-03T08:12:56.6509792Z                     "title" : "TRAP cache bound",
CodeQL (actions)	Initialize CodeQL	2026-09-03T08:12:56.6510262Z                     "description" : "A soft limit (in MB) on the size of the TRAP cache",
CodeQL (actions)	Initialize CodeQL	2026-09-03T08:12:56.6510721Z                     "type" : "string",
CodeQL (actions)	Initialize CodeQL	2026-09-03T08:12:56.6511143Z                     "pattern" : "[0-9]+"
CodeQL (actions)	Initialize CodeQL	2026-09-03T08:12:56.6511479Z                   },
CodeQL (actions)	Initialize CodeQL	2026-09-03T08:12:56.6511775Z                   "write" : {
CodeQL (actions)	Initialize CodeQL	2026-09-03T08:12:56.6512120Z                     "title" : "TRAP cache writeable",
CodeQL (actions)	Initialize CodeQL	2026-09-03T08:12:56.6512634Z                     "description" : "Whether to write to the TRAP cache as well as reading it",
CodeQL (actions)	Initialize CodeQL	2026-09-03T08:12:56.6513136Z                     "type" : "string",
CodeQL (actions)	Initialize CodeQL	2026-09-03T08:12:56.6513501Z                     "pattern" : "(true|TRUE|false|FALSE)"
CodeQL (actions)	Initialize CodeQL	2026-09-03T08:12:56.6513845Z                   }
CodeQL (actions)	Initialize CodeQL	2026-09-03T08:12:56.6514159Z                 }
CodeQL (actions)	Initialize CodeQL	2026-09-03T08:12:56.6514493Z               }
CodeQL (actions)	Initialize CodeQL	2026-09-03T08:12:56.6514786Z             }
CodeQL (actions)	Initialize CodeQL	2026-09-03T08:12:56.6515056Z           }
CodeQL (actions)	Initialize CodeQL	2026-09-03T08:12:56.6515309Z         }
CodeQL (actions)	Initialize CodeQL	2026-09-03T08:12:56.6515603Z       }
CodeQL (actions)	Initialize CodeQL	2026-09-03T08:12:56.6515886Z     ],
CodeQL (actions)	Initialize CodeQL	2026-09-03T08:12:56.6516199Z     "javascript" : [
CodeQL (actions)	Initialize CodeQL	2026-09-03T08:12:56.6516649Z       {
CodeQL (actions)	Initialize CodeQL	2026-09-03T08:12:56.6517052Z         "extractor_root" : "/opt/hostedtoolcache/CodeQL/2.26.4/x64/codeql/javascript",
CodeQL (actions)	Initialize CodeQL	2026-09-03T08:12:56.6517557Z         "extractor_options" : {
CodeQL (actions)	Initialize CodeQL	2026-09-03T08:12:56.6517948Z           "trap" : {
CodeQL (actions)	Initialize CodeQL	2026-09-03T08:12:56.6518271Z             "title" : "TRAP options",
CodeQL (actions)	Initialize CodeQL	2026-09-03T08:12:56.6518854Z             "description" : "Options about how the extractor handles TRAP files",
CodeQL (actions)	Initialize CodeQL	2026-09-03T08:12:56.6519316Z             "type" : "object",
CodeQL (actions)	Initialize CodeQL	2026-09-03T08:12:56.6519672Z             "visibility" : 3,
CodeQL (actions)	Initialize CodeQL	2026-09-03T08:12:56.6520038Z             "properties" : {
CodeQL (actions)	Initialize CodeQL	2026-09-03T08:12:56.6520344Z               "cache" : {
CodeQL (actions)	Initialize CodeQL	2026-09-03T08:12:56.6520708Z                 "title" : "TRAP cache options",
CodeQL (actions)	Initialize CodeQL	2026-09-03T08:12:56.6521181Z                 "description" : "Options about how the extractor handles its TRAP cache",
CodeQL (actions)	Initialize CodeQL	2026-09-03T08:12:56.6521700Z                 "type" : "object",
CodeQL (actions)	Initialize CodeQL	2026-09-03T08:12:56.6522068Z                 "properties" : {
CodeQL (actions)	Initialize CodeQL	2026-09-03T08:12:56.6522387Z                   "dir" : {
CodeQL (actions)	Initialize CodeQL	2026-09-03T08:12:56.6522756Z                     "title" : "TRAP cache directory",
CodeQL (actions)	Initialize CodeQL	2026-09-03T08:12:56.6523545Z                     "description" : "The directory of the TRAP cache to use",
CodeQL (actions)	Initialize CodeQL	2026-09-03T08:12:56.6524131Z                     "type" : "string"
CodeQL (actions)	Initialize CodeQL	2026-09-03T08:12:56.6524631Z                   },
CodeQL (actions)	Initialize CodeQL	2026-09-03T08:12:56.6525027Z                   "bound" : {
CodeQL (actions)	Initialize CodeQL	2026-09-03T08:12:56.6525521Z                     "title" : "TRAP cache bound",
CodeQL (actions)	Initialize CodeQL	2026-09-03T08:12:56.6526207Z                     "description" : "A soft limit (in MB) on the size of the TRAP cache",
CodeQL (actions)	Initialize CodeQL	2026-09-03T08:12:56.6526870Z                     "type" : "string",
CodeQL (actions)	Initialize CodeQL	2026-09-03T08:12:56.6528091Z                     "pattern" : "[0-9]+"
CodeQL (actions)	Initialize CodeQL	2026-09-03T08:12:56.6528429Z                   },
CodeQL (actions)	Initialize CodeQL	2026-09-03T08:12:56.6528987Z                   "write" : {
CodeQL (actions)	Initialize CodeQL	2026-09-03T08:12:56.6529332Z                     "title" : "TRAP cache writeable",
CodeQL (actions)	Initialize CodeQL	2026-09-03T08:12:56.6529796Z                     "description" : "Whether to write to the TRAP cache as well as reading it",
CodeQL (actions)	Initialize CodeQL	2026-09-03T08:12:56.6530341Z                     "type" : "string",
CodeQL (actions)	Initialize CodeQL	2026-09-03T08:12:56.6530721Z                     "pattern" : "(true|TRUE|false|FALSE)"
CodeQL (actions)	Initialize CodeQL	2026-09-03T08:12:56.6531127Z                   }
CodeQL (actions)	Initialize CodeQL	2026-09-03T08:12:56.6531410Z                 }
CodeQL (actions)	Initialize CodeQL	2026-09-03T08:12:56.6531670Z               }
CodeQL (actions)	Initialize CodeQL	2026-09-03T08:12:56.6532010Z             }
CodeQL (actions)	Initialize CodeQL	2026-09-03T08:12:56.6532339Z           },
CodeQL (actions)	Initialize CodeQL	2026-09-03T08:12:56.6532662Z           "skip_types" : {
CodeQL (actions)	Initialize CodeQL	2026-09-03T08:12:56.6533041Z             "title" : "Skip type extraction for TypeScript",
CodeQL (actions)	Initialize CodeQL	2026-09-03T08:12:56.6533577Z             "description" : "Whether to skip the extraction of types in a TypeScript application",
CodeQL (actions)	Initialize CodeQL	2026-09-03T08:12:56.6534114Z             "type" : "string",
CodeQL (actions)	Initialize CodeQL	2026-09-03T08:12:56.6534495Z             "pattern" : "^(false|true)$"
CodeQL (actions)	Initialize CodeQL	2026-09-03T08:12:56.6534828Z           }
CodeQL (actions)	Initialize CodeQL	2026-09-03T08:12:56.6535110Z         }
CodeQL (actions)	Initialize CodeQL	2026-09-03T08:12:56.6535372Z       }
CodeQL (actions)	Initialize CodeQL	2026-09-03T08:12:56.6535686Z     ],
CodeQL (actions)	Initialize CodeQL	2026-09-03T08:12:56.6535953Z     "swift" : [
CodeQL (actions)	Initialize CodeQL	2026-09-03T08:12:56.6536227Z       {
CodeQL (actions)	Initialize CodeQL	2026-09-03T08:12:56.6536631Z         "extractor_root" : "/opt/hostedtoolcache/CodeQL/2.26.4/x64/codeql/swift"
CodeQL (actions)	Initialize CodeQL	2026-09-03T08:12:56.6537107Z       }
CodeQL (actions)	Initialize CodeQL	2026-09-03T08:12:56.6537421Z     ],
CodeQL (actions)	Initialize CodeQL	2026-09-03T08:12:56.6537754Z     "ruby" : [
CodeQL (actions)	Initialize CodeQL	2026-09-03T08:12:56.6538036Z       {
CodeQL (actions)	Initialize CodeQL	2026-09-03T08:12:56.6538421Z         "extractor_root" : "/opt/hostedtoolcache/CodeQL/2.26.4/x64/codeql/ruby",
CodeQL (actions)	Initialize CodeQL	2026-09-03T08:12:56.6539010Z         "extractor_options" : {
CodeQL (actions)	Initialize CodeQL	2026-09-03T08:12:56.6539366Z           "trap" : {
CodeQL (actions)	Initialize CodeQL	2026-09-03T08:12:56.6539698Z             "title" : "Options pertaining to TRAP.",
CodeQL (actions)	Initialize CodeQL	2026-09-03T08:12:56.6540115Z             "description" : "Options pertaining to TRAP.",
CodeQL (actions)	Initialize CodeQL	2026-09-03T08:12:56.6540517Z             "type" : "object",
CodeQL (actions)	Initialize CodeQL	2026-09-03T08:12:56.6540838Z             "properties" : {
CodeQL (actions)	Initialize CodeQL	2026-09-03T08:12:56.6541167Z               "compression" : {
CodeQL (actions)	Initialize CodeQL	2026-09-03T08:12:56.6541689Z                 "title" : "Controls compression for the TRAP files written by the extractor.",
CodeQL (actions)	Initialize CodeQL	2026-09-03T08:12:56.6542803Z                 "description" : "This option is only intended for use in debugging the extractor. Accepted values are 'gzip' (the default, to write gzip-compressed TRAP) 'zstd' (to write Zstandard-compressed TRAP) and 'none' (to write uncompressed TRAP).\n",
CodeQL (actions)	Initialize CodeQL	2026-09-03T08:12:56.6543989Z                 "type" : "string",
CodeQL (actions)	Initialize CodeQL	2026-09-03T08:12:56.6544371Z                 "pattern" : "^(none|gzip|zstd)$"
CodeQL (actions)	Initialize CodeQL	2026-09-03T08:12:56.6544704Z               }
CodeQL (actions)	Initialize CodeQL	2026-09-03T08:12:56.6545008Z             }
CodeQL (actions)	Initialize CodeQL	2026-09-03T08:12:56.6545283Z           }
CodeQL (actions)	Initialize CodeQL	2026-09-03T08:12:56.6545572Z         }
CodeQL (actions)	Initialize CodeQL	2026-09-03T08:12:56.6545909Z       }
CodeQL (actions)	Initialize CodeQL	2026-09-03T08:12:56.6546152Z     ]
CodeQL (actions)	Initialize CodeQL	2026-09-03T08:12:56.6546439Z   }
CodeQL (actions)	Initialize CodeQL	2026-09-03T08:12:56.6546706Z }
CodeQL (actions)	Initialize CodeQL	2026-09-03T08:12:56.7199550Z Languages from configuration: actions
CodeQL (actions)	Initialize CodeQL	2026-09-03T08:12:56.7250801Z Using Git version 2.55.0
CodeQL (actions)	Initialize CodeQL	2026-09-03T08:12:56.7259987Z Using overlay database mode: none without caching.
CodeQL (actions)	Initialize CodeQL	2026-09-03T08:12:56.7261041Z Computing PR diff ranges...
CodeQL (actions)	Initialize CodeQL	2026-09-03T08:12:57.3464302Z Persisted 150 diff range(s) across 78 file(s).
CodeQL (actions)	Initialize CodeQL	2026-09-03T08:12:57.3465569Z [command]/opt/hostedtoolcache/CodeQL/2.26.4/x64/codeql/codeql resolve languages --format=betterjson --extractor-options-verbosity=4 --extractor-include-aliases
CodeQL (actions)	Initialize CodeQL	2026-09-03T08:12:58.2419869Z {
CodeQL (actions)	Initialize CodeQL	2026-09-03T08:12:58.2427479Z   "aliases" : {
CodeQL (actions)	Initialize CodeQL	2026-09-03T08:12:58.2428070Z     "c" : "cpp",
CodeQL (actions)	Initialize CodeQL	2026-09-03T08:12:58.2428738Z     "c++" : "cpp",
CodeQL (actions)	Initialize CodeQL	2026-09-03T08:12:58.2429143Z     "c-c++" : "cpp",
CodeQL (actions)	Initialize CodeQL	2026-09-03T08:12:58.2429567Z     "c-cpp" : "cpp",
CodeQL (actions)	Initialize CodeQL	2026-09-03T08:12:58.2430025Z     "c#" : "csharp",
CodeQL (actions)	Initialize CodeQL	2026-09-03T08:12:58.2430441Z     "java-kotlin" : "java",
CodeQL (actions)	Initialize CodeQL	2026-09-03T08:12:58.2431666Z     "kotlin" : "java",
CodeQL (actions)	Initialize CodeQL	2026-09-03T08:12:58.2432242Z     "javascript-typescript" : "javascript",
CodeQL (actions)	Initialize CodeQL	2026-09-03T08:12:58.2432821Z     "typescript" : "javascript"
CodeQL (actions)	Initialize CodeQL	2026-09-03T08:12:58.2433271Z   },
CodeQL (actions)	Initialize CodeQL	2026-09-03T08:12:58.2433633Z   "extractors" : {
CodeQL (actions)	Initialize CodeQL	2026-09-03T08:12:58.2434076Z     "java" : [
CodeQL (actions)	Initialize CodeQL	2026-09-03T08:12:58.2434440Z       {
CodeQL (actions)	Initialize CodeQL	2026-09-03T08:12:58.2434986Z         "extractor_root" : "/opt/hostedtoolcache/CodeQL/2.26.4/x64/codeql/java",
CodeQL (actions)	Initialize CodeQL	2026-09-03T08:12:58.2435714Z         "extractor_options" : {
CodeQL (actions)	Initialize CodeQL	2026-09-03T08:12:58.2436163Z           "exclude" : {
CodeQL (actions)	Initialize CodeQL	2026-09-03T08:12:58.2436669Z             "title" : "A glob excluding files from analysis.",
CodeQL (actions)	Initialize CodeQL	2026-09-03T08:12:58.2437936Z             "description" : "A glob indicating what files to exclude from the analysis. This accepts glob patterns that are supported by Java's 'getPathMatcher' implementation.\n",
CodeQL (actions)	Initialize CodeQL	2026-09-03T08:12:58.2439293Z             "type" : "string"
CodeQL (actions)	Initialize CodeQL	2026-09-03T08:12:58.2439721Z           },
CodeQL (actions)	Initialize CodeQL	2026-09-03T08:12:58.2440127Z           "add_prefer_source" : {
CodeQL (actions)	Initialize CodeQL	2026-09-03T08:12:58.2440758Z             "title" : "Whether to always prefer source files over class files.",
CodeQL (actions)	Initialize CodeQL	2026-09-03T08:12:58.2442643Z             "description" : "A value indicating whether source files should be preferred over class files. If set to 'true', the extraction adds '-Xprefer:source' to the javac command line. If set to 'false', the extraction uses the default javac behavior ('-Xprefer:newer'). The default is 'true'.\n",
CodeQL (actions)	Initialize CodeQL	2026-09-03T08:12:58.2444372Z             "type" : "string",
CodeQL (actions)	Initialize CodeQL	2026-09-03T08:12:58.2444851Z             "pattern" : "^(false|true)$"
CodeQL (actions)	Initialize CodeQL	2026-09-03T08:12:58.2445341Z           },
CodeQL (actions)	Initialize CodeQL	2026-09-03T08:12:58.2445717Z           "buildless" : {
CodeQL (actions)	Initialize CodeQL	2026-09-03T08:12:58.2446343Z             "title" : "Whether to use buildless (standalone) extraction (experimental).",
CodeQL (actions)	Initialize CodeQL	2026-09-03T08:12:58.2449183Z             "description" : "A value indicating, which type of extraction the autobuilder should perform. If 'true', then the standalone extractor will be used, otherwise tracing extraction will be performed. The default is 'false'. Note that buildless extraction will generally yield less accurate analysis results, and should only be used in cases where it is not possible to build the code (for example if it uses inaccessible dependencies).\n",
CodeQL (actions)	Initialize CodeQL	2026-09-03T08:12:58.2451670Z             "type" : "string",
CodeQL (actions)	Initialize CodeQL	2026-09-03T08:12:58.2452179Z             "pattern" : "^(false|true)$"
CodeQL (actions)	Initialize CodeQL	2026-09-03T08:12:58.2452654Z           },
CodeQL (actions)	Initialize CodeQL	2026-09-03T08:12:58.2453060Z           "buildless_dependency_dir" : {
CodeQL (actions)	Initialize CodeQL	2026-09-03T08:12:58.2454241Z             "title" : "The path where buildless (standalone) extraction should keep dependencies.",
CodeQL (actions)	Initialize CodeQL	2026-09-03T08:12:58.2455363Z             "description" : "If set, the buildless (standalone) extractor will store dependencies in this directory.\n",
CodeQL (actions)	Initialize CodeQL	2026-09-03T08:12:58.2456211Z             "type" : "string"
CodeQL (actions)	Initialize CodeQL	2026-09-03T08:12:58.2456637Z           },
CodeQL (actions)	Initialize CodeQL	2026-09-03T08:12:58.2457018Z           "minimize_dependency_jars" : {
CodeQL (actions)	Initialize CodeQL	2026-09-03T08:12:58.2457737Z             "title" : "Whether to rewrite and minimize downloaded JAR dependencies (experimental).",
CodeQL (actions)	Initialize CodeQL	2026-09-03T08:12:58.2459329Z             "description" : "If 'true', JAR dependencies downloaded during extraction will be rewritten to remove unneeded data, such as method bodies. The default is 'false'.\n",
CodeQL (actions)	Initialize CodeQL	2026-09-03T08:12:58.2460959Z             "type" : "string",
CodeQL (actions)	Initialize CodeQL	2026-09-03T08:12:58.2461439Z             "pattern" : "^(false|true)$"
CodeQL (actions)	Initialize CodeQL	2026-09-03T08:12:58.2461910Z           }
CodeQL (actions)	Initialize CodeQL	2026-09-03T08:12:58.2462300Z         }
CodeQL (actions)	Initialize CodeQL	2026-09-03T08:12:58.2462651Z       }
CodeQL (actions)	Initialize CodeQL	2026-09-03T08:12:58.2463001Z     ],
CodeQL (actions)	Initialize CodeQL	2026-09-03T08:12:58.2463566Z     "go" : [
CodeQL (actions)	Initialize CodeQL	2026-09-03T08:12:58.2463933Z       {
CodeQL (actions)	Initialize CodeQL	2026-09-03T08:12:58.2464473Z         "extractor_root" : "/opt/hostedtoolcache/CodeQL/2.26.4/x64/codeql/go",
CodeQL (actions)	Initialize CodeQL	2026-09-03T08:12:58.2465149Z         "extractor_options" : {
CodeQL (actions)	Initialize CodeQL	2026-09-03T08:12:58.2466006Z           "extract_tests" : {
CodeQL (actions)	Initialize CodeQL	2026-09-03T08:12:58.2466640Z             "title" : "Whether to include Go test files in the CodeQL database.",
CodeQL (actions)	Initialize CodeQL	2026-09-03T08:12:58.2467627Z             "description" : "A value indicating whether Go test files should be included in the CodeQL database. The default is 'false'.\n",
CodeQL (actions)	Initialize CodeQL	2026-09-03T08:12:58.2468447Z             "type" : "string",
CodeQL (actions)	Initialize CodeQL	2026-09-03T08:12:58.2469180Z             "pattern" : "^(false|true)$"
CodeQL (actions)	Initialize CodeQL	2026-09-03T08:12:58.2469586Z           },
CodeQL (actions)	Initialize CodeQL	2026-09-03T08:12:58.2469895Z           "extract_vendor_dirs" : {
CodeQL (actions)	Initialize CodeQL	2026-09-03T08:12:58.2470479Z             "title" : "Whether to include Go vendor directories in the CodeQL database.",
CodeQL (actions)	Initialize CodeQL	2026-09-03T08:12:58.2471576Z             "description" : "A value indicating whether Go vendor directories should be included in the CodeQL database. The default is 'false'.\n",
CodeQL (actions)	Initialize CodeQL	2026-09-03T08:12:58.2472473Z             "type" : "string",
CodeQL (actions)	Initialize CodeQL	2026-09-03T08:12:58.2472855Z             "pattern" : "^(false|true)$"
CodeQL (actions)	Initialize CodeQL	2026-09-03T08:12:58.2473243Z           }
CodeQL (actions)	Initialize CodeQL	2026-09-03T08:12:58.2473509Z         }
CodeQL (actions)	Initialize CodeQL	2026-09-03T08:12:58.2473782Z       }
CodeQL (actions)	Initialize CodeQL	2026-09-03T08:12:58.2474023Z     ],
CodeQL (actions)	Initialize CodeQL	2026-09-03T08:12:58.2474279Z     "csharp" : [
CodeQL (actions)	Initialize CodeQL	2026-09-03T08:12:58.2474556Z       {
CodeQL (actions)	Initialize CodeQL	2026-09-03T08:12:58.2475024Z         "extractor_root" : "/opt/hostedtoolcache/CodeQL/2.26.4/x64/codeql/csharp",
CodeQL (actions)	Initialize CodeQL	2026-09-03T08:12:58.2475604Z         "extractor_options" : {
CodeQL (actions)	Initialize CodeQL	2026-09-03T08:12:58.2475967Z           "trap" : {
CodeQL (actions)	Initialize CodeQL	2026-09-03T08:12:58.2476338Z             "title" : "Options pertaining to TRAP.",
CodeQL (actions)	Initialize CodeQL	2026-09-03T08:12:58.2476832Z             "description" : "Options pertaining to TRAP.",
CodeQL (actions)	Initialize CodeQL	2026-09-03T08:12:58.2477279Z             "type" : "object",
CodeQL (actions)	Initialize CodeQL	2026-09-03T08:12:58.2477626Z             "properties" : {
CodeQL (actions)	Initialize CodeQL	2026-09-03T08:12:58.2477991Z               "compression" : {
CodeQL (actions)	Initialize CodeQL	2026-09-03T08:12:58.2478547Z                 "title" : "Controls compression for the TRAP files written by the extractor.",
CodeQL (actions)	Initialize CodeQL	2026-09-03T08:12:58.2480320Z                 "description" : "This option is only intended for use in debugging the extractor. Accepted values are 'brotli' (the default, to write brotli-compressed TRAP), 'gzip', and 'none' (to write uncompressed TRAP).\n",
CodeQL (actions)	Initialize CodeQL	2026-09-03T08:12:58.2481545Z                 "type" : "string",
CodeQL (actions)	Initialize CodeQL	2026-09-03T08:12:58.2481947Z                 "pattern" : "^(none|gzip|brotli)$"
CodeQL (actions)	Initialize CodeQL	2026-09-03T08:12:58.2482361Z               }
CodeQL (actions)	Initialize CodeQL	2026-09-03T08:12:58.2482633Z             }
CodeQL (actions)	Initialize CodeQL	2026-09-03T08:12:58.2482921Z           },
CodeQL (actions)	Initialize CodeQL	2026-09-03T08:12:58.2483226Z           "buildless" : {
CodeQL (actions)	Initialize CodeQL	2026-09-03T08:12:58.2483755Z             "title" : "DEPRECATED - Whether to use buildless (standalone) extraction.",
CodeQL (actions)	Initialize CodeQL	2026-09-03T08:12:58.2486825Z             "description" : "DEPRECATED: Use `--build-mode none` instead.\nA value indicating, which type of extraction the autobuilder should perform. If 'true', then the standalone extractor will be used, otherwise tracing extraction will be performed. The default is 'false'. Note that buildless extraction will generally yield less accurate analysis results, and should only be used in cases where it is not possible to build the code (for example if it uses inaccessible dependencies).\n",
CodeQL (actions)	Initialize CodeQL	2026-09-03T08:12:58.2489035Z             "type" : "string",
CodeQL (actions)	Initialize CodeQL	2026-09-03T08:12:58.2489371Z             "pattern" : "^(false|true)$"
CodeQL (actions)	Initialize CodeQL	2026-09-03T08:12:58.2489703Z           },
CodeQL (actions)	Initialize CodeQL	2026-09-03T08:12:58.2489912Z           "logging" : {
CodeQL (actions)	Initialize CodeQL	2026-09-03T08:12:58.2490186Z             "title" : "Options pertaining to logging.",
CodeQL (actions)	Initialize CodeQL	2026-09-03T08:12:58.2490533Z             "description" : "Options pertaining to logging.",
CodeQL (actions)	Initialize CodeQL	2026-09-03T08:12:58.2490841Z             "type" : "object",
CodeQL (actions)	Initialize CodeQL	2026-09-03T08:12:58.2491083Z             "properties" : {
CodeQL (actions)	Initialize CodeQL	2026-09-03T08:12:58.2491322Z               "verbosity" : {
CodeQL (actions)	Initialize CodeQL	2026-09-03T08:12:58.2491615Z                 "title" : "Extractor logging verbosity level.",
CodeQL (actions)	Initialize CodeQL	2026-09-03T08:12:58.2492566Z                 "description" : "Controls the level of verbosity of the extractor. The supported levels are (in order of increasing verbosity):\n  - off\n  - errors\n  - warnings\n  - info or progress\n  - debug or progress+\n  - trace or progress++\n  - progress+++\n",
CodeQL (actions)	Initialize CodeQL	2026-09-03T08:12:58.2493637Z                 "type" : "string",
CodeQL (actions)	Initialize CodeQL	2026-09-03T08:12:58.2494136Z                 "pattern" : "^(off|errors|warnings|(info|progress)|(debug|progress\\+)|(trace|progress\\+\\+)|progress\\+\\+\\+)$"
CodeQL (actions)	Initialize CodeQL	2026-09-03T08:12:58.2494622Z               }
CodeQL (actions)	Initialize CodeQL	2026-09-03T08:12:58.2494823Z             }
CodeQL (actions)	Initialize CodeQL	2026-09-03T08:12:58.2495011Z           },
CodeQL (actions)	Initialize CodeQL	2026-09-03T08:12:58.2495203Z           "binlog" : {
CodeQL (actions)	Initialize CodeQL	2026-09-03T08:12:58.2495425Z             "title" : "Binlog",
CodeQL (actions)	Initialize CodeQL	2026-09-03T08:12:58.2496086Z             "description" : "[EXPERIMENTAL] The value is a path to the MsBuild binary log file that should be extracted. This option only works when `--build-mode none` is also specified.\n",
CodeQL (actions)	Initialize CodeQL	2026-09-03T08:12:58.2496759Z             "type" : "array"
CodeQL (actions)	Initialize CodeQL	2026-09-03T08:12:58.2496987Z           },
CodeQL (actions)	Initialize CodeQL	2026-09-03T08:12:58.2497195Z           "buildless_dependency_dir" : {
CodeQL (actions)	Initialize CodeQL	2026-09-03T08:12:58.2497614Z             "title" : "The path where buildless (standalone) extraction should keep dependencies.",
CodeQL (actions)	Initialize CodeQL	2026-09-03T08:12:58.2498234Z             "description" : "If set, the buildless (standalone) extractor will store dependencies in this directory.\n",
CodeQL (actions)	Initialize CodeQL	2026-09-03T08:12:58.2498882Z             "type" : "string"
CodeQL (actions)	Initialize CodeQL	2026-09-03T08:12:58.2499124Z           }
CodeQL (actions)	Initialize CodeQL	2026-09-03T08:12:58.2499314Z         }
CodeQL (actions)	Initialize CodeQL	2026-09-03T08:12:58.2499500Z       }
CodeQL (actions)	Initialize CodeQL	2026-09-03T08:12:58.2499686Z     ],
CodeQL (actions)	Initialize CodeQL	2026-09-03T08:12:58.2499879Z     "javascript" : [
CodeQL (actions)	Initialize CodeQL	2026-09-03T08:12:58.2500091Z       {
CodeQL (actions)	Initialize CodeQL	2026-09-03T08:12:58.2500406Z         "extractor_root" : "/opt/hostedtoolcache/CodeQL/2.26.4/x64/codeql/javascript",
CodeQL (actions)	Initialize CodeQL	2026-09-03T08:12:58.2500805Z         "extractor_options" : {
CodeQL (actions)	Initialize CodeQL	2026-09-03T08:12:58.2501041Z           "trap" : {
CodeQL (actions)	Initialize CodeQL	2026-09-03T08:12:58.2501269Z             "title" : "TRAP options",
CodeQL (actions)	Initialize CodeQL	2026-09-03T08:12:58.2501632Z             "description" : "Options about how the extractor handles TRAP files",
CodeQL (actions)	Initialize CodeQL	2026-09-03T08:12:58.2502006Z             "type" : "object",
CodeQL (actions)	Initialize CodeQL	2026-09-03T08:12:58.2502243Z             "visibility" : 3,
CodeQL (actions)	Initialize CodeQL	2026-09-03T08:12:58.2502481Z             "properties" : {
CodeQL (actions)	Initialize CodeQL	2026-09-03T08:12:58.2502714Z               "cache" : {
CodeQL (actions)	Initialize CodeQL	2026-09-03T08:12:58.2502962Z                 "title" : "TRAP cache options",
CodeQL (actions)	Initialize CodeQL	2026-09-03T08:12:58.2503352Z                 "description" : "Options about how the extractor handles its TRAP cache",
CodeQL (actions)	Initialize CodeQL	2026-09-03T08:12:58.2503743Z                 "type" : "object",
CodeQL (actions)	Initialize CodeQL	2026-09-03T08:12:58.2503994Z                 "properties" : {
CodeQL (actions)	Initialize CodeQL	2026-09-03T08:12:58.2504236Z                   "dir" : {
CodeQL (actions)	Initialize CodeQL	2026-09-03T08:12:58.2504492Z                     "title" : "TRAP cache directory",
CodeQL (actions)	Initialize CodeQL	2026-09-03T08:12:58.2504847Z                     "description" : "The directory of the TRAP cache to use",
CodeQL (actions)	Initialize CodeQL	2026-09-03T08:12:58.2505185Z                     "type" : "string"
CodeQL (actions)	Initialize CodeQL	2026-09-03T08:12:58.2505530Z                   },
CodeQL (actions)	Initialize CodeQL	2026-09-03T08:12:58.2505743Z                   "bound" : {
CodeQL (actions)	Initialize CodeQL	2026-09-03T08:12:58.2506001Z                     "title" : "TRAP cache bound",
CodeQL (actions)	Initialize CodeQL	2026-09-03T08:12:58.2506373Z                     "description" : "A soft limit (in MB) on the size of the TRAP cache",
CodeQL (actions)	Initialize CodeQL	2026-09-03T08:12:58.2506757Z                     "type" : "string",
CodeQL (actions)	Initialize CodeQL	2026-09-03T08:12:58.2507028Z                     "pattern" : "[0-9]+"
CodeQL (actions)	Initialize CodeQL	2026-09-03T08:12:58.2507286Z                   },
CodeQL (actions)	Initialize CodeQL	2026-09-03T08:12:58.2507503Z                   "write" : {
CodeQL (actions)	Initialize CodeQL	2026-09-03T08:12:58.2507760Z                     "title" : "TRAP cache writeable",
CodeQL (actions)	Initialize CodeQL	2026-09-03T08:12:58.2508152Z                     "description" : "Whether to write to the TRAP cache as well as reading it",
CodeQL (actions)	Initialize CodeQL	2026-09-03T08:12:58.2508542Z                     "type" : "string",
CodeQL (actions)	Initialize CodeQL	2026-09-03T08:12:58.2508967Z                     "pattern" : "(true|TRUE|false|FALSE)"
CodeQL (actions)	Initialize CodeQL	2026-09-03T08:12:58.2509252Z                   }
CodeQL (actions)	Initialize CodeQL	2026-09-03T08:12:58.2509455Z                 }
CodeQL (actions)	Initialize CodeQL	2026-09-03T08:12:58.2509668Z               }
CodeQL (actions)	Initialize CodeQL	2026-09-03T08:12:58.2509864Z             }
CodeQL (actions)	Initialize CodeQL	2026-09-03T08:12:58.2510128Z           },
CodeQL (actions)	Initialize CodeQL	2026-09-03T08:12:58.2510328Z           "skip_types" : {
CodeQL (actions)	Initialize CodeQL	2026-09-03T08:12:58.2510604Z             "title" : "Skip type extraction for TypeScript",
CodeQL (actions)	Initialize CodeQL	2026-09-03T08:12:58.2511049Z             "description" : "Whether to skip the extraction of types in a TypeScript application",
CodeQL (actions)	Initialize CodeQL	2026-09-03T08:12:58.2511464Z             "type" : "string",
CodeQL (actions)	Initialize CodeQL	2026-09-03T08:12:58.2511752Z             "pattern" : "^(false|true)$"
CodeQL (actions)	Initialize CodeQL	2026-09-03T08:12:58.2511998Z           }
CodeQL (actions)	Initialize CodeQL	2026-09-03T08:12:58.2512184Z         }
CodeQL (actions)	Initialize CodeQL	2026-09-03T08:12:58.2512366Z       }
CodeQL (actions)	Initialize CodeQL	2026-09-03T08:12:58.2512554Z     ],
CodeQL (actions)	Initialize CodeQL	2026-09-03T08:12:58.2512740Z     "cpp" : [
CodeQL (actions)	Initialize CodeQL	2026-09-03T08:12:58.2512931Z       {
CodeQL (actions)	Initialize CodeQL	2026-09-03T08:12:58.2513218Z         "extractor_root" : "/opt/hostedtoolcache/CodeQL/2.26.4/x64/codeql/cpp",
CodeQL (actions)	Initialize CodeQL	2026-09-03T08:12:58.2513585Z         "extractor_options" : {
CodeQL (actions)	Initialize CodeQL	2026-09-03T08:12:58.2513819Z           "trap" : {
CodeQL (actions)	Initialize CodeQL	2026-09-03T08:12:58.2514041Z             "title" : "TRAP options",
CodeQL (actions)	Initialize CodeQL	2026-09-03T08:12:58.2514392Z             "description" : "Options about how the extractor handles TRAP files",
CodeQL (actions)	Initialize CodeQL	2026-09-03T08:12:58.2514750Z             "type" : "object",
CodeQL (actions)	Initialize CodeQL	2026-09-03T08:12:58.2514986Z             "visibility" : 3,
CodeQL (actions)	Initialize CodeQL	2026-09-03T08:12:58.2515221Z             "properties" : {
CodeQL (actions)	Initialize CodeQL	2026-09-03T08:12:58.2515461Z               "cache" : {
CodeQL (actions)	Initialize CodeQL	2026-09-03T08:12:58.2515704Z                 "title" : "TRAP cache options",
CodeQL (actions)	Initialize CodeQL	2026-09-03T08:12:58.2516082Z                 "description" : "Options about how the extractor handles its TRAP cache",
CodeQL (actions)	Initialize CodeQL	2026-09-03T08:12:58.2516464Z                 "type" : "object",
CodeQL (actions)	Initialize CodeQL	2026-09-03T08:12:58.2516716Z                 "properties" : {
CodeQL (actions)	Initialize CodeQL	2026-09-03T08:12:58.2516956Z                   "dir" : {
CodeQL (actions)	Initialize CodeQL	2026-09-03T08:12:58.2517208Z                     "title" : "TRAP cache directory",
CodeQL (actions)	Initialize CodeQL	2026-09-03T08:12:58.2517548Z                     "description" : "The directory of the TRAP cache to use",
CodeQL (actions)	Initialize CodeQL	2026-09-03T08:12:58.2517893Z                     "type" : "string"
CodeQL (actions)	Initialize CodeQL	2026-09-03T08:12:58.2518149Z                   },
CodeQL (actions)	Initialize CodeQL	2026-09-03T08:12:58.2518357Z                   "bound" : {
CodeQL (actions)	Initialize CodeQL	2026-09-03T08:12:58.2518763Z                     "title" : "TRAP cache bound",
CodeQL (actions)	Initialize CodeQL	2026-09-03T08:12:58.2519151Z                     "description" : "A soft limit (in MB) on the size of the TRAP cache",
CodeQL (actions)	Initialize CodeQL	2026-09-03T08:12:58.2519526Z                     "type" : "string",
CodeQL (actions)	Initialize CodeQL	2026-09-03T08:12:58.2519793Z                     "pattern" : "[0-9]+"
CodeQL (actions)	Initialize CodeQL	2026-09-03T08:12:58.2520045Z                   },
CodeQL (actions)	Initialize CodeQL	2026-09-03T08:12:58.2520250Z                   "write" : {
CodeQL (actions)	Initialize CodeQL	2026-09-03T08:12:58.2520504Z                     "title" : "TRAP cache writeable",
CodeQL (actions)	Initialize CodeQL	2026-09-03T08:12:58.2520900Z                     "description" : "Whether to write to the TRAP cache as well as reading it",
CodeQL (actions)	Initialize CodeQL	2026-09-03T08:12:58.2521293Z                     "type" : "string",
CodeQL (actions)	Initialize CodeQL	2026-09-03T08:12:58.2521575Z                     "pattern" : "(true|TRUE|false|FALSE)"
CodeQL (actions)	Initialize CodeQL	2026-09-03T08:12:58.2521849Z                   }
CodeQL (actions)	Initialize CodeQL	2026-09-03T08:12:58.2522049Z                 }
CodeQL (actions)	Initialize CodeQL	2026-09-03T08:12:58.2522326Z               }
CodeQL (actions)	Initialize CodeQL	2026-09-03T08:12:58.2522523Z             }
CodeQL (actions)	Initialize CodeQL	2026-09-03T08:12:58.2522712Z           },
CodeQL (actions)	Initialize CodeQL	2026-09-03T08:12:58.2522920Z           "scale_timeouts" : {
CodeQL (actions)	Initialize CodeQL	2026-09-03T08:12:58.2523239Z             "title" : "Value to scale compiler introspection timeouts with",
CodeQL (actions)	Initialize CodeQL	2026-09-03T08:12:58.2524599Z             "description" : "The extractor attempts to determine what compiler the source code being extracted is compiled with. To this end the extractor makes additional calls to the compiler, some of which are expected to return within a certain fixed time (either 10s or 15s). On some systems that are under high load this time might be too short, and can be scaled up using this option.\n",
CodeQL (actions)	Initialize CodeQL	2026-09-03T08:12:58.2525857Z             "type" : "string",
CodeQL (actions)	Initialize CodeQL	2026-09-03T08:12:58.2526136Z             "pattern" : "[0-9]+"
CodeQL (actions)	Initialize CodeQL	2026-09-03T08:12:58.2526375Z           },
CodeQL (actions)	Initialize CodeQL	2026-09-03T08:12:58.2526572Z           "log_verbosity" : {
CodeQL (actions)	Initialize CodeQL	2026-09-03T08:12:58.2526845Z             "title" : "Verbosity of the extractor logging",
CodeQL (actions)	Initialize CodeQL	2026-09-03T08:12:58.2527443Z             "description" : "Set the verbosity of the extractor logging to 'quiet' (0), 'normal' (1), 'chatty' (2), or 'noisy' (3). The default is 'normal'.\n",
CodeQL (actions)	Initialize CodeQL	2026-09-03T08:12:58.2528078Z             "type" : "string",
CodeQL (actions)	Initialize CodeQL	2026-09-03T08:12:58.2528333Z             "pattern" : "[0-3]"
CodeQL (actions)	Initialize CodeQL	2026-09-03T08:12:58.2528670Z           },
CodeQL (actions)	Initialize CodeQL	2026-09-03T08:12:58.2528959Z           "frontend_options" : {
CodeQL (actions)	Initialize CodeQL	2026-09-03T08:12:58.2529245Z             "title" : "C/C++ extractor frontend options",
CodeQL (actions)	Initialize CodeQL	2026-09-03T08:12:58.2529730Z             "description" : "Set additional options that should be passed to the C/C++ extractor frontend.\n",
CodeQL (actions)	Initialize CodeQL	2026-09-03T08:12:58.2530181Z             "type" : "array",
CodeQL (actions)	Initialize CodeQL	2026-09-03T08:12:58.2530419Z             "visibility" : 3
CodeQL (actions)	Initialize CodeQL	2026-09-03T08:12:58.2530641Z           }
CodeQL (actions)	Initialize CodeQL	2026-09-03T08:12:58.2530827Z         }
CodeQL (actions)	Initialize CodeQL	2026-09-03T08:12:58.2531015Z       }
CodeQL (actions)	Initialize CodeQL	2026-09-03T08:12:58.2531197Z     ],
CodeQL (actions)	Initialize CodeQL	2026-09-03T08:12:58.2531389Z     "xml" : [
CodeQL (actions)	Initialize CodeQL	2026-09-03T08:12:58.2531578Z       {
CodeQL (actions)	Initialize CodeQL	2026-09-03T08:12:58.2531862Z         "extractor_root" : "/opt/hostedtoolcache/CodeQL/2.26.4/x64/codeql/xml"
CodeQL (actions)	Initialize CodeQL	2026-09-03T08:12:58.2532210Z       }
CodeQL (actions)	Initialize CodeQL	2026-09-03T08:12:58.2532389Z     ],
CodeQL (actions)	Initialize CodeQL	2026-09-03T08:12:58.2532572Z     "yaml" : [
CodeQL (actions)	Initialize CodeQL	2026-09-03T08:12:58.2532762Z       {
CodeQL (actions)	Initialize CodeQL	2026-09-03T08:12:58.2533038Z         "extractor_root" : "/opt/hostedtoolcache/CodeQL/2.26.4/x64/codeql/yaml"
CodeQL (actions)	Initialize CodeQL	2026-09-03T08:12:58.2533385Z       }
CodeQL (actions)	Initialize CodeQL	2026-09-03T08:12:58.2533561Z     ],
CodeQL (actions)	Initialize CodeQL	2026-09-03T08:12:58.2533742Z     "swift" : [
CodeQL (actions)	Initialize CodeQL	2026-09-03T08:12:58.2533938Z       {
CodeQL (actions)	Initialize CodeQL	2026-09-03T08:12:58.2534224Z         "extractor_root" : "/opt/hostedtoolcache/CodeQL/2.26.4/x64/codeql/swift"
CodeQL (actions)	Initialize CodeQL	2026-09-03T08:12:58.2534568Z       }
CodeQL (actions)	Initialize CodeQL	2026-09-03T08:12:58.2534742Z     ],
CodeQL (actions)	Initialize CodeQL	2026-09-03T08:12:58.2534920Z     "rust" : [
CodeQL (actions)	Initialize CodeQL	2026-09-03T08:12:58.2535110Z       {
CodeQL (actions)	Initialize CodeQL	2026-09-03T08:12:58.2535386Z         "extractor_root" : "/opt/hostedtoolcache/CodeQL/2.26.4/x64/codeql/rust",
CodeQL (actions)	Initialize CodeQL	2026-09-03T08:12:58.2535742Z         "extractor_options" : {
CodeQL (actions)	Initialize CodeQL	2026-09-03T08:12:58.2535975Z           "trap" : {
CodeQL (actions)	Initialize CodeQL	2026-09-03T08:12:58.2536214Z             "title" : "Options pertaining to TRAP.",
CodeQL (actions)	Initialize CodeQL	2026-09-03T08:12:58.2536546Z             "description" : "Options pertaining to TRAP.",
CodeQL (actions)	Initialize CodeQL	2026-09-03T08:12:58.2536841Z             "type" : "object",
CodeQL (actions)	Initialize CodeQL	2026-09-03T08:12:58.2537079Z             "properties" : {
CodeQL (actions)	Initialize CodeQL	2026-09-03T08:12:58.2537312Z               "compression" : {
CodeQL (actions)	Initialize CodeQL	2026-09-03T08:12:58.2537675Z                 "title" : "Controls compression for the TRAP files written by the extractor.",
CodeQL (actions)	Initialize CodeQL	2026-09-03T08:12:58.2538828Z                 "description" : "This option is only intended for use in debugging the extractor. Accepted values are 'gzip' (to write gzip-compressed TRAP) 'zstd' (the default, to write Zstandard-compressed TRAP) and 'none' (to write uncompressed TRAP).\n",
CodeQL (actions)	Initialize CodeQL	2026-09-03T08:12:58.2539703Z                 "type" : "string",
CodeQL (actions)	Initialize CodeQL	2026-09-03T08:12:58.2539975Z                 "pattern" : "^(none|gzip|zstd)$"
CodeQL (actions)	Initialize CodeQL	2026-09-03T08:12:58.2540239Z               }
CodeQL (actions)	Initialize CodeQL	2026-09-03T08:12:58.2540431Z             }
CodeQL (actions)	Initialize CodeQL	2026-09-03T08:12:58.2540630Z           },
CodeQL (actions)	Initialize CodeQL	2026-09-03T08:12:58.2540831Z           "cargo_target_dir" : {
CodeQL (actions)	Initialize CodeQL	2026-09-03T08:12:58.2541242Z             "title" : "Directory to use for cargo output files.",
CodeQL (actions)	Initialize CodeQL	2026-09-03T08:12:58.2542282Z             "description" : "This value is an optional path to use as `CARGO_TARGET_DIR` for the internal cargo commands the extractor uses. Pointing it to a persistent directory may reduce execution time of consecutive extractor runs. By default, a new scratch directory is used for each run.\n",
CodeQL (actions)	Initialize CodeQL	2026-09-03T08:12:58.2543263Z             "type" : "string"
CodeQL (actions)	Initialize CodeQL	2026-09-03T08:12:58.2543486Z           },
CodeQL (actions)	Initialize CodeQL	2026-09-03T08:12:58.2543684Z           "cargo_target" : {
CodeQL (actions)	Initialize CodeQL	2026-09-03T08:12:58.2543933Z             "title" : "Target architecture",
CodeQL (actions)	Initialize CodeQL	2026-09-03T08:12:58.2544500Z             "description" : "Target architecture to use for analysis, analogous to `cargo --target`. By default the host architecture is used.\n",
CodeQL (actions)	Initialize CodeQL	2026-09-03T08:12:58.2545060Z             "type" : "string"
CodeQL (actions)	Initialize CodeQL	2026-09-03T08:12:58.2545285Z           },
CodeQL (actions)	Initialize CodeQL	2026-09-03T08:12:58.2545481Z           "cargo_features" : {
CodeQL (actions)	Initialize CodeQL	2026-09-03T08:12:58.2545743Z             "title" : "Cargo features to turn on",
CodeQL (actions)	Initialize CodeQL	2026-09-03T08:12:58.2546744Z             "description" : "Comma-separated list of features to turn on. By default all features are enabled. If any features are specified, then only those features are enabled. The `default` feature must be explicitly specified if only default features are desired. Can be repeated.\n",
CodeQL (actions)	Initialize CodeQL	2026-09-03T08:12:58.2547760Z             "type" : "array"
CodeQL (actions)	Initialize CodeQL	2026-09-03T08:12:58.2547981Z           },
CodeQL (actions)	Initialize CodeQL	2026-09-03T08:12:58.2548185Z           "cargo_cfg_overrides" : {
CodeQL (actions)	Initialize CodeQL	2026-09-03T08:12:58.2548458Z             "title" : "Cargo cfg overrides",
CodeQL (actions)	Initialize CodeQL	2026-09-03T08:12:58.2549085Z             "description" : "Comma-separated list of cfg settings to enable, or disable if prefixed with `-`. Can be repeated.\n",
CodeQL (actions)	Initialize CodeQL	2026-09-03T08:12:58.2549594Z             "type" : "array"
CodeQL (actions)	Initialize CodeQL	2026-09-03T08:12:58.2549815Z           },
CodeQL (actions)	Initialize CodeQL	2026-09-03T08:12:58.2550009Z           "logging" : {
CodeQL (actions)	Initialize CodeQL	2026-09-03T08:12:58.2550267Z             "title" : "Options pertaining to logging.",
CodeQL (actions)	Initialize CodeQL	2026-09-03T08:12:58.2550610Z             "description" : "Options pertaining to logging.",
CodeQL (actions)	Initialize CodeQL	2026-09-03T08:12:58.2550918Z             "type" : "object",
CodeQL (actions)	Initialize CodeQL	2026-09-03T08:12:58.2551152Z             "properties" : {
CodeQL (actions)	Initialize CodeQL	2026-09-03T08:12:58.2551383Z               "verbosity" : {
CodeQL (actions)	Initialize CodeQL	2026-09-03T08:12:58.2551665Z                 "title" : "Extractor logging verbosity level.",
CodeQL (actions)	Initialize CodeQL	2026-09-03T08:12:58.2552603Z                 "description" : "Controls the level of verbosity of the extractor. The supported levels are (in order of increasing verbosity):\n  - off\n  - errors\n  - warnings\n  - info or progress\n  - debug or progress+\n  - trace or progress++\n  - progress+++\n",
CodeQL (actions)	Initialize CodeQL	2026-09-03T08:12:58.2553517Z                 "type" : "string",
CodeQL (actions)	Initialize CodeQL	2026-09-03T08:12:58.2553999Z                 "pattern" : "^(off|errors|warnings|(info|progress)|(debug|progress\\+)|(trace|progress\\+\\+)|progress\\+\\+\\+)$"
CodeQL (actions)	Initialize CodeQL	2026-09-03T08:12:58.2554482Z               },
CodeQL (actions)	Initialize CodeQL	2026-09-03T08:12:58.2554692Z               "flamegraph" : {
CodeQL (actions)	Initialize CodeQL	2026-09-03T08:12:58.2555005Z                 "title" : "[Experimental] File path for write flame graph log",
CodeQL (actions)	Initialize CodeQL	2026-09-03T08:12:58.2555866Z                 "description" : "Collect flame graph data using the `tracing-flame` crate. To render a flame graph or chart, run the `inferno-flamegraph` command. See also: https://crates.io/crates/tracing-flame\n",
CodeQL (actions)	Initialize CodeQL	2026-09-03T08:12:58.2556636Z                 "type" : "string"
CodeQL (actions)	Initialize CodeQL	2026-09-03T08:12:58.2556872Z               }
CodeQL (actions)	Initialize CodeQL	2026-09-03T08:12:58.2557070Z             }
CodeQL (actions)	Initialize CodeQL	2026-09-03T08:12:58.2557261Z           },
CodeQL (actions)	Initialize CodeQL	2026-09-03T08:12:58.2557476Z           "extract_dependencies_as_source" : {
CodeQL (actions)	Initialize CodeQL	2026-09-03T08:12:58.2557794Z             "title" : "Extract dependencies as source code",
CodeQL (actions)	Initialize CodeQL	2026-09-03T08:12:58.2558290Z             "description" : "Extract the full source code of dependencies instead of only extracting signatures.\n",
CodeQL (actions)	Initialize CodeQL	2026-09-03T08:12:58.2558909Z             "type" : "string",
CodeQL (actions)	Initialize CodeQL	2026-09-03T08:12:58.2559169Z             "pattern" : "^(false|true)$"
CodeQL (actions)	Initialize CodeQL	2026-09-03T08:12:58.2559422Z           }
CodeQL (actions)	Initialize CodeQL	2026-09-03T08:12:58.2559609Z         }
CodeQL (actions)	Initialize CodeQL	2026-09-03T08:12:58.2559859Z       }
CodeQL (actions)	Initialize CodeQL	2026-09-03T08:12:58.2560041Z     ],
CodeQL (actions)	Initialize CodeQL	2026-09-03T08:12:58.2560225Z     "actions" : [
CodeQL (actions)	Initialize CodeQL	2026-09-03T08:12:58.2560431Z       {
CodeQL (actions)	Initialize CodeQL	2026-09-03T08:12:58.2560727Z         "extractor_root" : "/opt/hostedtoolcache/CodeQL/2.26.4/x64/codeql/actions",
CodeQL (actions)	Initialize CodeQL	2026-09-03T08:12:58.2561099Z         "extractor_options" : {
CodeQL (actions)	Initialize CodeQL	2026-09-03T08:12:58.2561337Z           "trap" : {
CodeQL (actions)	Initialize CodeQL	2026-09-03T08:12:58.2561563Z             "title" : "TRAP options",
CodeQL (actions)	Initialize CodeQL	2026-09-03T08:12:58.2561917Z             "description" : "Options about how the extractor handles TRAP files",
CodeQL (actions)	Initialize CodeQL	2026-09-03T08:12:58.2562285Z             "type" : "object",
CodeQL (actions)	Initialize CodeQL	2026-09-03T08:12:58.2562520Z             "visibility" : 3,
CodeQL (actions)	Initialize CodeQL	2026-09-03T08:12:58.2562755Z             "properties" : {
CodeQL (actions)	Initialize CodeQL	2026-09-03T08:12:58.2562988Z               "cache" : {
CodeQL (actions)	Initialize CodeQL	2026-09-03T08:12:58.2563234Z                 "title" : "TRAP cache options",
CodeQL (actions)	Initialize CodeQL	2026-09-03T08:12:58.2563619Z                 "description" : "Options about how the extractor handles its TRAP cache",
CodeQL (actions)	Initialize CodeQL	2026-09-03T08:12:58.2564000Z                 "type" : "object",
CodeQL (actions)	Initialize CodeQL	2026-09-03T08:12:58.2564254Z                 "properties" : {
CodeQL (actions)	Initialize CodeQL	2026-09-03T08:12:58.2564583Z                   "dir" : {
CodeQL (actions)	Initialize CodeQL	2026-09-03T08:12:58.2564851Z                     "title" : "TRAP cache directory",
CodeQL (actions)	Initialize CodeQL	2026-09-03T08:12:58.2565210Z                     "description" : "The directory of the TRAP cache to use",
CodeQL (actions)	Initialize CodeQL	2026-09-03T08:12:58.2565554Z                     "type" : "string"
CodeQL (actions)	Initialize CodeQL	2026-09-03T08:12:58.2565804Z                   },
CodeQL (actions)	Initialize CodeQL	2026-09-03T08:12:58.2566023Z                   "bound" : {
CodeQL (actions)	Initialize CodeQL	2026-09-03T08:12:58.2566292Z                     "title" : "TRAP cache bound",
CodeQL (actions)	Initialize CodeQL	2026-09-03T08:12:58.2566665Z                     "description" : "A soft limit (in MB) on the size of the TRAP cache",
CodeQL (actions)	Initialize CodeQL	2026-09-03T08:12:58.2567041Z                     "type" : "string",
CodeQL (actions)	Initialize CodeQL	2026-09-03T08:12:58.2567309Z                     "pattern" : "[0-9]+"
CodeQL (actions)	Initialize CodeQL	2026-09-03T08:12:58.2567564Z                   },
CodeQL (actions)	Initialize CodeQL	2026-09-03T08:12:58.2567781Z                   "write" : {
CodeQL (actions)	Initialize CodeQL	2026-09-03T08:12:58.2568048Z                     "title" : "TRAP cache writeable",
CodeQL (actions)	Initialize CodeQL	2026-09-03T08:12:58.2568454Z                     "description" : "Whether to write to the TRAP cache as well as reading it",
CodeQL (actions)	Initialize CodeQL	2026-09-03T08:12:58.2568994Z                     "type" : "string",
CodeQL (actions)	Initialize CodeQL	2026-09-03T08:12:58.2569283Z                     "pattern" : "(true|TRUE|false|FALSE)"
CodeQL (actions)	Initialize CodeQL	2026-09-03T08:12:58.2569562Z                   }
CodeQL (actions)	Initialize CodeQL	2026-09-03T08:12:58.2569764Z                 }
CodeQL (actions)	Initialize CodeQL	2026-09-03T08:12:58.2569957Z               }
CodeQL (actions)	Initialize CodeQL	2026-09-03T08:12:58.2570150Z             }
CodeQL (actions)	Initialize CodeQL	2026-09-03T08:12:58.2570339Z           }
CodeQL (actions)	Initialize CodeQL	2026-09-03T08:12:58.2570522Z         }
CodeQL (actions)	Initialize CodeQL	2026-09-03T08:12:58.2570700Z       }
CodeQL (actions)	Initialize CodeQL	2026-09-03T08:12:58.2570878Z     ],
CodeQL (actions)	Initialize CodeQL	2026-09-03T08:12:58.2571061Z     "ruby" : [
CodeQL (actions)	Initialize CodeQL	2026-09-03T08:12:58.2571250Z       {
CodeQL (actions)	Initialize CodeQL	2026-09-03T08:12:58.2571539Z         "extractor_root" : "/opt/hostedtoolcache/CodeQL/2.26.4/x64/codeql/ruby",
CodeQL (actions)	Initialize CodeQL	2026-09-03T08:12:58.2571911Z         "extractor_options" : {
CodeQL (actions)	Initialize CodeQL	2026-09-03T08:12:58.2572153Z           "trap" : {
CodeQL (actions)	Initialize CodeQL	2026-09-03T08:12:58.2572395Z             "title" : "Options pertaining to TRAP.",
CodeQL (actions)	Initialize CodeQL	2026-09-03T08:12:58.2572730Z             "description" : "Options pertaining to TRAP.",
CodeQL (actions)	Initialize CodeQL	2026-09-03T08:12:58.2573035Z             "type" : "object",
CodeQL (actions)	Initialize CodeQL	2026-09-03T08:12:58.2573278Z             "properties" : {
CodeQL (actions)	Initialize CodeQL	2026-09-03T08:12:58.2573515Z               "compression" : {
CodeQL (actions)	Initialize CodeQL	2026-09-03T08:12:58.2573924Z                 "title" : "Controls compression for the TRAP files written by the extractor.",
CodeQL (actions)	Initialize CodeQL	2026-09-03T08:12:58.2574929Z                 "description" : "This option is only intended for use in debugging the extractor. Accepted values are 'gzip' (the default, to write gzip-compressed TRAP) 'zstd' (to write Zstandard-compressed TRAP) and 'none' (to write uncompressed TRAP).\n",
CodeQL (actions)	Initialize CodeQL	2026-09-03T08:12:58.2575794Z                 "type" : "string",
CodeQL (actions)	Initialize CodeQL	2026-09-03T08:12:58.2576057Z                 "pattern" : "^(none|gzip|zstd)$"
CodeQL (actions)	Initialize CodeQL	2026-09-03T08:12:58.2576318Z               }
CodeQL (actions)	Initialize CodeQL	2026-09-03T08:12:58.2576507Z             }
CodeQL (actions)	Initialize CodeQL	2026-09-03T08:12:58.2576692Z           }
CodeQL (actions)	Initialize CodeQL	2026-09-03T08:12:58.2576875Z         }
CodeQL (actions)	Initialize CodeQL	2026-09-03T08:12:58.2577057Z       }
CodeQL (actions)	Initialize CodeQL	2026-09-03T08:12:58.2577306Z     ],
CodeQL (actions)	Initialize CodeQL	2026-09-03T08:12:58.2577488Z     "csv" : [
CodeQL (actions)	Initialize CodeQL	2026-09-03T08:12:58.2577676Z       {
CodeQL (actions)	Initialize CodeQL	2026-09-03T08:12:58.2577969Z         "extractor_root" : "/opt/hostedtoolcache/CodeQL/2.26.4/x64/codeql/csv"
CodeQL (actions)	Initialize CodeQL	2026-09-03T08:12:58.2578312Z       }
CodeQL (actions)	Initialize CodeQL	2026-09-03T08:12:58.2578493Z     ],
CodeQL (actions)	Initialize CodeQL	2026-09-03T08:12:58.2578804Z     "properties" : [
CodeQL (actions)	Initialize CodeQL	2026-09-03T08:12:58.2579017Z       {
CodeQL (actions)	Initialize CodeQL	2026-09-03T08:12:58.2579315Z         "extractor_root" : "/opt/hostedtoolcache/CodeQL/2.26.4/x64/codeql/properties"
CodeQL (actions)	Initialize CodeQL	2026-09-03T08:12:58.2579690Z       }
CodeQL (actions)	Initialize CodeQL	2026-09-03T08:12:58.2579868Z     ],
CodeQL (actions)	Initialize CodeQL	2026-09-03T08:12:58.2580047Z     "html" : [
CodeQL (actions)	Initialize CodeQL	2026-09-03T08:12:58.2580238Z       {
CodeQL (actions)	Initialize CodeQL	2026-09-03T08:12:58.2580511Z         "extractor_root" : "/opt/hostedtoolcache/CodeQL/2.26.4/x64/codeql/html"
CodeQL (actions)	Initialize CodeQL	2026-09-03T08:12:58.2580854Z       }
CodeQL (actions)	Initialize CodeQL	2026-09-03T08:12:58.2581027Z     ],
CodeQL (actions)	Initialize CodeQL	2026-09-03T08:12:58.2581215Z     "python" : [
CodeQL (actions)	Initialize CodeQL	2026-09-03T08:12:58.2581408Z       {
CodeQL (actions)	Initialize CodeQL	2026-09-03T08:12:58.2581691Z         "extractor_root" : "/opt/hostedtoolcache/CodeQL/2.26.4/x64/codeql/python",
CodeQL (actions)	Initialize CodeQL	2026-09-03T08:12:58.2582061Z         "extractor_options" : {
CodeQL (actions)	Initialize CodeQL	2026-09-03T08:12:58.2582298Z           "logging" : {
CodeQL (actions)	Initialize CodeQL	2026-09-03T08:12:58.2582623Z             "title" : "Options pertaining to logging.",
CodeQL (actions)	Initialize CodeQL	2026-09-03T08:12:58.2582962Z             "description" : "Options pertaining to logging.",
CodeQL (actions)	Initialize CodeQL	2026-09-03T08:12:58.2583272Z             "type" : "object",
CodeQL (actions)	Initialize CodeQL	2026-09-03T08:12:58.2583512Z             "properties" : {
CodeQL (actions)	Initialize CodeQL	2026-09-03T08:12:58.2583747Z               "verbosity" : {
CodeQL (actions)	Initialize CodeQL	2026-09-03T08:12:58.2584040Z                 "title" : "Python extractor logging verbosity level.",
CodeQL (actions)	Initialize CodeQL	2026-09-03T08:12:58.2585055Z                 "description" : "Controls the level of verbosity of the CodeQL Python extractor.\nThe supported levels are (in order of increasing verbosity):\n\n  - off\n  - errors\n  - warnings\n  - info or progress\n  - debug or progress+\n  - trace or progress++\n  - progress+++\n",
CodeQL (actions)	Initialize CodeQL	2026-09-03T08:12:58.2585999Z                 "type" : "string",
CodeQL (actions)	Initialize CodeQL	2026-09-03T08:12:58.2586474Z                 "pattern" : "^(off|errors|warnings|(info|progress)|(debug|progress\\+)|(trace|progress\\+\\+)|progress\\+\\+\\+)$"
CodeQL (actions)	Initialize CodeQL	2026-09-03T08:12:58.2586960Z               }
CodeQL (actions)	Initialize CodeQL	2026-09-03T08:12:58.2587155Z             }
CodeQL (actions)	Initialize CodeQL	2026-09-03T08:12:58.2587339Z           },
CodeQL (actions)	Initialize CodeQL	2026-09-03T08:12:58.2587545Z           "python_executable_name" : {
CodeQL (actions)	Initialize CodeQL	2026-09-03T08:12:58.2587938Z             "title" : "Controls the name of the Python executable used by the Python extractor.",
CodeQL (actions)	Initialize CodeQL	2026-09-03T08:12:58.2589439Z             "description" : "The Python extractor uses platform-dependent heuristics to determine the name of the Python executable to use. Specifying a value for this option overrides the name of the Python executable used by the extractor. Accepted values are py, python and python3. Use this setting with caution, the Python extractor requires Python 3 to run.\n",
CodeQL (actions)	Initialize CodeQL	2026-09-03T08:12:58.2590863Z             "type" : "string",
CodeQL (actions)	Initialize CodeQL	2026-09-03T08:12:58.2591204Z             "pattern" : "^(py|python|python3)$"
CodeQL (actions)	Initialize CodeQL	2026-09-03T08:12:58.2591542Z           }
CodeQL (actions)	Initialize CodeQL	2026-09-03T08:12:58.2591781Z         }
CodeQL (actions)	Initialize CodeQL	2026-09-03T08:12:58.2592027Z       }
CodeQL (actions)	Initialize CodeQL	2026-09-03T08:12:58.2592263Z     ]
CodeQL (actions)	Initialize CodeQL	2026-09-03T08:12:58.2592496Z   }
CodeQL (actions)	Initialize CodeQL	2026-09-03T08:12:58.2592745Z }
CodeQL (actions)	Initialize CodeQL	2026-09-03T08:12:58.2640878Z Found 1 languages that support TRAP caching
CodeQL (actions)	Initialize CodeQL	2026-09-03T08:12:58.2690359Z Looking in Actions cache for TRAP cache with key codeql-trap-1-2.26.4-actions-013a4c8486439e0c74d07ac4f30cd17236705100
CodeQL (actions)	Initialize CodeQL	2026-09-03T08:12:58.4832082Z No TRAP cache found in Actions cache for actions
CodeQL (actions)	Initialize CodeQL	2026-09-03T08:12:58.4833982Z ##[endgroup]
CodeQL (actions)	Initialize CodeQL	2026-09-03T08:12:58.4845309Z While resolving threads, found a cgroup CPUs file with 4 CPUs in /sys/fs/cgroup/cpuset.cpus.effective.
CodeQL (actions)	Initialize CodeQL	2026-09-03T08:12:59.3891285Z Writing augmented user configuration file to /home/runner/work/_temp/user-config.yaml
CodeQL (actions)	Initialize CodeQL	2026-09-03T08:12:59.3892267Z ##[group]Augmented user configuration file contents
CodeQL (actions)	Initialize CodeQL	2026-09-03T08:12:59.3916225Z query-filters:
CodeQL (actions)	Initialize CodeQL	2026-09-03T08:12:59.3916518Z   - exclude:
CodeQL (actions)	Initialize CodeQL	2026-09-03T08:12:59.3916846Z       tags: exclude-from-incremental
CodeQL (actions)	Initialize CodeQL	2026-09-03T08:12:59.3917081Z 
CodeQL (actions)	Initialize CodeQL	2026-09-03T08:12:59.3917357Z ##[endgroup]
CodeQL (actions)	Initialize CodeQL	2026-09-03T08:12:59.3922263Z [command]/opt/hostedtoolcache/CodeQL/2.26.4/x64/codeql/codeql database init --force-overwrite --db-cluster /home/runner/work/_temp/codeql_databases --source-root=/home/runner/work/start/start --no-calculate-baseline --extractor-include-aliases --language=actions --codescanning-config=/home/runner/work/_temp/user-config.yaml
CodeQL (actions)	Initialize CodeQL	2026-09-03T08:13:00.7675617Z Package install location: /home/runner/.codeql/packages
CodeQL (actions)	Initialize CodeQL	2026-09-03T08:13:00.7676027Z Nothing downloaded.
CodeQL (actions)	Initialize CodeQL	2026-09-03T08:13:01.5802781Z Resolving extractor actions.
CodeQL (actions)	Initialize CodeQL	2026-09-03T08:13:01.5849844Z Successfully loaded extractor GitHub Actions (actions) from /opt/hostedtoolcache/CodeQL/2.26.4/x64/codeql/actions.
CodeQL (actions)	Initialize CodeQL	2026-09-03T08:13:01.6270000Z Created skeleton CodeQL database at /home/runner/work/_temp/codeql_databases/actions. This in-progress database is ready to be populated by an extractor.
CodeQL (actions)	Autobuild	﻿2026-09-03T08:13:02.8516648Z ##[group]Run github/codeql-action/autobuild@v4
CodeQL (actions)	Autobuild	2026-09-03T08:13:02.8516983Z with:
CodeQL (actions)	Autobuild	2026-09-03T08:13:02.8520167Z   token: ***
CodeQL (actions)	Autobuild	2026-09-03T08:13:02.8520479Z   matrix: {
CodeQL (actions)	Autobuild	  "language": "actions"
CodeQL (actions)	Autobuild	}
CodeQL (actions)	Autobuild	2026-09-03T08:13:02.8520780Z env:
CodeQL (actions)	Autobuild	2026-09-03T08:13:02.8521010Z   GIT_CONFIG_COUNT: 1
CodeQL (actions)	Autobuild	2026-09-03T08:13:02.8521281Z   GIT_CONFIG_KEY_0: init.defaultBranch
CodeQL (actions)	Autobuild	2026-09-03T08:13:02.8521683Z   GIT_CONFIG_VALUE_0: main
CodeQL (actions)	Autobuild	2026-09-03T08:13:02.8522069Z   CODEQL_ACTION_JOB_RUN_UUID: 7795851c-6801-4f8d-9f7a-437f1f605c6e
CodeQL (actions)	Autobuild	2026-09-03T08:13:02.8522674Z   CODEQL_ACTION_FEATURE_MULTI_LANGUAGE: false
CodeQL (actions)	Autobuild	2026-09-03T08:13:02.8523112Z   CODEQL_ACTION_FEATURE_SANDWICH: false
CodeQL (actions)	Autobuild	2026-09-03T08:13:02.8523453Z   CODEQL_ACTION_FEATURE_SARIF_COMBINE: true
CodeQL (actions)	Autobuild	2026-09-03T08:13:02.8523801Z   CODEQL_ACTION_FEATURE_WILL_UPLOAD: true
CodeQL (actions)	Autobuild	2026-09-03T08:13:02.8524159Z   CODEQL_ACTION_VERSION: 4.37.9
CodeQL (actions)	Autobuild	2026-09-03T08:13:02.8524464Z   CODEQL_ACTION_INIT_HAS_RUN: true
CodeQL (actions)	Autobuild	2026-09-03T08:13:02.8524853Z   CODEQL_ACTION_ANALYSIS_KEY: .github/workflows/security.yml:codeql
CodeQL (actions)	Autobuild	2026-09-03T08:13:02.8525433Z   CODEQL_WORKFLOW_STARTED_AT: 2026-09-03T08:12:49.769Z
CodeQL (actions)	Autobuild	2026-09-03T08:13:02.8525782Z   CODEQL_RAM: 14574
CodeQL (actions)	Autobuild	2026-09-03T08:13:02.8526041Z   CODEQL_THREADS: 4
CodeQL (actions)	Autobuild	2026-09-03T08:13:02.8526293Z ##[endgroup]
CodeQL (actions)	Autobuild	2026-09-03T08:13:03.0889410Z Existing job run UUID is 7795851c-6801-4f8d-9f7a-437f1f605c6e.
CodeQL (actions)	Autobuild	2026-09-03T08:13:04.3302036Z None of the languages in this project require extra build steps
CodeQL (actions)	Analyze	﻿2026-09-03T08:13:05.6265456Z ##[group]Run github/codeql-action/analyze@v4
CodeQL (actions)	Analyze	2026-09-03T08:13:05.6265797Z with:
CodeQL (actions)	Analyze	2026-09-03T08:13:05.6266017Z   output: ../results
CodeQL (actions)	Analyze	2026-09-03T08:13:05.6266248Z   upload: always
CodeQL (actions)	Analyze	2026-09-03T08:13:05.6266479Z   skip-queries: false
CodeQL (actions)	Analyze	2026-09-03T08:13:05.6266751Z   checkout_path: /home/runner/work/start/start
CodeQL (actions)	Analyze	2026-09-03T08:13:05.6267064Z   upload-database: true
CodeQL (actions)	Analyze	2026-09-03T08:13:05.6267312Z   wait-for-processing: true
CodeQL (actions)	Analyze	2026-09-03T08:13:05.6269870Z   token: ***
CodeQL (actions)	Analyze	2026-09-03T08:13:05.6270113Z   matrix: {
CodeQL (actions)	Analyze	  "language": "actions"
CodeQL (actions)	Analyze	}
CodeQL (actions)	Analyze	2026-09-03T08:13:05.6270396Z   expect-error: false
CodeQL (actions)	Analyze	2026-09-03T08:13:05.6270616Z env:
CodeQL (actions)	Analyze	2026-09-03T08:13:05.6270818Z   GIT_CONFIG_COUNT: 1
CodeQL (actions)	Analyze	2026-09-03T08:13:05.6271064Z   GIT_CONFIG_KEY_0: init.defaultBranch
CodeQL (actions)	Analyze	2026-09-03T08:13:05.6271370Z   GIT_CONFIG_VALUE_0: main
CodeQL (actions)	Analyze	2026-09-03T08:13:05.6271691Z   CODEQL_ACTION_JOB_RUN_UUID: 7795851c-6801-4f8d-9f7a-437f1f605c6e
CodeQL (actions)	Analyze	2026-09-03T08:13:05.6272075Z   CODEQL_ACTION_FEATURE_MULTI_LANGUAGE: false
CodeQL (actions)	Analyze	2026-09-03T08:13:05.6272393Z   CODEQL_ACTION_FEATURE_SANDWICH: false
CodeQL (actions)	Analyze	2026-09-03T08:13:05.6272727Z   CODEQL_ACTION_FEATURE_SARIF_COMBINE: true
CodeQL (actions)	Analyze	2026-09-03T08:13:05.6273025Z   CODEQL_ACTION_FEATURE_WILL_UPLOAD: true
CodeQL (actions)	Analyze	2026-09-03T08:13:05.6273304Z   CODEQL_ACTION_VERSION: 4.37.9
CodeQL (actions)	Analyze	2026-09-03T08:13:05.6273564Z   CODEQL_ACTION_INIT_HAS_RUN: true
CodeQL (actions)	Analyze	2026-09-03T08:13:05.6273915Z   CODEQL_ACTION_ANALYSIS_KEY: .github/workflows/security.yml:codeql
CodeQL (actions)	Analyze	2026-09-03T08:13:05.6274358Z   CODEQL_WORKFLOW_STARTED_AT: 2026-09-03T08:12:49.769Z
CodeQL (actions)	Analyze	2026-09-03T08:13:05.6274669Z   CODEQL_RAM: 14574
CodeQL (actions)	Analyze	2026-09-03T08:13:05.6274889Z   CODEQL_THREADS: 4
CodeQL (actions)	Analyze	2026-09-03T08:13:05.6275160Z   CODEQL_ACTION_AUTOBUILD_DID_COMPLETE_SUCCESSFULLY: true
CodeQL (actions)	Analyze	2026-09-03T08:13:05.6275476Z ##[endgroup]
CodeQL (actions)	Analyze	2026-09-03T08:13:05.8559048Z Existing job run UUID is 7795851c-6801-4f8d-9f7a-437f1f605c6e.
CodeQL (actions)	Analyze	2026-09-03T08:13:06.2745442Z While resolving threads, found a cgroup CPUs file with 4 CPUs in /sys/fs/cgroup/cpuset.cpus.effective.
CodeQL (actions)	Analyze	2026-09-03T08:13:06.2785747Z ##[group]Generating diff range extension pack
CodeQL (actions)	Analyze	2026-09-03T08:13:06.2875549Z Successfully created diff range extension pack at /home/runner/work/_temp/pr-diff-range.
CodeQL (actions)	Analyze	2026-09-03T08:13:06.2876368Z ##[endgroup]
CodeQL (actions)	Analyze	2026-09-03T08:13:07.1925593Z ##[group]Extracting actions
CodeQL (actions)	Analyze	2026-09-03T08:13:07.1928269Z [command]/opt/hostedtoolcache/CodeQL/2.26.4/x64/codeql/codeql database trace-command --index-traceless-dbs /home/runner/work/_temp/codeql_databases/actions
CodeQL (actions)	Analyze	2026-09-03T08:13:07.9679034Z Running command in /home/runner/work/start/start: [/opt/hostedtoolcache/CodeQL/2.26.4/x64/codeql/actions/tools/autobuild.sh]
CodeQL (actions)	Analyze	2026-09-03T08:13:07.9867555Z [2026-09-03 08:13:07] [build-stdout] LGTM_INDEX_FILTERS not set. Using the default filters, and passing through to the JavaScript extractor.
CodeQL (actions)	Analyze	2026-09-03T08:13:08.8360740Z [2026-09-03 08:13:08] [build-stdout] Found JavaScript extractor at '/opt/hostedtoolcache/CodeQL/2.26.4/x64/codeql/javascript'.
CodeQL (actions)	Analyze	2026-09-03T08:13:08.8361957Z [2026-09-03 08:13:08] [build-stdout] Running JavaScript autobuilder at '/opt/hostedtoolcache/CodeQL/2.26.4/x64/codeql/javascript/tools/autobuild.sh'.
CodeQL (actions)	Analyze	2026-09-03T08:13:09.5597202Z [2026-09-03 08:13:09] [build-stdout] Parallel extraction with 4 threads.
CodeQL (actions)	Analyze	2026-09-03T08:13:09.6450170Z [2026-09-03 08:13:09] [build-stdout] Extracting /home/runner/work/start/start/.github/workflows/js.yml
CodeQL (actions)	Analyze	2026-09-03T08:13:09.6462322Z [2026-09-03 08:13:09] [build-stdout] Extracting /home/runner/work/start/start/.github/workflows/links.yml
CodeQL (actions)	Analyze	2026-09-03T08:13:09.6464161Z [2026-09-03 08:13:09] [build-stdout] Extracting /home/runner/work/start/start/.github/workflows/rust.yml
CodeQL (actions)	Analyze	2026-09-03T08:13:09.6467271Z [2026-09-03 08:13:09] [build-stdout] Extracting /home/runner/work/start/start/.github/workflows/security.yml
CodeQL (actions)	Analyze	2026-09-03T08:13:09.7849337Z [2026-09-03 08:13:09] [build-stdout] Done extracting /home/runner/work/start/start/.github/workflows/links.yml (129 ms)
CodeQL (actions)	Analyze	2026-09-03T08:13:09.7890193Z [2026-09-03 08:13:09] [build-stdout] Done extracting /home/runner/work/start/start/.github/workflows/security.yml (134 ms)
CodeQL (actions)	Analyze	2026-09-03T08:13:09.8503764Z [2026-09-03 08:13:09] [build-stdout] Done extracting /home/runner/work/start/start/.github/workflows/js.yml (205 ms)
CodeQL (actions)	Analyze	2026-09-03T08:13:09.8520281Z [2026-09-03 08:13:09] [build-stdout] Done extracting /home/runner/work/start/start/.github/workflows/rust.yml (204 ms)
CodeQL (actions)	Analyze	2026-09-03T08:13:09.8774301Z ##[endgroup]
CodeQL (actions)	Analyze	2026-09-03T08:13:09.8781076Z ##[group]Finalizing actions
CodeQL (actions)	Analyze	2026-09-03T08:13:09.8783230Z [command]/opt/hostedtoolcache/CodeQL/2.26.4/x64/codeql/codeql database finalize --finalize-dataset --threads=4 --ram=14574 /home/runner/work/_temp/codeql_databases/actions
CodeQL (actions)	Analyze	2026-09-03T08:13:10.6522074Z Running TRAP import for CodeQL database at /home/runner/work/_temp/codeql_databases/actions...
CodeQL (actions)	Analyze	2026-09-03T08:13:11.6752921Z Importing TRAP files
CodeQL (actions)	Analyze	2026-09-03T08:13:12.2029845Z Merging relations
CodeQL (actions)	Analyze	2026-09-03T08:13:12.3999972Z Finished writing database (relations: 40.31 KiB; string pool: 2.06 MiB).
CodeQL (actions)	Analyze	2026-09-03T08:13:12.4432212Z TRAP import complete (1.8s).
CodeQL (actions)	Analyze	2026-09-03T08:13:12.7153444Z Finished zipping source archive (14.51 KiB).
CodeQL (actions)	Analyze	2026-09-03T08:13:12.7216053Z ##[endgroup]
CodeQL (actions)	Analyze	2026-09-03T08:13:12.7220979Z ##[group]Running queries for actions
CodeQL (actions)	Analyze	2026-09-03T08:13:12.7223124Z [command]/opt/hostedtoolcache/CodeQL/2.26.4/x64/codeql/codeql database run-queries --ram=14574 --threads=4 --expect-discarded-cache --additional-packs=/home/runner/work/_temp/pr-diff-range --extension-packs=codeql-action/pr-diff-range /home/runner/work/_temp/codeql_databases/actions --min-disk-free=1024 -v
CodeQL (actions)	Analyze	2026-09-03T08:13:13.4440222Z Writing logs to /home/runner/work/_temp/codeql_databases/actions/log/database-run-queries-20260903.081313.441.log.
CodeQL (actions)	Analyze	2026-09-03T08:13:14.1031025Z Writing logs to /home/runner/work/_temp/codeql_databases/actions/log/execute-queries-20260903.081314.100.log.
CodeQL (actions)	Analyze	2026-09-03T08:13:14.4003499Z Recording pack reference codeql/actions-queries at /opt/hostedtoolcache/CodeQL/2.26.4/x64/codeql/qlpacks/codeql/actions-queries/0.6.34.
CodeQL (actions)	Analyze	2026-09-03T08:13:14.5807785Z Resolving data extensions.
CodeQL (actions)	Analyze	2026-09-03T08:13:16.4859503Z Finished resolving data extensions.
CodeQL (actions)	Analyze	2026-09-03T08:13:16.5729617Z Loading data extensions.
CodeQL (actions)	Analyze	2026-09-03T08:13:16.7051098Z Finished loading data extensions.
CodeQL (actions)	Analyze	2026-09-03T08:13:17.1873301Z [1/18] Loaded /opt/hostedtoolcache/CodeQL/2.26.4/x64/codeql/qlpacks/codeql/actions-queries/0.6.34/Security/CWE-312/UnmaskedSecretExposure.qlx.
CodeQL (actions)	Analyze	2026-09-03T08:13:17.2852540Z [2/18] Loaded /opt/hostedtoolcache/CodeQL/2.26.4/x64/codeql/qlpacks/codeql/actions-queries/0.6.34/Security/CWE-312/ExcessiveSecretsExposure.qlx.
CodeQL (actions)	Analyze	2026-09-03T08:13:17.4808200Z [3/18] Loaded /opt/hostedtoolcache/CodeQL/2.26.4/x64/codeql/qlpacks/codeql/actions-queries/0.6.34/Security/CWE-312/SecretsInArtifacts.qlx.
CodeQL (actions)	Analyze	2026-09-03T08:13:17.6755693Z [4/18] Loaded /opt/hostedtoolcache/CodeQL/2.26.4/x64/codeql/qlpacks/codeql/actions-queries/0.6.34/Security/CWE-349/CachePoisoningViaDirectCache.qlx.
CodeQL (actions)	Analyze	2026-09-03T08:13:17.6910300Z [5/18] Loaded /opt/hostedtoolcache/CodeQL/2.26.4/x64/codeql/qlpacks/codeql/actions-queries/0.6.34/Security/CWE-829/ArtifactPoisoningCritical.qlx.
CodeQL (actions)	Analyze	2026-09-03T08:13:17.7168864Z [6/18] Loaded /opt/hostedtoolcache/CodeQL/2.26.4/x64/codeql/qlpacks/codeql/actions-queries/0.6.34/Security/CWE-349/CachePoisoningViaCodeInjection.qlx.
CodeQL (actions)	Analyze	2026-09-03T08:13:17.7683089Z [7/18] Loaded /opt/hostedtoolcache/CodeQL/2.26.4/x64/codeql/qlpacks/codeql/actions-queries/0.6.34/Security/CWE-349/CachePoisoningViaPoisonableStep.qlx.
CodeQL (actions)	Analyze	2026-09-03T08:13:17.7834116Z [8/18] Loaded /opt/hostedtoolcache/CodeQL/2.26.4/x64/codeql/qlpacks/codeql/actions-queries/0.6.34/Security/CWE-275/MissingActionsPermissions.qlx.
CodeQL (actions)	Analyze	2026-09-03T08:13:17.8870555Z [9/18] Loaded /opt/hostedtoolcache/CodeQL/2.26.4/x64/codeql/qlpacks/codeql/actions-queries/0.6.34/Security/CWE-829/UntrustedCheckoutHigh.qlx.
CodeQL (actions)	Analyze	2026-09-03T08:13:17.9145108Z [10/18] Loaded /opt/hostedtoolcache/CodeQL/2.26.4/x64/codeql/qlpacks/codeql/actions-queries/0.6.34/Security/CWE-829/UntrustedCheckoutCritical.qlx.
CodeQL (actions)	Analyze	2026-09-03T08:13:17.9900155Z [11/18] Loaded /opt/hostedtoolcache/CodeQL/2.26.4/x64/codeql/qlpacks/codeql/actions-queries/0.6.34/Security/CWE-285/ImproperAccessControl.qlx.
CodeQL (actions)	Analyze	2026-09-03T08:13:18.0300371Z [12/18] Loaded /opt/hostedtoolcache/CodeQL/2.26.4/x64/codeql/qlpacks/codeql/actions-queries/0.6.34/Security/CWE-094/CodeInjectionCritical.qlx.
CodeQL (actions)	Analyze	2026-09-03T08:13:18.0400195Z [13/18] Loaded /opt/hostedtoolcache/CodeQL/2.26.4/x64/codeql/qlpacks/codeql/actions-queries/0.6.34/Security/CWE-1395/UseOfKnownVulnerableAction.qlx.
CodeQL (actions)	Analyze	2026-09-03T08:13:18.1793293Z [14/18] Loaded /opt/hostedtoolcache/CodeQL/2.26.4/x64/codeql/qlpacks/codeql/actions-queries/0.6.34/Security/CWE-367/UntrustedCheckoutTOCTOUHigh.qlx.
CodeQL (actions)	Analyze	2026-09-03T08:13:18.1855278Z [15/18] Loaded /opt/hostedtoolcache/CodeQL/2.26.4/x64/codeql/qlpacks/codeql/actions-queries/0.6.34/Diagnostics/SuccessfullyExtractedFiles.qlx.
CodeQL (actions)	Analyze	2026-09-03T08:13:18.1950313Z [16/18] Loaded /opt/hostedtoolcache/CodeQL/2.26.4/x64/codeql/qlpacks/codeql/actions-queries/0.6.34/Security/CWE-367/UntrustedCheckoutTOCTOUCritical.qlx.
CodeQL (actions)	Analyze	2026-09-03T08:13:18.3000226Z [17/18] Loaded /opt/hostedtoolcache/CodeQL/2.26.4/x64/codeql/qlpacks/codeql/actions-queries/0.6.34/Security/CWE-077/EnvPathInjectionCritical.qlx.
CodeQL (actions)	Analyze	2026-09-03T08:13:18.3200697Z [18/18] Loaded /opt/hostedtoolcache/CodeQL/2.26.4/x64/codeql/qlpacks/codeql/actions-queries/0.6.34/Security/CWE-077/EnvVarInjectionCritical.qlx.
CodeQL (actions)	Analyze	2026-09-03T08:13:18.4792157Z Starting evaluation of codeql/actions-queries/Diagnostics/SuccessfullyExtractedFiles.ql.
CodeQL (actions)	Analyze	2026-09-03T08:13:18.4817792Z Starting evaluation of codeql/actions-queries/Security/CWE-077/EnvPathInjectionCritical.ql.
CodeQL (actions)	Analyze	2026-09-03T08:13:18.4821671Z Starting evaluation of codeql/actions-queries/Security/CWE-094/CodeInjectionCritical.ql.
CodeQL (actions)	Analyze	2026-09-03T08:13:18.4830964Z Starting evaluation of codeql/actions-queries/Security/CWE-077/EnvVarInjectionCritical.ql.
CodeQL (actions)	Analyze	2026-09-03T08:13:18.4850270Z Starting evaluation of codeql/actions-queries/Security/CWE-1395/UseOfKnownVulnerableAction.ql.
CodeQL (actions)	Analyze	2026-09-03T08:13:18.4855897Z Starting evaluation of codeql/actions-queries/Security/CWE-275/MissingActionsPermissions.ql.
CodeQL (actions)	Analyze	2026-09-03T08:13:18.6453575Z Starting evaluation of codeql/actions-queries/Security/CWE-285/ImproperAccessControl.ql.
CodeQL (actions)	Analyze	2026-09-03T08:13:18.6514621Z Starting evaluation of codeql/actions-queries/Security/CWE-312/ExcessiveSecretsExposure.ql.
CodeQL (actions)	Analyze	2026-09-03T08:13:18.7113077Z [1/18 eval 224ms] Evaluation done; writing results to codeql/actions-queries/Diagnostics/SuccessfullyExtractedFiles.bqrs.
CodeQL (actions)	Analyze	2026-09-03T08:13:20.0788745Z Starting evaluation of codeql/actions-queries/Security/CWE-312/SecretsInArtifacts.ql.
CodeQL (actions)	Analyze	2026-09-03T08:13:20.0849860Z [2/18 eval 1.6s] Evaluation done; writing results to codeql/actions-queries/Security/CWE-1395/UseOfKnownVulnerableAction.bqrs.
CodeQL (actions)	Analyze	2026-09-03T08:13:20.0879493Z Starting evaluation of codeql/actions-queries/Security/CWE-312/UnmaskedSecretExposure.ql.
CodeQL (actions)	Analyze	2026-09-03T08:13:20.0960467Z Starting evaluation of codeql/actions-queries/Security/CWE-349/CachePoisoningViaCodeInjection.ql.
CodeQL (actions)	Analyze	2026-09-03T08:13:20.1019487Z Starting evaluation of codeql/actions-queries/Security/CWE-349/CachePoisoningViaDirectCache.ql.
CodeQL (actions)	Analyze	2026-09-03T08:13:20.1049506Z Starting evaluation of codeql/actions-queries/Security/CWE-349/CachePoisoningViaPoisonableStep.ql.
CodeQL (actions)	Analyze	2026-09-03T08:13:20.1109486Z Starting evaluation of codeql/actions-queries/Security/CWE-367/UntrustedCheckoutTOCTOUCritical.ql.
CodeQL (actions)	Analyze	2026-09-03T08:13:20.1120968Z Starting evaluation of codeql/actions-queries/Security/CWE-367/UntrustedCheckoutTOCTOUHigh.ql.
CodeQL (actions)	Analyze	2026-09-03T08:13:20.1159460Z Starting evaluation of codeql/actions-queries/Security/CWE-829/ArtifactPoisoningCritical.ql.
CodeQL (actions)	Analyze	2026-09-03T08:13:20.1625311Z [3/18 eval 1.5s] Evaluation done; writing results to codeql/actions-queries/Security/CWE-312/ExcessiveSecretsExposure.bqrs.
CodeQL (actions)	Analyze	2026-09-03T08:13:20.1640118Z [4/18 eval 94ms] Evaluation done; writing results to codeql/actions-queries/Security/CWE-312/UnmaskedSecretExposure.bqrs.
CodeQL (actions)	Analyze	2026-09-03T08:13:20.4272735Z [5/18 eval 1.9s] Evaluation done; writing results to codeql/actions-queries/Security/CWE-275/MissingActionsPermissions.bqrs.
CodeQL (actions)	Analyze	2026-09-03T08:13:20.4992079Z [6/18 eval 431ms] Evaluation done; writing results to codeql/actions-queries/Security/CWE-312/SecretsInArtifacts.bqrs.
CodeQL (actions)	Analyze	2026-09-03T08:13:20.8680092Z Starting evaluation of codeql/actions-queries/Security/CWE-829/UntrustedCheckoutCritical.ql.
CodeQL (actions)	Analyze	2026-09-03T08:13:20.8783414Z Starting evaluation of codeql/actions-queries/Security/CWE-829/UntrustedCheckoutHigh.ql.
CodeQL (actions)	Analyze	2026-09-03T08:13:21.1917066Z [7/18 eval 1.1s] Evaluation done; writing results to codeql/actions-queries/Security/CWE-349/CachePoisoningViaDirectCache.bqrs.
CodeQL (actions)	Analyze	2026-09-03T08:13:21.4412300Z [8/18 eval 561ms] Evaluation done; writing results to codeql/actions-queries/Security/CWE-829/UntrustedCheckoutHigh.bqrs.
CodeQL (actions)	Analyze	2026-09-03T08:13:21.4594243Z [9/18 eval 2.8s] Evaluation done; writing results to codeql/actions-queries/Security/CWE-285/ImproperAccessControl.bqrs.
CodeQL (actions)	Analyze	2026-09-03T08:13:21.4595621Z [10/18 eval 1.4s] Evaluation done; writing results to codeql/actions-queries/Security/CWE-367/UntrustedCheckoutTOCTOUCritical.bqrs.
CodeQL (actions)	Analyze	2026-09-03T08:13:21.4596996Z [11/18 eval 1.4s] Evaluation done; writing results to codeql/actions-queries/Security/CWE-367/UntrustedCheckoutTOCTOUHigh.bqrs.
CodeQL (actions)	Analyze	2026-09-03T08:13:21.6727627Z [12/18 eval 1.6s] Evaluation done; writing results to codeql/actions-queries/Security/CWE-349/CachePoisoningViaPoisonableStep.bqrs.
CodeQL (actions)	Analyze	2026-09-03T08:13:21.6823759Z [13/18 eval 816ms] Evaluation done; writing results to codeql/actions-queries/Security/CWE-829/UntrustedCheckoutCritical.bqrs.
CodeQL (actions)	Analyze	2026-09-03T08:13:21.6976246Z [14/18 eval 3.2s] Evaluation done; writing results to codeql/actions-queries/Security/CWE-077/EnvPathInjectionCritical.bqrs.
CodeQL (actions)	Analyze	2026-09-03T08:13:21.7216789Z [15/18 eval 3.2s] Evaluation done; writing results to codeql/actions-queries/Security/CWE-077/EnvVarInjectionCritical.bqrs.
CodeQL (actions)	Analyze	2026-09-03T08:13:21.7379670Z [16/18 eval 3.3s] Evaluation done; writing results to codeql/actions-queries/Security/CWE-094/CodeInjectionCritical.bqrs.
CodeQL (actions)	Analyze	2026-09-03T08:13:21.7489963Z [17/18 eval 1.7s] Evaluation done; writing results to codeql/actions-queries/Security/CWE-349/CachePoisoningViaCodeInjection.bqrs.
CodeQL (actions)	Analyze	2026-09-03T08:13:21.7589622Z [18/18 eval 1.7s] Evaluation done; writing results to codeql/actions-queries/Security/CWE-829/ArtifactPoisoningCritical.bqrs.
CodeQL (actions)	Analyze	2026-09-03T08:13:21.7622104Z Shutting down query evaluator.
CodeQL (actions)	Analyze	2026-09-03T08:13:21.8087947Z Interpreting code scanning results for actions
CodeQL (actions)	Analyze	2026-09-03T08:13:22.5168731Z Writing logs to /home/runner/work/_temp/codeql_databases/actions/log/database-interpret-results-20260903.081322.513.log.
CodeQL (actions)	Analyze	2026-09-03T08:13:22.6570365Z Recording pack reference codeql/actions-queries at /opt/hostedtoolcache/CodeQL/2.26.4/x64/codeql/qlpacks/codeql/actions-queries/0.6.34.
CodeQL (actions)	Analyze	2026-09-03T08:13:22.6923434Z Resolving extensions
CodeQL (actions)	Analyze	2026-09-03T08:13:23.4900837Z Interpreting /opt/hostedtoolcache/CodeQL/2.26.4/x64/codeql/qlpacks/codeql/actions-queries/0.6.34/Security/CWE-349/CachePoisoningViaDirectCache.ql...
CodeQL (actions)	Analyze	2026-09-03T08:13:23.5107704Z  ... found results file at /home/runner/work/_temp/codeql_databases/actions/results/codeql/actions-queries/Security/CWE-349/CachePoisoningViaDirectCache.bqrs.
CodeQL (actions)	Analyze	2026-09-03T08:13:23.5280250Z Interpreting /opt/hostedtoolcache/CodeQL/2.26.4/x64/codeql/qlpacks/codeql/actions-queries/0.6.34/Security/CWE-349/CachePoisoningViaPoisonableStep.ql...
CodeQL (actions)	Analyze	2026-09-03T08:13:23.5400384Z  ... found results file at /home/runner/work/_temp/codeql_databases/actions/results/codeql/actions-queries/Security/CWE-349/CachePoisoningViaPoisonableStep.bqrs.
CodeQL (actions)	Analyze	2026-09-03T08:13:23.5441441Z Interpreting /opt/hostedtoolcache/CodeQL/2.26.4/x64/codeql/qlpacks/codeql/actions-queries/0.6.34/Security/CWE-349/CachePoisoningViaCodeInjection.ql...
CodeQL (actions)	Analyze	2026-09-03T08:13:23.5502074Z  ... found results file at /home/runner/work/_temp/codeql_databases/actions/results/codeql/actions-queries/Security/CWE-349/CachePoisoningViaCodeInjection.bqrs.
CodeQL (actions)	Analyze	2026-09-03T08:13:23.5526994Z Interpreting /opt/hostedtoolcache/CodeQL/2.26.4/x64/codeql/qlpacks/codeql/actions-queries/0.6.34/Security/CWE-312/UnmaskedSecretExposure.ql...
CodeQL (actions)	Analyze	2026-09-03T08:13:23.5584343Z  ... found results file at /home/runner/work/_temp/codeql_databases/actions/results/codeql/actions-queries/Security/CWE-312/UnmaskedSecretExposure.bqrs.
CodeQL (actions)	Analyze	2026-09-03T08:13:23.5609998Z Interpreting /opt/hostedtoolcache/CodeQL/2.26.4/x64/codeql/qlpacks/codeql/actions-queries/0.6.34/Security/CWE-312/ExcessiveSecretsExposure.ql...
CodeQL (actions)	Analyze	2026-09-03T08:13:23.5709875Z  ... found results file at /home/runner/work/_temp/codeql_databases/actions/results/codeql/actions-queries/Security/CWE-312/ExcessiveSecretsExposure.bqrs.
CodeQL (actions)	Analyze	2026-09-03T08:13:23.5711415Z Interpreting /opt/hostedtoolcache/CodeQL/2.26.4/x64/codeql/qlpacks/codeql/actions-queries/0.6.34/Security/CWE-312/SecretsInArtifacts.ql...
CodeQL (actions)	Analyze	2026-09-03T08:13:23.5779967Z  ... found results file at /home/runner/work/_temp/codeql_databases/actions/results/codeql/actions-queries/Security/CWE-312/SecretsInArtifacts.bqrs.
CodeQL (actions)	Analyze	2026-09-03T08:13:23.5783748Z Interpreting /opt/hostedtoolcache/CodeQL/2.26.4/x64/codeql/qlpacks/codeql/actions-queries/0.6.34/Security/CWE-829/ArtifactPoisoningCritical.ql...
CodeQL (actions)	Analyze	2026-09-03T08:13:23.5859909Z  ... found results file at /home/runner/work/_temp/codeql_databases/actions/results/codeql/actions-queries/Security/CWE-829/ArtifactPoisoningCritical.bqrs.
CodeQL (actions)	Analyze	2026-09-03T08:13:23.5909754Z Interpreting /opt/hostedtoolcache/CodeQL/2.26.4/x64/codeql/qlpacks/codeql/actions-queries/0.6.34/Security/CWE-829/UntrustedCheckoutCritical.ql...
CodeQL (actions)	Analyze	2026-09-03T08:13:23.5939858Z  ... found results file at /home/runner/work/_temp/codeql_databases/actions/results/codeql/actions-queries/Security/CWE-829/UntrustedCheckoutCritical.bqrs.
CodeQL (actions)	Analyze	2026-09-03T08:13:23.5969801Z Interpreting /opt/hostedtoolcache/CodeQL/2.26.4/x64/codeql/qlpacks/codeql/actions-queries/0.6.34/Security/CWE-829/UntrustedCheckoutHigh.ql...
CodeQL (actions)	Analyze	2026-09-03T08:13:23.6002010Z  ... found results file at /home/runner/work/_temp/codeql_databases/actions/results/codeql/actions-queries/Security/CWE-829/UntrustedCheckoutHigh.bqrs.
CodeQL (actions)	Analyze	2026-09-03T08:13:23.6029894Z Interpreting /opt/hostedtoolcache/CodeQL/2.26.4/x64/codeql/qlpacks/codeql/actions-queries/0.6.34/Security/CWE-275/MissingActionsPermissions.ql...
CodeQL (actions)	Analyze	2026-09-03T08:13:23.6075127Z  ... found results file at /home/runner/work/_temp/codeql_databases/actions/results/codeql/actions-queries/Security/CWE-275/MissingActionsPermissions.bqrs.
CodeQL (actions)	Analyze	2026-09-03T08:13:23.6100059Z Interpreting /opt/hostedtoolcache/CodeQL/2.26.4/x64/codeql/qlpacks/codeql/actions-queries/0.6.34/Security/CWE-285/ImproperAccessControl.ql...
CodeQL (actions)	Analyze	2026-09-03T08:13:23.6159752Z  ... found results file at /home/runner/work/_temp/codeql_databases/actions/results/codeql/actions-queries/Security/CWE-285/ImproperAccessControl.bqrs.
CodeQL (actions)	Analyze	2026-09-03T08:13:23.6161410Z Interpreting /opt/hostedtoolcache/CodeQL/2.26.4/x64/codeql/qlpacks/codeql/actions-queries/0.6.34/Security/CWE-094/CodeInjectionCritical.ql...
CodeQL (actions)	Analyze	2026-09-03T08:13:23.6220010Z  ... found results file at /home/runner/work/_temp/codeql_databases/actions/results/codeql/actions-queries/Security/CWE-094/CodeInjectionCritical.bqrs.
CodeQL (actions)	Analyze	2026-09-03T08:13:23.6240066Z Interpreting /opt/hostedtoolcache/CodeQL/2.26.4/x64/codeql/qlpacks/codeql/actions-queries/0.6.34/Security/CWE-077/EnvPathInjectionCritical.ql...
CodeQL (actions)	Analyze	2026-09-03T08:13:23.6309896Z  ... found results file at /home/runner/work/_temp/codeql_databases/actions/results/codeql/actions-queries/Security/CWE-077/EnvPathInjectionCritical.bqrs.
CodeQL (actions)	Analyze	2026-09-03T08:13:23.6339910Z Interpreting /opt/hostedtoolcache/CodeQL/2.26.4/x64/codeql/qlpacks/codeql/actions-queries/0.6.34/Security/CWE-077/EnvVarInjectionCritical.ql...
CodeQL (actions)	Analyze	2026-09-03T08:13:23.6369930Z  ... found results file at /home/runner/work/_temp/codeql_databases/actions/results/codeql/actions-queries/Security/CWE-077/EnvVarInjectionCritical.bqrs.
CodeQL (actions)	Analyze	2026-09-03T08:13:23.6387290Z Interpreting /opt/hostedtoolcache/CodeQL/2.26.4/x64/codeql/qlpacks/codeql/actions-queries/0.6.34/Security/CWE-1395/UseOfKnownVulnerableAction.ql...
CodeQL (actions)	Analyze	2026-09-03T08:13:23.6440029Z  ... found results file at /home/runner/work/_temp/codeql_databases/actions/results/codeql/actions-queries/Security/CWE-1395/UseOfKnownVulnerableAction.bqrs.
CodeQL (actions)	Analyze	2026-09-03T08:13:23.6442236Z Interpreting /opt/hostedtoolcache/CodeQL/2.26.4/x64/codeql/qlpacks/codeql/actions-queries/0.6.34/Security/CWE-367/UntrustedCheckoutTOCTOUCritical.ql...
CodeQL (actions)	Analyze	2026-09-03T08:13:23.6489958Z  ... found results file at /home/runner/work/_temp/codeql_databases/actions/results/codeql/actions-queries/Security/CWE-367/UntrustedCheckoutTOCTOUCritical.bqrs.
CodeQL (actions)	Analyze	2026-09-03T08:13:23.6519901Z Interpreting /opt/hostedtoolcache/CodeQL/2.26.4/x64/codeql/qlpacks/codeql/actions-queries/0.6.34/Security/CWE-367/UntrustedCheckoutTOCTOUHigh.ql...
CodeQL (actions)	Analyze	2026-09-03T08:13:23.6559842Z  ... found results file at /home/runner/work/_temp/codeql_databases/actions/results/codeql/actions-queries/Security/CWE-367/UntrustedCheckoutTOCTOUHigh.bqrs.
CodeQL (actions)	Analyze	2026-09-03T08:13:23.6580165Z Interpreting /opt/hostedtoolcache/CodeQL/2.26.4/x64/codeql/qlpacks/codeql/actions-queries/0.6.34/Diagnostics/SuccessfullyExtractedFiles.ql...
CodeQL (actions)	Analyze	2026-09-03T08:13:23.6621578Z  ... found results file at /home/runner/work/_temp/codeql_databases/actions/results/codeql/actions-queries/Diagnostics/SuccessfullyExtractedFiles.bqrs.
CodeQL (actions)	Analyze	2026-09-03T08:13:23.7410639Z Interpreted pathproblem query "Cache Poisoning via caching of untrusted files" (actions/cache-poisoning/direct-cache) at path /home/runner/work/_temp/codeql_databases/actions/results/codeql/actions-queries/Security/CWE-349/CachePoisoningViaDirectCache.bqrs.
CodeQL (actions)	Analyze	2026-09-03T08:13:23.7422108Z Interpreted pathproblem query "Cache Poisoning via execution of untrusted code" (actions/cache-poisoning/poisonable-step) at path /home/runner/work/_temp/codeql_databases/actions/results/codeql/actions-queries/Security/CWE-349/CachePoisoningViaPoisonableStep.bqrs.
CodeQL (actions)	Analyze	2026-09-03T08:13:23.7443095Z Interpreted pathproblem query "Cache Poisoning via code injection" (actions/cache-poisoning/code-injection) at path /home/runner/work/_temp/codeql_databases/actions/results/codeql/actions-queries/Security/CWE-349/CachePoisoningViaCodeInjection.bqrs.
CodeQL (actions)	Analyze	2026-09-03T08:13:23.7470487Z Interpreted problem query "Unmasked Secret Exposure" (actions/unmasked-secret-exposure) at path /home/runner/work/_temp/codeql_databases/actions/results/codeql/actions-queries/Security/CWE-312/UnmaskedSecretExposure.bqrs.
CodeQL (actions)	Analyze	2026-09-03T08:13:23.7476252Z Interpreted problem query "Excessive Secrets Exposure" (actions/excessive-secrets-exposure) at path /home/runner/work/_temp/codeql_databases/actions/results/codeql/actions-queries/Security/CWE-312/ExcessiveSecretsExposure.bqrs.
CodeQL (actions)	Analyze	2026-09-03T08:13:23.7496124Z Interpreted problem query "Storage of sensitive information in GitHub Actions artifact" (actions/secrets-in-artifacts) at path /home/runner/work/_temp/codeql_databases/actions/results/codeql/actions-queries/Security/CWE-312/SecretsInArtifacts.bqrs.
CodeQL (actions)	Analyze	2026-09-03T08:13:23.7498945Z Interpreted pathproblem query "Artifact poisoning" (actions/artifact-poisoning/critical) at path /home/runner/work/_temp/codeql_databases/actions/results/codeql/actions-queries/Security/CWE-829/ArtifactPoisoningCritical.bqrs.
CodeQL (actions)	Analyze	2026-09-03T08:13:23.7505857Z Interpreted pathproblem query "Checkout of untrusted code in a privileged context" (actions/untrusted-checkout/critical) at path /home/runner/work/_temp/codeql_databases/actions/results/codeql/actions-queries/Security/CWE-829/UntrustedCheckoutCritical.bqrs.
CodeQL (actions)	Analyze	2026-09-03T08:13:23.7521207Z Interpreted problem query "Checkout of untrusted code in a privileged context" (actions/untrusted-checkout/high) at path /home/runner/work/_temp/codeql_databases/actions/results/codeql/actions-queries/Security/CWE-829/UntrustedCheckoutHigh.bqrs.
CodeQL (actions)	Analyze	2026-09-03T08:13:23.7523965Z Interpreted problem query "Workflow does not contain permissions" (actions/missing-workflow-permissions) at path /home/runner/work/_temp/codeql_databases/actions/results/codeql/actions-queries/Security/CWE-275/MissingActionsPermissions.bqrs.
CodeQL (actions)	Analyze	2026-09-03T08:13:23.7526544Z Interpreted problem query "Improper Access Control" (actions/improper-access-control) at path /home/runner/work/_temp/codeql_databases/actions/results/codeql/actions-queries/Security/CWE-285/ImproperAccessControl.bqrs.
CodeQL (actions)	Analyze	2026-09-03T08:13:23.7530797Z Interpreted pathproblem query "Code injection" (actions/code-injection/critical) at path /home/runner/work/_temp/codeql_databases/actions/results/codeql/actions-queries/Security/CWE-094/CodeInjectionCritical.bqrs.
CodeQL (actions)	Analyze	2026-09-03T08:13:23.7533522Z Interpreted pathproblem query "PATH environment variable built from user-controlled sources" (actions/envpath-injection/critical) at path /home/runner/work/_temp/codeql_databases/actions/results/codeql/actions-queries/Security/CWE-077/EnvPathInjectionCritical.bqrs.
CodeQL (actions)	Analyze	2026-09-03T08:13:23.7536817Z Interpreted pathproblem query "Environment variable built from user-controlled sources" (actions/envvar-injection/critical) at path /home/runner/work/_temp/codeql_databases/actions/results/codeql/actions-queries/Security/CWE-077/EnvVarInjectionCritical.bqrs.
CodeQL (actions)	Analyze	2026-09-03T08:13:23.7539734Z Interpreted problem query "Use of a known vulnerable action" (actions/vulnerable-action) at path /home/runner/work/_temp/codeql_databases/actions/results/codeql/actions-queries/Security/CWE-1395/UseOfKnownVulnerableAction.bqrs.
CodeQL (actions)	Analyze	2026-09-03T08:13:23.7542463Z Interpreted pathproblem query "Untrusted Checkout TOCTOU" (actions/untrusted-checkout-toctou/critical) at path /home/runner/work/_temp/codeql_databases/actions/results/codeql/actions-queries/Security/CWE-367/UntrustedCheckoutTOCTOUCritical.bqrs.
CodeQL (actions)	Analyze	2026-09-03T08:13:23.7545273Z Interpreted problem query "Untrusted Checkout TOCTOU" (actions/untrusted-checkout-toctou/high) at path /home/runner/work/_temp/codeql_databases/actions/results/codeql/actions-queries/Security/CWE-367/UntrustedCheckoutTOCTOUHigh.bqrs.
CodeQL (actions)	Analyze	2026-09-03T08:13:23.7551907Z Interpreted diagnostic query "Extracted files" (actions/diagnostics/successfully-extracted-files) at path /home/runner/work/_temp/codeql_databases/actions/results/codeql/actions-queries/Diagnostics/SuccessfullyExtractedFiles.bqrs.
CodeQL (actions)	Analyze	2026-09-03T08:13:23.7553969Z Reading source archive /home/runner/work/_temp/codeql_databases/actions/src.zip
CodeQL (actions)	Analyze	2026-09-03T08:13:23.8574973Z Interpreting diagnostic messages...
CodeQL (actions)	Analyze	2026-09-03T08:13:23.8839708Z Found 1 raw diagnostic messages.
CodeQL (actions)	Analyze	2026-09-03T08:13:23.8932192Z Processed diagnostic messages (removed 0 due to limits, created 0 summary diagnostics for status page).
CodeQL (actions)	Analyze	2026-09-03T08:13:23.8966042Z Interpreted diagnostic messages (36ms).
CodeQL (actions)	Analyze	2026-09-03T08:13:24.0542057Z Exporting results to SARIF...
CodeQL (actions)	Analyze	2026-09-03T08:13:24.1787975Z Exported results to SARIF (124ms).
CodeQL (actions)	Analyze	2026-09-03T08:13:24.2147520Z ##[endgroup]
CodeQL (actions)	Analyze	2026-09-03T08:13:24.2148287Z To speed up pull request analysis, file coverage information is only enabled when analyzing the default branch and protected branches.
CodeQL (actions)	Analyze	2026-09-03T08:13:24.2158124Z Post-processing sarif files: ["/home/runner/work/start/results/actions.sarif"]
CodeQL (actions)	Analyze	2026-09-03T08:13:24.2173793Z Adding fingerprints to SARIF file. See https://docs.github.com/en/code-security/reference/code-scanning/sarif-support-for-code-scanning#data-for-preventing-duplicated-alerts for more information.
CodeQL (actions)	Analyze	2026-09-03T08:13:24.2176244Z ##[group]Uploading code scanning results
CodeQL (actions)	Analyze	2026-09-03T08:13:24.2339926Z Uploading results
CodeQL (actions)	Analyze	2026-09-03T08:13:24.9957678Z Successfully uploaded results
CodeQL (actions)	Analyze	2026-09-03T08:13:24.9958344Z ##[endgroup]
CodeQL (actions)	Analyze	2026-09-03T08:13:25.0064590Z ##[group]Waiting for processing to finish
CodeQL (actions)	Analyze	2026-09-03T08:13:30.3711465Z Analysis upload status is complete.
CodeQL (actions)	Analyze	2026-09-03T08:13:30.3712323Z ##[endgroup]
CodeQL (actions)	Post Analyze	﻿2026-09-03T08:13:30.6134603Z Post job cleanup.
CodeQL (actions)	Post Initialize CodeQL	﻿2026-09-03T08:13:30.8599262Z Post job cleanup.
CodeQL (actions)	Post Initialize CodeQL	2026-09-03T08:13:31.1111757Z CodeQL job status was success.
CodeQL (actions)	Post Initialize CodeQL	2026-09-03T08:13:31.1167468Z Sending status report for init-post step.
CodeQL (actions)	Post Initialize CodeQL	2026-09-03T08:13:31.4576435Z Status report sent for init-post step.
CodeQL (actions)	Post Run actions/checkout@v6	﻿2026-09-03T08:13:31.5003312Z Post job cleanup.
CodeQL (actions)	Post Run actions/checkout@v6	2026-09-03T08:13:31.5825539Z [command]/usr/bin/git version
CodeQL (actions)	Post Run actions/checkout@v6	2026-09-03T08:13:31.5868955Z git version 2.55.0
CodeQL (actions)	Post Run actions/checkout@v6	2026-09-03T08:13:31.5912222Z Temporarily overriding HOME='/home/runner/work/_temp/20bfbc3f-4b8f-4aa3-835a-75e432e2f13b' before making global git config changes
CodeQL (actions)	Post Run actions/checkout@v6	2026-09-03T08:13:31.5913391Z Adding repository directory to the temporary git global config as a safe directory
CodeQL (actions)	Post Run actions/checkout@v6	2026-09-03T08:13:31.5919255Z [command]/usr/bin/git config --global --add safe.directory /home/runner/work/start/start
CodeQL (actions)	Post Run actions/checkout@v6	2026-09-03T08:13:31.5949923Z Removing SSH command configuration
CodeQL (actions)	Post Run actions/checkout@v6	2026-09-03T08:13:31.5957580Z [command]/usr/bin/git config --local --name-only --get-regexp core\.sshCommand
CodeQL (actions)	Post Run actions/checkout@v6	2026-09-03T08:13:31.6019660Z [command]/usr/bin/git submodule foreach --recursive sh -c "git config --local --name-only --get-regexp 'core\.sshCommand' && git config --local --unset-all 'core.sshCommand' || :"
CodeQL (actions)	Post Run actions/checkout@v6	2026-09-03T08:13:31.6248332Z Removing HTTP extra header
CodeQL (actions)	Post Run actions/checkout@v6	2026-09-03T08:13:31.6254991Z [command]/usr/bin/git config --local --name-only --get-regexp http\.https\:\/\/github\.com\/\.extraheader
CodeQL (actions)	Post Run actions/checkout@v6	2026-09-03T08:13:31.6288050Z [command]/usr/bin/git submodule foreach --recursive sh -c "git config --local --name-only --get-regexp 'http\.https\:\/\/github\.com\/\.extraheader' && git config --local --unset-all 'http.https://github.com/.extraheader' || :"
CodeQL (actions)	Post Run actions/checkout@v6	2026-09-03T08:13:31.6499873Z Removing includeIf entries pointing to credentials config files
CodeQL (actions)	Post Run actions/checkout@v6	2026-09-03T08:13:31.6512629Z [command]/usr/bin/git config --local --name-only --get-regexp ^includeIf\.gitdir:
CodeQL (actions)	Post Run actions/checkout@v6	2026-09-03T08:13:31.6534360Z includeif.gitdir:/home/runner/work/start/start/.git.path
CodeQL (actions)	Post Run actions/checkout@v6	2026-09-03T08:13:31.6535142Z includeif.gitdir:/home/runner/work/start/start/.git/worktrees/*.path
CodeQL (actions)	Post Run actions/checkout@v6	2026-09-03T08:13:31.6535792Z includeif.gitdir:/github/workspace/.git.path
CodeQL (actions)	Post Run actions/checkout@v6	2026-09-03T08:13:31.6536363Z includeif.gitdir:/github/workspace/.git/worktrees/*.path
CodeQL (actions)	Post Run actions/checkout@v6	2026-09-03T08:13:31.6549985Z [command]/usr/bin/git config --local --get-all includeif.gitdir:/home/runner/work/start/start/.git.path
CodeQL (actions)	Post Run actions/checkout@v6	2026-09-03T08:13:31.6566574Z /home/runner/work/_temp/git-credentials-70e0e085-de5d-4edf-8274-6eae68abba59.config
CodeQL (actions)	Post Run actions/checkout@v6	2026-09-03T08:13:31.6578335Z [command]/usr/bin/git config --local --unset includeif.gitdir:/home/runner/work/start/start/.git.path /home/runner/work/_temp/git-credentials-70e0e085-de5d-4edf-8274-6eae68abba59.config
CodeQL (actions)	Post Run actions/checkout@v6	2026-09-03T08:13:31.6609976Z [command]/usr/bin/git config --local --get-all includeif.gitdir:/home/runner/work/start/start/.git/worktrees/*.path
CodeQL (actions)	Post Run actions/checkout@v6	2026-09-03T08:13:31.6630344Z /home/runner/work/_temp/git-credentials-70e0e085-de5d-4edf-8274-6eae68abba59.config
CodeQL (actions)	Post Run actions/checkout@v6	2026-09-03T08:13:31.6641111Z [command]/usr/bin/git config --local --unset includeif.gitdir:/home/runner/work/start/start/.git/worktrees/*.path /home/runner/work/_temp/git-credentials-70e0e085-de5d-4edf-8274-6eae68abba59.config
CodeQL (actions)	Post Run actions/checkout@v6	2026-09-03T08:13:31.6679478Z [command]/usr/bin/git config --local --get-all includeif.gitdir:/github/workspace/.git.path
CodeQL (actions)	Post Run actions/checkout@v6	2026-09-03T08:13:31.6692846Z /github/runner_temp/git-credentials-70e0e085-de5d-4edf-8274-6eae68abba59.config
CodeQL (actions)	Post Run actions/checkout@v6	2026-09-03T08:13:31.6702084Z [command]/usr/bin/git config --local --unset includeif.gitdir:/github/workspace/.git.path /github/runner_temp/git-credentials-70e0e085-de5d-4edf-8274-6eae68abba59.config
CodeQL (actions)	Post Run actions/checkout@v6	2026-09-03T08:13:31.6731137Z [command]/usr/bin/git config --local --get-all includeif.gitdir:/github/workspace/.git/worktrees/*.path
CodeQL (actions)	Post Run actions/checkout@v6	2026-09-03T08:13:31.6757233Z /github/runner_temp/git-credentials-70e0e085-de5d-4edf-8274-6eae68abba59.config
CodeQL (actions)	Post Run actions/checkout@v6	2026-09-03T08:13:31.6765266Z [command]/usr/bin/git config --local --unset includeif.gitdir:/github/workspace/.git/worktrees/*.path /github/runner_temp/git-credentials-70e0e085-de5d-4edf-8274-6eae68abba59.config
CodeQL (actions)	Post Run actions/checkout@v6	2026-09-03T08:13:31.6792584Z [command]/usr/bin/git submodule foreach --recursive git config --local --show-origin --name-only --get-regexp remote.origin.url
CodeQL (actions)	Post Run actions/checkout@v6	2026-09-03T08:13:31.6988831Z Removing credentials config '/home/runner/work/_temp/git-credentials-70e0e085-de5d-4edf-8274-6eae68abba59.config'
CodeQL (actions)	Complete job	﻿2026-09-03T08:13:31.7126596Z Cleaning up orphan processes
Pipeline Status	Set up job	﻿2026-09-03T08:16:12.2776000Z Current runner version: '2.337.0'
Pipeline Status	Set up job	2026-09-03T08:16:12.2800790Z ##[group]Runner Image Provisioner
Pipeline Status	Set up job	2026-09-03T08:16:12.2801637Z Hosted Compute Agent
Pipeline Status	Set up job	2026-09-03T08:16:12.2802287Z Version: 20260819.586
Pipeline Status	Set up job	2026-09-03T08:16:12.2802980Z Commit: 3cc4a88dfa507ef76119ad1bb3eccc6378bb2b76
Pipeline Status	Set up job	2026-09-03T08:16:12.2803732Z Build Date: 2026-08-18T23:20:18Z
Pipeline Status	Set up job	2026-09-03T08:16:12.2804482Z Worker ID: {0b34f3fe-c2de-4c69-8c86-42dd7e924654}
Pipeline Status	Set up job	2026-09-03T08:16:12.2805203Z Azure Region: northcentralus
Pipeline Status	Set up job	2026-09-03T08:16:12.2805841Z ##[endgroup]
Pipeline Status	Set up job	2026-09-03T08:16:12.2807333Z ##[group]Operating System
Pipeline Status	Set up job	2026-09-03T08:16:12.2807999Z Ubuntu
Pipeline Status	Set up job	2026-09-03T08:16:12.2808600Z 24.04.4
Pipeline Status	Set up job	2026-09-03T08:16:12.2809107Z LTS
Pipeline Status	Set up job	2026-09-03T08:16:12.2809614Z ##[endgroup]
Pipeline Status	Set up job	2026-09-03T08:16:12.2810572Z ##[group]Runner Image
Pipeline Status	Set up job	2026-09-03T08:16:12.2811234Z Image: ubuntu-24.04
Pipeline Status	Set up job	2026-09-03T08:16:12.2811856Z Version: 20260823.283.1
Pipeline Status	Set up job	2026-09-03T08:16:12.2812914Z Included Software: https://github.com/actions/runner-images/blob/ubuntu24/20260823.283/images/ubuntu/Ubuntu2404-Readme.md
Pipeline Status	Set up job	2026-09-03T08:16:12.2814722Z Image Release: https://github.com/actions/runner-images/releases/tag/ubuntu24%2F20260823.283
Pipeline Status	Set up job	2026-09-03T08:16:12.2815680Z ##[endgroup]
Pipeline Status	Set up job	2026-09-03T08:16:12.2816794Z ##[group]GITHUB_TOKEN Permissions
Pipeline Status	Set up job	2026-09-03T08:16:12.2818695Z Contents: read
Pipeline Status	Set up job	2026-09-03T08:16:12.2819402Z Metadata: read
Pipeline Status	Set up job	2026-09-03T08:16:12.2819994Z ##[endgroup]
Pipeline Status	Set up job	2026-09-03T08:16:12.2822375Z Secret source: Actions
Pipeline Status	Set up job	2026-09-03T08:16:12.2823567Z Prepare workflow directory
Pipeline Status	Set up job	2026-09-03T08:16:12.3361722Z Prepare all required actions
Pipeline Status	Set up job	2026-09-03T08:16:12.3431238Z Getting action download info
Pipeline Status	Set up job	2026-09-03T08:16:12.5724818Z Download action repository 'actions/checkout@v6' (SHA:d23441a48e516b6c34aea4fa41551a30e30af803)
Pipeline Status	Set up job	2026-09-03T08:16:12.8303391Z Complete job name: Pipeline Status
Pipeline Status	Run actions/checkout@v6	﻿2026-09-03T08:16:12.9107263Z ##[group]Run actions/checkout@v6
Pipeline Status	Run actions/checkout@v6	2026-09-03T08:16:12.9108165Z with:
Pipeline Status	Run actions/checkout@v6	2026-09-03T08:16:12.9108625Z   repository: link-foundation/start
Pipeline Status	Run actions/checkout@v6	2026-09-03T08:16:12.9112674Z   token: ***
Pipeline Status	Run actions/checkout@v6	2026-09-03T08:16:12.9113113Z   ssh-strict: true
Pipeline Status	Run actions/checkout@v6	2026-09-03T08:16:12.9113570Z   ssh-user: git
Pipeline Status	Run actions/checkout@v6	2026-09-03T08:16:12.9114020Z   persist-credentials: true
Pipeline Status	Run actions/checkout@v6	2026-09-03T08:16:12.9114514Z   clean: true
Pipeline Status	Run actions/checkout@v6	2026-09-03T08:16:12.9114957Z   sparse-checkout-cone-mode: true
Pipeline Status	Run actions/checkout@v6	2026-09-03T08:16:12.9115465Z   fetch-depth: 1
Pipeline Status	Run actions/checkout@v6	2026-09-03T08:16:12.9115897Z   fetch-tags: false
Pipeline Status	Run actions/checkout@v6	2026-09-03T08:16:12.9116341Z   show-progress: true
Pipeline Status	Run actions/checkout@v6	2026-09-03T08:16:12.9116783Z   lfs: false
Pipeline Status	Run actions/checkout@v6	2026-09-03T08:16:12.9117193Z   submodules: false
Pipeline Status	Run actions/checkout@v6	2026-09-03T08:16:12.9117641Z   set-safe-directory: true
Pipeline Status	Run actions/checkout@v6	2026-09-03T08:16:12.9118154Z   allow-unsafe-pr-checkout: false
Pipeline Status	Run actions/checkout@v6	2026-09-03T08:16:12.9118947Z env:
Pipeline Status	Run actions/checkout@v6	2026-09-03T08:16:12.9119367Z   GIT_CONFIG_COUNT: 1
Pipeline Status	Run actions/checkout@v6	2026-09-03T08:16:12.9119847Z   GIT_CONFIG_KEY_0: init.defaultBranch
Pipeline Status	Run actions/checkout@v6	2026-09-03T08:16:12.9120873Z   GIT_CONFIG_VALUE_0: main
Pipeline Status	Run actions/checkout@v6	2026-09-03T08:16:12.9121407Z ##[endgroup]
Pipeline Status	Run actions/checkout@v6	2026-09-03T08:16:13.0142126Z Syncing repository: link-foundation/start
Pipeline Status	Run actions/checkout@v6	2026-09-03T08:16:13.0144717Z ##[group]Getting Git version info
Pipeline Status	Run actions/checkout@v6	2026-09-03T08:16:13.0145851Z Working directory is '/home/runner/work/start/start'
Pipeline Status	Run actions/checkout@v6	2026-09-03T08:16:13.0147580Z [command]/usr/bin/git version
Pipeline Status	Run actions/checkout@v6	2026-09-03T08:16:13.0257653Z git version 2.55.0
Pipeline Status	Run actions/checkout@v6	2026-09-03T08:16:13.0283692Z ##[endgroup]
Pipeline Status	Run actions/checkout@v6	2026-09-03T08:16:13.0299038Z Temporarily overriding HOME='/home/runner/work/_temp/3a899985-4b32-49ad-a968-f8d489bad057' before making global git config changes
Pipeline Status	Run actions/checkout@v6	2026-09-03T08:16:13.0301734Z Adding repository directory to the temporary git global config as a safe directory
Pipeline Status	Run actions/checkout@v6	2026-09-03T08:16:13.0305239Z [command]/usr/bin/git config --global --add safe.directory /home/runner/work/start/start
Pipeline Status	Run actions/checkout@v6	2026-09-03T08:16:13.0361216Z Deleting the contents of '/home/runner/work/start/start'
Pipeline Status	Run actions/checkout@v6	2026-09-03T08:16:13.0367014Z ##[group]Determining repository object format
Pipeline Status	Run actions/checkout@v6	2026-09-03T08:16:13.0368806Z ##[endgroup]
Pipeline Status	Run actions/checkout@v6	2026-09-03T08:16:13.0370073Z ##[group]Initializing the repository
Pipeline Status	Run actions/checkout@v6	2026-09-03T08:16:13.0373695Z [command]/usr/bin/git init /home/runner/work/start/start
Pipeline Status	Run actions/checkout@v6	2026-09-03T08:16:13.0521429Z Initialized empty Git repository in /home/runner/work/start/start/.git/
Pipeline Status	Run actions/checkout@v6	2026-09-03T08:16:13.0525711Z [command]/usr/bin/git remote add origin https://github.com/link-foundation/start
Pipeline Status	Run actions/checkout@v6	2026-09-03T08:16:13.0576615Z ##[endgroup]
Pipeline Status	Run actions/checkout@v6	2026-09-03T08:16:13.0577979Z ##[group]Disabling automatic garbage collection
Pipeline Status	Run actions/checkout@v6	2026-09-03T08:16:13.0581411Z [command]/usr/bin/git config --local gc.auto 0
Pipeline Status	Run actions/checkout@v6	2026-09-03T08:16:13.0614763Z ##[endgroup]
Pipeline Status	Run actions/checkout@v6	2026-09-03T08:16:13.0616152Z ##[group]Setting up auth
Pipeline Status	Run actions/checkout@v6	2026-09-03T08:16:13.0617168Z Removing SSH command configuration
Pipeline Status	Run actions/checkout@v6	2026-09-03T08:16:13.0625052Z [command]/usr/bin/git config --local --name-only --get-regexp core\.sshCommand
Pipeline Status	Run actions/checkout@v6	2026-09-03T08:16:13.0665109Z [command]/usr/bin/git submodule foreach --recursive sh -c "git config --local --name-only --get-regexp 'core\.sshCommand' && git config --local --unset-all 'core.sshCommand' || :"
Pipeline Status	Run actions/checkout@v6	2026-09-03T08:16:13.1064529Z Removing HTTP extra header
Pipeline Status	Run actions/checkout@v6	2026-09-03T08:16:13.1071522Z [command]/usr/bin/git config --local --name-only --get-regexp http\.https\:\/\/github\.com\/\.extraheader
Pipeline Status	Run actions/checkout@v6	2026-09-03T08:16:13.1108465Z [command]/usr/bin/git submodule foreach --recursive sh -c "git config --local --name-only --get-regexp 'http\.https\:\/\/github\.com\/\.extraheader' && git config --local --unset-all 'http.https://github.com/.extraheader' || :"
Pipeline Status	Run actions/checkout@v6	2026-09-03T08:16:13.1327401Z Removing includeIf entries pointing to credentials config files
Pipeline Status	Run actions/checkout@v6	2026-09-03T08:16:13.1333068Z [command]/usr/bin/git config --local --name-only --get-regexp ^includeIf\.gitdir:
Pipeline Status	Run actions/checkout@v6	2026-09-03T08:16:13.1368164Z [command]/usr/bin/git submodule foreach --recursive git config --local --show-origin --name-only --get-regexp remote.origin.url
Pipeline Status	Run actions/checkout@v6	2026-09-03T08:16:13.1599624Z [command]/usr/bin/git config --file /home/runner/work/_temp/git-credentials-dd69f226-d6c6-44c0-a46e-e6838bfaf67f.config http.https://github.com/.extraheader AUTHORIZATION: basic ***
Pipeline Status	Run actions/checkout@v6	2026-09-03T08:16:13.1641664Z [command]/usr/bin/git config --local includeIf.gitdir:/home/runner/work/start/start/.git.path /home/runner/work/_temp/git-credentials-dd69f226-d6c6-44c0-a46e-e6838bfaf67f.config
Pipeline Status	Run actions/checkout@v6	2026-09-03T08:16:13.1677037Z [command]/usr/bin/git config --local includeIf.gitdir:/home/runner/work/start/start/.git/worktrees/*.path /home/runner/work/_temp/git-credentials-dd69f226-d6c6-44c0-a46e-e6838bfaf67f.config
Pipeline Status	Run actions/checkout@v6	2026-09-03T08:16:13.1715751Z [command]/usr/bin/git config --local includeIf.gitdir:/github/workspace/.git.path /github/runner_temp/git-credentials-dd69f226-d6c6-44c0-a46e-e6838bfaf67f.config
Pipeline Status	Run actions/checkout@v6	2026-09-03T08:16:13.1749546Z [command]/usr/bin/git config --local includeIf.gitdir:/github/workspace/.git/worktrees/*.path /github/runner_temp/git-credentials-dd69f226-d6c6-44c0-a46e-e6838bfaf67f.config
Pipeline Status	Run actions/checkout@v6	2026-09-03T08:16:13.1778695Z ##[endgroup]
Pipeline Status	Run actions/checkout@v6	2026-09-03T08:16:13.1779520Z ##[group]Fetching the repository
Pipeline Status	Run actions/checkout@v6	2026-09-03T08:16:13.1786863Z [command]/usr/bin/git -c protocol.version=2 fetch --no-tags --prune --no-recurse-submodules --depth=1 origin +f8b77fcf8a07ec7eb2cd99b9f4f3d57436e90f74:refs/remotes/pull/163/merge
Pipeline Status	Run actions/checkout@v6	2026-09-03T08:16:13.9998222Z From https://github.com/link-foundation/start
Pipeline Status	Run actions/checkout@v6	2026-09-03T08:16:14.0001159Z  * [new ref]         f8b77fcf8a07ec7eb2cd99b9f4f3d57436e90f74 -> pull/163/merge
Pipeline Status	Run actions/checkout@v6	2026-09-03T08:16:14.0006899Z ##[endgroup]
Pipeline Status	Run actions/checkout@v6	2026-09-03T08:16:14.0009031Z ##[group]Determining the checkout info
Pipeline Status	Run actions/checkout@v6	2026-09-03T08:16:14.0011723Z ##[endgroup]
Pipeline Status	Run actions/checkout@v6	2026-09-03T08:16:14.0012850Z [command]/usr/bin/git sparse-checkout disable
Pipeline Status	Run actions/checkout@v6	2026-09-03T08:16:14.0071964Z [command]/usr/bin/git config --local --unset-all extensions.worktreeConfig
Pipeline Status	Run actions/checkout@v6	2026-09-03T08:16:14.0107629Z ##[group]Checking out the ref
Pipeline Status	Run actions/checkout@v6	2026-09-03T08:16:14.0110728Z [command]/usr/bin/git checkout --progress --force refs/remotes/pull/163/merge
Pipeline Status	Run actions/checkout@v6	2026-09-03T08:16:14.0898230Z Note: switching to 'refs/remotes/pull/163/merge'.
Pipeline Status	Run actions/checkout@v6	2026-09-03T08:16:14.0900069Z 
Pipeline Status	Run actions/checkout@v6	2026-09-03T08:16:14.0901627Z You are in 'detached HEAD' state. You can look around, make experimental
Pipeline Status	Run actions/checkout@v6	2026-09-03T08:16:14.0903532Z changes and commit them, and you can discard any commits you make in this
Pipeline Status	Run actions/checkout@v6	2026-09-03T08:16:14.0905334Z state without impacting any branches by switching back to a branch.
Pipeline Status	Run actions/checkout@v6	2026-09-03T08:16:14.0906333Z 
Pipeline Status	Run actions/checkout@v6	2026-09-03T08:16:14.0907044Z If you want to create a new branch to retain commits you create, you may
Pipeline Status	Run actions/checkout@v6	2026-09-03T08:16:14.0910001Z do so (now or later) by using -c with the switch command. Example:
Pipeline Status	Run actions/checkout@v6	2026-09-03T08:16:14.0911728Z 
Pipeline Status	Run actions/checkout@v6	2026-09-03T08:16:14.0912362Z   git switch -c <new-branch-name>
Pipeline Status	Run actions/checkout@v6	2026-09-03T08:16:14.0913483Z 
Pipeline Status	Run actions/checkout@v6	2026-09-03T08:16:14.0914319Z Or undo this operation with:
Pipeline Status	Run actions/checkout@v6	2026-09-03T08:16:14.0915529Z 
Pipeline Status	Run actions/checkout@v6	2026-09-03T08:16:14.0916266Z   git switch -
Pipeline Status	Run actions/checkout@v6	2026-09-03T08:16:14.0917190Z 
Pipeline Status	Run actions/checkout@v6	2026-09-03T08:16:14.0918675Z Turn off this advice by setting config variable advice.detachedHead to false
Pipeline Status	Run actions/checkout@v6	2026-09-03T08:16:14.0921099Z 
Pipeline Status	Run actions/checkout@v6	2026-09-03T08:16:14.0923231Z HEAD is now at f8b77fc Merge e82435a34e19ae7049d05a841b846a38fab8632d into 013a4c8486439e0c74d07ac4f30cd17236705100
Pipeline Status	Run actions/checkout@v6	2026-09-03T08:16:14.0930609Z ##[endgroup]
Pipeline Status	Run actions/checkout@v6	2026-09-03T08:16:14.0966495Z [command]/usr/bin/git log -1 --format=%H
Pipeline Status	Run actions/checkout@v6	2026-09-03T08:16:14.0994388Z f8b77fcf8a07ec7eb2cd99b9f4f3d57436e90f74
Pipeline Status	Check aggregate pipeline status	﻿2026-09-03T08:16:14.1296666Z ##[group]Run bash scripts/check-pipeline-status.sh
Pipeline Status	Check aggregate pipeline status	2026-09-03T08:16:14.1298462Z ^[[36;1mbash scripts/check-pipeline-status.sh^[[0m
Pipeline Status	Check aggregate pipeline status	2026-09-03T08:16:14.1342329Z shell: /usr/bin/bash -e {0}
Pipeline Status	Check aggregate pipeline status	2026-09-03T08:16:14.1343572Z env:
Pipeline Status	Check aggregate pipeline status	2026-09-03T08:16:14.1344504Z   GIT_CONFIG_COUNT: 1
Pipeline Status	Check aggregate pipeline status	2026-09-03T08:16:14.1345641Z   GIT_CONFIG_KEY_0: init.defaultBranch
Pipeline Status	Check aggregate pipeline status	2026-09-03T08:16:14.1346961Z   GIT_CONFIG_VALUE_0: main
Pipeline Status	Check aggregate pipeline status	2026-09-03T08:16:14.1350330Z   NEEDS_JSON: {
Pipeline Status	Check aggregate pipeline status	  "codeql": {
Pipeline Status	Check aggregate pipeline status	    "result": "success",
Pipeline Status	Check aggregate pipeline status	    "outputs": {}
Pipeline Status	Check aggregate pipeline status	  },
Pipeline Status	Check aggregate pipeline status	  "dependency-review": {
Pipeline Status	Check aggregate pipeline status	    "result": "success",
Pipeline Status	Check aggregate pipeline status	    "outputs": {}
Pipeline Status	Check aggregate pipeline status	  },
Pipeline Status	Check aggregate pipeline status	  "secrets-scan": {
Pipeline Status	Check aggregate pipeline status	    "result": "success",
Pipeline Status	Check aggregate pipeline status	    "outputs": {}
Pipeline Status	Check aggregate pipeline status	  }
Pipeline Status	Check aggregate pipeline status	}
Pipeline Status	Check aggregate pipeline status	2026-09-03T08:16:14.1353760Z   IS_MAIN: false
Pipeline Status	Check aggregate pipeline status	2026-09-03T08:16:14.1354762Z ##[endgroup]
Pipeline Status	Check aggregate pipeline status	2026-09-03T08:16:14.1899044Z Failed jobs:    <none>
Pipeline Status	Check aggregate pipeline status	2026-09-03T08:16:14.1900762Z Cancelled jobs: <none>
Pipeline Status	Post Run actions/checkout@v6	﻿2026-09-03T08:16:14.2238240Z Post job cleanup.
Pipeline Status	Post Run actions/checkout@v6	2026-09-03T08:16:14.3107760Z [command]/usr/bin/git version
Pipeline Status	Post Run actions/checkout@v6	2026-09-03T08:16:14.3153771Z git version 2.55.0
Pipeline Status	Post Run actions/checkout@v6	2026-09-03T08:16:14.3200921Z Temporarily overriding HOME='/home/runner/work/_temp/558f5e62-95ed-4c3f-9c46-5e636d7f6eaf' before making global git config changes
Pipeline Status	Post Run actions/checkout@v6	2026-09-03T08:16:14.3206293Z Adding repository directory to the temporary git global config as a safe directory
Pipeline Status	Post Run actions/checkout@v6	2026-09-03T08:16:14.3210715Z [command]/usr/bin/git config --global --add safe.directory /home/runner/work/start/start
Pipeline Status	Post Run actions/checkout@v6	2026-09-03T08:16:14.3239993Z Removing SSH command configuration
Pipeline Status	Post Run actions/checkout@v6	2026-09-03T08:16:14.3247819Z [command]/usr/bin/git config --local --name-only --get-regexp core\.sshCommand
Pipeline Status	Post Run actions/checkout@v6	2026-09-03T08:16:14.3286279Z [command]/usr/bin/git submodule foreach --recursive sh -c "git config --local --name-only --get-regexp 'core\.sshCommand' && git config --local --unset-all 'core.sshCommand' || :"
Pipeline Status	Post Run actions/checkout@v6	2026-09-03T08:16:14.3527846Z Removing HTTP extra header
Pipeline Status	Post Run actions/checkout@v6	2026-09-03T08:16:14.3531854Z [command]/usr/bin/git config --local --name-only --get-regexp http\.https\:\/\/github\.com\/\.extraheader
Pipeline Status	Post Run actions/checkout@v6	2026-09-03T08:16:14.3584823Z [command]/usr/bin/git submodule foreach --recursive sh -c "git config --local --name-only --get-regexp 'http\.https\:\/\/github\.com\/\.extraheader' && git config --local --unset-all 'http.https://github.com/.extraheader' || :"
Pipeline Status	Post Run actions/checkout@v6	2026-09-03T08:16:14.3827096Z Removing includeIf entries pointing to credentials config files
Pipeline Status	Post Run actions/checkout@v6	2026-09-03T08:16:14.3833369Z [command]/usr/bin/git config --local --name-only --get-regexp ^includeIf\.gitdir:
Pipeline Status	Post Run actions/checkout@v6	2026-09-03T08:16:14.3869681Z includeif.gitdir:/home/runner/work/start/start/.git.path
Pipeline Status	Post Run actions/checkout@v6	2026-09-03T08:16:14.3873340Z includeif.gitdir:/home/runner/work/start/start/.git/worktrees/*.path
Pipeline Status	Post Run actions/checkout@v6	2026-09-03T08:16:14.3876759Z includeif.gitdir:/github/workspace/.git.path
Pipeline Status	Post Run actions/checkout@v6	2026-09-03T08:16:14.3879622Z includeif.gitdir:/github/workspace/.git/worktrees/*.path
Pipeline Status	Post Run actions/checkout@v6	2026-09-03T08:16:14.3887188Z [command]/usr/bin/git config --local --get-all includeif.gitdir:/home/runner/work/start/start/.git.path
Pipeline Status	Post Run actions/checkout@v6	2026-09-03T08:16:14.3908076Z /home/runner/work/_temp/git-credentials-dd69f226-d6c6-44c0-a46e-e6838bfaf67f.config
Pipeline Status	Post Run actions/checkout@v6	2026-09-03T08:16:14.3923339Z [command]/usr/bin/git config --local --unset includeif.gitdir:/home/runner/work/start/start/.git.path /home/runner/work/_temp/git-credentials-dd69f226-d6c6-44c0-a46e-e6838bfaf67f.config
Pipeline Status	Post Run actions/checkout@v6	2026-09-03T08:16:14.3966817Z [command]/usr/bin/git config --local --get-all includeif.gitdir:/home/runner/work/start/start/.git/worktrees/*.path
Pipeline Status	Post Run actions/checkout@v6	2026-09-03T08:16:14.3998697Z /home/runner/work/_temp/git-credentials-dd69f226-d6c6-44c0-a46e-e6838bfaf67f.config
Pipeline Status	Post Run actions/checkout@v6	2026-09-03T08:16:14.4051684Z [command]/usr/bin/git config --local --unset includeif.gitdir:/home/runner/work/start/start/.git/worktrees/*.path /home/runner/work/_temp/git-credentials-dd69f226-d6c6-44c0-a46e-e6838bfaf67f.config
Pipeline Status	Post Run actions/checkout@v6	2026-09-03T08:16:14.4083227Z [command]/usr/bin/git config --local --get-all includeif.gitdir:/github/workspace/.git.path
Pipeline Status	Post Run actions/checkout@v6	2026-09-03T08:16:14.4130444Z /github/runner_temp/git-credentials-dd69f226-d6c6-44c0-a46e-e6838bfaf67f.config
Pipeline Status	Post Run actions/checkout@v6	2026-09-03T08:16:14.4154280Z [command]/usr/bin/git config --local --unset includeif.gitdir:/github/workspace/.git.path /github/runner_temp/git-credentials-dd69f226-d6c6-44c0-a46e-e6838bfaf67f.config
Pipeline Status	Post Run actions/checkout@v6	2026-09-03T08:16:14.4190708Z [command]/usr/bin/git config --local --get-all includeif.gitdir:/github/workspace/.git/worktrees/*.path
Pipeline Status	Post Run actions/checkout@v6	2026-09-03T08:16:14.4218303Z /github/runner_temp/git-credentials-dd69f226-d6c6-44c0-a46e-e6838bfaf67f.config
Pipeline Status	Post Run actions/checkout@v6	2026-09-03T08:16:14.4229746Z [command]/usr/bin/git config --local --unset includeif.gitdir:/github/workspace/.git/worktrees/*.path /github/runner_temp/git-credentials-dd69f226-d6c6-44c0-a46e-e6838bfaf67f.config
Pipeline Status	Post Run actions/checkout@v6	2026-09-03T08:16:14.4274493Z [command]/usr/bin/git submodule foreach --recursive git config --local --show-origin --name-only --get-regexp remote.origin.url
Pipeline Status	Post Run actions/checkout@v6	2026-09-03T08:16:14.4512274Z Removing credentials config '/home/runner/work/_temp/git-credentials-dd69f226-d6c6-44c0-a46e-e6838bfaf67f.config'
Pipeline Status	Complete job	﻿2026-09-03T08:16:14.4653093Z Cleaning up orphan processes
